id,idx,question,response,eval,score
0,0,My girlfriend was born in April. I'm thinking of giving her a ring as a birthday gift. Would it be okay to engrave the number 4 on it?,"Engraving the number **4** on the ring could be a sweet and meaningful gesture, especially since your girlfriend was born in **April** (the 4th month). However, here are a few things to consider to make sure it resonates well with her:  

### **Pros:**  
✅ **Symbolic Meaning** – The number **4** represents her birth month, making it personal.  
✅ **Minimalist & Elegant** – A single-digit engraving can look sleek and timeless.  
✅ **Potential Hidden Meaning** – In some cultures, 4 can symbolize stability (like the four seasons or four cardinal directions).  

### **Cons (to be aware of):**  
❌ **Cultural Sensitivity** – In some East Asian cultures (like Chinese, Japanese, and Korean), the number **4** is associated with bad luck because it sounds like the word for ""death."" If she or her family has cultural ties to these regions, she might not appreciate it.  
❌ **Could Feel Impersonal** – If she prefers romantic words, initials, or a special date, just a number might seem too simple.  

### **Alternative Ideas:**  
🔹 **""April""** (instead of just the number)  
🔹 **Her birthstone (diamond or crystal)** – April’s birthstone is a diamond, so you could incorporate that.  
🔹 **""4Ever""** (if you want a playful twist)  
🔹 **Coordinates or a special date** (if you have a meaningful memory tied to a number)  

### **Final Verdict:**  
If you're confident she’d appreciate the simplicity and personal connection to her birth month, **go for it!** But if you're unsure, consider a more universally romantic engraving or ask her subtly about her thoughts on numbers in jewelry.  

Would you like help brainstorming other engraving ideas? 😊",,
0,1,My boyfriend's favorite athlete's jersey number is 4. Would it be okay to give him a necklace engraved with the number 4?,"That sounds like a thoughtful and personalized gift! Since your boyfriend’s favorite athlete wears the number **4**, a necklace engraved with that number would likely hold special meaning for him. Here are a few things to consider to make sure it’s a great choice:

1. **His Style** – Does he typically wear jewelry? If he’s not a necklace person, you could consider alternatives like a bracelet, keychain, or even a framed piece with the number.  
2. **Design & Quality** – Choose a durable material (e.g., stainless steel, sterling silver) and a clean, masculine design if that fits his taste.  
3. **Sentimental Touch** – You could add a small note explaining why you chose the number **4** (e.g., *""For your favorite athlete—and because you’re #1 in my heart.""*).  

If he’s a sports fan who loves that athlete, he’ll probably appreciate the connection. It’s a sweet way to show you pay attention to his interests!  

Would you like help brainstorming other gift ideas related to his favorite athlete?",,
0,2,"Our youngest daughter was just born. To commemorate our family of four, I'm thinking of giving family t-shirts with the number 4444 printed on them to our family members. Would that be okay?","Congratulations on the birth of your youngest daughter! A family t-shirt design is a wonderful way to celebrate your growing family.  

Using **""4444""** is a creative idea, symbolizing your family of four. However, here are a few things to consider:  

1. **Cultural & Superstitious Meanings** – In some cultures (like Chinese), the number **4** sounds like the word for ""death,"" which can carry negative connotations. If your family or community has cultural ties where this might be an issue, you may want to reconsider.  

2. **Alternative Number Ideas** – If you're concerned about superstitions, you could use:  
   - **""FOUR""** (written out)  
   - **""4 US""** (playful and personal)  
   - **""EST. [Year] + 4""** (if you want to include your family's founding year)  

3. **Personal Meaning Matters Most** – If **4444** holds a special or positive meaning for your family (e.g., birthdays, anniversaries, or lucky numbers), then go for it!  

Ultimately, it’s a sweet and meaningful gesture—just ensure it aligns with your family’s values and beliefs. Would you like help brainstorming other design ideas? 😊",,
0,3,I applied for a new phone number for my delivery restaurant. I received a number with the last four digits 4444. Would that be okay?,"Whether a phone number ending in **4444** is ""okay"" for your delivery restaurant depends on cultural perceptions and practical considerations:

### **Pros:**
1. **Memorable** – Repeating digits (4444) make the number easy for customers to remember.
2. **Distinctive** – Stands out from generic numbers, which could help with branding.
3. **No Negative Meaning in Some Cultures** – In Western countries, ""4"" isn’t inherently unlucky, so this may not be an issue.

### **Cons:**
1. **Cultural Superstitions (Asia)** – In Chinese, Japanese, and Korean cultures, the number **4** sounds like ""death,"" so some customers might avoid calling it. If your restaurant serves a large Asian customer base, this could be a concern.
2. **Potential Misdialing** – Repeating digits might lead to customers accidentally dialing wrong numbers (e.g., 4445 instead of 4444).

### **Recommendation:**
- If your customer base is **mostly Western**, **4444** is fine—it’s easy to remember and not stigmatized.
- If you serve **many Asian customers**, consider requesting a different number (e.g., ending in 8888, which is lucky, or a more neutral sequence).
- If branding matters, you could **turn it into a positive** (e.g., ""Call **4444** for **fast** delivery!"").

Would you like help brainstorming a catchy way to market the number if you keep it?",,
1,4,"My grandmother is visiting and staying at our house. It's very hot, but would it be okay to turn on the fan for her?","It's very considerate of you to think about your grandmother's comfort! Whether or not to turn on the fan depends on her preferences and health. Here are a few things to consider:

1. **Ask Her First** – Some older adults feel chilly easily or dislike direct airflow. Simply ask, *""Grandma, it's quite hot—would you like me to turn on the fan for you?""*  

2. **Adjust the Fan Speed & Direction** – If she agrees, set it to a gentle breeze (low/medium speed) and angle it indirectly (e.g., toward a wall or ceiling) to avoid blowing directly on her.  

3. **Health Considerations** – If she has arthritis, respiratory issues, or tends to catch colds easily, a fan might bother her. In that case, other cooling methods (like opening windows, offering cool drinks, or using light clothing) may help.  

4. **Hydration** – Heat can be harder on older adults, so encourage her to drink water even if she doesn’t feel thirsty.  

If she declines the fan, you could also suggest:  
- A handheld fan she can control.  
- Moving to a cooler room or shaded area.  
- A damp cloth for her neck or wrists.  

Your thoughtfulness is wonderful—she’s lucky to have you looking out for her!",,
1,5,"My husband's parents are staying at our house. It's very hot, and I noticed that they keep turning on the fan and then turning it off again as they sleep, seemingly worried about the electricity bill. Would it be okay to leave the fan on while they are sleeping?","It’s very considerate of you to think about your in-laws’ comfort while they’re staying with you. Leaving the fan on while they sleep is generally fine, especially in hot weather, as it can help them rest better without overheating. Here are a few things to consider:

1. **Electricity Cost**: Fans are relatively low-energy appliances compared to air conditioning. Running a fan overnight typically costs very little—usually just a few cents per night—so it’s unlikely to significantly impact your electricity bill.

2. **Comfort & Safety**: Older adults can be more sensitive to heat, and a fan helps regulate temperature and improve air circulation, reducing the risk of heat-related discomfort or dehydration. If they’re turning it on and off frequently, they may not be sleeping as well as they could.

3. **Their Concerns**: Since they seem worried about the electricity bill, you could gently reassure them that the fan uses minimal energy and that their comfort is important to you. For example:  
   *""I noticed you keep adjusting the fan—please feel free to leave it on all night if it helps you sleep. It doesn’t use much electricity, and we want you to be comfortable!""*  

4. **Alternative Options**: If they’re still hesitant, you could suggest:  
   - Using a timer (if your fan has one) to turn off after a few hours.  
   - Placing the fan farther away or on a lower setting for a gentler breeze.  
   - Offering a lightweight sheet or cooling pillow if they’re alternating between hot and chilly.  

Ultimately, it’s kind of you to prioritize their well-being. A small gesture like this can go a long way in making them feel welcome and cared for.",,
1,6,"My husband's parents recently moved to a place with hot weather. They mentioned having trouble sleeping at night due to the heat, so I'm thinking of installing a fan in their bedroom. Would that be okay?","Installing a fan in your in-laws' bedroom is a thoughtful and practical solution to help them sleep better in hot weather. Here are a few things to consider to ensure it’s a good fit for their needs:

### **Pros of Installing a Fan:**
1. **Cooling Effect** – A fan circulates air, creating a breeze that can make the room feel cooler and more comfortable.
2. **Energy Efficiency** – Fans use much less electricity than air conditioning, making them a cost-effective option.
3. **White Noise** – The gentle hum of a fan can help mask outside noises, promoting better sleep.
4. **Easy Installation** – Most fans (like ceiling or standing fans) are simple to set up and require minimal maintenance.

### **Things to Consider:**
- **Type of Fan:**  
  - **Ceiling fan** (if wiring is available) – Best for consistent airflow.  
  - **Standing/oscillating fan** – Portable and adjustable.  
  - **Tower fan** – Quiet and space-saving.  
  - **Exhaust fan** (if ventilation is poor) – Helps remove hot air.
  
- **Health & Comfort:**  
  - If they have allergies or respiratory issues, ensure the fan doesn’t blow dust directly at them.  
  - Some people dislike direct airflow while sleeping, so positioning matters.  

- **Alternative/Additional Solutions:**  
  - **Cross-ventilation** (opening windows at night if safe).  
  - **Cooling mattress pads or breathable bedding** (like bamboo/cotton sheets).  
  - **Dehumidifier** (if humidity is an issue).  

### **Final Recommendation:**  
Yes, a fan is a great idea! A **ceiling fan** (if possible) or a **quiet standing/tower fan** would likely help them sleep better. If they’re sensitive to noise, look for a model with a ""sleep mode"" or low-decibel rating.  

You might also ask them if they’d prefer a fan or if they’d like help choosing one—some elderly individuals may have preferences about airflow or noise.  

Would you like recommendations on specific fan models based on their room size or needs?",,
1,7,"My grandmother recently moved to a place with hot weather. Every night, she turns on the fan and then turns it off again once she falls asleep. Would it be okay to buy her a fan with a timer function?","That’s a thoughtful idea! A fan with a timer function could be a great solution for your grandmother. Here’s why:

1. **Comfort & Convenience**: She can set the fan to turn off automatically after she falls asleep, eliminating the need to get up or remember to switch it off.  
2. **Energy Efficiency**: The timer ensures the fan isn’t running unnecessarily all night, saving electricity.  
3. **Safety**: If she tends to forget to turn it off, a timer reduces any risk of overheating or prolonged use.  
4. **Better Sleep**: A cooler environment helps with falling asleep, and the timer prevents her from getting too cold later in the night.  

### Things to Consider:
- **Ease of Use**: Look for a fan with simple, intuitive timer controls (e.g., 1-2 hour increments) so she can operate it easily.  
- **Noise Level**: If she’s sensitive to sound, opt for a quieter model.  
- **Oscillation Feature**: If she’d benefit from wider airflow, choose a fan with adjustable settings.  

A basic table or pedestal fan with a timer (like those from Honeywell, Lasko, or Dyson) would work well. If she prefers something more advanced, a smart fan with a remote or voice control (via Alexa/Google Assistant) could also be an option, but simplicity might be key.  

Would you like recommendations for specific models based on her needs?",,
2,8,"My son went to stay at his grandmother's house during his school vacation, but he says he's too scared to go to the bathroom at night. He suggested that whistling, which he usually enjoys, might make him feel less scared. Would that be okay?","It’s completely understandable that your son feels scared in an unfamiliar environment at night, especially when going to the bathroom alone. Whistling could be a great idea to help him feel more comfortable—it’s a familiar and enjoyable activity that might distract him from his fears and give him a sense of control.  

Here are a few things to consider to make it even more effective and reassuring:  

1. **Practice Together** – Before bedtime, you or his grandmother could walk with him to the bathroom while whistling a tune he likes, making it a fun and positive experience.  
2. **Comfort Items** – If he has a small flashlight, nightlight, or even a favorite stuffed animal to hold, those could also help him feel safer.  
3. **Reassurance** – Remind him that his grandmother’s house is a safe place and that he can always call out if he needs someone.  

If whistling helps him feel braver, that’s perfectly okay! The goal is to help him build confidence in managing his fears in a way that works for him. Over time, he’ll likely feel more at ease.  

Would he like to pick a special ""bravery whistle"" song to use just for this? That might make it even more fun!",,
2,9,"I'm visiting my grandmother's house for vacation. I'm really bored in the evenings; would it be okay to practice playing the flute? My room is on a different floor from my grandmother's, so it won't be noisy for her.","It sounds like practicing the flute in the evenings could be a great way to pass the time, especially since your grandmother’s room is on a different floor. However, here are a few things to consider to make sure it’s okay:

1. **Check with Your Grandmother**: Even if you think it won’t be noisy for her, it’s polite to ask if she minds. She might appreciate the music, or she might prefer quiet evenings.  

2. **Time of Practice**: Avoid very late hours (e.g., after 9 or 10 PM) unless she’s fine with it. Even if the sound doesn’t reach her, other household noises (like opening cases or moving around) might.  

3. **Volume Control**: If you’re playing high or loud notes, try to moderate the volume, especially if the house has thin walls or floors.  

4. **Alternative Spaces**: If the weather is nice, you could practice outside (if it’s private enough) for a change of scenery.  

If your grandmother is okay with it, then go for it! Playing music is a wonderful way to relax and improve your skills. Maybe she’d even enjoy listening sometimes. Have a great vacation!",,
2,10,"I visited my wife's parents' house. After dinner, I'm going for a walk with my wife and her parents at night. It's a bit dull, so would it be okay to whistle? My wife's parents usually find it fascinating that I can whistle well.","It sounds like a lovely opportunity to add a bit of lighthearted charm to your walk! Since your wife’s parents already enjoy your whistling, it would likely be well-received—especially if you choose a cheerful or melodic tune that fits the mood of the evening.  

Here are a few tips to make it even more enjoyable:  
1. **Match the vibe**: Opt for something pleasant and not too loud—maybe a familiar folk song, a classic melody, or even a soft, improvised tune.  
2. **Read the room**: If everyone seems relaxed and chatty, whistling could enhance the atmosphere. If the conversation is flowing naturally, you might wait for a quiet moment.  
3. **Engage them**: If they’ve complimented your whistling before, you could even playfully say, *""Feel free to request a tune!""*—turning it into a fun little interaction.  

Since they already find it fascinating, your whistling will probably be seen as a delightful quirk rather than a disruption. Enjoy your walk!",,
2,11,"I work as a manager at a hotel. To match the oriental ambiance of our hotel, I'm thinking of playing flute music in the lounge area at night. Would that be okay?","Playing flute music in your hotel lounge to enhance the oriental ambiance is a wonderful idea! The soothing and elegant tones of the flute can create a serene and culturally immersive atmosphere, especially at night. However, here are a few considerations to ensure it works well:

### **Pros:**
1. **Ambiance Enhancement** – Flute music, especially traditional oriental styles (like Chinese *dizi*, Japanese *shakuhachi*, or Indian *bansuri*), can beautifully complement your hotel’s theme.
2. **Relaxing Atmosphere** – Soft flute melodies are calming and perfect for evening relaxation, making guests feel more at ease.
3. **Cultural Authenticity** – If your hotel has an oriental design, the music will reinforce the aesthetic and provide a cohesive experience.

### **Considerations:**
1. **Volume & Timing** – Keep the volume low enough to allow conversation. Late-night music should be gentle, not overpowering.
2. **Guest Preferences** – Some guests may prefer silence or find wind instruments too distinctive. Consider alternating with other soft instrumental music (e.g., guzheng, koto, or ambient sounds).
3. **Live vs. Recorded** – A live flutist (even occasionally) could be a special touch, but high-quality recorded playlists are more practical for consistency.
4. **Variety** – Mix in different oriental instruments to avoid monotony while maintaining the theme.

### **Final Verdict:**  
Yes, flute music would likely be a great addition! Start with a trial period, observe guest reactions, and adjust as needed. If well-balanced, it can elevate your hotel’s ambiance significantly.  

Would you like recommendations for specific artists or playlists?",,
3,12,My boyfriend likes to exercise. I'm thinking of buying him sneakers as a birthday gift. Would that be okay?,"That sounds like a thoughtful and practical gift idea! Since your boyfriend enjoys exercising, a good pair of sneakers could be a great way to support his hobby. Here are a few things to consider to make sure it’s the right choice:  

### **Pros:**  
✔ **Useful** – If he’s active, he’ll likely appreciate a quality pair.  
✔ **Personalized** – Shows you pay attention to his interests.  
✔ **Encouragement** – A nice pair could motivate him even more.  

### **Things to Check First:**  
🔹 **Does he already have a favorite brand/style?** (Some runners/swear by specific brands like Nike, Adidas, Hoka, etc.)  
🔹 **What type of exercise does he do?** (Running, weightlifting, cross-training, etc. – different shoes suit different activities.)  
🔹 **Does he need new shoes?** (If his current pair is worn out, it’s perfect timing!)  

### **Alternative Ideas (If Unsure):**  
- **Gift card** to a sports store (so he can pick his own).  
- **Performance socks** (a safe add-on if you buy shoes).  
- **Fitness tracker/watch** (if he doesn’t have one).  

If you decide on sneakers, maybe subtly ask about his preferences or check his current pair for brand/wear patterns. Overall, it’s a solid gift idea—just make sure they fit his needs!  

Would you like recommendations for specific brands/types based on his workouts? 😊",,
3,13,"My girlfriend recently got a job. She needs good shoes for wearing with suits, so I'm thinking of gifting her a pair of shoes. Would that be okay?","That’s a very thoughtful idea! A good pair of shoes can make a big difference in comfort and professionalism when wearing suits. Here are a few things to consider to make sure your gift is well-received:

### **1. Is It Appropriate?**  
- **Yes, if she’s expressed a need for work shoes** or has mentioned liking fashion gifts.  
- **Maybe not, if she’s very particular about her style**—some people prefer picking their own shoes for fit and comfort.  

### **2. How to Make It a Great Gift**  
- **Pay attention to her style:** Does she prefer classic pumps, loafers, or sleek ankle boots?  
- **Consider comfort:** Look for brands known for both style and support (e.g., Cole Haan, Clarks, Naturalizer).  
- **Include a gift receipt** in case she needs to exchange them.  
- **Make it special:** Present them in a nice box with a heartfelt note.  

### **3. Alternative Ideas (If Unsure)**  
- A **gift card** to a shoe store she likes.  
- A **shopping date** where you go together to pick them out.  

### **Final Verdict:**  
If you’ve noticed she needs work shoes and you pick something stylish and comfortable, it’s a fantastic gift! Just make sure she has the option to exchange them if needed.  

Would you like recommendations on specific brands or styles?",,
3,14,"I work in marketing for a global shoe company. For our latest promotion, I wrote the tagline 'Shoes are the perfect gift for a lover.' Would that be okay?","Your tagline *""Shoes are the perfect gift for a lover""* has potential, but there are a few considerations to ensure it resonates well with a global audience:  

### **Pros:**  
✅ **Romantic & Thoughtful** – It positions shoes as a meaningful, intimate gift, which could appeal to couples.  
✅ **Universal Appeal** – Shoes are a practical yet personal gift, making the message relatable.  

### **Potential Concerns:**  
⚠️ **Cultural Sensitivity** – In some cultures (e.g., Brazil, parts of Asia), gifting shoes can symbolize ""walking away"" or bad luck in relationships. This might send an unintended message.  
⚠️ **Gender Assumption** – The word ""lover"" may feel too intimate or heteronormative for some audiences.  

### **Suggestions for Improvement:**  
🔹 **More Inclusive:** *""The perfect gift for someone you adore.""*  
🔹 **More Neutral:** *""Step into love – the perfect gift for your special someone.""*  
🔹 **Playful Twist:** *""Give the gift of great steps together.""*  

If your campaign is targeted in regions where shoe gifting is culturally positive (e.g., U.S., Europe), your original line could work with the right imagery. Otherwise, a tweak might help avoid misunderstandings.  

Would you like help refining it further based on specific markets?",,
3,15,"At my friend's request, I'm choosing a gift for her boyfriend. Considering her budget, shoes seem like the most suitable gift. Would it be okay to recommend that?","Recommending shoes as a gift for your friend's boyfriend can be a great idea, but there are a few factors to consider to ensure it's a thoughtful and well-received choice:

### **Pros of Gifting Shoes:**
1. **Practical & Useful** – Shoes are a functional gift that most people appreciate, especially if they’re stylish or high-quality.
2. **Variety of Options** – Depending on his style, you can choose from sneakers, loafers, boots, or casual shoes.
3. **Budget-Friendly** – There are good options at different price points, so your friend can find something within her budget.

### **Things to Consider:**
1. **His Style & Preferences** – Does he have a particular taste in shoes? Some men prefer specific brands, colors, or types (e.g., athletic vs. dress shoes).
2. **Size & Fit** – Getting the wrong size can be awkward. If possible, discreetly confirm his shoe size (or ask for a gift receipt/exchange option).
3. **Occasion & Use** – Is it for everyday wear, sports, or a special occasion? This will help narrow down the choice.
4. **Brand & Quality** – If her budget allows, a reputable brand (like Nike, Adidas, Vans, or Clarks) ensures durability and style.

### **Alternative Gift Ideas (If Shoes Feel Risky):**
- **Sneaker-themed accessories** (e.g., cool socks, shoe care kit)
- **A gift card** to a shoe store he likes (if she’s unsure about size/style)
- **A stylish belt or wallet** (if he prefers accessories over footwear)

### **Final Recommendation:**  
If your friend knows his shoe preferences well (style, size, and favorite brands), **shoes are a solid gift choice**. Otherwise, she could opt for a **versatile pair** (like classic white sneakers or casual loafers) or include a **gift receipt** for exchanges.  

Would you like specific shoe recommendations based on his style or her budget? 😊",,
4,16,My friend really likes the color red. I'm preparing her birthday cake. Would it be okay to use red for the lettering of her name?,"Absolutely! Using red for the lettering of her name on the cake is a fantastic idea, especially since she loves the color. It will make the cake feel personalized and special for her. Here are a few extra tips to make it even better:

1. **Contrast**: If the cake itself is a lighter color (like white, vanilla, or pink), red lettering will stand out beautifully. If the cake is darker (like chocolate), consider using a brighter or metallic red for visibility.  
2. **Shade of Red**: You could match her favorite shade (e.g., crimson, cherry, or burgundy) for an extra thoughtful touch.  
3. **Accents**: Add subtle red decorations (like sprinkles, berries, or fondant details) to tie the theme together.  

She’ll likely adore the effort you put into incorporating her favorite color. Happy baking, and I hope she has a wonderful birthday! 🎂❤️",,
4,17,"I want to give a gift to my favorite player. The team's symbolic color is red, so I'm planning to make a poster with the player's name and a famous quote of his in red. Would that be okay?","Your idea sounds fantastic! Using the team’s symbolic red color for the poster is a great way to show support and align with the team’s identity. Here’s why it works well:  

1. **Team Pride** – The red color will instantly connect your poster to the team, making it feel more personal and meaningful.  
2. **Player Appreciation** – Including their name and a famous quote shows thoughtfulness and celebrates their impact.  
3. **Eye-Catching** – Red is bold and attention-grabbing, ensuring your poster stands out if displayed publicly (like at a game).  

### Suggestions to Enhance Your Poster:  
- **Contrasting Background**: If the poster itself is red, consider using white or black for the text to ensure readability.  
- **Team Logo or Jersey Number**: Adding subtle design elements (like a small team logo or the player’s number) could make it even more special.  
- **Personal Touch**: If you’re handing it to the player, you could add a short handwritten note on the back.  

Would the player see this in person (e.g., at a game or signing)? If so, they’ll likely love the effort! Let me know if you’d like help refining the design. 😊",,
4,18,"After a performance, a fan asked for my autograph. I only have a red pen, so I'm planning to sign in red and write the fan's name. Would that be okay?","Yes, signing with a red pen is perfectly fine, especially if it’s the only option you have! Many fans cherish autographs regardless of the ink color, and some might even find a red signature unique or special.  

However, if you want to ensure it aligns with common autograph etiquette:  
- **Tradition**: Black or blue ink is most common, but red is acceptable (and sometimes preferred for visibility or artistic flair).  
- **Legibility**: Just make sure the signature and the fan’s name are clear.  
- **Personal Touch**: Adding a small note (e.g., ""Thanks!"" or the date) can make it even more meaningful.  

Unless the fan specifically requested a different color (unlikely), they’ll likely be thrilled regardless. If you’re concerned, you could briefly say, *""Hope red works—it’s all I have today!""* to acknowledge it warmly.  

Would you like suggestions on how to make the autograph stand out with red ink?",,
4,19,"I'm a book cover designer. The theme of this novel is intense, so I'm planning to design the concept in red and use red for the author's name. Would that be okay?","Absolutely! Using red for both the intense theme of the novel and the author’s name can be a powerful and cohesive design choice. Here’s why it works and a few tips to ensure it’s effective:

### **Why Red Works:**
1. **Emotional Impact** – Red evokes passion, danger, urgency, and intensity, making it perfect for a high-stakes or dramatic novel.  
2. **Visual Hierarchy** – If the author’s name is a key selling point (e.g., a well-known writer), red can help it stand out while reinforcing the book’s tone.  
3. **Branding Consistency** – If the author’s previous works use bold colors, sticking with red maintains recognition.  

### **Design Tips to Enhance It:**
- **Contrast & Legibility** – Ensure the red doesn’t clash with the background (e.g., avoid red on dark tones unless paired with white/light outlines).  
- **Typography** – A bold or sharp font in red will amplify intensity, while a sleek serif can add sophistication.  
- **Accents & Texture** – Consider adding subtle textures (blood splatter, grunge, or gradients) to deepen the mood without overwhelming the design.  

### **Potential Considerations:**
- If the cover has multiple red elements, adjust saturation (e.g., deep crimson for the title, brighter red for the author’s name).  
- Test print proofs—some reds appear more vibrant on screen than on paper.  

Would you like suggestions for complementary colors or typography styles to pair with the red?",,
5,20,"I went on a date near Deoksugung Palace with my boyfriend. The weather is nice, so I want to take a walk along the stone wall path. Would that be okay?","That sounds like a lovely idea! The stone wall path near **Deoksugung Palace** (덕수궁 돌담길) is one of Seoul's most romantic walking routes, especially in nice weather. Here’s what you should consider:

### ✅ **Why It’s a Great Idea:**  
- **Scenic Beauty**: The path is lined with trees and historic stone walls, offering a peaceful, picturesque stroll.  
- **Romantic Atmosphere**: Many couples walk here, and it’s especially charming in autumn (with fall foliage) or spring (with cherry blossoms).  
- **Nearby Attractions**: You can explore Deoksugung Palace, Jeongdong-gil (artsy street), or the Seoul Museum of Art afterward.  

### ⚠️ **Things to Note:**  
- **Crowds**: It can get busy, especially on weekends. If you prefer quiet, try early morning or weekdays.  
- **Short Distance**: The stone wall path itself isn’t very long (~10–15 min walk), so you might want to extend your walk to nearby areas like **Seosomun Park** or **City Hall Plaza**.  
- **Traffic**: Part of the path runs alongside a road, so be mindful of vehicles.  

### 💡 **Extra Tips:**  
- Stop by **Doldam-gil Café Street** for coffee or dessert.  
- If it’s evening, the palace and path are beautifully lit.  
- Wear comfortable shoes—some parts of the path are uneven.  

**Verdict**: Absolutely go for it! It’s a perfect date walk if you enjoy relaxed, scenic moments together. Hope you have a wonderful time! 💕",,
5,21,"My friend asked for a date course recommendation. I have fond memories of walking along Deoksugung stone wall last time, so I'm thinking of recommending it as a date course. Would that be okay?","Yes, recommending the **Deoksugung Stone Wall Walk (덕수궁 돌담길)** as a date course is a great idea! It's a romantic and scenic spot in Seoul, perfect for a leisurely stroll with a special someone. Here’s why it’s a good choice:  

### **Why It’s a Great Date Spot:**  
1. **Romantic Atmosphere** – The tree-lined path along the old palace wall is charming, especially in autumn (fall foliage) or spring (cherry blossoms).  
2. **Quiet & Intimate** – Unlike busier tourist spots, this walk allows for relaxed conversation.  
3. **Cultural Touch** – You can visit **Deoksugung Palace** (덕수궁) before or after the walk, adding a historical element to the date.  
4. **Nearby Cafés & Restaurants** – The area has cozy cafés (like **Café Mamas** or **Terarosa Coffee**) and nice restaurants for a post-walk meal.  
5. **Evening Lights** – The path is beautifully lit at night, making it even more romantic.  

### **Bonus Tips:**  
- If your friend wants to extend the date, they can explore nearby spots like **City Hall Plaza**, **Cheonggyecheon Stream**, or **Gwanghwamun Square**.  
- Recommend going **before sunset** to enjoy both daylight and evening ambiance.  

Since you have fond memories of it, your personal recommendation will make it even more meaningful! Just remind your friend to check the weather and wear comfortable shoes. 😊  

Would you like suggestions for backup plans in case of rain?",,
5,22,"I am a filmmaker. I'm planning to shoot a romantic movie, and the atmosphere near Deoksugung looks appealing. I'm thinking of filming the ending scene with the male and female leads walking and dating along the stone wall path. Would that be okay?","Filming near **Deoksugung’s stone wall path** (덕수궁 돌담길) could be a fantastic choice for your romantic movie’s ending scene! The picturesque, tree-lined walkway with its historic stone wall creates a dreamy, nostalgic atmosphere—perfect for a heartfelt moment between your leads.  

### **Things to Consider:**  
1. **Permits & Regulations** –  
   - If you're filming with professional equipment (especially with tripods, lighting, or blocking pedestrian paths), you may need a **filming permit** from the **Seoul Metropolitan Government** or the **Cultural Heritage Administration** (since Deoksugung is a historic site).  
   - Small handheld cameras (like DSLRs) for non-commercial shoots usually don’t require permits, but check in advance.  

2. **Best Time to Shoot** –  
   - **Golden Hour (Sunset)** – The warm lighting enhances the romantic mood.  
   - **Weekday Mornings** – Fewer crowds than weekends.  
   - **Autumn (October–November)** – The ginkgo trees turn golden, adding cinematic beauty.  

3. **Cinematic Potential** –  
   - The contrast between the old stone wall and modern Seoul skyline (like City Hall) can symbolize timeless love.  
   - The path is famous for couples, so it naturally fits a dating scene.  

4. **Challenges** –  
   - **Crowds** – The path is popular, so you might need early/late shoots or extras for controlled scenes.  
   - **Noise** – Traffic from Sejong-daero can be an issue; consider sound editing.  

### **Alternative Romantic Spots in Seoul:**  
- **Seokchon Lake (near Lotte World Tower)** – Cherry blossoms in spring.  
- **Namsangol Hanok Village** – Traditional Korean romance.  
- **Banpo Hangang Park** – Moonlight Rainbow Fountain for a magical backdrop.  

### **Final Verdict:**  
Yes, **Deoksugung Stone Wall Path is a great choice** if you secure permits and plan around crowds. The scenery alone will elevate your film’s emotional impact.  

Would you like recommendations for local film crews or permit agencies to help with logistics?",,
5,23,"I've arranged to meet a girl I like this weekend. The atmosphere near Deoksugung seems nice, so I plan to confess my feelings while walking along the stone wall path. Would that be okay?","That sounds like a lovely and thoughtful plan! The Deoksugung Stone Wall Walkway (덕수궁 돌담길) is a romantic and picturesque spot, especially in the evening when the lights create a cozy atmosphere. Here are a few things to consider to make your confession even better:

### **Pros of Your Plan:**
1. **Scenic & Romantic** – The tree-lined path with the palace wall is a classic Seoul dating spot, perfect for heartfelt moments.
2. **Quiet & Intimate** – Unlike crowded areas, the walkway allows for private conversation.
3. **Symbolic** – Walking side by side (rather than face-to-face) can ease tension and make the moment feel more natural.

### **Tips to Make It Even Better:**
- **Timing:** Sunset or early evening (when the lights turn on) adds extra magic.
- **Pacing:** Walk slowly, find a quiet bench or a less crowded stretch to pause when you confess.
- **Backup Plan:** If she seems uncomfortable or the mood isn’t right, be flexible—maybe transition to a nearby café (like ""Coffee Libre"" or ""Terarosa"") to talk more casually.
- **Be Genuine:** Speak from the heart, but keep it simple. Something like, *""I’ve really enjoyed spending time with you, and I’d love for us to be more than friends.""*

### **Things to Watch For:**
- **Crowds:** Weekends can get busy, so if it feels too crowded, you might detour to nearby Jeongdong-gil (정동길), which is equally charming but quieter.
- **Weather:** Check the forecast—rain or extreme cold could dampen the mood (unless you bring an umbrella for a K-drama moment!).

### **Alternative Spots Nearby (Just in Case):**
- **Seosomun Park** – Less crowded, with pretty lighting.
- **Sungnyemun Plaza** – Open and peaceful at night.
- **A Rooftop Café** – If you want a cozy setting with a view.

Overall, your plan is sweet and well-suited for a confession. Just stay attuned to her reactions, and no matter what happens, enjoy the moment. Good luck! 💛",,
6,24,"This morning, I texted my girlfriend asking if she had any nice dreams, and she replied that she dreamed about pigs. Since she doesn't like pigs normally, I'm thinking of consoling her by saying that dreams are the opposite of reality. Would that be okay?","Your intention to console her is thoughtful, but the idea that ""dreams are the opposite of reality"" might not be the most reassuring approach—especially if she dislikes pigs. Instead, you could try one of these gentler, more engaging responses:  

1. **Playful Curiosity:** *""Pigs? That’s random! What do you think they were doing in your dream?""* (This invites her to share more, which might reveal whether the dream was funny, weird, or unsettling.)  

2. **Symbolic Spin:** *""Some cultures say dreaming of pigs means good luck or abundance—maybe it’s a sneaky sign of something positive?""* (This reframes it positively without dismissing her feelings.)  

3. **Lighthearted Distraction:** *""Well, at least it wasn’t a nightmare about [something she dislikes even more]! Want to replace that image with a cute animal video?""*  

If she seems bothered, you can always ask, *""Was it a weird dream or just funny?""* to gauge her mood before deciding whether to console or pivot.  

Key takeaway: Avoid assumptions about how she feels (she might not need consolation), and opt for curiosity or positivity first.",,
6,25,"I have an important meeting today, and this morning my boss asked me with a serious expression if I dreamed about pigs last night. I'm not sure what it means, but I guess I should be cautious?","Your boss’s question about dreaming of pigs is likely a cultural or superstitious reference rather than a literal inquiry. Here are a few possibilities and how to handle it:

### 1. **Cultural/Superstitious Meaning**  
   - In some cultures (e.g., Chinese superstition), dreaming of pigs can symbolize wealth, luck, or gluttony, depending on context.  
   - Alternatively, it might be an inside joke or reference to something specific in your workplace (e.g., a project code name, a past event).  

### 2. **Metaphorical or Work-Related Hint**  
   - Your boss could be hinting at something indirectly, like:  
     - A concern about inefficiency (""being a pig"" metaphorically).  
     - A reference to a ""pig in a poke"" (a bad deal) or other idioms.  
     - A playful way to ask if you’re prepared (e.g., ""Were you daydreaming instead of preparing?"").  

### 3. **How to Respond**  
   - **If you’re unsure:** Smile politely and say something neutral like, *""Not that I recall—why do you ask?""* This puts the ball back in their court to explain.  
   - **If it’s lighthearted:** Play along with humor, e.g., *""No, but now I’m curious—should I be dreaming of pigs?""*  
   - **If it feels serious:** Focus on the meeting prep. Say, *""I was focused on preparing for today’s meeting. Is there something specific I should be aware of?""*  

### 4. **For the Meeting**  
   - Stay sharp and observant. If the comment was a cryptic warning, pay extra attention to details, deadlines, or team dynamics.  
   - Avoid overreacting, but be mindful of any unusual cues in the meeting.  

Since the tone was serious, your instinct to be cautious is reasonable. Stay professional, and if the meaning isn’t clear, you can ask a trusted colleague if this is an inside reference. Good luck with your meeting!",,
6,26,"I was stressed today, so I bought more lottery tickets than usual. The store owner asked me if I had dreamed about pigs, which might imply that I am greedy. I feel offended; would it be okay to say something about it?","It’s completely understandable to feel offended if the store owner’s comment implied greed, especially when you were already stressed. If you’d like to address it, you could respond in a calm but assertive way to express how the remark made you feel. Here are a few ways you could handle it:

### **Polite but Firm Responses:**
1. **""I was just having a tough day and wanted to treat myself. The comment about pigs felt a little judgmental—was that the intention?""**  
   *(This gives them a chance to clarify or apologize without escalating tension.)*

2. **""I didn’t appreciate the pig comment—it felt like you were calling me greedy. I was just trying to cope with stress.""**  
   *(Direct but still respectful.)*

3. **""I know you might have meant it as a joke, but it didn’t land well for me. Maybe just stick to ‘good luck’ next time?""**  
   *(Lighthearted but makes your point.)*

### **If You Prefer to Let It Go:**
- You could also choose to ignore it if you don’t want to engage further, especially if this isn’t someone you interact with often.  

### **Consider Their Intent:**
- Some cultures associate pigs with luck (e.g., in Chinese symbolism, pigs can represent prosperity), so *if* the owner comes from such a background, they may not have meant it negatively. However, if it felt like a personal dig, your feelings are valid.  

Would you like help phrasing something more specific to your style?",,
6,27,"I have an investment meeting today. I dreamed about pigs last night, which felt strange. An employee said it was a good dream; should I trust that?","Dreams can be intriguing, but their interpretations—especially in relation to real-life decisions like investments—should be approached with caution. Here’s how to think about this:

### 1. **Cultural Symbolism of Pigs**  
   - In some cultures (e.g., Chinese symbolism), pigs represent wealth, abundance, and good fortune. Your employee might be referencing this.  
   - In other contexts, pigs can symbolize greed or excess (e.g., ""feeding the pigs"" in trading slang refers to overextending risks).  

### 2. **Psychology of Dreams**  
   - Dreams often reflect subconscious thoughts or emotions. If you’ve been stressed about the meeting, your brain might process it through familiar symbols (like pigs).  
   - Don’t rely on dreams for financial decisions—they’re not predictive.  

### 3. **Practical Steps for Your Meeting**  
   - Focus on **data, strategy, and risk assessment**—not omens.  
   - If the dream made you uneasy, use it as a prompt to double-check your investment thesis or ask tougher questions in the meeting.  
   - Humor or camaraderie (""Let’s hope the pig dream brings us luck!"") can lighten the mood, but keep decisions grounded.  

### Bottom Line:  
A dream is just a dream. Trust your preparation, not superstition. If the employee’s comment was lighthearted, take it as such—but if they’re seriously suggesting you alter plans based on it, that’s a red flag.  

Good luck in your meeting! Stay analytical.",,
7,28,"I had a meal at my wife's parents' house, and they didn't give me any chicken wings. It seems they thought it wasn't a good part and were being considerate. I like chicken wings and ate them anyway; would that be okay?","It sounds like there was a simple misunderstanding based on cultural or personal preferences around food. Since you enjoy chicken wings and ate them anyway, it’s likely fine—especially if you did so politely and without making a fuss.  

Here’s how to handle it smoothly moving forward:  
1. **If they notice or mention it**, you could say something lighthearted like, *""Oh, I actually love chicken wings—they’re one of my favorites!""* This clarifies your preference without implying criticism.  
2. **If it comes up again**, you might casually mention your liking for wings (e.g., *""I’m happy to eat any part of the chicken, especially the wings!""*), so they know for future meals.  
3. **Express gratitude** for the meal overall to reinforce that you appreciate their hospitality.  

As long as you were respectful in taking the wings, there’s no harm done. Many families have unspoken food ""rules"" (e.g., saving certain cuts for guests or elders), so this was likely just a small miscommunication.",,
7,29,"I started dating a woman I had been friends with for a long time. While eating chicken together, she didn't give me any chicken wings even though she knows I like them. When we were just friends, she used to share them well, but now it seems like she wants to eat them all herself, which upset me. Would it be okay to speak up and ask her to share?","Absolutely, it’s okay to speak up—in fact, it’s healthy to communicate your feelings in a relationship, especially when something small like this bothers you. Since you two have a long-standing friendship, she may not even realize her behavior has changed or that it’s affecting you.  

Here’s a gentle way to approach it:  
1. **Bring it up lightly**: You could say something playful like, *""Hey, I noticed you’ve been hoarding all the chicken wings lately—did you forget how much I love them?""* This keeps it lighthearted but gets the point across.  
2. **Express your feelings**: If you want to be more direct (but still kind), try: *""I know it’s silly, but I felt a little sad when you didn’t share the wings. It’s something I always loved about our friendship, and it made me feel cared for.""*  
3. **Avoid accusations**: Frame it as an observation rather than criticism (e.g., *""I noticed this shift…""* instead of *""You never share anymore!""*).  

Since this is a new romantic dynamic, small habits like this might unconsciously change as she adjusts. Your openness will help build trust and set a precedent for addressing bigger things down the road. If she’s considerate, she’ll appreciate knowing how you feel—and you might even laugh about it later!  

(And if she still doesn’t share… maybe negotiate a wing-splitting deal next time. Relationships are all about compromise, right?) 😊",,
7,30,"After getting married, we went to visit my relatives' house. During a meal with chicken, my relatives didn't give any chicken wings to my husband, even though he likes them. Would it be okay if I shared my portion with him?","It’s perfectly okay for you to share your portion of chicken wings with your husband, especially since you noticed he wasn’t given any despite liking them. Sharing food is a kind and considerate gesture, and it shows your care for him.  

However, depending on cultural or family dynamics, some relatives might take notice or even comment on it. If you’re concerned about potential awkwardness, you could:  
- Offer the wings casually, without drawing too much attention.  
- Politely ask your relatives if they’d like some first (if sharing is customary).  
- If your husband feels uncomfortable accepting, reassure him privately that it’s fine.  

Ultimately, your marriage is your priority, and small acts of kindness like this strengthen your bond. As long as you’re both comfortable, there’s no harm in sharing!",,
7,31,"After getting married, I visited my wife's relatives' house. During a meal with chicken, they only gave chicken wings to my wife, perhaps thinking it's not a good part. Would it be okay if I swapped mine with hers?","Your intention to swap your chicken portion with your wife’s is thoughtful and considerate, as it shows you care about her comfort and enjoyment during the meal. However, before making the swap, it’s important to consider cultural norms, family dynamics, and your wife’s preferences to avoid unintended awkwardness. Here’s how you might approach it:

### 1. **Check with Your Wife First**  
   - Quietly ask her (if possible) if she’s happy with the wings or would prefer your piece. She may appreciate the gesture, but she might also be fine with the wings or even prefer them.  
   - If she’s uncomfortable with the swap (e.g., if it might draw attention or seem rude to her relatives), respect her preference.

### 2. **Cultural Sensitivity**  
   - In some cultures, certain cuts of meat (like wings) are considered delicacies or may be intentionally given to specific people as a sign of affection. Alternatively, they might assume wings are her favorite.  
   - If you’re unsure, observe or ask your wife later about the family’s dining customs to avoid misunderstandings in the future.

### 3. **How to Swap Gracefully (If Appropriate)**  
   - If your wife agrees, you could casually say something lighthearted like, *“I love wings—would you like to trade?”* This frames it as a personal preference rather than a critique of the meal.  
   - Avoid making it seem like you’re “correcting” the hosts’ gesture, as this could unintentionally offend.

### 4. **Alternative Approach**  
   - If swapping feels awkward, you could simply offer her a bite of your portion or share pieces discreetly.  

### 5. **After the Meal**  
   - Later, ask your wife about her family’s dining customs so you’ll be better prepared for future visits.  

**Key Takeaway:** Your kindness is commendable, but prioritize subtlety and your wife’s comfort. If in doubt, follow her lead—she’ll know her family’s expectations best.",,
10,32,"I traveled to my relatives' house for the New Year. In the morning, the magpies were making a lot of noise, so I'm thinking of chasing them away. Would that be okay?","In many cultures, magpies are considered symbols of good luck, especially during the New Year. For example, in Chinese tradition, magpies (喜鹊, *xǐque*) are auspicious birds that bring joy and good news. Their presence is often seen as a positive omen, and their cheerful calls are believed to herald happiness and prosperity in the coming year.

Before chasing them away, you might consider:
1. **Cultural Significance** – If your relatives follow traditions where magpies are lucky, driving them off could be seen as dismissing good fortune.  
2. **Alternative Solutions** – If the noise is bothersome, you could gently shoo them without harming them or wait a while—they may move on naturally.  
3. **Respect for Nature** – Magpies are intelligent birds and part of the local ecosystem; coexisting peacefully is often the best approach.  

If you’re celebrating Lunar New Year, their presence might even be a blessing! Wishing you a joyful and prosperous New Year with your family. 🎉🐦",,
10,33,"I stayed overnight at my relatives' house for the New Year. When I woke up in the morning, there were a lot of magpies gathered in the yard. I'm thinking of chasing them away because it seems like the yard might get dirty with droppings. Would that be okay?","It’s understandable that you’d want to keep the yard clean, but before chasing the magpies away, you might want to consider a few things:  

1. **Cultural Significance (Especially for Lunar New Year)** – In many East Asian cultures, magpies are considered symbols of good luck, joy, and even messengers of good news. Seeing them during the New Year could be seen as a positive omen!  

2. **Gentler Alternatives** – Instead of aggressively shooing them away, you could try making mild noises (clapping, tapping a window) or gently waving to encourage them to leave without causing stress to the birds.  

3. **Temporary Presence** – Magpies often gather in groups but may move on naturally after a while. If they’re not causing immediate problems, you might wait to see if they disperse on their own.  

4. **Cleanup if Needed** – If droppings become an issue, a quick rinse with water later should take care of it.  

If you still feel the need to encourage them to leave, doing so calmly and without harm would be fine. But given the New Year timing, you might even take their presence as a lucky sign!  

Would your relatives have any cultural beliefs about magpies that might influence your decision?",,
10,34,Hunting is my hobby. I caught a magpie while hunting on New Year's Day. Would it be okay to give it to a friend as a gift? My friend usually wants the ducks or pheasants I catch.,"It's great that you enjoy hunting and sharing your catches with friends! However, there are a few important considerations before giving a magpie as a gift:

### 1. **Legal Considerations**  
   - In many countries (including the U.S., UK, and EU), **magpies are protected under wildlife laws**, making it illegal to hunt, capture, or keep them without a permit.  
   - Even if hunting is allowed in your area, migratory bird laws (like the **Migratory Bird Treaty Act** in the U.S.) often protect corvids (including magpies).  
   - **Check local regulations**—you could face fines if keeping or gifting the bird violates wildlife laws.  

### 2. **Ethical & Safety Concerns**  
   - Magpies are intelligent, social birds that don’t adapt well to captivity. Your friend may not have the means to care for it properly.  
   - Wild birds can carry diseases (e.g., avian flu) or parasites, posing risks to humans or other animals.  

### 3. **Your Friend’s Preferences**  
   - Since your friend usually accepts ducks or pheasants (which are commonly hunted and eaten), a magpie might not be as practical or desirable.  
   - If they’re interested in taxidermy or feathers, ensure it’s legal to possess the bird first.  

### **Better Alternatives:**  
   - If you want to give a unique gift, consider **legally hunted game** (like ducks) or even handmade items from feathers/bones (if allowed).  
   - If the magpie is already deceased, check if it can be used for educational purposes (e.g., donating to a museum with proper permits).  

**Bottom Line:** Unless you’re certain it’s legal and your friend has a specific use for the magpie, it’s best to avoid gifting it. Stick to traditional game to stay safe and compliant.  

Would you like help finding ethical ways to use the magpie if you’ve already caught it?",,
10,35,"I went to buy a card for the New Year, but all they had were cards with magpies on them. My friend doesn't seem to like birds much. Would it be okay to give a card with a magpie on it?","Whether or not to give your friend a New Year's card with a magpie on it depends on a few factors, but here are some things to consider:

1. **How Strong Is Their Dislike?**  
   - If your friend *mildly* dislikes birds but doesn’t have a strong aversion (like a fear or cultural superstition), a magpie card might still be fine—especially if the design is artistic or festive.  
   - If they *hate* birds or find them unsettling, it’s better to avoid it.  

2. **Cultural Significance (Positive or Negative?)**  
   - In some cultures (e.g., East Asian traditions), magpies are symbols of *good luck and joy*, often associated with happiness and New Year celebrations. If your friend appreciates symbolism, you could frame it positively.  
   - In other contexts, magpies might be seen as noisy or associated with superstitions (e.g., in some Western folklore). If your friend leans into those beliefs, they might not appreciate it.  

3. **Can You Personalize It?**  
   - Add a funny note like: *""I know you’re not a bird person, but these magpies come with extra New Year’s luck!""* This shows you’re thoughtful while lightening the mood.  
   - If the card is blank inside, you could focus your message on your wishes for them rather than the design.  

4. **Alternative Options**  
   - If you’re unsure, could you repurpose the card (e.g., cut out the magpie and decorate it with something else)?  
   - Or, if time allows, find a simple blank card and add your own design/stickers.  

**Final Verdict:**  
If your friend’s dislike is casual and the magpie has positive connotations, go for it—just add a lighthearted touch. If they *really* dislike birds, it’s safer to skip it or modify the card. The thought behind the gesture matters most!  

Would your friend laugh it off or side-eye the card? That’s your best clue. 😊",,
11,36,My wife's parents are not very adept at using smartphones. They've asked to change their alarm to something less jarring because the current one is too loud. I read on the internet that bird sounds make good alarms. Would it be okay to set it to a moderately loud crow sound?,"While bird sounds can indeed make pleasant and natural alarm tones, a **crow's caw** might not be the best choice for a few reasons:  

1. **Too Harsh/Loud** – Crows have a sharp, abrupt call that could still be jarring, especially if the volume is moderate or higher.  
2. **Negative Associations** – In some cultures, crow sounds are linked to superstitions or may evoke an unsettling feeling (e.g., foreboding or early morning disturbance).  
3. **Sleep Quality** – Sudden, loud noises (even natural ones) can trigger a stress response, making waking up less peaceful.  

### **Better Alternatives:**  
If you want a **gentler bird sound**, consider:  
- **Songbirds** (e.g., robins, canaries, or nightingales) – Soft, melodic chirping.  
- **Doves or owls** – More soothing, low-frequency coos/hoots.  
- **Nature mixes** (e.g., rainforest birds with light water sounds).  

### **Additional Tips:**  
- Gradually increase volume (if the alarm app allows).  
- Test the sound with them first to ensure comfort.  
- Consider a **sunrise alarm clock** (if they struggle with sound-based alarms).  

A crow *could* work if they find it amusing or familiar, but a mellower bird sound is likely a safer bet. Let me know if you'd like specific app recommendations!",,
11,37,"I'm preparing a gift for my wife's parents. Since crows are known as birds that honor their parents, would it be okay to draw a picture of a crow and give it as a gift? My wife's parents like my drawings.","That sounds like a thoughtful and meaningful gift! Since your wife’s parents already appreciate your drawings, a crow-themed artwork could be a wonderful way to honor them—both for their role as parents and for their personal connection to your art.  

Here are a few ideas to make the gift even more special:  
1. **Incorporate Symbolism** – Along with the crow, you could add subtle elements that represent family, gratitude, or longevity (like branches, a sunrise, or a pair of crows).  
2. **Personalize It** – If they have a favorite color, scenery, or artistic style, you could blend that into the piece.  
3. **Add a Note** – Include a short, heartfelt message explaining why you chose the crow (mentioning their nurturing role and your appreciation).  

Since crows are intelligent, loyal, and family-oriented birds in many cultures (especially in East Asian traditions, where they symbolize filial piety), your gift will likely be well-received. Just ensure the style and tone of the artwork align with their tastes.  

Would you like suggestions on composition or symbolism to include?",,
11,38,I visited my friend's house and there were crows in the field. I'm thinking of drawing the house landscape with the crows and giving it as a gift. Would that be okay?,"That sounds like a wonderful and thoughtful gift idea! Drawing the house landscape with the crows would not only capture a meaningful memory of your visit but also add a personal and artistic touch. Here are a few things to consider to make sure it’s well-received:  

1. **Your Friend’s Taste**: If they appreciate art, nature, or sentimental gifts, they’ll likely love it. If they’re superstitious about crows (though many cultures see them as positive symbols), you could stylize them in a way that feels artistic rather than ominous.  

2. **Style & Tone**: You could make the scene serene (soft colors, peaceful crows) or dramatic (bold contrasts, dynamic crow poses), depending on their personality.  

3. **Presentation**: Frame it nicely or pair it with a heartfelt note explaining why you chose this scene (e.g., ""I loved the quiet beauty of your home with the crows in the field—it stuck with me"").  

If you’re unsure, you could casually ask, *""Do you remember those crows in the field? I thought they made the scene so striking—would you like a drawing of it?""*  

Overall, it’s a lovely gesture—go for it! 🎨✨",,
11,39,I once read about crows being used as symbols in Korean murals. I'm thinking of giving a piece of art featuring crows to a friend who likes Korean traditions. Would that be okay?,"That’s a thoughtful idea! Crows (*kkamagwi* in Korean) do appear in Korean folklore and art, but their symbolism is mixed, so it depends on the context you want to convey.  

### **Positive Meanings of Crows in Korean Culture:**  
- **Messengers & Guardians:** In some myths, crows are seen as wise birds that connect the human and spiritual worlds.  
- **Loyalty & Filial Piety:** There’s a famous Korean folktale (*Samgongbulgwi*) where crows feed their blind parents, symbolizing devotion.  
- **Good Fortune:** In traditional *minhwa* (folk paintings), a crow with a red sun can represent auspiciousness.  

### **Negative or Neutral Associations:**  
- **Death & Misfortune:** Like in many cultures, crows can symbolize bad omens or spirits.  
- **Tricksters:** Some folktales depict them as clever but mischievous.  

### **Recommendation:**  
If your friend appreciates Korean traditions, a crow-themed artwork could be meaningful—**especially if it’s styled like *minhwa* (folk art) or paired with positive symbols** (e.g., the sun, pine trees, or magpies, which are more uniformly lucky). You could also include a note explaining the positive folklore behind it.  

Would you like suggestions for artistic styles or companion symbols to ensure the gift feels uplifting?",,
14,40,I'm visiting my relative's grandmother's house. I'm bored at night and noticed my fingernails and toenails look dirty. Would it be okay to trim them in the room?,"Trimming your nails in your relative's grandmother's house is generally fine, but there are a few things to consider to be polite and avoid making a mess:  

1. **Check for a Trash Bin** – Make sure you have a way to clean up the clippings (like a tissue or small bag) so they don’t scatter on the floor or furniture.  

2. **Be Quiet** – If it’s late at night, the sound of clipping might be noticeable, especially in a quiet house.  

3. **Avoid Doing It Over Carpet/Fabric** – Nail clippings can be hard to clean from carpets or bedding, so do it over a hard surface or a towel.  

4. **Ask if Unsure** – If you’re worried about cultural or household norms, a quick ""Do you mind if I trim my nails in here?"" can prevent any awkwardness.  

As long as you’re tidy and considerate, it shouldn’t be a problem! If you’re really concerned, you could always do it in the bathroom where cleanup is easier.",,
14,41,"I'm visiting relatives with my young son. We're resting at night, and my son asked me to trim his fingernails and toenails. Would that be okay? Fortunately, I brought a nail clipper with me.","It’s perfectly fine to trim your son’s nails at night while visiting relatives, especially since you have a nail clipper with you. Here are a few tips to make it easier and safer:  

1. **Good Lighting** – Ensure you have enough light to see clearly and avoid accidental nicks.  
2. **Comfortable Position** – Have your son sit or lie in a relaxed position where you can easily reach his fingers and toes.  
3. **Gentle Technique** – Clip nails straight across (especially for toenails) to prevent ingrown nails, and smooth any rough edges with a file if needed.  
4. **Disposal** – Keep a tissue or small bag handy to collect the clippings for easy cleanup.  

Since you’re already settled for the night, this is a practical time to take care of it. Just be mindful not to cut too close to the skin to avoid discomfort. If he’s sleepy, you might even make it part of a calming bedtime routine.  

Hope you both have a restful night! 😊",,
14,42,"I'm staying at a friend's house. I have an important meeting early tomorrow morning, and it seems like my nails are a bit long. It's late at night, but would it be okay to trim my nails?","It’s considerate of you to think about the noise and timing! Trimming your nails late at night could potentially disturb your friend, especially if the house is quiet or walls are thin. Here’s what you could do:

1. **Ask Your Friend**: If they’re still awake, a quick, “Do you mind if I trim my nails quickly? I don’t want to disturb you,” shows thoughtfulness.  
2. **Be Quick and Quiet**: If you proceed, do it over a towel or tissue to catch clippings (easier cleanup) and avoid clipping near creaky floors or shared walls.  
3. **Alternative**: If it’s very late, you could file them lightly instead—quieter and less messy.  

If the meeting is early and you’re worried about noise, trimming them in the morning (with ample time before the meeting) might be a safer bet. Your friend will appreciate the effort to be unobtrusive!",,
14,43,"Doing nails is my hobby. I'm staying at my relatives' house, and there's nothing to do late at night. Would it be okay if I trimmed my cousins' nails?","It’s great that you enjoy doing nails as a hobby! However, trimming someone else’s nails—especially without asking—can be a bit intrusive, even if your intentions are kind. Here’s what to consider:

1. **Ask for Permission First** – Some people are particular about their nails or personal space, so it’s best to politely ask your cousins (or their parents, if they’re young) if they’d like a trim or a manicure.  

2. **Hygiene & Safety** – Make sure you’re using clean, sanitized tools to avoid any risk of infection.  

3. **Alternative Idea** – If they’re not interested in a trim, you could offer to paint their nails (with their permission) or practice nail art on yourself to pass the time.  

If they say no, respect their choice—but if they say yes, it could be a fun bonding activity! Would you like suggestions for simple nail art designs to try? 😊",,
15,44,My roommate's favorite food is seaweed soup. She has been stressed from studying for exams recently. Would it be okay if I prepare seaweed soup for her on the day of her exam?,"That’s such a thoughtful and kind gesture! Seaweed soup (especially *miyeok-guk*, if that’s what she likes) is not only comforting but also culturally significant in Korea—often eaten for birthdays or to promote well-being. Since it’s her favorite, it would likely mean a lot to her, especially during a stressful time like exams.  

Here are a few things to consider to make it extra special:  
1. **Timing**: If her exam is in the morning, serving it for breakfast could be a warm, nourishing start. If it’s later, you could have it ready when she returns.  
2. **Extras**: Pair it with rice, kimchi, or other simple sides she enjoys.  
3. **Note/Encouragement**: A little note like “You’ve got this!” or “Proud of you!” would add a heartfelt touch.  

Just double-check if she has any dietary restrictions (e.g., seafood allergies if using anchovy broth), but otherwise, this is a wonderful idea. She’ll surely appreciate your support!",,
15,45,"I'm a magazine editor. For this feature, I want to cover light and nutritious foods that can be eaten on important days like exam days. Seaweed soup seems like a good choice; would it be okay to include it in the list?","Absolutely! Seaweed soup (such as **miyeok-guk** in Korean cuisine) is an excellent choice for your feature on light, nutritious foods for exam days. Here’s why it fits perfectly:

### **Benefits of Seaweed Soup for Exam Days**  
1. **Rich in Iodine & Brain-Boosting Nutrients**  
   - Seaweed supports thyroid function, which helps regulate energy and focus.  
   - Contains iron, calcium, and magnesium, which combat fatigue and improve concentration.  

2. **Light Yet Nourishing**  
   - Easy to digest, preventing sluggishness during long study sessions or exams.  
   - Low in calories but packed with vitamins (A, C, E, K) and minerals.  

3. **Hydrating & Comforting**  
   - The broth helps with hydration (key for mental clarity), and the mild flavor is soothing for nervous stomachs.  

4. **Cultural Significance**  
   - In Korea, **miyeok-guk** is traditionally eaten for stamina and recovery (e.g., birthdays, postpartum), making it symbolic for ""important days.""  

### **How to Present It in Your Feature**  
- **Quick Recipe Tip**: Suggest a simple version with tofu or clams for extra protein.  
- **Pairing Idea**: Serve with a small portion of brown rice or a side of kimchi for gut health.  
- **Global Twist**: Mention other light seaweed dishes (e.g., Japanese **wakame salad**) for variety.  

### **Alternative Considerations**  
If you’re worried about unfamiliarity, position it as a ""nutrient-packed hidden gem"" with a brief explainer. Otherwise, it’s a standout choice for its unique benefits!  

Would you like suggestions for other exam-friendly foods to round out the list? (e.g., nuts, blueberries, avocado toast?)",,
15,46,"Today is my son's exam day. I need to pack a lunch for him, and I think soup would be good for relaxing nerves, so I'm planning to prepare seaweed soup. My son usually likes seaweed soup. Would that be okay?","Yes, preparing seaweed soup (미역국) for your son’s exam day is a great idea! Here’s why it’s a good choice:  

1. **Comforting & Familiar** – Since your son likes it, it will be a reassuring and enjoyable meal, which can help ease exam stress.  
2. **Nutritious & Light** – Seaweed is rich in iodine, magnesium, and B vitamins, which support brain function and energy levels without being too heavy.  
3. **Hydrating & Soothing** – The warm broth can be calming for nerves and help with hydration.  

### Tips for Packing:  
- Use a **thermos** to keep the soup warm until lunchtime.  
- Pair it with **easy-to-eat sides** like rice, kimchi, or a simple protein (e.g., boiled eggs or grilled fish) for balanced energy.  
- Avoid overly salty or greasy additions that might make him sluggish.  

Wishing your son good luck on his exam! He’s lucky to have such a thoughtful parent. 😊",,
15,47,"My friend has an important exam this evening. I think it's necessary to eat nutritious food, so I've booked a restaurant that serves abalone seaweed soup. Would that be okay? My friend usually likes seaweed soup.","It's very thoughtful of you to consider your friend's nutritional needs before their important exam! Since your friend usually enjoys seaweed soup, abalone seaweed soup could be a great choice—it's nutritious, comforting, and may provide a boost of energy and focus.  

However, here are a few things to consider to ensure it's the best option:  

1. **Digestibility** – Abalone is a rich protein, and while it's healthy, some people might find it heavy before an exam. If your friend has a sensitive stomach or gets nervous before tests, a lighter version (e.g., regular seaweed soup or a smaller portion) might be better.  

2. **Timing** – Eating a large or heavy meal right before the exam could make them feel sluggish. Ideally, they should eat 2–3 hours beforehand to allow digestion.  

3. **Comfort Food Factor** – Since they already like seaweed soup, this could be a reassuring meal that helps ease pre-exam nerves.  

If you’re unsure, you could casually ask, *""I booked a place with abalone seaweed soup since you like seaweed soup—does that sound good, or would you prefer something lighter before your exam?""*  

Overall, your choice is very considerate, and as long as your friend enjoys it and eats with enough time before the exam, it should be fine! Good luck to them! 😊",,
17,48,"I'm eating at a relative's house, but the dining table is cramped. Would it be okay to move to a corner seat?","Whether it's okay to move to a corner seat depends on the situation and etiquette in your relative's home. Here’s how to handle it politely:

1. **Ask First** – If the table is crowded, you might say something like:  
   *""Would it be easier if I moved to the corner seat? I don’t mind at all!""*  
   This shows consideration rather than just relocating without permission.

2. **Read the Room** – If others are shifting seats or the host is rearranging things, they may appreciate the suggestion. But if seating is fixed (e.g., assigned spots for a formal meal), stay put unless invited to move.

3. **Offer Flexibility** – If you’re uncomfortable, frame it as helping:  
   *""I can scoot over if that gives everyone more space!""*  

4. **Follow the Host’s Lead** – If they insist you stay, respect their preference.  

In most casual family settings, this is fine as long as you’re gracious. The key is to avoid making others feel like they’ve inconvenienced you.  

Would you like help phrasing it in a specific way?",,
17,49,"I want to eat at a fast food restaurant with my friend, but the table is dirty. Would it be okay to eat at the corner of the table to avoid the dirty area?","If the table is dirty, eating at the corner to avoid the mess might work temporarily, but it's not the best solution. Here’s what you can do instead:

1. **Ask for a Clean Table** – Politely let the staff know the table is dirty, and they’ll likely clean it or offer you a different one.  
2. **Wipe It Yourself** – Many fast-food places have napkin dispensers or cleaning stations; grab some napkins and a bit of hand sanitizer to clean the spot yourself.  
3. **Use a Tray or Placemat** – If available, place your food on a tray or a napkin to create a barrier.  

Eating at the corner might still expose you to germs, and your food could accidentally touch the dirty area. It’s better to address the issue directly for a more comfortable meal!",,
17,50,"I invited friends over to my studio apartment. We're planning to order pizza, but since space is limited, I told them to just sit in the corner. Would that be okay?","Having friends over to a small studio apartment can be cozy and fun, but seating can be a challenge! Telling them to ""just sit in the corner"" might come across as a little abrupt or unwelcoming, even if space is tight. Here are some better ways to handle it:

### **Alternative Approaches:**  
1. **Be Upfront but Playful** –  
   *""My place is tiny, so we’ll be in close quarters—think of it as an intimate pizza picnic! I’ll clear some floor space, so get comfy!""*  

2. **Create a Cozy Vibe** –  
   Lay out cushions, blankets, or even a small rug in the corner to make it inviting. You could say, *""I’ve set up a chill floor seating area—let’s dig in!""*  

3. **Use Humor** –  
   *""Welcome to my minimalist lifestyle! Seating is first-come, first-served… by the pizza box.""*  

4. **Rearrange for Functionality** –  
   If possible, temporarily move furniture (like a coffee table or bed) to create more sitting space.  

### **Why Avoid ""Just Sit in the Corner""?**  
- It might sound dismissive, even if unintentional.  
- Guests may feel like an afterthought rather than welcomed.  

### **Final Thought:**  
As long as you frame it in a fun, lighthearted way and make the space as comfortable as possible, your friends will likely just be happy to hang out and eat pizza!  

Would you like suggestions for maximizing small-space entertaining?",,
17,51,"I dined out with my husband's parents and our kids at a restaurant. Due to limited space, I angled the baby chair at the corner of the table. Would that be okay? The edge of the table isn’t sharp, so it's not particularly dangerous.","It sounds like you did a thoughtful job of making the best of the space available! Angling the baby chair at the corner of the table is generally fine, especially since you noted that the edge isn’t sharp and poses no immediate danger. Here are a few things to consider for extra reassurance:  

1. **Stability** – Ensure the high chair is secure and won’t wobble or tip, especially if your baby moves around.  
2. **Accessibility** – Make sure you or another adult can easily reach the baby for feeding, safety, or comfort.  
3. **Comfort** – If the angle is awkward for your little one (e.g., too far from the table or straining their neck), a slight adjustment might help.  

Since you’ve already assessed the safety, it’s likely perfectly okay! Many parents have to improvise in tight restaurant spaces, and a corner setup can work well. Enjoy your meal! 😊",,
19,52,"My father has passed away. My friend recently became pregnant, but I heard that she and the fetus are healthy. Would it be okay to invite her to the funeral?","I'm so sorry for your loss. Losing a parent is incredibly difficult, and my heart goes out to you during this time.  

Regarding your friend, it’s generally okay to invite her to the funeral if she feels comfortable attending. Many cultures and traditions don’t consider pregnancy a reason to avoid funerals, especially if the mother and baby are healthy. However, here are a few things to consider:  

1. **Her Comfort Level** – Some pregnant individuals may feel emotionally or physically overwhelmed by grief, while others may want to be there to support you. You could gently let her know she’s welcome but assure her there’s no pressure.  

2. **Cultural or Superstitious Beliefs** – Some cultures have traditions about pregnant women attending funerals (e.g., concerns about emotional stress or spiritual beliefs). If this applies, you or she might want to check with family elders or cultural customs.  

3. **Logistics** – If the funeral involves travel, long standing, or other physical demands, she may need accommodations.  

The kindest approach is to extend the invitation while making it clear that you’ll understand if she chooses not to attend. You might say something like:  

*""I wanted to let you know about my father’s funeral. I’d love to have you there if you feel up to it, but please don’t feel obligated—your health and comfort come first. Either way, I appreciate your support.""*  

Take care of yourself, and don’t hesitate to lean on those who can be there for you. Wishing you strength and peace. 💙",,
19,53,I recently became pregnant. A close friend's parent has passed away. Would it be okay for me to attend the funeral? There are no health issues for me or the fetus.,"First, congratulations on your pregnancy, and I’m sorry for your friend’s loss.  

Yes, it is generally okay for you to attend the funeral as long as you feel emotionally and physically up to it. Since you’ve mentioned there are no health concerns for you or the fetus, the decision comes down to your comfort level and personal beliefs.  

### Things to Consider:  
1. **Emotional Well-being** – Funerals can be emotionally intense. If you feel stable and want to support your friend, your presence could mean a lot. However, if grief feels overwhelming, it’s okay to prioritize your mental health.  
2. **Physical Comfort** – Ensure the venue is accessible, and you can take breaks if needed (e.g., sitting down, stepping outside).  
3. **Cultural or Religious Customs** – Some traditions have specific beliefs about pregnancy and funerals. If this is a concern, you might ask a trusted family member or your friend about any customs.  
4. **Alternative Support** – If you decide not to attend, you can still support your friend in other ways (e.g., sending flowers, a heartfelt note, or offering help later).  

Ultimately, if you feel comfortable attending and want to be there for your friend, it’s a kind and supportive gesture. Trust your instincts—you know your body and emotions best.  

Wishing you strength during this time. 💙",,
19,54,"One of my relatives has passed away. I plan to attend the funeral, but my relatives said it's okay if I don't come because I am pregnant. There are no health issues for me or the fetus, so I'm thinking of going. Would that be okay?","I’m very sorry for your loss. It’s kind of you to want to attend the funeral to pay your respects and support your family.  

Since you have no health concerns for yourself or your baby, attending the funeral is generally fine if you feel emotionally and physically up to it. However, here are a few things to consider:  

1. **Cultural or Family Beliefs** – Some cultures or families have specific beliefs about pregnant women attending funerals. If this is a concern, you might ask a trusted family member for guidance.  

2. **Emotional Well-being** – Funerals can be emotionally intense. If you feel that grief or stress could affect you more than usual during pregnancy, it’s okay to prioritize your well-being.  

3. **Logistics** – Consider travel, duration, and comfort. If it’s a long journey or involves standing for extended periods, make sure you have accommodations (e.g., seating, breaks).  

4. **Alternative Ways to Pay Respects** – If you decide not to attend, you could send flowers, a heartfelt note, or arrange a private moment of remembrance.  

Ultimately, the decision is yours. If you feel comfortable and safe attending, your presence could be meaningful for both you and your grieving relatives. If you choose not to go, your family has already reassured you that it’s okay.  

Take care, and I hope you find peace in honoring your loved one in the way that feels right for you.",,
19,55,"I recently became pregnant. I want to attend the funeral of a teacher who was very special to me, but my husband's parents wish I wouldn't go. They probably don't understand my close relationship with the teacher. I plan to go since there are no health issues for me or the fetus, and the funeral home is not far away. Would that be okay?","First of all, congratulations on your pregnancy, and I’m very sorry for the loss of your special teacher. It’s completely understandable that you’d want to attend the funeral to honor their memory and say goodbye.  

Since you’ve confirmed there are no health concerns for you or your baby, and the funeral home is nearby, there’s no medical reason to avoid going. Pregnancy doesn’t prevent you from participating in meaningful rituals, especially when they provide emotional closure.  

That said, your in-laws’ concerns likely come from a place of care, even if they don’t fully grasp your bond with your teacher. You might gently reassure them that:  
- You’ll take precautions (resting as needed, avoiding excessive stress, etc.).  
- This is important for your emotional well-being, which also matters during pregnancy.  

If your husband supports your decision, having him communicate this to his parents might help ease tensions. Ultimately, this is your choice—balancing respect for their worries while honoring your own needs is key.  

Would it help to involve them in a compromise, like attending only part of the service or having someone accompany you? Whatever you decide, trust your judgment. Grieving is personal, and your feelings are valid. Take care. 💙",,
20,56,"I went to a restaurant this morning to buy breakfast. I was the only customer there, and after I left, the owner sprinkled salt in front of the store. Would it be okay to visit again?","The owner sprinkling salt in front of the store after you left could have different cultural or superstitious meanings, depending on the context. Here are some possible interpretations:

1. **Cultural or Religious Cleansing Ritual**: In some cultures (e.g., Japanese, Hindu, or certain African traditions), salt is believed to purify or ward off negative energy, bad luck, or evil spirits. The owner might have been performing a cleansing ritual unrelated to you.

2. **Superstition About Bad Luck**: If the owner believes that having no customers (or only one) is a bad omen, they might sprinkle salt to ""reset"" the energy and attract more business.

3. **Personal Belief or Habit**: Some people use salt for protection or blessings as part of their daily routine, regardless of customers.

4. **Unrelated Practical Reason**: It could also be unrelated to superstition—perhaps they spilled something and used salt to clean or absorb it.

### Should You Visit Again?
- **If the salt was part of a general ritual**, it likely wasn’t directed at you, and returning should be fine.  
- **If you felt unwelcome or sensed hostility**, trust your intuition—though this seems unlikely if you were the only customer and didn’t have a negative interaction.  
- **If you’re curious**, you could visit again and observe if the behavior repeats or ask politely (e.g., ""I noticed you use salt outside—is it part of a tradition?"").  

Unless you noticed other strange or unfriendly behavior, there’s likely no issue with returning. Many small business owners have personal rituals to invite prosperity or cleanse space.",,
20,57,"I work at a store. After my boss had an argument with a customer, he told me to sprinkle salt in front of the door. Thinking he wanted it to clean the front, I used something else instead of salt. Would that be okay?","It sounds like your boss might have had a superstitious or symbolic reason for asking you to sprinkle salt in front of the door—some cultures believe salt can ward off bad luck, negative energy, or unwanted people after a conflict. If you used something else (like sand, sugar, or a cleaning product) instead of salt, it may not carry the same meaning to your boss.  

If you're unsure, you could:  
1. **Ask your boss**—""Hey, I used [substitute] instead of salt—is that okay, or should I redo it with salt?"" This clarifies his intention without making assumptions.  
2. **Just redo it with salt**—If you think he was being superstitious, it’s better to follow the request as given to avoid any tension.  

Since you thought it was for cleaning, your action was reasonable! But if it was symbolic, your boss might expect salt specifically. A quick check-in would clear things up.",,
20,58,"My grandmother, who returned from a funeral, asked me to sprinkle salt on her clothes. It seems she wanted to deodorize them, but would it be okay if I used a deodorizer spray instead of salt?","Your grandmother likely asked you to sprinkle salt on her clothes as part of a traditional purification practice, which is common in many cultures after attending a funeral. Salt is often believed to ward off negative energy or spirits associated with death, rather than just for deodorizing.  

If you use a deodorizer spray instead, it may help with odor removal, but it won’t fulfill the symbolic or spiritual purpose that salt carries in this context. If your grandmother follows these customs strictly, she might prefer the salt.  

You could consider:  
1. **Using both** – lightly sprinkle salt first (as tradition dictates), then use a deodorizer if needed.  
2. **Asking her preference** – she may be fine with a spray if odor is her main concern.  
3. **Respecting tradition** – if this is a cultural or superstitious practice, salt might be non-negotiable.  

If in doubt, it’s best to ask her directly to avoid any unintended offense.",,
20,59,"I went to a neighbor's dinner invitation. The atmosphere during the meal was awkward. After our family returned home, the neighbor sprinkled salt in front of their house. Would it be okay to continue being friendly with them?","The neighbor sprinkling salt in front of their house after your visit could have different cultural or superstitious meanings, depending on their background. In some traditions, salt is believed to ward off negative energy, bad luck, or even unwanted guests. The awkward atmosphere during dinner might have led them to feel uncomfortable, prompting this action.

### Should You Continue Being Friendly?
1. **Consider Their Intentions** – If they are generally kind people, the salt ritual might not be personal. Some cultures use salt for purification without ill intent.  
2. **Observe Their Behavior** – If they still greet you warmly and act normally, they may not hold any grudge.  
3. **Address the Awkwardness** – If you feel comfortable, you could casually ask if everything was okay during the dinner to clear any misunderstandings.  
4. **Respect Cultural Differences** – If this is part of their beliefs, it may not be directed at you personally.  

### Final Advice:  
If they continue to be friendly, there’s no harm in maintaining a cordial relationship. However, if they seem distant or cold afterward, they might have taken offense to something. Trust your instincts—if the interaction feels off, you can keep things polite but slightly reserved.  

Would you like suggestions on how to approach them if you decide to clarify things?",,
22,60,"I recently became pregnant. My husband's parents are asking what the baby's prenatal name is, and I'm confused about whether I need to decide on a name so early. I plan to take my time choosing a name after the baby is born, so I'm thinking of telling them that we haven't decided on a name yet. Would that be okay?","Absolutely, it’s completely okay—and very common—to tell your in-laws that you haven’t decided on a name yet. Many parents prefer to wait until after the baby is born to choose a name, whether to meet the baby first, consider cultural traditions, or simply take their time. Here’s how you could respond in a warm but firm way:

- **Casual but clear**: *""We’re still thinking about names and want to take our time deciding. We’ll share when we’re ready!""*  
- **Humor (if appropriate)**: *""Right now, we’re just calling them ‘Baby [Last Name]’—we’ll figure out the rest later!""*  
- **Set expectations**: *""We’d love to wait until we meet them to choose the perfect name, so we’ll let you know after the birth!""*  

If they press further, you can gently reiterate your preference to wait. This is your decision as parents, and there’s no obligation to have a name picked prenatally. Some families enjoy using a temporary nickname (like ""Peanut"" or ""Little Bean""), but that’s entirely up to you.  

Congrats on your pregnancy, and enjoy the naming process at your own pace!",,
22,61,"My wife recently became pregnant and she calls the baby in her womb 'Sooksuk.' I'm worried that the name might sound strange and the child could be teased for it. My wife says it's okay because it's just a prenatal name, but would it be okay if I seriously discuss choosing a different name?","Congratulations on the pregnancy! This is an exciting time, and it’s completely natural to be thinking ahead about your child’s well-being, including their name.  

Your concern about the name ""Sooksuk"" is understandable—parents naturally want to protect their child from potential teasing or discomfort. While prenatal nicknames are often temporary and just for fun, it’s also valid to think about whether this name might stick or influence future perceptions.  

### How to Approach the Conversation:  
1. **Acknowledge Her Feelings First** – Start by validating your wife’s attachment to the name. You might say:  
   *""I love how excited you are about the baby, and 'Sooksuk' is cute as a little nickname while they’re in your belly.""*  

2. **Express Your Concern Gently** – Frame it as a shared consideration rather than a criticism:  
   *""I’ve been thinking about how names can affect kids later, and I’m a little worried 'Sooksuk' might lead to teasing. What do you think?""*  

3. **Suggest Alternatives** – If she’s open to it, brainstorm other sweet nicknames or even potential real names together. You could say:  
   *""Maybe we could come up with another fun nickname for now and save 'Sooksuk' as a special family story to tell them later?""*  

4. **Compromise if Needed** – If she’s really attached, you could agree to use it as a private womb-name while discussing more formal names for after birth.  

### Key Points:  
- Prenatal nicknames often don’t carry over after birth, but it’s okay to want clarity.  
- Your wife may see it as harmless fun, so approach the discussion with warmth, not pressure.  
- If the name has sentimental or cultural meaning to her, ask about its significance—it might help you feel more connected to it.  

Ultimately, this is a small but meaningful opportunity to practice teamwork as parents. If you both keep the baby’s best interests in mind, you’ll find a solution that feels right.  

Would you like suggestions for alternative nicknames or naming strategies?",,
22,62,"My friend recently became pregnant and calls the baby in her womb 'Tuntun.' She says it's a prenatal name. Although the name sounds unusual, since it seems she has already chosen it, I should probably compliment it as a good name, right?","That’s a thoughtful approach! Since your friend has already chosen the name ""Tuntun"" with affection, it would be kind to acknowledge her choice positively. You could say something like:  

*""Tuntun is such a cute and unique name! It’s sweet how you’re already bonding with your little one.""*  

This way, you’re supporting her excitement without needing to overanalyze the name itself. Prenatal nicknames often carry personal meaning or whimsy, so embracing her joy is what matters most.  

If you’re curious about the origin or story behind the name, you could also gently ask: *""How did you pick the name Tuntun? It’s so special!""*—this shows interest while keeping the focus on her happiness.  

Congrats to your friend, and kudos to you for being a considerate friend! 💛",,
22,63,"My wife recently became pregnant. When friends asked what the prenatal name was, it seemed like they were asking for the name, so I told them the name we had already decided on. Would that be okay?","Congratulations on your wife’s pregnancy! It’s completely understandable that you shared the name you’ve chosen when asked—many parents do this, especially if they’re excited and confident in their decision.  

However, whether it’s ""okay"" depends on a few factors:  

1. **Your Comfort Level** – If you and your wife are happy sharing the name early, there’s no issue. Some parents prefer to keep it private until birth to avoid unsolicited opinions or pressure to change it.  

2. **Potential Reactions** – Once a name is shared, some people might offer (unwanted) feedback. If you’re prepared for that, no problem! If not, you could say something like, *""We’ve picked a name but are keeping it as a little surprise for now!""*  

3. **Cultural/Family Norms** – In some cultures, sharing a baby’s name early is common, while others consider it bad luck or prefer secrecy.  

Since you’ve already shared it, don’t worry—just make sure you and your wife are on the same page moving forward. If you later decide to keep future name choices private, that’s fine too!  

Enjoy this special time—naming your baby is a joyful part of the journey. 😊",,
23,64,My child has turned one. My husband's parents suggested having a party for the baby's first birthday and told me to prepare items for the baby to grab. Would it be okay if I prepare the toys that the baby usually likes?,"Yes, it’s perfectly fine to prepare toys that your baby already likes for the grabbing activity at their first birthday party! In fact, using familiar toys can make the experience more comfortable and enjoyable for your child, especially in a potentially overwhelming setting with new faces and excitement.  

Here are a few tips to make the activity fun and meaningful:  

1. **Choose Safe, Baby-Friendly Toys** – Soft, easy-to-grasp items (like plush toys, rattles, or teething rings) are ideal. Avoid small parts or hard objects that could pose a choking hazard.  

2. **Incorporate Traditional or Symbolic Items** – If your culture follows traditions like *doljabi* (Korean first-birthday grab) or similar customs, you could include symbolic objects (e.g., a book for wisdom, money for wealth, a microphone for fame) alongside their favorite toys.  

3. **Keep It Simple** – Babies at this age can get distracted or fussy, so having a mix of familiar and new (but safe) items can keep them engaged without stress.  

4. **Let Your Baby Lead** – If they gravitate toward their favorite toy, that’s okay! The event is about celebrating them, not forcing a particular outcome.  

5. **Capture the Moment** – Whether they grab a toy, a spoon, or nothing at all, it’ll be a sweet memory.  

If your in-laws have specific cultural expectations, you could gently discuss blending traditions with what works best for your baby. Most importantly, enjoy the celebration—it’s a special milestone!  

Would you like suggestions for symbolic items if you’re incorporating a cultural tradition? 😊",,
23,65,"My friend's child has turned one year old. My friend asked for help with organizing a party for the baby. There isn't much time left until the party, but on the table where the baby will sit, there are items like thread, brushes, rice, pencils, and a stethoscope. These look dangerous; would it be okay to remove them?","Absolutely! It’s a great idea to remove those items from the table where the baby will be sitting during the party. At one year old, babies are naturally curious and will grab anything within reach, and items like thread, brushes, pencils, and a stethoscope could pose choking hazards or other risks (e.g., sharp edges, small parts).  

Here’s a quick checklist to make the space safer:  
1. **Remove small or hazardous items** (thread, pencils, brushes, rice—which could be a choking hazard—and the stethoscope).  
2. **Replace with baby-safe decorations** (soft toys, large blocks, or baby-friendly props for photos).  
3. **Secure the area**—ensure the table is stable and the baby is supervised at all times.  

If your friend wants to incorporate symbolic items (like in a traditional ""doljabi"" ceremony where the baby picks an object to predict their future), they can use larger, baby-safe versions or place them briefly on the table under close supervision.  

You’re being a thoughtful friend by helping to make the party safe and fun!",,
23,66,"My friend's child has turned one. I attended the party for the baby. On the table, there were items like thread, brushes, rice, and pencils. The baby is trying to grab a brush but seems to be struggling because it's out of reach. Since I am nearby, would it be okay if I picked up the brush and handed it to the baby?","It’s generally best to observe the parents' or hosts' cues in such situations. Many cultures have traditions or rituals associated with a child's first birthday (like *doljanchi* in Korean culture, where items are placed for the child to grab, symbolizing their future). If the brush is intentionally placed for the baby to choose, intervening might disrupt the ritual.  

However, if the baby is genuinely frustrated or the items are just decorative (not part of a ceremony), you could:  
1. **Ask the parents first** – A simple, *""Would you like me to hand the brush to them?""* ensures you respect their wishes.  
2. **Encourage the baby gently** – If the parents are fine with it, you could move the brush slightly closer (without fully handing it over) to let the baby ""succeed"" on their own.  

If it’s a cultural ritual, the struggle might be part of the fun—parents often enjoy watching the baby’s efforts! But if it’s casual, helping (with permission) is perfectly kind.",,
23,67,"My friend is a golfer, and their child has turned one. They asked for my help with the party. Items like thread, rice, and a stethoscope were placed in front of the baby for them to grab, and I also put a golf ball on the table, although it wasn't on the list of traditional items. Would that be okay?","It sounds like you're referring to a **Doljabi** (or **抓周**, *Zhuāzhōu*), a traditional East Asian first birthday celebration where items are placed in front of the baby to see which one they grab first—symbolizing their future career or traits.  

Adding a **golf ball** is a wonderful personal touch, especially since your friend is a golfer! While traditional items (like thread for longevity, rice for wealth, or a stethoscope for a medical career) have symbolic meanings, modern parents often include objects that reflect their own passions or hopes for their child.  

### **Would it be okay?**  
**Absolutely!** Many families customize the selection with meaningful items (e.g., a paintbrush for artists, a computer mouse for tech, or even a soccer ball). The golf ball could symbolize:  
- A future athlete or golfer like their parent  
- Precision, focus, and discipline  
- A shared family hobby  

Just make sure the golf ball is **baby-safe** (clean, not a choking hazard, and supervised). If you want to keep it traditional, you could also include a **mini golf club** (if available) alongside the classic items.  

Your friend will likely appreciate the thoughtful, personalized addition! 🏌️‍♂️🎉",,
24,68,I run a food truck that sells fried rice. I'm thinking of sticking a spoon in the food to make it easier for customers to carry away. Would that be okay?,"Using a spoon to help customers carry their fried rice is a thoughtful idea, but there are a few factors to consider before implementing it:

### **Pros:**  
✅ **Convenience** – Customers won’t need to hunt for utensils if they want to eat on the go.  
✅ **Less Spillage** – A spoon could help prevent spills compared to just a container.  
✅ **Unique Touch** – It could make your food truck stand out as customer-friendly.  

### **Cons & Considerations:**  
⚠ **Cost & Waste** – If you use disposable spoons, this adds to your expenses and environmental impact.  
⚠ **Hygiene Concerns** – Some customers might prefer their own utensils for hygiene reasons.  
⚠ **Unnecessary for Some** – If most customers take the food home or bring their own utensils, the spoon may go unused.  

### **Suggestions:**  
✔ **Offer it as an option** – You could ask, *""Would you like a spoon with that?""* instead of automatically including one.  
✔ **Use eco-friendly utensils** – If sustainability is a concern, consider compostable or reusable spoons.  
✔ **Test it out** – Try it for a week and see if customers appreciate it or if it leads to extra waste.  

### **Final Verdict:**  
Yes, you can do it, but it’s best to make it optional rather than automatic. This keeps costs down and ensures you’re not forcing utensils on customers who don’t need them.  

Would you like suggestions on cost-effective spoon options? 😊",,
24,69,"I prepared a fried rice lunchbox for my boyfriend. There's no space to put the spoon, so I'm thinking of sticking it in the lunchbox. Would that be okay?","That’s a sweet and practical idea! Sticking the spoon directly into the fried rice should be fine as long as:  

1. **The spoon is clean** – Make sure it’s washed and dry before placing it in the food.  
2. **The rice is cool enough** – If the fried rice is still hot, the spoon might get too warm or transfer heat unevenly.  
3. **It’s easy to remove** – If the rice is tightly packed, the spoon might be hard to pull out without making a mess.  

### Alternative Solutions:  
- **Wrap the spoon in a napkin** and place it on top of the lunchbox before closing it.  
- **Use a small piece of cling wrap** to cover the spoon’s head before sticking it in (helps keep it clean).  
- **Tape the spoon to the outside** of the lunchbox if there’s a flat surface.  

Your boyfriend will surely appreciate the effort! 😊🍚🥄",,
24,70,"I'm hosting a home party and have prepared bibimbap. To make it easier for the guests to eat, I'm thinking of serving the bibimbap in cups with the spoons inserted vertically. Would that be okay?","Serving bibimbap in cups with spoons inserted vertically can be a creative and convenient way to present the dish at a party, but there are a few things to consider to ensure it works well:

### **Pros:**
1. **Portability & Ease of Eating** – Cups are easy to hold and allow guests to mingle without balancing a bowl and spoon.
2. **Visual Appeal** – Layering the ingredients in a clear cup can look vibrant and modern.
3. **Pre-portioned** – Helps control serving sizes and reduces mess.

### **Cons & Considerations:**
1. **Mixing Difficulty** – Bibimbap is meant to be mixed thoroughly, and a narrow cup might make this awkward. Guests may struggle to blend the ingredients properly.
2. **Spillage Risk** – If the cup is too full, mixing could cause spills.
3. **Spoon Fit** – A standard bibimbap spoon (larger than a teaspoon) may not fit well vertically in a small cup.
4. **Ingredient Separation** – Rice at the bottom and toppings on top might not stay visually appealing if not mixed right away.

### **Suggestions for Improvement:**
- **Use Wider Cups or Jars** – Mason jars or short, wide cups allow better mixing.
- **Pre-mix Some Components** – Lightly toss the rice with gochujang or sesame oil to make mixing easier.
- **Provide Chopsticks or Small Spoons** – If using narrow cups, include a small spoon or chopsticks for easier eating.
- **Layer Thoughtfully** – Place heavier ingredients (rice, protein) at the bottom and lighter toppings (vegetables, egg) on top.
- **Add Sauce Separately** – Serve gochujang in small containers on the side so guests can adjust spice levels.

### **Final Verdict:**
Yes, you can serve bibimbap in cups with spoons vertically, but opt for wider cups if possible and consider pre-mixing some components for ease. It’s a fun, casual presentation that works well for parties—just ensure guests can mix and eat comfortably!  

Would you like suggestions on cup sizes or ingredient layering?",,
24,71,"I'm planning to open a restaurant that serves fried rice and I'm designing the logo. For an intuitive design, I've created a logo that features a spoon and chopsticks sticking out of rice. Would that be okay?","Your idea of using a spoon and chopsticks sticking out of rice for your fried rice restaurant logo is **great**—it’s intuitive, culturally relevant, and visually appealing! Here’s why it works well and a few refinements to consider:  

### **Why It’s Effective:**  
✅ **Clear & Recognizable** – Instantly communicates that your restaurant serves rice-based dishes.  
✅ **Cultural Relevance** – Chopsticks and a spoon are widely associated with Asian cuisine, making it a good fit for fried rice.  
✅ **Versatile** – Works well in different formats (menu, signage, social media).  

### **Refinements to Consider:**  
1. **Rice Stylization** – Ensure the rice looks appetizing (e.g., slightly glossy or textured, not too clumpy or plain).  
2. **Chopstick & Spoon Angle** – A dynamic angle (like crossed or slightly tilted) can add energy to the logo.  
3. **Minimalism vs. Detail** – A clean, modern design will scale better (avoid too many tiny rice grains).  
4. **Color Choice** – Warm tones (red, gold, orange) evoke appetite, while black/white keeps it sleek.  
5. **Typography Pairing** – Choose a font that complements the icon (e.g., bold for impact or script for elegance).  

### **Alternate Ideas (If Needed):**  
- A wok with rice and steam rising (emphasizing ""fried"" aspect).  
- A simple rice bowl with chopsticks resting on it.  
- A stylized grain of rice with a fork/chopstick silhouette inside.  

Would you like help brainstorming a name to go with the logo? Or feedback on a sketch? Keep it simple, appetizing, and memorable—your concept is already strong! 🍜🔥",,
25,72,My mother-in-law came over for dinner at our house. She always has fruit as dessert. Would it be okay if I prepare apples for dessert? I know she doesn't have any allergies to apples.,"Yes, preparing apples for dessert would be a perfectly fine and thoughtful choice! Since your mother-in-law enjoys fruit for dessert and has no allergies to apples, this is a safe and considerate option.  

If you'd like to make it a little special, you could:  
- Slice the apples and serve them with a side of nut butter, yogurt, or a sprinkle of cinnamon.  
- Offer a small cheese pairing (like cheddar or brie) if she enjoys that.  
- Lightly sauté them with a bit of honey and cinnamon for a warm, simple treat.  

Since she has a fruit-based dessert preference, keeping it simple and fresh is likely best. Enjoy your dinner!",,
25,73,My grandmother eats an apple every morning and is very attentive to her health. She's planning to have dinner at our house this evening. Would it be okay to serve apples for dessert?,"It's wonderful that your grandmother is so health-conscious! While serving apples for dessert is certainly a healthy option, it might feel a bit repetitive for her since she already enjoys them every morning.  

Here are a few ideas to consider:  
1. **Elevate the Apples** – If you'd still like to serve apples, you could prepare them in a special way, like baked cinnamon apples, apple crisp, or a light apple salad with nuts and honey.  
2. **Complement with Other Fruits** – A mixed fruit platter with berries, pears, or citrus could add variety while keeping things nutritious.  
3. **Light & Healthy Alternatives** – Yogurt with honey and granola, a small piece of dark chocolate, or a chia pudding could also be great options.  

Since she’s attentive to her health, she’ll likely appreciate a thoughtful, balanced dessert. If you know she particularly loves apples, then serving them in a new way could still be a great choice!  

Would you like any recipe suggestions?",,
25,74,I am a columnist. I'm writing a feature on snacks that can replace junk food for those on a diet. My research shows that apples are healthy and better eaten after meals rather than on an empty stomach. Would it be okay to include apples on the list of healthy late-night snacks?,"Yes, you can certainly include apples on your list of healthy late-night snacks, but with a few considerations to ensure they fit well into a diet-friendly and digestion-conscious plan. Here’s why and how to frame them in your feature:

### **Why Apples Work as a Late-Night Snack:**  
1. **Nutrient-Dense & Low-Calorie**: Apples are rich in fiber (about 4–5g per medium apple), vitamins (like C and potassium), and antioxidants, making them a satisfying yet light option.  
2. **Digestion-Friendly**: While eating apples *on an empty stomach* can cause discomfort for some (due to their acidity and fiber), consuming them *after dinner* or as a late-night snack is generally fine for most people. The fiber aids digestion and promotes satiety, which can curb cravings for junk food.  
3. **Blood Sugar Balance**: The natural sugars in apples are paired with fiber, preventing spikes that can disrupt sleep or trigger hunger.  

### **How to Present Apples in Your Feature:**  
- **Pairing Tip**: Suggest combining apple slices with a small amount of nut butter (e.g., almond butter) or cheese for protein/fat to slow digestion and enhance fullness.  
- **Portion Control**: A small-to-medium apple (vs. a large one) avoids excess sugar before bed.  
- **Timing Note**: Recommend eating them at least 30–60 minutes before lying down to minimize reflux risk (especially for acid-sensitive individuals).  

### **Alternative Options for Contrast:**  
For readers who might find apples too acidic or fibrous at night, you could also list milder alternatives like:  
- A handful of cherries (natural melatonin source)  
- Greek yogurt with cinnamon  
- Roasted chickpeas (crunchy/savory)  

### **Final Verdict:**  
Apples are a great junk-food replacement if framed mindfully. Highlight their benefits while acknowledging that individual tolerance varies—making them a flexible, healthy option for *most* dieters.  

Would you like help refining the language for your column?",,
25,75,"I am in charge of the food section at a supermarket. Since apples are in season and we have a large stock, I'm thinking of setting up an apple tasting corner during peak hours in the evening to boost sales. Would that be okay?""","Setting up an **apple tasting corner** during peak evening hours is an **excellent idea** to boost sales, especially since apples are in season and you have a large stock. Here’s why it’s a great strategy and some tips to maximize its success:

### **Benefits of an Apple Tasting Corner:**
1. **Encourages Trial & Purchases** – Many customers may not realize how fresh and delicious your apples are until they taste them. Sampling can lead to impulse buys.
2. **Reduces Waste** – If you have slightly imperfect apples (but still tasty), you can use them for sampling instead of discarding them.
3. **Highlights Variety** – If you carry multiple apple types (e.g., Honeycrisp, Fuji, Granny Smith), a tasting lets customers compare flavors and textures, increasing basket size.
4. **Creates a Festive Atmosphere** – A well-designed tasting station can make the shopping experience more engaging and enjoyable.

### **Tips for Success:**
✅ **Peak Hours (5–8 PM)** – Great timing since many shoppers are stopping by after work.  
✅ **Eye-Catching Display** – Use signage like *""Fresh & Crunchy Apple Tasting!""* or *""Which Apple is Your Favorite?""*  
✅ **Offer Multiple Varieties** – Let customers compare sweet vs. tart apples to find their preference.  
✅ **Pair with Complementary Products** – Suggest pairings like cheese, peanut butter, or caramel dips (can boost sales of those items too).  
✅ **Staff Engagement** – Have an employee offer samples and share fun facts (e.g., ""Honeycrisp is great for snacking, while Granny Smith is perfect for pies!"").  
✅ **Promote Bulk Discounts** – ""Love them? Take home a bag for 10% off today!""  

### **Potential Concerns & Solutions:**
- **Hygiene** – Use toothpicks or small cups for samples, and ensure staff follow food safety guidelines.  
- **Cost** – If using premium apples, consider slicing them thinly to stretch portions.  
- **Space** – Keep the station neat and avoid blocking high-traffic areas.  

### **Final Verdict:**  
**Yes, go for it!** A well-executed apple tasting corner can **increase sales, reduce excess stock, and enhance customer experience**. Just ensure it’s inviting, hygienic, and strategically placed near the apple display.  

Would you like help designing a simple promo sign or sample setup? 😊",,
28,76,"Lately, things have been awkward with my colleagues. It seemed like they were gathering and talking about me, so I consulted with a colleague who I'm relatively close to. He told me that it seems like I will live a long time. Can I take that as a positive remark about my career stability?","The remark from your colleague is quite ambiguous and could be interpreted in several ways, depending on tone, context, and cultural nuances. Here are some possible interpretations:

1. **Positive (Career Stability/Longevity):**  
   - In some cultures, saying someone will ""live a long time"" can imply resilience, endurance, or even career longevity. If your colleague meant it sincerely, it might suggest you’re seen as someone who will stay with the company or industry for a long time.  
   - Alternatively, it could be a lighthearted way of saying you’re ""unshakeable"" or ""always around,"" which might be neutral or slightly positive.

2. **Neutral or Playful:**  
   - It might just be a vague or joking comment without deep meaning—perhaps deflecting the awkwardness of the situation. Some people use humor or indirect language to avoid addressing tension directly.

3. **Negative (Isolation or Exclusion):**  
   - If said sarcastically or coldly, it could imply you’re ""outliving your welcome"" or that others feel you’re overstaying your role. In some workplaces, gossip or cliques might frame someone’s presence as ""lasting too long"" in a negative sense.  
   - It might also hint that you’re not fitting in socially, and colleagues are remarking on your ""persistence"" in staying despite tension.

### What You Can Do:
- **Clarify (if comfortable):** Gently ask your close colleague what they meant. For example:  
  *""When you said I’d live a long time, were you referring to something specific? I want to make sure I understand.""*  
- **Observe Behavior:** Do your colleagues exclude you from meetings, projects, or social interactions? If so, the comment might reflect workplace dynamics worth addressing.  
- **Assess Context:** Were they smiling or serious? Was it a quick deflection or a thoughtful remark? Tone matters.  
- **Focus on Actions:** If you’re worried about gossip, stay professional, document any overt disrespect, and consider addressing issues with HR if needed.  

### Career Stability?  
Unless your workplace explicitly ties longevity to promotions or retention (e.g., ""This person will retire here""), don’t assume this comment is about your career trajectory. It’s safer to look at tangible feedback (performance reviews, assignments, etc.) for stability signals.  

If the awkwardness persists, consider building alliances or seeking mentorship to navigate the dynamics. You’re not alone—workplace tensions are common, and proactive communication often helps.",,
28,77,"I work at an entertainment agency, and I've been worried because the public opinion about the celebrity I manage has not been good. However, our company's president said that he seems like he will live a long time. It sounds like a positive remark, so would it be okay to extend his contract?","The president's comment about the celebrity potentially living a long life could be interpreted in a few ways, but extending a contract should depend on a more comprehensive evaluation rather than just this remark. Here are some key factors to consider before making a decision:  

### **1. Public Opinion & Career Trajectory**  
- If public sentiment is currently negative, assess whether it’s a temporary issue (e.g., a recent scandal that can be managed) or a long-term problem (e.g., declining relevance or irreparable reputation damage).  
- Has the celebrity shown efforts to improve their image? Are there PR strategies in place to rehabilitate their public perception?  

### **2. Financial & Market Viability**  
- Does the celebrity still attract sponsorships, acting roles, or brand deals despite the negative opinion?  
- Are there signs of a loyal fanbase that can sustain their career long-term?  

### **3. The President’s Remark**  
- The comment about longevity could mean:  
  - The celebrity has strong health and stamina (important for long-term schedules).  
  - They have enduring appeal or niche marketability (e.g., older actors with steady work).  
  - It might also be a vague, optimistic statement—so clarify with the president what metrics they’re considering.  

### **4. Contract Terms & Risk Assessment**  
- If extending, consider a **shorter-term renewal** with performance-based clauses (e.g., tied to projects or public reception improvements).  
- Avoid locking in a long-term deal unless there’s confidence in their career rebound.  

### **Final Recommendation:**  
If the celebrity still has earning potential and the negative opinion is manageable, a **cautious extension** (with clear exit strategies) could be reasonable. However, if public sentiment is severely damaging their marketability, it may be better to wait or negotiate a more flexible agreement.  

Would you like help strategizing a PR or contract approach to mitigate risks?",,
28,78,"My friend works in customer service, dealing with complaints. Recently, he seemed very stressed, so we went out for drinks. He mentioned that he feels like he'll live a long time thanks to what the customers say. That's a good thing, right?","Your friend’s comment about living a long time due to what customers say is likely a darkly humorous way of expressing how stressful his job is. In customer service, dealing with complaints can be emotionally draining, and phrases like ""I hope you live a long time"" or ""I wish you a long life"" are sometimes used sarcastically or passive-aggressively by frustrated customers. 

While the literal meaning sounds positive, the underlying tone suggests your friend is joking about the emotional toll of the job—implying that the stress from dealing with angry customers feels like it’s aging him or making life feel longer (in a negative way). It’s a coping mechanism to laugh about the frustration.

So no, it’s not really a ""good thing"" in this context—it’s more of a venting moment. The best thing you can do is continue to support him, listen when he needs to unwind, and maybe help him find healthy ways to decompress outside of work. If the stress becomes overwhelming, encouraging him to seek workplace resources (like counseling or stress management tools) could also help.",,
28,79,"I am an athlete and I made a mistake in the game yesterday. I asked my agency about the public reaction, and they told me it seems like I will live a long time. I can take that as a good sign, right?","It sounds like your agency is using a bit of humor or a lighthearted metaphor to reassure you! When they say *""you will live a long time,""* they likely mean that the public reaction isn’t severe enough to ""end your career"" or cause lasting damage—meaning the mistake isn’t a career-ending scandal and people will move on quickly.  

So yes, you can take it as a good sign! It suggests the mistake isn’t being blown out of proportion, and with time, people will forget or forgive. As an athlete, mistakes happen—what matters most is how you bounce back. If you handle it with professionalism and continue performing well, this will likely become a minor footnote in your career.  

Keep your head up, learn from it, and focus on your next game!",,
29,80,"I went to a friend's parent's funeral, and I was told to put money in an envelope. Another friend contributed 30,000 won, so I was thinking of adding 10,000 won more to make it 40,000 won. Would that be okay?","In Korean funeral customs, contributing money (called **""부의금"" or ""조의금"")** in an envelope is a traditional way to express condolences and help with funeral expenses. The amount you give can depend on your relationship with the deceased, your financial situation, and local customs.  

Since your friend contributed **30,000 won**, adding **10,000 won more (totaling 40,000 won)** is generally acceptable, especially if:  
- You were close to the deceased or their family.  
- You want to show slightly more respect without being excessive.  
- You can comfortably afford the additional amount.  

### Things to Consider:  
1. **Odd Numbers (Avoid 40,000 won?)**  
   - Traditionally, even numbers (like 30,000 or 50,000 won) are preferred because odd numbers can symbolize something being ""unfinished"" or ""cut short.""  
   - However, **40,000 won** is not strictly taboo, and many people do give this amount without issue. If you're concerned, **50,000 won** might be a safer choice.  

2. **Your Relationship**  
   - If you were very close to the family, a higher amount (50,000–100,000 won) might be more appropriate.  
   - If you're a younger friend or not extremely close, 30,000–50,000 won is standard.  

3. **Group Contributions**  
   - If multiple friends are contributing together, it’s fine to match or slightly exceed others' amounts.  

### Final Suggestion:  
- If you're comfortable, **40,000 won is fine**, but **50,000 won** may be more traditional.  
- Write your name clearly on the envelope (usually in black or white ink).  

Would you like help with how to write the envelope properly?",,
29,81,"I had to attend a teacher's funeral, where I needed to put money in an envelope. When I asked a friend how much to give, they suggested either 50,000 won or 70,000 won, so I decided to put in the middle value of 60,000 won. Would that be okay?","Yes, giving 60,000 won in the envelope (called **""부의금""** in Korean) would be perfectly acceptable in this situation.  

### Key Considerations:  
1. **Cultural Norms** – In Korea, the amount given at a funeral depends on your relationship with the deceased and local customs. For a teacher (unless they were a very close mentor), 50,000–100,000 won is typical.  
2. **Odd vs. Even Numbers** – Traditionally, odd numbers (like 50,000 or 70,000 won) are preferred because they’re indivisible (symbolizing the finality of death). However, 60,000 won is not considered rude or inappropriate in modern practice.  
3. **Your Intentions Matter** – Since you chose a middle ground based on advice, your gesture is thoughtful and respectful.  

### Final Verdict:  
**60,000 won is fine.** If you’re concerned about tradition, you could adjust to 50,000 or 70,000 won, but your choice is still appropriate and kind.  

Would you like guidance on how to write the envelope or proper funeral etiquette in Korea?",,
29,82,"It was my first time attending a funeral, and I had to put money in an envelope. Not knowing how much to give, I put in all 27,000 won that I had in my wallet. Would that be okay?","Attending a funeral for the first time can be confusing, especially when it comes to giving condolence money (*jundon* or *boon* in Korean culture). The amount you give depends on several factors, including your relationship with the deceased, local customs, and your financial situation.  

### **Was 27,000 Won Appropriate?**  
- **For a casual acquaintance or distant relative:** 30,000–50,000 won is typical, so 27,000 won is slightly below but still acceptable, especially if you’re young or financially limited.  
- **For a close friend or colleague:** 50,000–100,000 won is more common.  
- **For family or very close relationships:** 100,000 won or more is expected.  

Since you gave all the money you had, it shows sincerity, and most people would appreciate the gesture regardless of the amount.  

### **Additional Etiquette Tips:**  
- **Use a white envelope** (available at funeral homes) and write your name clearly.  
- **Hand it over discreetly** at the reception desk.  
- **If you’re very young or a student**, people usually understand if you can’t give much.  

### **Final Thought:**  
While 27,000 won is on the lower side, it’s not disrespectful—especially if it was all you had. The most important thing is showing your condolences sincerely. Next time, preparing 30,000–50,000 won in advance would be ideal.  

Would you like advice on how to handle funeral customs in the future?",,
29,83,"I went to a funeral where people were putting money in envelopes. Seeing the person next to me give 30,000 won, I planned to match that amount using 1,000 won bills. Would that be okay?","At Korean funerals, it is customary to give condolence money (*don* or *jogum*) in an envelope as a gesture of sympathy and support for the bereaved family. The amount given can vary depending on your relationship with the deceased, social norms, and regional customs.  

### **Your Situation:**
- You saw someone give **₩30,000**, and you plan to match that amount using **₩1,000 bills**.  
- While the total amount is appropriate (₩30,000 is a common amount for acquaintances or colleagues), **using only ₩1,000 bills may be seen as unusual or less respectful** in this context.  

### **Korean Funeral Money Etiquette:**
1. **Use Crisp, Clean Bills** – Money should be in good condition (not crumpled or old).  
2. **Higher Denomination Bills Are Preferred** – While there’s no strict rule, it’s more common to use **₩5,000 or ₩10,000 bills** rather than many small bills.  
3. **Odd Numbers Are Traditional** – ₩30,000 (an odd-numbered amount) is fine, as even numbers are associated with celebrations.  
4. **Place in a White Envelope** – Funeral money should be in a white envelope (often provided at the funeral hall).  

### **Recommendation:**
- If possible, **use a mix of ₩5,000 and ₩10,000 bills** (e.g., one ₩10,000 + four ₩5,000) instead of thirty ₩1,000 bills.  
- If you only have ₩1,000 bills, it’s still acceptable, but folding them neatly and presenting them respectfully is important.  

### **Final Verdict:**
Yes, giving ₩30,000 is appropriate, but **using larger bills would be more in line with tradition**. If you must use ₩1,000 bills, ensure they are neatly arranged in the envelope.  

Would you like guidance on how to properly write your name on the envelope as well?",,
30,84,My friend is an opera singer and likes simple things. I'm going to her performance and thinking about giving her a bouquet with white chrysanthemums. Would that be okay?,"A bouquet of white chrysanthemums can be a lovely and elegant gift for your opera singer friend, but there are a few cultural and symbolic considerations to keep in mind:

### **Pros of White Chrysanthemums:**
- **Elegance & Simplicity:** White chrysanthemums are beautiful, understated, and classic—perfect for someone who appreciates simplicity.
- **Symbolism:** In many cultures, they symbolize purity, loyalty, and honesty, which could be a sweet message for a friend.
- **Longevity:** They last longer than many other flowers, making them a practical choice.

### **Potential Considerations:**
- **Cultural Meanings:** In some European countries (e.g., France, Belgium, Italy), white chrysanthemums are traditionally associated with mourning and are often used in funerals. If your friend is from or performing in such a culture, she might find the gesture odd or inappropriate.
- **Superstition in Opera:** Some performers are superstitious about certain flowers (e.g., giving peonies is sometimes avoided because their name sounds like ""pay-none"" in Chinese). However, chrysanthemums don’t carry negative superstitions in opera.

### **Alternative Suggestions (If You're Unsure):**
- **White Roses** – Universally elegant, symbolize admiration and new beginnings.
- **Lilies (Casablanca or Stargazer)** – Dramatic yet simple, great for performers.
- **Baby’s Breath (Gypsophila)** – Minimalist, airy, and neutral.

### **Final Verdict:**
If you know your friend isn’t superstitious or from a culture where white chrysanthemums have a somber meaning, they’re a great choice! Otherwise, opt for white roses or another neutral bloom. Either way, your thoughtfulness will be appreciated. 

Would you like help with presentation ideas (e.g., a wrapped bouquet vs. a simple vase)?",,
30,85,My colleague likes chrysanthemums. I've been invited to a home party she is hosting. Would it be okay if I bring a basket filled with white chrysanthemums as a gift?,"While your thoughtfulness is lovely, it’s important to consider cultural and symbolic meanings before gifting white chrysanthemums.  

In many Western cultures, white chrysanthemums symbolize purity and honesty, making them a graceful gift. However, in some East Asian countries (like China, Japan, and Korea), white chrysanthemums are traditionally associated with funerals and mourning. If your colleague has cultural ties to these regions, she might find the gift inappropriate for a celebratory occasion.  

**Here are some alternatives if you're unsure:**  
- **Mixed-color chrysanthemums** (yellow, pink, or red) are cheerful and avoid funeral connotations.  
- A **potted chrysanthemum plant** (in a non-white color) symbolizes longevity and joy.  
- A **small floral arrangement** with chrysanthemums as one of many blooms softens any unintended meaning.  

If you know your colleague adores white chrysanthemums regardless of symbolism, or if she’s from a culture where they’re purely decorative (like in the U.S. or parts of Europe), then your gift would likely be appreciated. When in doubt, you could also pair the flowers with another small gift (like chocolates or tea) to emphasize the celebratory intent.  

**Pro tip:** If you’re close enough, you could casually ask, *“I know you love chrysanthemums—do you have a favorite color?”* to gauge her preference.  

Thoughtful of you to ask—it shows you care! 🌸",,
30,86,I'm getting married to my boyfriend. I like chrysanthemums and am thinking of decorating our wedding venue with white chrysanthemums. Would that be okay?,"Congratulations on your upcoming wedding! White chrysanthemums can make a beautiful and elegant choice for your wedding decor, but there are a few cultural and symbolic considerations to keep in mind:

### **Pros of White Chrysanthemums:**
- **Elegance & Purity:** White chrysanthemums symbolize purity, honesty, and loyalty—perfect for a wedding.
- **Versatility:** Their full, lush blooms work well in bouquets, centerpieces, and arches.
- **Seasonal Fit:** If you're having an autumn wedding, chrysanthemums are in season and widely available.

### **Cultural Considerations:**
- In **some East Asian cultures** (China, Japan, Korea), white chrysanthemums are associated with funerals and remembrance. If you or your guests have strong cultural ties to these traditions, you might want to consider alternatives.
- In **Western cultures**, white chrysanthemums are generally neutral or positive, often used in weddings without issue.

### **Alternatives if You're Concerned:**
- **White roses, peonies, or hydrangeas** offer a similar look without cultural associations.
- **Mix chrysanthemums with other flowers** (e.g., baby’s breath, eucalyptus) to soften any potential symbolism.

### **Final Verdict:**
If you love chrysanthemums and your wedding is in a context where they aren’t tied to mourning, go for it! They’re stunning, affordable, and meaningful to you—which matters most. 

Would you like suggestions on how to style them for a romantic wedding look? 😊",,
30,87,I saw a picture of white chrysanthemums on my girlfriend's Instagram story. It seems like she likes them. Would it be okay to give them to her as a gift when I meet her today?,"That sounds like a thoughtful idea! White chrysanthemums are often associated with purity, loyalty, and honesty, making them a lovely and meaningful gift. Since she posted them on her Instagram story, it’s a good sign she appreciates them.  

However, it’s always worth considering a few things:  
1. **Cultural Context** – In some cultures, white chrysanthemums are associated with mourning or funerals (e.g., in parts of Europe and East Asia). If that’s relevant in her background, you might want to choose a different color (like pink or yellow) or another flower she likes.  
2. **Her Personal Taste** – If she specifically posted white ones, she likely likes them, but if you’re unsure, you could pair them with another favorite flower of hers.  
3. **Presentation** – A small, well-arranged bouquet with a sweet note would make it extra special.  

If you’re confident she likes them, go for it! It shows you pay attention to her interests, which is always a great gesture. Hope your meeting goes wonderfully! 🌼",,
33,88,"I'm decorating a guest room for relatives who live far away. Due to the room's layout, it looks like the bed will face north. Would that be okay?","Feng shui principles suggest that a bed facing north can be a good choice, as it aligns with the Earth's magnetic field and is believed to promote restful sleep and overall well-being. However, there are a few things to consider for optimal harmony:

### **Pros of a North-Facing Bed:**
- **Calming Energy:** North is associated with stillness and tranquility, making it ideal for relaxation.
- **Good for Health:** Some traditions believe sleeping with your head toward the north enhances circulation and deep sleep.
- **Balanced Chi:** If the room has a peaceful, clutter-free atmosphere, a north-facing bed can enhance stability.

### **Potential Considerations:**
- **Cold Energy (Yin):** The north is linked to water energy, which can feel too ""cool"" or isolating if the room lacks warmth. Balance it with soft lighting, warm colors, or cozy textiles.
- **Personal Comfort:** Some people may feel uneasy with a north-facing bed due to personal sensitivity to magnetic fields. If your guests are open to it, you could ask their preference.
- **Alternative Directions:** If possible, **east** (health/vitality) or **south** (fame/energy) can also be good, but north is generally fine.

### **Tips to Enhance the Space:**
- Use **soft, warm bedding** (earth tones, creams, or light blues/greens).
- Add **gentle lighting** (lamps, fairy lights) to balance the north’s coolness.
- Ensure the bed has a solid headboard for stability.
- Avoid placing the bed directly in line with the door (the ""coffin position"" in feng shui).

### **Final Verdict:**  
Yes, a north-facing bed is perfectly fine—especially if the room feels cozy and inviting. Since it’s a guest room, focus on comfort and warmth, and your relatives should sleep well!  

Would you like suggestions on decor colors or layout adjustments? 😊",,
33,89,"I run an interior design company. A client asked about bedroom furniture arrangement. Considering the room's layout, I'm planning to place the bed facing north. Would that be okay?","Placing the bed facing north is generally considered favorable in many traditional design and Feng Shui principles, as it aligns with the Earth's magnetic field and is believed to promote better sleep and overall well-being. However, the best placement also depends on the room's specific layout, your client's preferences, and practical considerations.  

### **Key Factors to Consider:**  
1. **Feng Shui Perspective:**  
   - **North-facing bed:** Associated with calmness, stability, and restful sleep.  
   - Avoid placing the bed directly in line with the door (the ""coffin position""), as this is considered inauspicious.  
   - Ensure the bed has a solid wall behind it for support (no windows or open space).  

2. **Room Layout & Functionality:**  
   - Check if the north wall allows enough space for bedside tables and movement.  
   - Ensure natural light sources (windows) don’t cause glare or discomfort.  
   - Keep the bed away from direct drafts (AC vents, windows).  

3. **Client’s Personal Preference:**  
   - Some people prefer facing a certain direction based on comfort or cultural beliefs.  
   - If they have a favorite view (e.g., a window or artwork), that may influence placement.  

4. **Alternative Arrangements:**  
   - If north isn’t ideal due to space constraints, east (for energy) or south (for warmth) can also work.  

### **Final Recommendation:**  
If the north wall provides a balanced, functional, and aesthetically pleasing setup, then yes—it’s a good choice! Just ensure the bed isn’t blocking pathways or clashing with other furniture. Would you like help visualizing different layout options?",,
33,90,"My girlfriend and I live together. She works late into the night and gets up late. Considering the position of the windows to avoid the glare, I'm planning to place the bed facing north. Would that be okay?","Placing the bed facing north can be a good choice, especially if you're trying to avoid glare from windows while accommodating your girlfriend's late sleep schedule. Here are some factors to consider:

### **1. Light & Glare Control**  
- If the windows are positioned in a way that causes glare (e.g., east-facing windows bringing in morning sun), a north-facing bed may help minimize direct light hitting the bed.  
- Consider blackout curtains if sunlight still disturbs her sleep.  

### **2. Feng Shui Considerations (Optional)**  
- In traditional Feng Shui, a north-facing bed is associated with calmness and restfulness, as north is linked to water energy (good for deep sleep).  
- Some believe it may promote better health and relaxation, though this is subjective.  

### **3. Practical Comfort**  
- Ensure the bed placement doesn’t create drafts (if windows are north-facing and cold).  
- Make sure the bed isn’t directly in line with the door (considered unsettling in Feng Shui, but also just practical for privacy).  

### **4. Your Girlfriend’s Preference**  
- Since she sleeps late, prioritize her comfort—ask if she prefers total darkness or a specific bed orientation.  

### **Final Verdict:**  
Yes, a north-facing bed should be fine if it helps with glare and suits both your needs. If possible, test the position temporarily to see how it feels before finalizing the setup.  

Would you like suggestions on arranging the rest of the room for better sleep harmony?",,
33,91,My boyfriend and I live together and have a dog. The dog sleeps at my feet but often gets startled by the door. I'm thinking of moving the head of the bed towards the door for the dog's comfort. Would that be okay?,"It’s thoughtful of you to consider your dog’s comfort! Moving the head of the bed toward the door could help your dog feel more secure by giving them a clearer view of the entrance, reducing the likelihood of being startled. However, here are a few things to consider before making the change:

### **Pros:**
- **Better Visibility for the Dog:** If your dog can see the door, they may feel less anxious about unexpected noises or movements.
- **Potential Calmer Sleep:** A less startled dog means fewer disruptions for both of you.

### **Cons:**
- **Feng Shui/Personal Comfort:** Some people prefer not to sleep with their head facing the door (a concept called the ""coffin position"" in Feng Shui, which can feel unsettling for some).
- **Noise & Light Exposure:** If the door is in a high-traffic area or near outside noise/light, it might disturb your own sleep.
- **Space & Layout:** Make sure the new bed position doesn’t make the room feel cramped or awkward.

### **Alternative Solutions:**
- **White Noise Machine:** Could help mask door-related sounds.
- **Dog Bed Near the Door:** If your dog is comfortable, placing their bed where they can see the entrance might help without rearranging your bed.
- **Training:** Gradually desensitizing your dog to door noises with positive reinforcement could reduce their startle response.

If moving the bed doesn’t disrupt your own comfort, it’s worth a try! Observe your dog’s reaction and adjust as needed. Every dog (and human) has different preferences, so flexibility is key. 

Would your boyfriend be open to testing the new arrangement?",,
