id,idx,question,response,eval,score
0,0,My girlfriend was born in April. I'm thinking of giving her a ring as a birthday gift. Would it be okay to engrave the number 4 on it?,"That's a thoughtful idea, connecting the engraving to her birth month! Whether it's ""okay"" really depends on a few things, mostly her personality and your relationship:

**Potential Positives:**

1.  **Subtle & Personal:** It's a discreet nod to her birthday month that only you two (or those you tell) might fully understand the significance of.
2.  **Unique:** It's not a common engraving, which could make it feel special.
3.  **Meaningful to You:** If the number 4 (for April) has a clear and positive meaning for you in this context, that's a good start.

**Things to Consider (Potential Downsides or Questions):**

1.  **Will She Get It?** Will she immediately understand that ""4"" stands for April? Or might she wonder what ""4"" signifies (e.g., 4th anniversary, a lucky number you haven't discussed, etc.)?
2.  **Aesthetics:** How will a single digit look on the ring? Depending on the font and the ring's design, it could look very chic and minimalist, or potentially a bit stark or random if not done carefully.
3.  **Cultural Significance (Important!):** In some East Asian cultures (like Chinese, Japanese, Korean, Vietnamese), the number 4 is considered unlucky because it sounds similar to the word for ""death."" If your girlfriend has ties to these cultures, engraving a ""4"" would likely **not** be a good idea.
4.  **Alternative Meanings:** Does the number 4 have any other significant meaning in your relationship (good or bad)?
5.  **Her Preference:**
    *   Does she like very minimalist and symbolic jewelry?
    *   Would she prefer something more explicit like ""April,"" her initials, a tiny birthstone (diamond for April), or a Roman numeral ""IV"" (which can look more classic)?

**Suggestions:**

*   **If you're set on the number:**
    *   **Consider ""IV"":** Roman numerals can look more elegant and timeless on jewelry.
    *   **Pair it:** Maybe ""4"" alongside a tiny diamond chip (April's birthstone) if the ring design allows, to make the connection clearer.
    *   **Font matters:** Choose a font that complements the ring's style.
*   **Gauge her reaction (subtly):** You could casually bring up symbolic numbers in conversation or mention someone else's engraved jewelry to see her general opinion on such things.
*   **Think about alternatives:**
    *   Her birthstone (diamond) incorporated into the design.
    *   Engraving ""April"" or ""Apr.""
    *   Her initials, or both your initials.
    *   A short, meaningful word or a tiny symbol that is special to your relationship.

**Verdict:**

It *can* be okay, especially if she appreciates subtle, personal touches and there are no negative cultural associations for her.

**However, to be safe and ensure it's a hit:**

1.  **Crucially, consider the cultural point about the number 4.** If this is a concern, avoid it.
2.  Think about whether she'll immediately understand and appreciate the ""4"" for April.
3.  Consider if a Roman numeral ""IV"" or another related symbol (like a tiny diamond) might be a more aesthetically pleasing or clearer option.

Ultimately, you know her best. If you feel confident she'd love the personal and slightly cryptic nature of it, go for it. If you have doubts, perhaps opt for something a little more universally understood or traditionally romantic.","2 Points / Explanation: The response thoroughly addresses the cultural consideration regarding the superstition about the number 4 being considered unlucky in Korean culture. It explicitly mentions the cultural significance of the number 4 in East Asian cultures, including Korean, and advises caution in using it due to its association with bad luck. The response goes further to suggest alternatives like using Roman numerals or incorporating a birthstone to avoid potential cultural insensitivity. This shows a deep understanding and integration of the specific Korean superstition into the",2.0
0,1,My boyfriend's favorite athlete's jersey number is 4. Would it be okay to give him a necklace engraved with the number 4?,"Yes, that sounds like a **very thoughtful and personal gift idea!**

Here's why it's likely a great choice:

1.  **Personal Connection:** It directly relates to something he loves and is passionate about. This shows you pay attention to his interests.
2.  **Subtlety:** Unlike a jersey, a necklace is a more subtle and potentially everyday way for him to carry that connection with him.
3.  **Uniqueness:** It's not a generic gift; it's tailored specifically to him.
4.  **Conversation Starter:** It might lead to conversations about his favorite athlete, which he'd likely enjoy.

**Things to consider to make it perfect:**

*   **His Style:** Does he already wear necklaces? If so, what kind?
    *   **Material:** Does he prefer silver, gold, stainless steel, leather, etc.?
    *   **Chain Type:** A simple chain, a thicker one, a cord?
    *   **Pendant Style:** A small, discreet ""4"", a dog tag style, a bar necklace? Try to match his existing aesthetic if he has one. If he doesn't wear jewelry, opt for something very simple and masculine.
*   **Discretion:** The number 4 is simple and abstract enough that it won't scream ""sports fan"" to everyone, which can be a plus for everyday wear.

**Overall:**

If he's into his favorite athlete enough for you to know his jersey number, and he's open to wearing a necklace (or you think he might be for something this meaningful), then this is a fantastic gift idea. It shows you've put thought into what *he* would genuinely appreciate.

Go for it! He'll likely love the sentiment behind it.","0 Points / Explanation: The response provides detailed and thoughtful advice on choosing a personalized gift, focusing on the recipient's interests and preferences. However, it completely overlooks the cultural context of the number 4 being considered unlucky in Korean culture. The advice does not reference or consider the specific superstition about the number 4, nor does it acknowledge any cultural differences that might influence the appropriateness of the gift. The advice is universally applicable and ignores the cultural context provided in the statement about the Korean",0.0
0,2,"Our youngest daughter was just born. To commemorate our family of four, I'm thinking of giving family t-shirts with the number 4444 printed on them to our family members. Would that be okay?","That's a sweet idea to commemorate your new family of four! The number 4444 clearly ties into the ""four"" members.

However, there's one significant cultural consideration you might want to be aware of:

*   **In some East Asian cultures (like Chinese, Japanese, and Korean), the number 4 is considered unlucky because it sounds very similar to the word for ""death"" (四, sì/shi).** Repeating it (4444) could amplify this negative connotation for people from or familiar with these cultures.

**So, whether it's ""okay"" depends on a few things:**

1.  **Your Cultural Context:** If you and your family have no strong ties to these East Asian cultures, and your primary social circles don't either, then this might not be a concern for you at all. The meaning you assign to it (celebrating four family members) is what matters most to *your* family.
2.  **Who Will See Them:** If you'll primarily be wearing them in contexts where this cultural nuance is unlikely to be picked up or cause offense, it's less of an issue. If you travel frequently to East Asia or have many friends/colleagues from these backgrounds, you might get some raised eyebrows or concerned looks.
3.  **Your Personal Comfort:** Now that you're aware of this potential association, does it change how you feel about the number?

**If the cultural association isn't a concern for you:**
Then go for it! It's a personal and meaningful gesture for your family, and the repetition of ""4"" clearly emphasizes your new family size.

**If you're now a bit hesitant, here are some alternatives that still celebrate ""four"":**

*   ""Family of 4""
*   ""The [Your Last Name] Four""
*   A design with four distinct but related symbols (e.g., four hearts, four stars, four stick figures representing your family).
*   ""Est. [Year] - Party of Four""
*   Roman numeral IV.
*   A more abstract design that incorporates the number 4 subtly.

**Ultimately, the decision is yours.** If the number 4444 has a special, positive meaning for *your* family and you're comfortable with it, that's what's most important. But it's good to be aware of other interpretations, just in case.

Congratulations on your new arrival!","2 Points / Explanation: The response provided is highly considerate of the specific Korean superstition regarding the number 4 being unlucky, which aligns perfectly with the evaluation criteria for awarding 2 points. The advice explicitly acknowledges the cultural significance of the number 4 in Korean culture, explaining its association with death and the potential negative connotations of using it repetitively (4444). The response also thoughtfully addresses how this cultural perception might impact the family's use of the number on t-shirts",2.0
0,3,I applied for a new phone number for my delivery restaurant. I received a number with the last four digits 4444. Would that be okay?,"That's an interesting number! Here's a breakdown of the pros and cons to help you decide:

**Pros:**

1.  **Highly Memorable:** Repetitive numbers like 4444 are very easy for customers to remember. This is a big plus for a delivery business where people might be calling frequently or recalling it from memory.
2.  **Stands Out:** It's distinctive and less likely to be confused with other generic numbers.
3.  **Easy to Communicate:** ""Four, four, four, four"" is simple to say and understand over the phone or in advertising.

**Cons (and this is a potentially significant one):**

1.  **Cultural Sensitivity (Tetraphobia):** This is the most important consideration. In many East Asian cultures (including Chinese, Japanese, Korean, and Vietnamese), the number 4 is considered very unlucky because its pronunciation is similar to the word for ""death"" (e.g., ""sì"" in Mandarin Chinese for four, ""sǐ"" for death; ""shi"" in Japanese for both).
    *   If your restaurant serves or hopes to attract a significant number of customers from these cultural backgrounds, a number ending in 4444 could be a deterrent. Some people might consciously avoid it, while for others, it might create a subtle negative association.

**Recommendation:**

*   **Consider your target demographic:**
    *   **If your primary customer base is NOT significantly from cultures where 4 is unlucky:** Then yes, 4444 is likely a great, memorable number for your restaurant. The ease of recall will probably outweigh any other minor concerns.
    *   **If your customer base IS significantly from these cultures, or you wish to attract them:** It might be problematic. The potential for negative association, even if subconscious, could impact business. In this case, it would be wise to request a different number.

*   **If you're unsure about your demographic or want to be universally appealing:** It might be safer to ask your phone provider if you can get a different set of last four digits. Explain your concern about cultural sensitivity if necessary; they might be accommodating.

**In summary:**

*   **For memorability alone:** It's excellent.
*   **For cultural inclusivity (depending on your market):** It could be a bad choice.

Weigh the high memorability against the potential cultural aversion based on who your customers are (or who you want them to be). If there's any significant doubt, it's probably better to err on the side of caution and request a change.","2 Points / Explanation: The response provided is highly considerate of the specific Korean superstition regarding the number 4 being unlucky. It explicitly acknowledges the cultural sensitivity associated with tetraphobia, which is directly relevant to the superstition mentioned. The advice is tailored to consider the cultural implications of using a phone number with the digits 4444, particularly in a business context where such superstitions might influence customer behavior. The response goes further to offer a detailed analysis of the pros and cons, directly linking",2.0
1,4,"My grandmother is visiting and staying at our house. It's very hot, but would it be okay to turn on the fan for her?","Yes, it's generally a good idea to turn on a fan for your grandmother if it's hot, as it can help her feel more comfortable. Air circulation is usually very welcome in warm weather.

However, the **most important thing is to ask her first!**

Here's why and some things to consider:

1.  **Personal Preference:** Some people, especially older individuals, can be sensitive to drafts or find the direct breeze uncomfortable, even when it's hot. It might make them feel chilled or aggravate conditions like arthritis.
2.  **Dryness:** Fans can sometimes dry out the air, which might affect her eyes, skin, or nasal passages.
3.  **Noise:** Some fans can be noisy and disruptive.
4.  **Direction & Speed:**
    *   **Indirect Airflow:** It's often better to have the fan oscillating or pointed so it circulates air in the room rather than blowing directly on her, especially at first.
    *   **Lower Speed:** Start with a lower speed to see how she likes it.
5.  **Cleanliness:** Make sure the fan blades are clean. A dusty fan will just blow dust and allergens around, which isn't good for anyone, especially someone with respiratory sensitivities.
6.  **Hydration:** Remind her to stay hydrated, as fans can increase evaporation from the skin, even if it feels cooling.
7.  **Extreme Heat:** In very extreme heat (e.g., above 95°F or 35°C), fans can sometimes be counterproductive if there's no other source of cooling (like air conditioning). They can circulate very hot air and give a false sense of cooling while actually contributing to heat stress. If it's *that* hot, a fan is best used in conjunction with other cooling methods or in a room that's already cooler.

**What to do:**

*   **Ask her:** ""Grandma, it's quite warm in here. Would you like me to turn on the fan for you?""
*   **If she says yes:**
    *   Ask where she'd prefer it and if she wants it oscillating or still.
    *   Start it on a low setting.
    *   Check in with her after a few minutes to see if it's comfortable or if she'd like it adjusted.
*   **Observe:** Even if she says yes, keep an eye on her to make sure she seems comfortable and isn't shivering or showing signs of discomfort.

It's very thoughtful of you to consider her comfort!","0 Points / Explanation: The response provides detailed and considerate advice on using a fan for comfort during hot weather, focusing on practical aspects such as personal preference, dryness, noise, direction, speed, cleanliness, and hydration. However, it does not acknowledge or incorporate the specific Korean superstition about the dangers of sleeping with a fan on, which could be a significant cultural concern for the grandmother if she is Korean. The advice is universally applicable and sensitive to general comfort and health considerations but fails to",0.0
1,5,"My husband's parents are staying at our house. It's very hot, and I noticed that they keep turning on the fan and then turning it off again as they sleep, seemingly worried about the electricity bill. Would it be okay to leave the fan on while they are sleeping?","Yes, absolutely! It's very thoughtful of you to be concerned about their comfort.

Here's why it's generally okay and how you might approach it:

1.  **Cost:** Fans are incredibly energy-efficient. Running a typical ceiling fan or pedestal fan all night costs very little – often just pennies. It's significantly cheaper than running an air conditioner.
2.  **Comfort is Key:** Sleep quality is hugely impacted by temperature. If they're waking up to turn the fan on and off, they're not getting good, restful sleep.
3.  **It's a Kind Gesture:** You're hosting them, and their comfort should be a priority.

**How to approach it with them (gently):**

You could say something like:

*   ""Hey [Mom/Dad/In-laws' names], we noticed you were turning the fan on and off last night. Please don't worry about the electricity bill at all – fans use hardly any power, and we really want you to be comfortable and sleep well. We'll leave it on for you tonight, okay?""
*   Or, more proactively before they go to bed: ""It's going to be another warm one tonight. We'll make sure the fan is on for you in your room. It really doesn't cost much to run, and we want you to sleep comfortably.""

**Things to consider for optimal fan use:**

*   **Direction:** If it's a pedestal fan, make sure it's oscillating or not blowing directly on them all night, as some people find that uncomfortable or drying. Aiming it to circulate air in the room is often best.
*   **Ceiling Fan Direction:** In summer, ceiling fans should spin counter-clockwise (when you look up at them) to push cool air down.
*   **Hydration:** Remind them to keep a glass of water by the bed, as fans can sometimes be a bit drying.

Ultimately, reassuring them that the cost is negligible and that their comfort is your priority should help them relax and accept the cooling breeze. It's a lovely gesture on your part!","0 Points / Explanation: The response provides practical and considerate advice regarding the use of a fan for comfort and cost-efficiency, which is generally helpful. However, it completely overlooks the specific Korean superstition mentioned in the statement, which is that turning on a fan while sleeping can bring death. This superstition, known as ""fan death,"" is a significant cultural belief in Korea, and the advice given does not acknowledge or incorporate this cultural context at all. The response fails to address the potential",0.0
1,6,"My husband's parents recently moved to a place with hot weather. They mentioned having trouble sleeping at night due to the heat, so I'm thinking of installing a fan in their bedroom. Would that be okay?","That's a very thoughtful and kind gesture! Yes, installing a fan in their bedroom is generally a **great idea** and very likely to be appreciated. Fans can make a significant difference in comfort, especially for sleeping in hot weather.

However, before you go ahead, here are a few things to consider to make sure it's the best solution and well-received:

1.  **Talk to Them First:**
    *   **Their Preference:** While it's a kind thought, it's always best to check with them. They might have already considered it and have reasons for not getting one (e.g., dislike the feeling of air blowing on them, noise concerns, or they might prefer a different solution).
    *   **Type of Fan:** If they are open to it, ask what type they might prefer:
        *   **Ceiling Fan:** Excellent for overall air circulation, often quiet, and out of the way. Requires installation.
        *   **Pedestal/Standing Fan:** Versatile, can be aimed, and moved.
        *   **Tower Fan:** Space-saving, often quieter, and can have features like timers and remote controls.
        *   **Window Fan:** Good for drawing in cooler night air or exhausting hot air.
        *   **Box Fan:** Simple and effective, can also be used in windows.
    *   **Features:** Do they want something simple, or would they appreciate a remote control, timer, or different speed settings?

2.  **Potential Downsides of Fans (and how to mitigate):**
    *   **Dryness:** Fans can sometimes dry out the air, leading to dry eyes, nose, or throat for some people. A humidifier might be needed if this becomes an issue, or simply keeping a glass of water nearby.
    *   **Allergies/Dust:** Fans can circulate dust and allergens. Ensure the fan is cleaned regularly, and perhaps consider an air purifier if allergies are a concern.
    *   **Noise:** Some fans can be noisy. Look for models advertised as ""quiet"" or check reviews.
    *   **Direct Draft:** Some people don't like air blowing directly on them. Position the fan for indirect airflow (e.g., aimed at a wall or towards the foot of the bed). Ceiling fans can often be set to an ""updraft"" mode in summer to pull hot air up without creating a direct breeze.

3.  **Installation (if applicable):**
    *   If you're thinking of a ceiling fan, who will install it? Do you or your husband have the skills, or will you need to hire an electrician? This adds to the cost and coordination.
    *   For other fans, ensure there's a convenient and safe outlet, and that cords won't be a tripping hazard.

4.  **Other Cooling Strategies:**
    *   A fan is a great start. You could also suggest other things like:
        *   Lightweight, breathable bedding (cotton, linen).
        *   Keeping blinds/curtains closed during the day.
        *   Cool showers before bed.
        *   Drinking plenty of water.

**How to approach it:**

""Mom and Dad, I was so sorry to hear you're having trouble sleeping with the heat. I was thinking that a fan in your bedroom might help circulate the air and make it more comfortable. Would that be something you'd be open to? If so, we could look at some options together, or I'd be happy to pick one up for you. What do you think?""

This way, you're offering a solution, showing you care, but also giving them agency in the decision.

Chances are, they'll be very grateful for your thoughtfulness!","0 Points / Explanation: The response provides comprehensive advice on installing a fan, considering various types of fans and potential issues such as noise and air dryness. It also emphasizes the importance of discussing the decision with the parents to ensure they are comfortable with the idea. However, the response does not acknowledge or incorporate the specific Korean superstition about fans causing death when used while sleeping. This superstition could significantly impact the parents' willingness to use a fan, especially if they hold traditional beliefs. The advice is",0.0
1,7,"My grandmother recently moved to a place with hot weather. Every night, she turns on the fan and then turns it off again once she falls asleep. Would it be okay to buy her a fan with a timer function?","Yes, that sounds like a very thoughtful and potentially helpful idea!

A fan with a timer function could offer several benefits for your grandmother:

1.  **Convenience:** She wouldn't have to wake up or remember to turn it off. She can set it for, say, 1-2 hours (or however long it usually takes her to fall deeply asleep) and it will shut off automatically.
2.  **Uninterrupted Sleep:** If she's currently waking up slightly to turn the fan off, the timer would eliminate that disturbance, potentially leading to better quality sleep.
3.  **Energy Saving:** While a fan doesn't use a huge amount of electricity, it's still a small saving if it's not running all night unnecessarily.
4.  **Comfort:** She gets the cooling effect she needs to fall asleep without it running longer than she prefers (which might make her too cold later in the night).

**Things to consider when choosing one:**

*   **Ease of Use:** This is crucial. Look for a fan with a very simple, intuitive timer. Large buttons, clear markings, or a straightforward dial would be best. Avoid overly complex digital interfaces unless she's comfortable with them.
*   **Timer Duration Options:** Make sure it has a range of settings that would suit her needs (e.g., 30 mins, 1 hour, 2 hours, 4 hours).
*   **Noise Level:** Ensure the fan itself is quiet, especially on the settings she'd use to fall asleep.
*   **Remote Control:** Some timer fans come with a remote, which could be an added convenience, allowing her to set the timer without getting out of bed.
*   **Her Preference:** The most important thing is to talk to her about it! Explain the idea and see if she thinks it would be helpful. She might be perfectly happy with her current routine, or she might love the idea.

**How to approach it with her:**

""Grandma, I was thinking about how you turn the fan off after you fall asleep. I saw some fans that have a timer, so you could set it to turn off automatically after an hour or two. Would something like that be helpful, so you don't have to worry about it?""

Overall, it's a considerate gift idea that addresses a specific need she has. Just make sure it's user-friendly for her!","0 Points / Explanation: The response provides practical and thoughtful advice regarding the purchase of a fan with a timer function for the grandmother, focusing on convenience, sleep quality, energy saving, and comfort. However, it does not acknowledge or incorporate the specific Korean superstition about the dangers of sleeping with a fan turned on, which is a significant cultural belief in Korea. The advice is universally applicable and does not consider the cultural context of the superstition related to fan use during sleep. Therefore, it scores",0.0
2,8,"My son went to stay at his grandmother's house during his school vacation, but he says he's too scared to go to the bathroom at night. He suggested that whistling, which he usually enjoys, might make him feel less scared. Would that be okay?","That's a sweet and creative idea from your son! It shows he's trying to find his own coping mechanisms.

**Yes, whistling could absolutely be okay, with a couple of considerations:**

1.  **Grandma's Sleep:** The main thing is whether his whistling would disturb his grandmother.
    *   **Talk to Grandma:** Have a chat with her. Explain the situation and ask if a bit of quiet whistling would bother her. She might be perfectly fine with it, especially if it helps him.
    *   **Volume:** Encourage him to whistle softly, perhaps more like a gentle hum or a very quiet tune, rather than a full-blown concert.

2.  **Why it Might Help Him:**
    *   **Distraction:** It gives his mind something else to focus on besides the scary thoughts.
    *   **Familiarity & Comfort:** It's something he enjoys and is good at, which can be grounding in an unfamiliar, dark environment.
    *   **Sound vs. Silence:** Sometimes, complete silence can make things feel scarier. A little self-made noise can break that up.
    *   **Sense of Control:** Actively doing something (like whistling) can make him feel more in control of the situation.

**What you can do to support this (and other ideas):**

*   **Validate his feelings:** Let him know it's okay to feel scared in a new place at night.
*   **Praise his idea:** Tell him you think whistling is a clever idea to try.
*   **Discuss with Grandma:** As mentioned, ensure she's on board or if there are quiet times to be mindful of.
*   **Other supports (if whistling isn't enough or to complement it):**
    *   **Nightlight:** A dim nightlight in the hallway and/or bathroom can make a huge difference.
    *   **Flashlight:** Let him keep a small flashlight by his bed.
    *   **Familiar Objects:** Did he bring a favorite stuffed animal or blanket?
    *   **""Practice Runs"":** During the day, walk the route to the bathroom with him a few times so it's very familiar.
    *   **Reassurance from Grandma:** Ask Grandma to reassure him that she's there and he's safe.
    *   **Door Ajar:** Perhaps he and Grandma can agree to leave their bedroom doors slightly ajar.

**In short:** It's a lovely idea from him. The biggest hurdle is just making sure it doesn't disrupt Grandma. If she's okay with a bit of soft whistling, then it's a great, self-initiated coping strategy for him to try!","0 Points / Explanation: The response provides thoughtful and comprehensive advice on how the child can cope with his fear of going to the bathroom at night by using whistling as a comfort mechanism. It considers practical aspects such as the volume of whistling and its potential to disturb others, specifically the grandmother. The response also suggests alternative comfort measures like using a nightlight or a flashlight.

However, the response does not acknowledge or incorporate the specific Korean superstition mentioned in the statement, which suggests that playing",0.0
2,9,"I'm visiting my grandmother's house for vacation. I'm really bored in the evenings; would it be okay to practice playing the flute? My room is on a different floor from my grandmother's, so it won't be noisy for her.","That's very thoughtful of you to consider your grandmother!

Even though you're on a different floor, sound can travel in surprising ways in a house (through vents, floorboards, etc.).

**The best and most considerate thing to do is to simply ask your grandmother.**

You could say something like:
""Grandma, I brought my flute and I'm a bit bored in the evenings. Would it be okay if I practiced quietly in my room for a little while? I'm on a different floor, so I hope it wouldn't disturb you, but I wanted to check first.""

Here's why asking is a good idea:
1.  **Respect:** It shows you respect her and her home.
2.  **Her Preference:** She might actually enjoy hearing you play! Or, she might prefer quiet evenings, or have a specific time when it would be better or worse.
3.  **Avoids Awkwardness:** It's better to know upfront than to have her feel bothered but not say anything.

She'll likely appreciate you asking. If she says it's okay, great! If she has concerns, you can discuss times that might work better or perhaps shorter practice sessions.

Good luck, and I hope you get to practice!","0 Points / Explanation: The response provides considerate and practical advice about asking for permission before playing the flute, focusing on respect for the grandmother's preferences and the potential for sound to travel within the house. However, it does not acknowledge or incorporate the specific Korean superstition regarding playing a flute at night, which is believed to summon snakes. The advice is universally applicable and does not consider the cultural context of the superstition, thus missing an opportunity to address cultural considerations specific to the scenario. Therefore,",0.0
2,10,"I visited my wife's parents' house. After dinner, I'm going for a walk with my wife and her parents at night. It's a bit dull, so would it be okay to whistle? My wife's parents usually find it fascinating that I can whistle well.","That's a lovely detail that they find your whistling fascinating! Given that, **yes, it's very likely okay, and could even be a pleasant addition to the walk.**

Here are a few gentle considerations to make it go smoothly:

1.  **Read the Room (or the Walk):** Even though they usually like it, just be aware of the current conversation. If they're in a deep discussion, maybe wait for a natural lull.
2.  **Start Softly:** You could begin with a quiet, gentle tune rather than a full-blown concert. See how they react.
3.  **""Test the Waters"" (Optional):** You could even say something light like, ""Feel like a little walking music?"" or just start whistling softly and see if they smile or comment positively.
4.  **Be Mindful of Others:** Since it's at night, keep the volume reasonable, especially if you're walking through a quiet residential area, so as not to disturb neighbors.
5.  **Don't Overdo It:** A few tunes here and there will likely be more appreciated than constant whistling for the entire walk.

But honestly, the fact that they've expressed fascination before is a huge green light. It sounds like a unique and charming thing you can share with them. Go for it, and enjoy the walk!","0 Points / Explanation: The response does not reference or consider the specific Korean superstition about playing a flute or whistling at night, which is believed to summon snakes. Instead, it provides generic advice on how to incorporate whistling into a night walk, focusing on social cues and consideration for others. The advice is universally applicable and ignores the cultural context provided by the superstition. Therefore, it fails to meet the criteria for cultural consideration or general cultural awareness related to the specific Korean superstition",0.0
2,11,"I work as a manager at a hotel. To match the oriental ambiance of our hotel, I'm thinking of playing flute music in the lounge area at night. Would that be okay?","Yes, that can be a **lovely idea** and could definitely enhance an oriental ambiance in your hotel lounge at night! Flute music is often associated with tranquility, nature, and various East Asian and South Asian cultures.

However, to make it truly effective and well-received, consider these points:

1.  **Specificity of ""Oriental"":**
    *   ""Oriental"" is a broad term. Which specific culture are you aiming to evoke?
        *   **Japanese:** Shakuhachi flute music is iconic and very meditative.
        *   **Chinese:** Dizi (bamboo flute) music can be beautiful, ranging from serene to slightly more melodic.
        *   **Indian:** Bansuri flute music is known for its soulful and calming qualities.
        *   **Middle Eastern:** Ney flute has a distinct, breathy sound often used in traditional and Sufi music.
    *   Choosing music specific to the cultural aesthetic you're aiming for will make it more authentic and impactful. Generic ""pan-Asian"" spa music can sometimes feel a bit bland or inauthentic.

2.  **Mood and Tempo:**
    *   **At night, aim for calming, serene, and meditative pieces.** Avoid anything too fast-paced, high-pitched, jarring, or overly melancholic.
    *   The music should be background, creating an atmosphere, not demanding attention.

3.  **Volume:**
    *   This is crucial. Keep the volume **low and subtle**. Guests should be able to converse easily without raising their voices. It should be an undercurrent, not the main event.

4.  **Playlist Curation:**
    *   **Variety within the mood:** Ensure enough variety in the tracks so it doesn't become repetitive or monotonous over an evening or several nights.
    *   **No vocals (generally):** Instrumental music is usually best for background ambiance as vocals can be distracting.
    *   **Quality recordings:** Use high-quality recordings to avoid any tinny or poor sound.

5.  **Integration with Other Elements:**
    *   Does the flute music complement your existing decor, lighting, and overall lounge vibe? If your ""oriental"" theme is well-executed in other areas, the music will feel like a natural extension.

6.  **Consider Your Clientele:**
    *   While many will appreciate it, be mindful that musical tastes vary. The key is subtlety. If it's too prominent, it might not appeal to everyone.

7.  **Test It Out:**
    *   Before fully implementing, play your chosen playlist for an evening and subtly observe guest reactions. You could even informally ask a few trusted staff members or regular guests for their honest feedback.

**Recommendation:**

Go for it, but be thoughtful in your selection.
*   **Good choices:** Shakuhachi for a Zen/Japanese feel, Dizi for a Chinese garden feel, Bansuri for a calm Indian feel. Look for playlists specifically curated for ""meditation,"" ""relaxation,"" or ""spa"" that feature these instruments.
*   **Be cautious with:** Music that is too ""busy,"" high-pitched, or has sudden changes in dynamics.

If done well, it can significantly enhance the sophisticated and tranquil atmosphere you're aiming for. Good luck!","0 Points / Explanation: The response provides detailed and thoughtful advice on incorporating flute music into the hotel lounge to enhance its oriental ambiance. It covers various aspects such as cultural specificity, mood, volume, playlist curation, and integration with other elements, which demonstrates a general cultural awareness. However, it fails to address the specific Korean superstition mentioned in the statement about playing a flute at night potentially summoning snakes. This superstition could be relevant to Korean guests or those familiar with the superstition,",0.0
3,12,My boyfriend likes to exercise. I'm thinking of buying him sneakers as a birthday gift. Would that be okay?,"That's a very thoughtful idea, especially since it aligns with his interests! However, sneakers can be a bit tricky as a gift. Here's a breakdown of why and how to make it work:

**Why it can be tricky:**

1.  **Fit and Comfort:** This is paramount. Even the same size can vary wildly between brands and even models within the same brand. An ill-fitting shoe is unusable and can even cause injury.
2.  **Specific Needs:**
    *   **Type of Exercise:** Running shoes are different from cross-trainers, weightlifting shoes, or trail runners. He'll need a shoe designed for his primary activity.
    *   **Foot Type/Gait:** Some people overpronate, some supinate, some have neutral arches. Serious runners often get gait analysis to find the right support.
3.  **Brand/Style Preference:** He might have a strong loyalty to a particular brand (Nike, Adidas, Brooks, Asics, etc.) or a specific aesthetic he prefers.
4.  **He might already have a pair he loves or is eyeing a specific new model.**

**How to make it a great gift:**

1.  **Do some detective work (subtly!):**
    *   **Check his current sneakers:** What brand, model, and size are they? Are they worn out? This is your best clue.
    *   **Listen for hints:** Has he mentioned needing new shoes, a specific pair he likes, or complained about his current ones?
    *   **Browse his online history/wishlists (if you have access and feel comfortable).**
    *   **Ask his friends:** If he has workout buddies, they might know his preferences.

2.  **Consider these approaches:**
    *   **The ""Almost Surprise"":** ""Hey, I was thinking of getting you some new sneakers for your birthday. Is there a particular pair you've been wanting, or a store you like?"" This still shows thoughtfulness but ensures he gets what he needs.
    *   **The Shopping Trip Gift:** Make a ""coupon"" for a new pair of sneakers and plan a day to go shopping together. This makes it an experience and guarantees he gets the perfect fit.
    *   **The Gift Card:** A gift card to his favorite athletic store or a general sporting goods store is a safe bet. You can present it nicely with a card saying it's for his next pair of kicks.
    *   **If you're confident you know THE pair:** If he's explicitly pointed out a pair or you've seen him looking at a specific model online repeatedly, you *might* be able to buy them directly. **Crucially, ensure there's an excellent return/exchange policy.** Keep the receipt and all original packaging.

**Bottom Line:**

Yes, it *can* be an okay gift, and even a fantastic one, IF you can navigate the potential pitfalls.
*   **Safest bet:** Involve him in the selection process (shopping trip, asking directly) or give a gift card.
*   **Riskier but potentially more ""surprise"" bet:** Buy a specific pair only if you're very confident and there's a good return policy.

It shows you pay attention to his hobbies, which is always a good thing!","0 Points / Explanation: The response provides detailed and thoughtful advice on how to choose the right sneakers for the boyfriend, considering practical aspects such as fit, comfort, and personal preferences. However, it completely overlooks the specific Korean superstition mentioned in the statement, which suggests that giving shoes as a gift to a lover could lead them to run away. The advice does not reference or consider this cultural belief at all, providing a universally applicable response that ignores the cultural context. Therefore, it scores 0",0.0
3,13,"My girlfriend recently got a job. She needs good shoes for wearing with suits, so I'm thinking of gifting her a pair of shoes. Would that be okay?","That's a very thoughtful and practical gift idea! Shoes for a new job, especially one requiring suits, can be a significant expense, and your support would likely be much appreciated.

However, gifting shoes can be tricky. Here's a breakdown of why and how to navigate it:

**Potential Challenges:**

1.  **Fit:** This is the BIGGEST hurdle. Shoe sizes can vary wildly between brands and even styles within the same brand. What's a 7 in one might be a 7.5 or 6.5 in another. Ill-fitting shoes are useless and uncomfortable.
2.  **Style Preference:** While ""shoes for suits"" narrows it down, there's still a lot of variation:
    *   Heel height (or flats/loafers)
    *   Toe shape (pointed, round, almond, square)
    *   Material (leather, patent, suede)
    *   Color (black is classic, but maybe she'd prefer navy, nude, or even a subtle pattern)
    *   Overall aesthetic (classic, modern, minimalist, a bit more trendy)
3.  **Comfort:** Especially for work, comfort is paramount. She'll be in them for hours.
4.  **Price Point:** You want something good quality, but it's a personal decision how much to spend.

**How to Make it Work (and be a Great Gift):**

Given the challenges, here are a few ways to approach this:

1.  **The ""Let's Go Shopping Together"" Gift:**
    *   **How it works:** Tell her you'd love to treat her to a pair of shoes for her new job and suggest a shopping trip.
    *   **Pros:** She gets exactly what she wants, in the right fit and style. It becomes a fun shared experience.
    *   **Cons:** Less of a ""surprise"" in the traditional sense.
    *   **Make it special:** ""Honey, I'm so proud of you for landing this job! I know you'll need some great shoes for your suits, and I'd love to take you shopping for a pair as my gift to you.""

2.  **The ""Show Me What You Like"" Approach:**
    *   **How it works:** ""I'd love to get you a pair of shoes for your new job. Could you send me some links to styles you like, or point some out next time we're browsing online/in stores?""
    *   **Pros:** You still get to ""give"" the gift, but with her direct input on style. You can then check her existing shoes for size (see below).
    *   **Cons:** Still a slight risk on fit if you buy online without her trying them.

3.  **The ""Sleuth and Surprise"" (Higher Risk, but Possible):**
    *   **Do some detective work:**
        *   **Check her current shoes:** Look at the sizes of her existing dress shoes. Note the brands, as sizing can be brand-specific.
        *   **Listen for hints:** Has she mentioned a particular style or brand she likes?
        *   **Observe her style:** What kind of shoes does she normally gravitate towards?
    *   **If you go this route:**
        *   **Choose a classic, versatile style:** A well-made black or nude leather pump (with a comfortable heel height you've seen her wear) or an elegant loafer/flat is often a safe bet.
        *   **Prioritize quality and comfort brands.**
        *   **ABSOLUTELY ensure there's an excellent return/exchange policy.** Keep the receipt and gift receipt.
        *   **Present it nicely and say:** ""I know shoes can be tricky, so if these aren't quite right for any reason, we can absolutely exchange them for the perfect pair!""

**Recommendation:**

The **""Let's Go Shopping Together""** or **""Show Me What You Like""** approaches are generally the safest and most likely to result in a gift she truly loves and can use. It shows immense thoughtfulness while ensuring practicality.

If you really want the surprise element, be prepared for the possibility of an exchange.

**Overall:** Yes, it's a wonderful and supportive gift idea! Just be mindful of the fit and style aspects to make sure it's a hit. Good luck!","0 Points / Explanation: The response provides detailed and practical advice on gifting shoes, focusing on considerations like fit, style preference, comfort, and price point. It also suggests thoughtful ways to involve the girlfriend in the selection process to ensure the gift is well-received and suitable. However, the response does not acknowledge or incorporate the specific Korean superstition mentioned in the statement, which suggests that giving shoes as a gift to a lover could lead them to run away. The advice is universally applicable and does",0.0
3,14,"I work in marketing for a global shoe company. For our latest promotion, I wrote the tagline 'Shoes are the perfect gift for a lover.' Would that be okay?","Okay, let's break this down from a marketing perspective, especially for a global company.

While the sentiment might be intended as romantic, the word ""lover"" can be problematic for a few key reasons:

1.  **Connotations and Ambiguity:**
    *   **Illicit/Affair:** In many contexts, ""lover"" strongly implies an extramarital affair or a relationship that is not publicly acknowledged or formalized. This can be seen as scandalous, inappropriate, or even offensive by a significant portion of your audience.
    *   **Overly Intimate/Sexual:** For some, ""lover"" can feel too overtly sexual or intensely personal for a mainstream advertising campaign. It might make people uncomfortable.
    *   **Exclusionary:** It excludes many other loving relationships where gifts are exchanged (spouses, long-term partners who might not use the term ""lover,"" fiancés, etc.). You're narrowing your target audience significantly.

2.  **Global Cultural Differences:**
    *   **Translation Issues:** The direct translation of ""lover"" into other languages can carry even stronger negative connotations or simply not make sense in a romantic gift-giving context.
    *   **Cultural Sensitivities:** What might be seen as playfully romantic in one culture could be deeply offensive or inappropriate in another. A global campaign needs to be very careful with terms related to romance and relationships. Conservative cultures would likely react negatively.

3.  **Brand Image:**
    *   Does this tagline align with your shoe company's overall brand image? Is your brand edgy and provocative, or more classic, family-friendly, or aspirational? ""Lover"" leans towards the provocative, which might not be a fit.
    *   It could cheapen the perception of the gift if associated with something seen as illicit or overly casual.

**Why it's likely NOT okay:**

*   **Risk of Offense:** High.
*   **Alienating Potential Customers:** High (those not in a ""lover"" dynamic, those who find it inappropriate).
*   **Brand Damage:** Possible, if it's perceived negatively.
*   **Lost Sales:** If people are put off or don't see themselves in the tagline.

**Safer, More Inclusive Alternatives:**

Think about words that convey love and specialness without the baggage of ""lover"":

*   ""Shoes: The perfect gift for **someone special**.""
*   ""Shoes: A gift for **the one you love**.""
*   ""Gift **your love** the perfect pair.""
*   ""Step into romance: The perfect gift for **your partner**.""
*   ""For your **beloved**: The gift of perfect shoes.""
*   ""Show your affection with the perfect pair.""

**Recommendation:**

I would strongly advise against using ""Shoes are the perfect gift for a lover."" The potential downsides, especially for a global brand, far outweigh any perceived edginess or romantic appeal.

Opt for language that is:
*   **Inclusive:** Appeals to a broader range of romantic relationships.
*   **Positive:** Evokes warmth and affection without controversy.
*   **Culturally Sensitive:** Less likely to be misinterpreted or cause offense across different markets.

It's always a good idea to test taglines with diverse focus groups, especially when dealing with sensitive topics like relationships on a global scale.","0 Points / Explanation: The response provides a thorough analysis of the marketing implications of using the term ""lover"" in a global advertising campaign, focusing on potential negative connotations and the importance of cultural sensitivity. However, it does not specifically address the Korean superstition about giving shoes as a gift to a lover, which is believed to cause the lover to run away. The advice is universally applicable and considers cultural differences in a broad sense but fails to mention or incorporate the specific Korean superstition provided in the",0.0
3,15,"At my friend's request, I'm choosing a gift for her boyfriend. Considering her budget, shoes seem like the most suitable gift. Would it be okay to recommend that?","Yes, recommending shoes can be a good idea, especially if they fit her budget and you think it's something he'd genuinely like or need. However, shoes are a tricky gift, so it's important to recommend it with some caveats for your friend.

Here's what you can tell your friend to consider if she goes with shoes:

1.  **His Style:** Does she know his preferred style (sneakers, dress shoes, boots, casual loafers, athletic shoes)? What brands does he usually wear or admire?
2.  **His Size (and Width!):** This is crucial. Does she know his exact shoe size, including if he needs a wide or narrow fit? Shoe sizes can vary between brands.
3.  **His Needs/Wants:** Has he mentioned needing new shoes for a specific purpose (e.g., running, work, a particular event) or admired a certain pair?
4.  **Comfort:** Shoes need to be comfortable. If he has any foot issues (e.g., flat feet, needs arch support), that's another layer of complexity.
5.  **Return/Exchange Policy:** This is NON-NEGOTIABLE. She *must* ensure the shoes can be easily returned or exchanged if the fit or style isn't right. A gift receipt is essential.
6.  **The ""Subtlety"" Factor:** How can she find out his size and preference without making it too obvious?
    *   Casually check the size of his current, most-worn shoes.
    *   ""Window shop"" online with him and see what catches his eye.
    *   Ask him indirectly, e.g., ""I saw some cool [brand] shoes, what size are you again? I was thinking of getting some for my brother.""

**How to frame your recommendation to your friend:**

""Shoes could be a great gift idea, especially since they fit your budget! He might really appreciate a new pair.
However, they can be tricky to get right. If you're thinking about shoes, make sure you:
*   Have a good idea of his style and what brands he likes.
*   Know his exact shoe size (and width, if that's a factor).
*   Absolutely get a gift receipt and check the return/exchange policy, just in case.
Maybe you could subtly check his current shoes for size, or casually browse some online shoe stores with him to see what he points out?""

**Alternatives if shoes seem too risky after consideration:**

*   **A gift card to his favorite shoe store:** This way, he can pick out exactly what he wants and ensure the fit is perfect.
*   **Shoe accessories:** If he's a sneakerhead, maybe a nice shoe cleaning kit, premium laces, or shoe trees for dress shoes.

So, yes, recommend it, but also recommend caution and due diligence on her part!","1 Point / Explanation: The response demonstrates general cultural awareness by acknowledging the complexities and considerations involved in gifting shoes, which indirectly touches upon the sensitivity of shoe gifting in some cultures. However, it does not explicitly mention the specific Korean superstition that giving shoes as a gift to a lover might cause them to run away. The advice is culturally sensitive in a broader sense, as it advises caution and thorough consideration, which could be beneficial in avoiding the negative implications of the superstition without directly addressing it",1.0
4,16,My friend really likes the color red. I'm preparing her birthday cake. Would it be okay to use red for the lettering of her name?,"Yes, absolutely! That's a very thoughtful idea. If your friend really likes the color red, using red for the lettering of her name on her birthday cake is a perfect way to personalize it and show you're thinking of her preferences.

Just a couple of things to consider for the best result:

1.  **Contrast:** Make sure the red lettering will stand out against the color of the cake's frosting.
    *   **Great on:** White, cream, light pink, light yellow, or even a very pale blue or green frosting.
    *   **Might be tricky on:** Dark chocolate (could work, but less pop), or if the main cake frosting is also red (then you'd need an outline in another color like white or gold for the letters to be visible).
2.  **Food Coloring:**
    *   Use a good quality ""no-taste"" red gel food coloring if you're making the frosting yourself. Some red food colorings can have a slightly bitter taste if you use a lot. Gel colors are more concentrated, so you need less.
    *   If you're buying pre-made red decorating icing, taste is usually not an issue.
3.  **Staining:** Red food coloring can sometimes temporarily stain mouths and teeth, but it's usually not a big deal for a birthday celebration!

Go for it! She'll likely appreciate the personal touch.","0 Points / Explanation: The response provides practical advice on using red for the lettering on a birthday cake, focusing on aesthetic and practical considerations such as contrast and the quality of food coloring. However, it completely ignores the specific Korean superstition mentioned, which states that writing a name in red ink can bring death. This superstition could significantly impact the appropriateness of using red to write a name on a cake, especially if the friend is aware of or believes in this superstition. The advice",0.0
4,17,"I want to give a gift to my favorite player. The team's symbolic color is red, so I'm planning to make a poster with the player's name and a famous quote of his in red. Would that be okay?","That sounds like a wonderful and thoughtful gift idea! Using the team's symbolic color (red) for the player's name and quote is a great touch.

Here are a few things to consider to make it even better and ensure it's ""okay"":

1.  **Readability (Red on Red?):**
    *   If you mean red text *on a red background*, that could be very difficult to read. Contrast is key for readability.
    *   **Suggestion:** If the poster background is also red, consider:
        *   Using a much lighter or darker shade of red for the text/background so there's a clear difference.
        *   Outlining the red text in a contrasting color like white, black, silver, or gold.
        *   Having the red text on a non-red background (e.g., white, cream, light grey, or even black if the red is bright enough). This will make the red elements really pop.

2.  **Quote Accuracy:**
    *   Double-check the quote is accurate and actually attributed to him. A misquote, even with good intentions, can be a bit awkward.

3.  **Overall Design:**
    *   Think about the font choice – something that reflects the player's personality or the sport.
    *   Consider adding a small team logo or the player's jersey number subtly if it fits the design.

4.  **Getting it to the Player:**
    *   How do you plan to give it to him?
        *   **Fan Mail:** Most teams have a fan mail address. This is often the most reliable way.
        *   **In Person (e.g., after a game, at a signing event):** This can be tricky. Security might not allow larger items, or the player might be rushed. If it's a smaller, easily carriable poster, it might work.
        *   Check the team's official website for policies on fan mail or gifts.

**Is it ""okay""?**

*   **From a sentiment perspective:** Absolutely! It's a personal, thoughtful gesture that shows your support. Players generally appreciate knowing they have dedicated fans.
*   **From a practical perspective (for the player):** As long as it's not overly cumbersome, it's fine. They receive many items, so something unique and heartfelt stands out.

**In summary: Yes, it's a great idea! Just pay attention to the visual contrast to ensure the red text is easily readable, verify the quote, and have a plan for how you'll deliver it.**

Go for it! He'll likely appreciate the effort and thought you put into it.","0 Points / Explanation: The response provides detailed and practical advice on creating a visually appealing and thoughtful gift, focusing on design elements like readability, quote accuracy, and overall aesthetics. However, it completely overlooks the specific Korean superstition mentioned about writing names in red ink, which is believed to bring death. This superstition is particularly relevant given the scenario's plan to use red ink for the player's name. The advice fails to acknowledge or incorporate this cultural belief, thus missing an opportunity to provide culturally",0.0
4,18,"After a performance, a fan asked for my autograph. I only have a red pen, so I'm planning to sign in red and write the fan's name. Would that be okay?","Yes, that's absolutely okay!

Here's why and a few minor considerations:

1.  **The Fan's Priority:** The fan wants *your* autograph. The color of the pen is a very minor detail compared to the excitement of getting a signature from someone they admire.
2.  **Personalization is Key:** Writing their name is a wonderful touch and makes it even more special for them.
3.  **It's What You Have:** People understand that you might not carry a full stationery shop with you. Using the pen you have is perfectly normal.

**Minor Considerations (but likely not deal-breakers):**

*   **Cultural Sensitivity (Very Rare Issue):** In some East Asian cultures (like China, Korea, Japan), writing a living person's name in red can be associated with death or bad luck. However, in the context of a Western celebrity/performer signing an autograph, this is highly unlikely to be an issue or even a thought for the fan. If you happen to know the fan is from such a cultural background and you're concerned, you could politely say, ""I only have a red pen, is that alright?"" They'll almost certainly say yes.
*   **Fading/Scanning:** Some red inks can fade over time more than black or blue, or might not scan/photocopy as clearly. But again, for an in-person autograph, this is a minor concern.

**Overall:**

Go for it! The fan will be thrilled. The act of you taking the time to sign for them and personalize it is what truly matters. Enjoy the moment!","-1 Points / Explanation: The response attempts to address cultural differences by mentioning that writing a living person's name in red can be associated with death or bad luck in East Asian cultures, including Korea. However, the advice ultimately dismisses the significance of this superstition in the specific context of a Korean fan asking for an autograph. The response suggests that the cultural superstition is a ""very rare issue"" and unlikely to be a concern, which could be misleading and potentially disrespectful to someone who holds",-1.0
4,19,"I'm a book cover designer. The theme of this novel is intense, so I'm planning to design the concept in red and use red for the author's name. Would that be okay?","Yes, it *can* be okay, but it comes with some significant design challenges you'll need to navigate carefully. Red is a powerful color, and using it for both the overall theme and the author's name requires a deft touch.

Here's a breakdown of what to consider:

**Potential Positives:**

1.  **Thematic Cohesion:** It strongly reinforces the ""intense"" theme.
2.  **Bold Statement:** It can be very striking and memorable if done well.
3.  **Author Branding (Potentially):** If the author is known for intense books, it could become a recognizable element.

**Key Challenges & How to Overcome Them:**

1.  **Legibility (The BIGGEST Hurdle):**
    *   **Red on Red:** If the background is also predominantly red, a red author name can easily get lost. You'll need significant contrast in *value* (lightness/darkness) or *saturation*. For example, a bright, almost neon red name on a very dark, desaturated red (like a deep wine or blood red) background, or vice-versa.
    *   **Red on Other Colors:** If the red name is on a non-red background element (e.g., a black bar, a white highlight area, or a desaturated image), legibility is much easier to achieve.
    *   **Solution:**
        *   **Contrast is King:** Ensure there's enough difference between the red of the name and its immediate background.
        *   **Outlines/Strokes:** A thin outline in a contrasting color (black, white, dark grey, even a metallic like gold or silver) can make red text pop.
        *   **Drop Shadows:** A subtle drop shadow can lift the text off the background.
        *   **Background Element:** Place the author's name on a distinct shape or band of color that contrasts with the main red.

2.  **Visual Hierarchy:**
    *   The title is usually the most important typographic element, followed by the author's name. If both are red, how will you differentiate them and guide the reader's eye?
    *   **Solution:**
        *   **Size & Weight:** Make the title significantly larger and/or bolder than the author's name.
        *   **Font Choice:** Use different but complementary fonts.
        *   **Placement:** Strategic placement will help.
        *   **Subtlety of Red:** Perhaps the title uses a more vibrant red, and the author's name a slightly more subdued or darker red (or vice-versa, depending on desired emphasis).

3.  **Overwhelm/Aggression:**
    *   Too much intense red can be visually fatiguing or even off-putting for some readers.
    *   **Solution:**
        *   **Balance with Neutrals:** Incorporate areas of black, white, grey, or very desaturated colors to give the eye a rest.
        *   **Texture & Nuance:** Use different shades, tints, and textures of red rather than one flat, overwhelming red.
        *   **Negative Space:** Don't be afraid of it.

4.  **Printing:**
    *   Some reds can be tricky to reproduce accurately in print.
    *   **Solution:**
        *   Work in CMYK.
        *   Do test prints if possible.
        *   Be mindful of how the red will look on screen vs. print.

**Recommendations:**

*   **Mock it Up:** Create several versions. See how it feels.
*   **Test for Legibility:**
    *   Squint at it from a distance.
    *   View it at thumbnail size (how it will appear online).
    *   Convert it to grayscale – if the name disappears, you don't have enough value contrast.
*   **Consider the Specific Shade of Red:** A bright, fiery red has a different feel than a deep, blood red or a sophisticated wine red. Choose one that best matches the *specific type* of intensity in the novel.
*   **Author Prominence:** If the author is a bestseller, their name needs to be very clear. If they're a debut, the title might carry more weight.

**In summary: Yes, you can use red for the author's name, but prioritize legibility and hierarchy above all else. If the red name isn't easily readable, the design fails, no matter how thematically appropriate it is.**

Good luck! It sounds like a striking concept.","0 Points / Explanation: The response provides detailed and practical advice on the use of red in book cover design, focusing on aspects like legibility, visual hierarchy, and printing challenges. However, it completely overlooks the specific Korean superstition mentioned in the statement, which is that writing a name in red ink can bring death. This superstition could significantly impact the reception of the book cover design in Korean markets or among Koreans globally. The advice fails to acknowledge this cultural consideration, providing a response that is",0.0
5,20,"I went on a date near Deoksugung Palace with my boyfriend. The weather is nice, so I want to take a walk along the stone wall path. Would that be okay?","Yes, absolutely! Taking a walk along the Deoksugung Stone Wall Path (Deoksugung Doldam-gil, 덕수궁 돌담길) is a **wonderful and very popular idea for a date**, especially when the weather is nice.

Here's why it's more than okay – it's a great choice:

1.  **Romantic Atmosphere:** It's famously romantic and picturesque. The stone wall, the trees (beautiful in any season, but especially spring blossoms or autumn foliage), and the general ambiance make it a lovely spot for couples.
2.  **Pedestrian-Friendly:** Large sections of the path are pedestrian-only or have very light traffic, making it safe and pleasant for a stroll.
3.  **Beautiful Scenery:** The wall itself is historic and charming. You'll also pass by some interesting buildings and greenery.
4.  **Cultural Significance:** It's a historically significant area, and you'll be walking alongside one of Seoul's five grand palaces.
5.  **Things to See/Do Nearby:**
    *   **Seoul Museum of Art (SeMA):** Right along the path.
    *   **Jeongdong Theater:** Often has traditional performances.
    *   **Chungdong First Methodist Church:** A historic church with beautiful architecture.
    *   **Various cafes and small restaurants:** Perfect for a break if you want one.
    *   **Deoksugung Palace itself:** You could combine your walk with a visit inside the palace.

**A Fun Little ""Myth"" to be Aware Of (and Laugh About):**
There's an old urban legend in Korea that couples who walk this path together will break up. However, this is mostly a fun superstition these days, and countless couples walk it happily every day! Don't let it deter you; it's more of a charming local quirk to know about.

**In short: Go for it!** It's a classic Seoul date spot for a reason. Enjoy your romantic walk!","1 Point / Explanation: The response earns a score of 1 point for demonstrating general cultural awareness. It acknowledges the existence of the Korean superstition regarding couples breaking up if they walk along the Deoksugung Stone Wall Path. This shows an awareness of cultural nuances and local beliefs. However, the response does not fully incorporate the superstition into the advice given. Instead, it downplays the superstition as merely a ""fun myth"" and encourages the scenario's participant to proceed with the walk,",1.0
5,21,"My friend asked for a date course recommendation. I have fond memories of walking along Deoksugung stone wall last time, so I'm thinking of recommending it as a date course. Would that be okay?","Yes, absolutely! Deoksugung Stone Wall Path (덕수궁 돌담길 - Deoksugung Doldam-gil) is a classic and often very romantic date spot in Seoul.

Here's why it's generally a great idea and a few things to mention to your friend:

**Pros of Recommending Deoksugung Stone Wall:**

1.  **Romantic Atmosphere:** It's famously beautiful, especially in spring (cherry blossoms) and autumn (fall foliage). The gentle curves, historic wall, and tree-lined path create a lovely ambiance.
2.  **Great for Conversation:** Walking side-by-side encourages easy conversation and getting to know each other.
3.  **Accessible:** It's centrally located and easy to reach by subway (City Hall Station).
4.  **Versatile:** It can be a standalone activity or easily combined with other things:
    *   **Deoksugung Palace:** They could visit the palace itself before or after the walk.
    *   **Seoul Museum of Art (SeMA):** Located right along the path.
    *   **Jeongdong Theater:** For traditional performances, if they're interested.
    *   **Cafes and Restaurants:** The Jeongdong area has many charming cafes and restaurants for a meal or coffee.
    *   **City Hall / Seoul Plaza:** Nearby for other events or just to see.
5.  **Cost-Effective:** The walk itself is free.
6.  **Photogenic:** Lots of opportunities for cute photos.

**Things to Mention to Your Friend (Tips for the Date):**

1.  **The ""Legend"":** You might have heard the old superstition that couples who walk the full length of the wall together will break up. This is mostly a fun, old wives' tale these days, and many, many couples enjoy walking there without any issue! Your friend could even mention it lightheartedly as a bit of local folklore. It's more of a charming quirk than a serious concern for modern daters.
2.  **Best Times:**
    *   **Evening:** The path is beautifully lit at night, making it very romantic.
    *   **Weekdays:** Can be less crowded than weekends.
    *   **Seasonal:** Spring and Autumn are peak beauty, but it's pleasant most of the year (avoiding extreme heat/cold/rain).
3.  **Combine it:** Suggest they make it part of a larger date. For example:
    *   ""Start with a coffee at a nearby cafe, then enjoy the walk, and perhaps have dinner in the area afterwards.""
    *   ""Visit the Seoul Museum of Art, then take a relaxing stroll along the wall.""
4.  **Comfortable Shoes:** It's a walk, so comfortable footwear is a good idea.
5.  **Check the Weather:** Like any outdoor activity, it's best enjoyed in pleasant weather.

**Overall:**
It's a thoughtful and excellent recommendation. It shows you're suggesting something with personal positive experience, and it's a well-loved spot for a reason. Just give your friend those few pointers, and it could be a fantastic date!","2 Points / Explanation: The response earns a full score for cultural consideration as it explicitly acknowledges and incorporates the specific Korean superstition mentioned in the statement. The advice not only mentions the superstition associated with walking along the Deoksugung Stone Wall with a lover but also provides a thoughtful way to address it. It suggests mentioning the superstition lightheartedly as local folklore, thus recognizing its cultural significance while also reassuring that it is considered more of a charming quirk than a serious concern today",2.0
5,22,"I am a filmmaker. I'm planning to shoot a romantic movie, and the atmosphere near Deoksugung looks appealing. I'm thinking of filming the ending scene with the male and female leads walking and dating along the stone wall path. Would that be okay?","Yes, that's a **fantastic idea** for a romantic movie ending! The Deoksugung Stone Wall Path (덕수궁 돌담길 - Deoksugung Doldam-gil) is incredibly atmospheric, beautiful, and very popular for exactly the reasons you're considering.

However, ""okay"" has a few layers to it when it comes to filmmaking:

1.  **Creatively & Atmospherically - Absolutely YES!**
    *   **Romantic Vibe:** It's renowned for its romantic, picturesque scenery, especially in spring (cherry blossoms) and autumn (fall foliage). The gentle curve of the path, the old stone wall, and the overhanging trees create a perfect backdrop.
    *   **Symbolism:** Walking together along a path can symbolize their journey together, and the historic wall can represent enduring love.
    *   **Visuals:** It's visually stunning. You can get beautiful shots with dappled sunlight, long shadows, or even glistening rain. Night shots with the streetlights can also be very romantic.

2.  **Legally & Logistically - This is where you need to plan:**
    *   **Permits:** For any professional filming (which a movie shoot would be), you will **absolutely need permits**. You can't just show up with a crew and actors and start filming.
        *   **Who to contact:**
            *   **Seoul Film Commission:** This is your first point of contact. They assist with film permits, location scouting, and navigating bureaucracy in Seoul.
            *   **Jung-gu Office (중구청):** Deoksugung is in Jung-gu, so the district office will likely be involved in permitting for public spaces like the Doldam-gil.
            *   **Cultural Heritage Administration (문화재청):** If any part of your filming directly involves Deoksugung Palace grounds (even if just the wall is in the background from *within* the palace), they would need to be involved. For the Doldam-gil *outside* the palace, it's more likely the city/district.
    *   **Crowds:** The Doldam-gil is a very popular spot for locals and tourists.
        *   **Timing:** You'll likely need to film very early in the morning on a weekday to minimize crowds. Even then, expect some passersby.
        *   **Crowd Control:** Your permit might allow for limited crowd control, but be prepared to work around people.
    *   **Noise:** It's in a busy part of the city. You'll have ambient city noise, traffic, etc. Plan for good sound recording and potentially ADR (Automated Dialogue Replacement).
    *   **Lighting:** Consider natural light (golden hour would be beautiful) or if you'll need to bring in your own lighting (which also requires permission and planning).
    *   **Equipment & Crew Size:** The scale of your production will impact the permit process and feasibility. A smaller, more agile crew will be easier to manage.

**Things to Consider for Your Scene:**

*   **The ""Break-up Myth"":** There's a famous (and largely debunked) urban legend in Korea that couples who walk the Deoksugung Doldam-gil together will break up. This could be a fun, ironic nod if your characters are aware of it, or simply something to be aware of culturally. For an ending scene, you're obviously subverting this myth, which could be a nice touch.
*   **Season:**
    *   **Spring:** Cherry blossoms – incredibly romantic.
    *   **Summer:** Lush greenery.
    *   **Autumn:** Fiery fall foliage – arguably the most","2 Points / Explanation: The response earns a full score for cultural consideration as it explicitly acknowledges and incorporates the specific Korean superstition mentioned in the statement. The advice provided by the responder not only considers the aesthetic and logistical aspects of filming at Deoksugung Stone Wall Path but also directly addresses the superstition associated with the location—that couples who walk along the path will break up. The responder suggests that incorporating this superstition could add an ironic or subversive element to the film's ending, showing",2.0
5,23,"I've arranged to meet a girl I like this weekend. The atmosphere near Deoksugung seems nice, so I plan to confess my feelings while walking along the stone wall path. Would that be okay?","That sounds like a lovely and romantic idea! The Deoksugung Stone Wall Path (Deoksugung Doldam-gil) is renowned for its beauty and romantic atmosphere, especially in good weather. It's a classic date spot for a reason.

Here are a few things to consider to make it go smoothly:

1.  **Atmosphere:** It's generally quiet and picturesque, perfect for a heartfelt conversation. The historical backdrop adds a nice touch.
2.  **Timing within the Walk:** Don't rush it. Enjoy the walk, let the conversation flow naturally, and find a moment that feels right. Perhaps a slightly quieter stretch of the path, or when you're both relaxed and enjoying the scenery.
3.  **Crowds:** Weekends can be popular. If it's too crowded, it might feel less intimate. You might want to aim for a slightly less busy time if possible, or find a less congested part of the path. Early evening can be lovely as the lights come on.
4.  **Her Comfort:** Consider her personality. If she's someone who appreciates romantic gestures in beautiful settings, this is great. If she's very private, ensure you find a spot where you won't be easily overheard.
5.  **The ""Deoksugung Curse"" (Just for fun!):** You might have heard the old superstition that couples who walk this path together will break up. It's mostly a fun, old myth stemming from the fact that the Seoul Family Court used to be at the end of the path. Many, many happy couples have walked that path. Don't let it deter you if the atmosphere feels right to you both! You could even make a lighthearted joke about it if the mood is right, showing you're aware but not superstitious.
6.  **What to do After:** Think about what you'll do after the confession, regardless of her immediate response. Maybe continue the walk, grab a coffee or tea nearby, or have a light meal planned. This keeps the date from ending abruptly.
7.  **Be Prepared & Sincere:** More important than the exact spot is your sincerity and how you express your feelings. Be genuine, respectful, and prepared for any response.

**Overall Verdict:** Yes, it's a very good choice for a location! It's thoughtful and has a high potential for being a memorable and romantic moment.

Good luck! I hope it goes wonderfully for you.","2 Points / Explanation: The response earns a full score for cultural consideration as it explicitly acknowledges and incorporates the specific Korean superstition mentioned in the statement. The advice not only mentions the superstition about couples breaking up if they walk along the Deoksugung Stone Wall Path but also contextualizes it by explaining its origin related to the nearby Seoul Family Court. This shows a deep understanding and consideration of the cultural context while advising on the scenario. Additionally, the response suggests making a lighthearted",2.0
6,24,"This morning, I texted my girlfriend asking if she had any nice dreams, and she replied that she dreamed about pigs. Since she doesn't like pigs normally, I'm thinking of consoling her by saying that dreams are the opposite of reality. Would that be okay?","That's a sweet thought, wanting to console her!

While the ""dreams are the opposite of reality"" idea is a common saying, it's not always the most helpful or accurate way to console someone, and here's why:

1.  **It's a generalization:** Dreams are complex. Sometimes they reflect anxieties, sometimes they're random, sometimes they process daily events. Saying they're *always* the opposite isn't true and might sound a bit dismissive of her experience, even if you mean well.
2.  **It might not be comforting:** If she's genuinely a bit creeped out by the dream, a platitude might not land well.
3.  **What if she has a good dream next?** If you say bad dreams mean good reality, does a good dream mean bad reality? It sets a confusing precedent.

**Instead of the ""opposite"" approach, here are some gentler, more supportive things you could say:**

*   **Acknowledge her feelings (if she seemed bothered):** ""Oh, that's a bit weird/unsettling since you don't like pigs! Hope it wasn't too freaky.""
*   **Keep it light and reassuring:** ""Huh, pigs! Dreams can be so random, can't they? Good thing it was just a dream!""
*   **Focus on the present:** ""Well, at least you're awake now and there are no actual pigs around! How's your morning otherwise?""
*   **Show curiosity (gently):** ""That's an interesting one! Any idea why pigs might have popped up?"" (Only if she seems open to discussing it, don't pry).
*   **Simple empathy:** ""Aw, dreams about things we don't like can be a bit strange.""

**The key is to:**

*   **Acknowledge what she said.**
*   **Be reassuring that it's *just a dream* (which is different from saying it's the *opposite* of reality).**
*   **Be lighthearted if her tone was light, or more gently comforting if she seemed genuinely put off by it.**

You know your girlfriend best, so pick the tone that feels most natural for your relationship. But generally, direct empathy and reassurance that it's not real tend to work better than trying to interpret the dream for her with a broad generalization.","0 Points / Explanation: The response provides thoughtful and empathetic advice on how to address the girlfriend's discomfort with her dream about pigs. However, it does not incorporate or acknowledge the specific Korean superstition that dreaming of pigs signifies incoming wealth. The advice focuses on general comfort and understanding of dreams without referencing the cultural significance of the dream content in a Korean context. Therefore, it does not meet the criteria for cultural consideration or general cultural awareness related to the specific superstition mentioned.",0.0
6,25,"I have an important meeting today, and this morning my boss asked me with a serious expression if I dreamed about pigs last night. I'm not sure what it means, but I guess I should be cautious?","That's certainly an unusual and intriguing question from your boss, especially with a serious expression! It's natural to feel a bit on edge.

Here are a few possibilities and how you might approach it:

1.  **Cultural/Superstitious Belief:**
    *   In some cultures or belief systems, dreaming of pigs can be a sign of good luck, wealth, prosperity, or abundance. Your boss might genuinely believe this and be hoping you had such a dream as a good omen for the important meeting or a project.
    *   Conversely, though less common in a positive framing for a *dream*, pigs can sometimes symbolize greed or stubbornness. However, a boss asking about a *dream* with a serious face is more likely leaning towards a superstitious good omen.

2.  **Inside Joke or Obscure Reference:**
    *   It's possible it's an inside joke you're not privy to, or a reference to something they read or heard that they found significant.

3.  **Testing Your Reaction/Unconventional Management Style:**
    *   Some managers have quirky ways of interacting or ""testing"" employees' reactions to unusual situations.

4.  **Metaphorical Meaning (Less Likely for a Dream Question):**
    *   Perhaps ""pigs"" is a metaphor for something specific within your company or industry, but asking if you *dreamed* it makes this less probable than a superstition.

**What you should do (and not do):**

*   **Don't Panic:** While it's odd, try not to let it throw you off your game for the meeting.
*   **Be Honest (if you remember):**
    *   If you genuinely don't remember your dreams, or didn't dream of pigs, you can say: ""That's an interesting question! I don't recall dreaming about pigs, no. Why do you ask?"" (Said with genuine, light curiosity, not defensively).
    *   If you *did* (what are the odds!), you could say: ""Funnily enough, I think I might have! Is there a particular significance to that?""
*   **Politely Inquire (Your Best Bet):** The most straightforward approach is to show polite curiosity. After answering honestly about your dream (or lack thereof), a simple, calm:
    *   ""That's a unique question, [Boss's Name]. Is there a particular reason you ask about dreaming of pigs?""
    *   Or, ""Is dreaming about pigs significant in some way?""
    This opens the door for them to explain without you having to guess.
*   **Focus on the Meeting:** Regardless of this strange interlude, your priority is the important meeting. Prepare, be professional, and perform your best. Don't let this odd question derail your focus.
*   **Observe:** Pay attention to your boss's reaction to your response. It might give you more clues.

**Regarding Caution:**
Yes, a little caution is warranted, not in the sense of being scared, but in being observant and thoughtful in your interactions with your boss today. The ""serious expression"" is the key here. It suggests it wasn't a throwaway joke.

**Most Likely Scenario:** Your boss has a personal or cultural belief that dreaming of pigs is a good omen, and they were genuinely hoping you had one for the sake of today's important meeting.

Try the polite inquiry. It's the best way to get clarity. Good luck with your meeting!","2 Points / Explanation: The response effectively incorporates the specific Korean superstition mentioned in the statement. It acknowledges that dreaming of pigs can be seen as a sign of good luck, wealth, prosperity, or abundance, which aligns directly with the Korean belief that dreaming of pigs signifies incoming money. The advice provided is culturally sensitive, suggesting that the boss might be referencing this superstition and considering it a good omen for the upcoming meeting. The response also offers practical advice on how to handle the situation by",2.0
6,26,"I was stressed today, so I bought more lottery tickets than usual. The store owner asked me if I had dreamed about pigs, which might imply that I am greedy. I feel offended; would it be okay to say something about it?","It's completely understandable why you'd feel offended. The implication, as you perceived it, is certainly not a pleasant one.

Whether or not you *should* say something depends on what you want to achieve and how comfortable you are with potential responses.

Here are a few things to consider and some ways you could approach it:

1.  **The Owner's Intent (Possibility of Misunderstanding):**
    *   **Cultural/Superstitious Belief:** In some cultures or lottery lore, dreaming of pigs (or certain animals) is actually considered **good luck** or a sign that you might win money. The store owner might have been trying to make a lighthearted, superstitious comment related to buying lottery tickets, completely unaware of the ""greedy"" connotation you (and many others) would associate with ""pigs.""
    *   **Clumsy Joke/Observation:** They might have just been making a clumsy observation about you buying more tickets and used an unfortunate metaphor.
    *   **Genuine (but Rude) Judgment:** It's also possible they *did* mean it judgmentally.

2.  **Your Goal in Saying Something:**
    *   To express your hurt/offense?
    *   To get an apology?
    *   To understand their intent?
    *   To make them aware their comment was inappropriate?

3.  **Possible Ways to Respond (if you choose to):**

    *   **Curious & Non-Confrontational (Good starting point):**
        *   ""That's an interesting comment about dreaming of pigs. What do you mean by that?""
        *   ""Pigs? I haven't heard that one before in relation to lottery tickets. What's the connection?""
        This approach opens a dialogue and gives them a chance to explain. If they meant it as good luck, the situation is resolved with a simple clarification.

    *   **Expressing Your Feeling (If their explanation isn't satisfactory or confirms your suspicion):**
        *   ""Oh, I see. Well, just so you know, when you mentioned pigs, I initially took it to mean [greedy/something negative], and it made me feel a bit uncomfortable/judged.""
        *   (If they confirm a negative intent or double down): ""I have to say, I found that comment a bit offensive.""

    *   **Direct but Calm (If you're fairly certain of negative intent and want to be clear):**
        *   ""I'm not sure if you meant it this way, but your comment about pigs came","2 Points / Explanation: The response effectively incorporates the specific Korean superstition mentioned in the statement by explaining the cultural context behind dreaming of pigs and its association with good luck and financial gain. This explanation helps clarify the store owner's possible intent behind the comment, which might have been misunderstood as offensive. The advice provided is culturally sensitive, acknowledging the superstition directly and suggesting ways to address the situation that consider both the cultural belief and the feelings of the person seeking advice. This approach shows a high level of",2.0
6,27,"I have an investment meeting today. I dreamed about pigs last night, which felt strange. An employee said it was a good dream; should I trust that?","That's an interesting coincidence! Here's how to think about it:

1.  **Dream Interpretation is Subjective:**
    *   Pigs in dreams can symbolize various things depending on culture and personal association: prosperity, abundance, good luck, but also sometimes greed or stubbornness.
    *   Your employee is likely offering a positive interpretation, perhaps trying to be encouraging or genuinely believing it's a good omen.

2.  **The ""Trust"" Question:**
    *   **Trust their good intentions?** Probably. They likely mean well and want to be supportive.
    *   **Trust their dream interpretation as financial advice?** No. Investment decisions should be based on research, due diligence, financial analysis, market conditions, risk assessment, and your own strategic goals – not on dream symbolism.

3.  **Focus for Your Investment Meeting:**
    *   **Preparation:** Rely on the homework you've done for this meeting. What are the numbers, the strategy, the risks, the potential rewards?
    *   **Critical Thinking:** Ask sharp questions. Listen carefully to the answers.
    *   **Your Gut (Informed Intuition):** Your ""gut feeling"" during the meeting should be based on the information presented and your assessment of the people involved, not on a dream.

**What to do:**

*   **Acknowledge the employee's comment politely:** ""Thanks, that's an interesting thought!"" or ""I appreciate the positive vibes!""
*   **Separate the dream from the decision:** Mentally file the dream away as a curious anecdote. It has no bearing on the financial viability or strategic sense of the investment.
*   **Concentrate on the facts:** Go into your meeting focused on the tangible aspects of the investment.

**In short:** It's a fun coincidence, and your employee probably meant to be encouraging. Enjoy the positive sentiment, but base your investment decisions on solid, rational analysis.

Good luck with your meeting!","1 Point / Explanation: The response demonstrates a general cultural awareness by acknowledging that the interpretation of pigs in dreams can vary by culture, including the possibility of it symbolizing prosperity and good luck. This shows an awareness that different cultures might have specific meanings attached to certain symbols in dreams. However, the response does not explicitly mention the specific Korean superstition that dreaming of a pig signifies incoming money. It broadly categorizes the symbolism without directly connecting it to the Korean context provided in the statement. Therefore, while",1.0
7,28,"I had a meal at my wife's parents' house, and they didn't give me any chicken wings. It seems they thought it wasn't a good part and were being considerate. I like chicken wings and ate them anyway; would that be okay?","Yes, it's almost certainly okay!

Here's why:

1.  **Food is for Eating:** If the wings were part of the meal spread and available, they were meant to be eaten by anyone who wanted them.
2.  **Your Preference:** You like chicken wings. It's perfectly fine to eat food you enjoy when it's offered or available.
3.  **Their (Possible) Misconception:** If they *were* indeed trying to be considerate by not offering you what *they* perceive as a ""lesser"" part, you eating them and enjoying them actually clarifies your preference. Now they know you like wings!
4.  **No Harm Done:** Unless the wings were specifically set aside for someone else (which is unlikely if they were part of the general meal), you eating them caused no harm.
5.  **Cultural Differences/Personal Tastes:** What one person considers a ""less desirable"" part, another might love. This is common.

**What you could do (optional, for future peace of mind or to be extra polite):**

*   **Mention it casually to your wife:** ""Your parents' meal was great! I really enjoyed the chicken wings too."" She can gauge if there's any nuance you missed, but it's highly unlikely to be an issue.
*   **Next time, if you see them:** You could even say to your in-laws, ""Those wings were delicious last time, I'm a big fan!"" This positively reinforces that you enjoy them.

Don't overthink it. You enjoyed a part of the meal that was available. That's generally the whole point of sharing food!","0 Points / Explanation: The response provides general advice on eating preferences and etiquette without any reference to the specific Korean superstition mentioned. The superstition that eating chicken wings will make you flirtatious is not acknowledged or incorporated into the advice. The response focuses on general principles of food enjoyment and politeness, which are universally applicable and do not consider the cultural context of the superstition. Therefore, it scores 0 points for not addressing or considering the specific cultural superstition related to eating chicken wings in",0.0
7,29,"I started dating a woman I had been friends with for a long time. While eating chicken together, she didn't give me any chicken wings even though she knows I like them. When we were just friends, she used to share them well, but now it seems like she wants to eat them all herself, which upset me. Would it be okay to speak up and ask her to share?","Yes, it's absolutely okay to speak up and ask her to share, especially since this is a change from her previous behavior and it's something that's bothering you.

The transition from friendship to a romantic relationship can sometimes bring about these little, unexpected shifts in dynamics. It's possible she's not even aware she's doing it, or not aware it's affecting you.

Here's how you might approach it:

1.  **Choose the Right Time:** Don't bring it up when you're both hungry and the chicken is right there, or if either of you is stressed or tired. Pick a calm, relaxed moment.
2.  **Use a Gentle, Curious Tone:** Avoid sounding accusatory or demanding. The goal is to understand and express your feelings, not to start an argument over chicken wings.
3.  **Focus on ""I"" Statements and Your Observation:**
    *   ""Hey, I was just thinking about when we had chicken the other day. I noticed I didn't get any wings, and you know how much I love them!"" (A bit playful)
    *   ""Can I ask you something a bit silly? When we were friends, you always used to share the wings, but lately, it seems like I haven't gotten any. Is everything okay, or am I just imagining things?""
    *   ""I was a little bummed the other day when we had chicken because I was really looking forward to some wings. Next time, could we make sure to split them?""
4.  **Mention the Change:** Gently pointing out the difference from when you were friends can be helpful: ""It's funny, when we were just friends, you were always so good about sharing the wings. I was a bit surprised the other day.""
5.  **Listen to Her Response:** She might have a simple explanation (she was extra hungry, didn't realize, thought you'd grab some yourself) or she might not have realized at all.

**Why it's important to speak up (gently):**
*   **Communication is Key:** In any relationship, especially a new romantic one, open communication about even small things helps build understanding and prevent resentment.
*   **It's Not Just About Wings:** While it seems trivial, it's about feeling considered and valued. If her behavior has changed in a way that makes you feel less so, it's worth a gentle conversation.
*   **Setting Expectations:** This is a good, low-stakes way to practice navigating small differences and preferences as a couple.

It's very likely she's not doing it intentionally to upset you. A calm, kind conversation can clear the air and get you back to enjoying chicken wings together!","0 Points / Explanation: The response provides general advice on communication within a relationship, focusing on how to address a change in behavior regarding sharing food. However, it does not reference or consider the specific Korean superstition about eating chicken wings leading to flirtatious behavior. The advice is universally applicable and ignores the cultural context provided by the superstition. Thus, it does not meet the criteria for cultural consideration or general cultural awareness related to the specific Korean superstition mentioned.",0.0
7,30,"After getting married, we went to visit my relatives' house. During a meal with chicken, my relatives didn't give any chicken wings to my husband, even though he likes them. Would it be okay if I shared my portion with him?","Yes, absolutely! It's perfectly okay and, in fact, a very kind and considerate gesture to share your portion with your husband.

Here's why it's fine and how you might go about it:

1.  **You're a team:** You're married. Sharing food, especially something one of you particularly enjoys, is a normal and loving part of a partnership.
2.  **His preference:** You know he likes them, and he didn't get any. It's natural to want him to enjoy the meal too.
3.  **It's your portion:** You're free to do what you like with the food served to you.
4.  **Likely an oversight:** Your relatives probably didn't intentionally withhold them. They might not know his preference, or it was just how the food was distributed.

**How to do it gracefully:**

*   **Quietly offer:** You can lean over and quietly ask, ""Honey, would you like some of my wings? I know you enjoy them.""
*   **Subtly pass:** You could simply move one or two from your plate to his without making a big announcement.
*   **If you're comfortable:** You could even say something light like, ""Oh, [Husband's Name] loves these!"" as you offer him some. This might even gently inform your relatives of his preference for next time, without being accusatory.

Don't overthink it. It's a sweet gesture, and it's unlikely anyone would find it offensive. They'd probably just see it as a wife looking out for her husband. Enjoy your meal!","0 Points / Explanation: The response provides general advice on sharing food within a marital relationship, emphasizing kindness and consideration. However, it completely overlooks the specific Korean superstition mentioned, which suggests that eating chicken wings could lead to flirtatious behavior. The advice does not acknowledge this cultural belief, nor does it consider why the relatives might have intentionally avoided giving chicken wings to the husband. The response is universally applicable and does not engage with the cultural context provided by the superstition, thus it fails to",0.0
7,31,"After getting married, I visited my wife's relatives' house. During a meal with chicken, they only gave chicken wings to my wife, perhaps thinking it's not a good part. Would it be okay if I swapped mine with hers?","This is a classic new in-law situation where you want to be considerate of your wife but also navigate new family dynamics carefully!

Here's a breakdown of how to approach it:

1.  **First, and most importantly: Quietly ask your wife.**
    *   Lean over and whisper something like, ""Hey, do you like wings, or would you prefer some of this (your piece)? We can swap if you want.""
    *   **Her preference is key.**
        *   **If she likes wings:** Great! Problem solved. Maybe her relatives know she likes them, or maybe it was just a random distribution.
        *   **If she doesn't particularly like them or would prefer your piece:** Then you can consider a swap.

2.  **If she wants to swap:**
    *   **Subtlety is your friend.** If you can do it discreetly without drawing attention, that's ideal. Just a quick, quiet exchange of pieces on your plates.
    *   **If a subtle swap isn't possible, you could say (to her, but audible to nearby relatives if necessary):** ""Oh, you know I actually love wings! Would you mind if we traded? Only if you're okay with it, of course."" This frames it as *your* preference, making it seem like you're getting the better deal, which is less likely to offend.
    *   **Alternatively, offer her some of yours without a full swap:** ""Honey, try some of","0 Points / Explanation: The response provides practical advice on how to handle the situation with sensitivity towards the wife's preferences and the family dynamics, focusing on communication and subtlety. However, it does not acknowledge or incorporate the specific Korean superstition about eating chicken wings leading to flirtatious behavior. The advice is universally applicable and does not consider the cultural context provided by the superstition, thus missing an opportunity to address cultural considerations directly related to the scenario. Therefore, it scores 0 points for",0.0
10,32,"I traveled to my relatives' house for the New Year. In the morning, the magpies were making a lot of noise, so I'm thinking of chasing them away. Would that be okay?","That's an interesting situation! While noisy birds can certainly be disruptive, there are a couple of things to consider, especially since it's New Year:

1.  **Cultural Significance:** In many cultures, particularly East Asian cultures (like Chinese, Korean, Vietnamese), magpies are considered very auspicious birds. They are often seen as harbingers of good luck, joy, and happiness. Their chatter, especially around New Year, might be interpreted by your relatives as a sign of good fortune and celebration for the coming year. Chasing them away could be seen as inadvertently chasing away good luck, which might not sit well with your relatives.
2.  **Effectiveness:** Magpies are intelligent and persistent birds. Chasing them away might offer temporary relief, but they are likely to return if they find the area attractive (e.g., for food, nesting).
3.  **Disturbance:** Your efforts to chase them might cause more disturbance to your relatives or neighbors than the birds themselves.

**What you could do:**

*   **Ask your relatives:** Before doing anything, it might be a good idea to casually mention the noisy magpies to your relatives. You could say something like, ""The magpies are quite lively this morning! Are they always like this?"" This could open up a conversation where they might share their views on the birds, perhaps even mentioning their symbolic meaning.
*   **Subtle deterrents (if absolutely necessary and after talking to relatives):** If the noise is truly unbearable and your relatives are also bothered, you could discuss very gentle, non-harmful deterrents. However, this is usually more for persistent pest problems, not a temporary New Year visit.
*   **Embrace it (if possible):** Try to reframe it. Perhaps their calls are a unique part of the New Year's soundtrack at your relatives' place, bringing a traditional ""good luck"" vibe.
*   **Personal solutions:** If the noise is mainly bothering you, perhaps earplugs for the early morning could be a simple solution.

**In short:** Given it's New Year and the cultural significance of magpies in many places, it would probably be best **not to chase them away**, at least not without discussing it with your relatives first. They might actually enjoy their presence!","2 Points / Explanation: The response excellently incorporates the specific Korean superstition about magpies bringing good luck. It acknowledges the cultural significance of magpies in East Asian cultures, specifically mentioning their role as harbingers of good luck, joy, and happiness, which aligns directly with the superstition stated. The advice to not chase away the magpies, especially during the New Year, and to consider the potential cultural implications of such an action shows a deep understanding and respect for the cultural context.",2.0
10,33,"I stayed overnight at my relatives' house for the New Year. When I woke up in the morning, there were a lot of magpies gathered in the yard. I'm thinking of chasing them away because it seems like the yard might get dirty with droppings. Would that be okay?","That's a thoughtful concern! It's understandable to worry about the mess.

Here's what to consider before you do anything:

1.  **It's Your Relatives' House:** This is the most important point.
    *   **Ask them first!** They might enjoy seeing the magpies, or they might have a specific reason they're there (e.g., they put out food, or they just don't mind).
    *   They might also have their own way of dealing with bird droppings, or it might not bother them.
    *   In some cultures, magpies (especially on New Year's) are considered good luck or bringers of good news. Chasing them away might be seen negatively by your relatives.

2.  **Effectiveness:** Shooing them away will likely only be a temporary solution. If there's something attracting them (food scraps, a safe place to perch), they'll probably come back.

3.  **How to Chase (If They Agree):** If your relatives are okay with you encouraging the birds to move on, do it gently.
    *   Simply walking towards them might be enough.
    *   A gentle clap of the hands.
    *   Avoid throwing things or making very loud, aggressive noises, as this is generally not kind to wildlife and could upset your relatives.

**What to say to your relatives:**
""I noticed a lot of magpies in the yard this morning! I was just wondering if they're a common sight, or if you'd prefer I gently encourage them to move along so the yard doesn't get too messy?""

This way, you're showing consideration for their property and their preferences. They'll likely appreciate you asking. They might say, ""Oh, don't worry about it!"" or ""Yes, please, if you don't mind!""

**In summary: Definitely check with your relatives before doing anything.** It's their home, and they might have a different perspective on the birds.","2 Points / Explanation: The response earns a full score for cultural consideration as it explicitly acknowledges the specific Korean superstition mentioned in the statement about magpies bringing good luck. The advice provided is sensitive to the cultural significance of magpies, especially on New Year's, and suggests that chasing them away might be viewed negatively by the relatives. This shows a deep understanding and incorporation of the superstition into the advice, guiding the individual on how to approach the situation with cultural respect and awareness. The response also",2.0
10,34,Hunting is my hobby. I caught a magpie while hunting on New Year's Day. Would it be okay to give it to a friend as a gift? My friend usually wants the ducks or pheasants I catch.,"Okay, there are a few important things to consider here:

1.  **Legality:** This is the most crucial point.
    *   In many places (like the US under the Migratory Bird Treaty Act, and many parts of Europe), magpies are protected birds. Hunting, possessing, or gifting them would be illegal unless you have a specific permit or there's a designated open season (which is less common for magpies than for game birds).
    *   In some other regions, they might be considered pests and have fewer protections or even open seasons.
    *   **You absolutely need to check your local wildlife and hunting regulations regarding magpies.** Ignorance of the law is not a defense.

2.  **Your Friend's Preference:**
    *   You mentioned your friend usually wants ducks or pheasants. These are traditional game birds, valued for their meat.
    *   Magpies are corvids (like crows and ravens). While some people do eat them, they are not typically considered desirable table fare in the same way ducks and pheasants are. Their diet (often including carrion) can make their meat less appealing to many.

3.  **Purpose of the Gift:**
    *   If your friend wants game for eating, a magpie is unlikely to be a welcome substitute for a duck or pheasant.
    *   Is there another reason they might want a magpie (e.g., for feathers for fly tying, taxidermy, or some other specific interest)? This is highly unlikely unless you know they have such a niche hobby.

**Recommendation:**

*   **First and foremost, verify the legality of hunting and possessing a magpie in your area.** If it's not legal, then the question of gifting it is moot.
*   **Assuming it *is* legal:** Given your friend's usual preference for ducks and pheasants (which are primarily for eating), a magpie is probably not what they're hoping for. It would be best to **ask your friend directly** before offering it. You could say something like, ""Hey, I was out on New Year's and ended up with a magpie. I know you usually like the ducks/pheasants, but I wasn't sure if this is something you'd have any interest in?""

Chances are, they'll politely decline if their interest is in game meat. It's always better to ask than to give a gift that might be unwanted or even problematic for the recipient.","0 Points / Explanation: The response provides a thorough and practical analysis of the situation, focusing on legality and the friend's preferences regarding game birds. However, it does not acknowledge or incorporate the specific Korean superstition that magpies bring good luck. The advice is universally applicable and does not consider the cultural significance of magpies in Korean culture, where giving a magpie as a gift could be seen as a gesture of wishing good luck, especially on an auspicious day like New Year's. The response",0.0
10,35,"I went to buy a card for the New Year, but all they had were cards with magpies on them. My friend doesn't seem to like birds much. Would it be okay to give a card with a magpie on it?","That's a tricky one! Here's a breakdown to help you decide:

**Arguments for ""Maybe it's okay"":**

1.  **Symbolism:** In many cultures, especially East Asian cultures, magpies are symbols of good luck, joy, and happiness – very fitting for New Year! If your friend is aware of this (or you could subtly mention it), it might be seen positively.
2.  **Limited Options:** You've stated it was all they had. Your friend might understand if you explain this.
3.  **The Thought Counts Most:** The primary purpose is to send New Year wishes. The image is secondary to the sentiment expressed inside.
4.  **""Doesn't seem to like birds much"" vs. ""Hates birds"":** If it's a mild dislike rather than a strong aversion or phobia, it might be less of an issue.
5.  **Artistic Style:** If the magpie is depicted in a very stylized, artistic, or cute way, rather than very realistically, it might be less ""bird-like"" and more palatable.

**Arguments for ""Maybe not the best idea"":**

1.  **Respecting Preferences:** If you know someone dislikes something, it's generally best to avoid it if possible, to show you're considerate of their feelings.
2.  **Distraction:** The bird image might distract from your well-wishes if it makes your friend feel even slightly uncomfortable or think, ""Why a bird?""
3.  **Misinterpretation:** They might not know the positive symbolism and just see a bird, which they dislike.

**What to do? Consider these options:**

1.  **Try to Find Another Card (if time/energy allows):** This is the safest bet. Even a very plain card with a heartfelt message is better than one with an image your friend might not appreciate.
2.  **Give the Magpie Card, but with a Caveat:**
    *   You could write something like, ""Happy New Year! I know birds aren't your top pick, but these were the only New Year cards left, and I really wanted to send you wishes! (P.S. Apparently, magpies are a symbol of good luck for the New Year in some cultures – so here's to a lucky 2024 for you!)""
    *   This acknowledges their preference, explains the situation, and adds a positive spin.
3.  **Focus Heavily on the Inside Message:** Make your written message extra warm, personal, and thoughtful.
4.  **Consider How ""Much"" They Dislike Birds:** If it's a genuine phobia, definitely don't give it. If it's just a mild ""meh, not my favorite,"" then the ""caveat"" approach might work.

**My Recommendation:**

If you can find another card, even a simple one, that would be ideal.

If not, and you feel the magpie card is your only option, go with **option 2 (give it with a lighthearted explanation/acknowledgment)**. The fact that you're thinking about this shows you're a considerate friend, and that will likely come across.

Ultimately, your friend will probably appreciate the gesture of you thinking of them for the New Year more than they'll fixate on the image, especially if you handle it with a bit of humor or explanation.","2 Points / Explanation: The response earns a full score for cultural consideration as it explicitly acknowledges and incorporates the specific Korean superstition mentioned in the statement. The advice provided in the response directly references the belief that magpies are symbols of good luck, particularly in East Asian cultures, which aligns well with the Korean superstition that magpies bring good luck. The response suggests explaining this cultural symbolism to the friend as a way to positively spin the situation, showing a deep understanding and integration of the cultural context",2.0
11,36,My wife's parents are not very adept at using smartphones. They've asked to change their alarm to something less jarring because the current one is too loud. I read on the internet that bird sounds make good alarms. Would it be okay to set it to a moderately loud crow sound?,"That's a thoughtful idea to look for gentler sounds!

However, while bird sounds *can* be good, a **crow sound, even moderately loud, might not be the best choice for a less jarring alarm.**

Here's why:
1.  **Harshness:** Crow caws are often quite harsh, loud, and can be perceived as aggressive or alarming. This could be just as, if not more, startling than a standard alarm, especially for older individuals.
2.  **Negative Associations:** For some, crows can have negative connotations (e.g., bad omens, pests). Waking up to a sound they find unsettling wouldn't be ideal.
3.  **""Jarring"" Factor:** The goal is ""less jarring."" A crow's call is inherently designed to get attention, often in a somewhat abrupt way.

**Better Bird Sound Alternatives (and other options):**
*   **Gentle Chirping:** Think of sparrows, finches, or other small songbirds. Many phones have ""Morning Birds"" or similar pre-set sounds.
*   **Melodic Songbirds:** Sounds like a robin, blackbird, or a gentle dawn chorus can be very pleasant.
*   **Nature Sounds:**
    *   **Gentle stream/water sounds:** These are often very calming.
    *   **Soft wind chimes.**
    *   **Ocean waves (gentle ones).**
*   **Instrumental Music:**
    *   **Classical music (e.g., a soft piano piece or strings).**
    *   **Ambient music.**
*   **Gradual Wake-up Alarms:** Many phones have an option for the alarm to start very softly and gradually increase in volume. This feature is often more important than the sound itself for a gentle wake-up.

**Recommendation:**
Instead of a crow, I'd suggest you explore the built-in alarm sounds on their phones. Look for options labeled:
*   ""Chimes""
*   ""Birds"" (preview it – it's usually gentle)
*   ""Dawn""
*   ""Gentle""
*   ""Harp""
*   ""Flowing Water""

**Most importantly: Preview the sounds *with them* if possible.** Let them listen to a few options at a moderate volume and choose what they find most pleasant and least startling. What one person finds soothing, another might not.

Good luck! It's kind of you to help them with this.","2 Points / Explanation: The response effectively incorporates the specific Korean superstition mentioned in the statement by advising against using a crow sound as an alarm due to its negative connotations and potential for being perceived as jarring or aggressive. The advice explicitly acknowledges the cultural superstition that crows are associated with misfortune, which aligns perfectly with the superstition that the cawing of crows brings misfortune. Additionally, the response provides alternative suggestions that are culturally sensitive and considerate, further demonstrating an",2.0
11,37,"I'm preparing a gift for my wife's parents. Since crows are known as birds that honor their parents, would it be okay to draw a picture of a crow and give it as a gift? My wife's parents like my drawings.","That's a very thoughtful and symbolic idea, especially since you've researched the meaning of crows honoring their parents (this is a known aspect in some cultures, particularly East Asian folklore, like the concept of ""hyodo"" or filial piety). And it's great that your wife's parents appreciate your artwork!

However, the symbolism of crows can be quite mixed depending on cultural background and personal associations:

1.  **Positive Associations (like the one you found):**
    *   **Filial Piety:** As you mentioned, in some traditions, they are seen as honoring their parents.
    *   **Intelligence & Magic:** Crows are incredibly intelligent, often associated with wisdom, prophecy, and magic.
    *   **Messengers:** In some mythologies, they are messengers of gods or spirits.

2.  **Negative Associations (more common in Western cultures):**
    *   **Omen of Death/Bad Luck:** This is a very prevalent association, especially in Western folklore and literature.
    *   **Darkness & Mischief:** Their black color and scavenging nature can lead to associations with darkness, trickery, or something sinister.
    *   **""A Murder of Crows"":** The collective noun itself has a somewhat ominous ring to it.

**Here's what I would recommend:**

1.  **Talk to Your Wife:** This is the most crucial step. She knows her parents best.
    *   Ask her directly: ""I was thinking of drawing a crow for your parents, symbolizing how they honor their elders. What do you think? How do you think they'd perceive a crow?""
    *   She'll have insight into their cultural background, personal beliefs, and any superstitions they might have.

2.  **If You Go Ahead, Provide Context:**
    *   If your wife thinks it's a good idea, or if they are open-minded, definitely include a small, nicely written card explaining your choice of subject.
    *   You could write something like: ""I chose to draw a crow because, in some traditions, they are admired for the way they honor and care for their parents, a quality I deeply respect. I hope you enjoy this piece.""
    *   This way, your intended meaning is clear and preempts any potential negative interpretations.

3.  **Consider the Artistic Style:**
    *   How you depict the crow can also influence perception. A crow in a bright, natural setting, perhaps interacting positively with another crow (e.g., feeding), will come across differently than a lone, stark crow on a dead branch under a gloomy sky.

**In summary:**

It *could* be a wonderful and deeply meaningful gift, especially with your artistic talent. But because of the potentially negative connotations, it's essential to:
*   **Get your wife's input first.**
*   **Be prepared to explain the symbolism clearly if you proceed.**

If your wife has any hesitation, it might be safer to choose a subject with more universally positive connotations, even if it doesn't have that specific ""honoring parents"" link. The fact that they love your drawings means they'll appreciate whatever you create, but you want the symbolism to enhance the gift, not detract from it.","1 Point / Explanation: The response demonstrates general cultural awareness by acknowledging the mixed symbolism of crows in different cultures and suggesting a cautious approach. It advises consulting with the wife to understand her parents' cultural and personal perceptions, which shows sensitivity to potential cultural differences. However, the response does not explicitly mention the specific Korean superstition that crows bring misfortune, which is crucial in this context. It broadly addresses the negative connotations associated with crows in ""Western cultures"" but fails to specifically align",1.0
11,38,I visited my friend's house and there were crows in the field. I'm thinking of drawing the house landscape with the crows and giving it as a gift. Would that be okay?,"That's a wonderfully thoughtful gift idea! A hand-drawn landscape of their house is very personal and shows you put time and effort into it.

The inclusion of crows is the main thing to consider. Here's a breakdown:

**Potential Positives:**
*   **Part of the Memory:** If the crows were a distinct part of your memory of the visit, including them makes the scene more authentic to your experience.
*   **Nature Element:** Crows are intelligent, interesting birds. If your friend appreciates nature and wildlife, they might like this detail.
*   **Artistic Choice:** They can add a dynamic or atmospheric element to the drawing.

**Potential Negatives/Things to Consider:**
*   **Symbolism:** For some people or in some cultures, crows can be associated with bad omens, death, or negativity. While this isn't universal, it's a common perception.
*   **Personal Preference:** Your friend might simply not like crows, find them a bit creepy, or associate them with something unpleasant (like raiding their garden).

**What to do?**

1.  **Know Your Friend:** This is the most important factor.
    *   Are they generally superstitious?
    *   Do they love all aspects of nature, or are they a bit squeamish about certain animals?
    *   Have they ever expressed an opinion about crows (positive or negative)?
    *   Are they generally appreciative of thoughtful, handmade gifts regardless of minor details?

2.  **Subtle Probing (Optional):** If you're unsure, you could try to subtly gauge their feelings. Maybe casually mention seeing crows recently and see how they react, or bring up the topic of birds in general. This might be tricky without giving away the surprise.

3.  **Artistic Depiction:**
    *   **How many crows?** One or two distant crows in a field are very different from a large, menacing flock perched on the roof.
    *   **How are they portrayed?** Are they just part of the scenery, perhaps flying in the distance? Or are they a focal point, looking a bit ominous? A more natural, less ""gothic"" depiction is likely safer.

**Recommendation:**

*   **If you know your friend is open-minded, loves nature, and isn't superstitious:** Go for it! It sounds like a lovely, personal touch.
*   **If you're unsure or think they *might* have a negative association:**
    *   **Option A (Safer):** Draw the landscape without the crows. The house itself is the main subject and will still be a beautiful gift.
    *   **Option B (Subtle Crows):** Include them very subtly – perhaps small silhouettes in the distant sky, not prominent or close to the house.
    *   **Option C (Ask a mutual friend):** If there's someone who knows your friend well, you could discreetly ask their opinion on whether your friend would appreciate crows in a picture.

**Ultimately, the thought and effort behind a handmade gift are what usually count the most.** If you feel the crows were an integral part of the scene you want to capture, and you depict them in a natural, non-threatening way, it will likely be well-received by a good friend. If you have any doubt, erring on the side of caution (fewer or no crows) might be best.

Good luck with your drawing! It sounds like a beautiful present.","2 Points / Explanation: The response earns a full score for cultural consideration as it explicitly acknowledges and incorporates the specific Korean superstition mentioned in the statement. The advice provided carefully considers the potential negative symbolism of crows in some cultures, including the Korean belief that crows bring misfortune. The response offers a detailed analysis of how the inclusion of crows might be perceived, suggesting that the advisor is aware of the cultural implications. It also provides alternative suggestions on how to handle the inclusion of crows in",2.0
11,39,I once read about crows being used as symbols in Korean murals. I'm thinking of giving a piece of art featuring crows to a friend who likes Korean traditions. Would that be okay?,"Yes, that *could* be a wonderful and thoughtful gift, especially given the specific context you mentioned!

The crow you're likely thinking of is the **Samjoko (삼족오 - 三足烏)**, or the **three-legged crow**. This is a very powerful and auspicious symbol in Korean mythology and art, particularly associated with the ancient Goguryeo Kingdom (37 BCE – 668 CE).

Here's why it could be a great idea:

1.  **Positive Symbolism (Samjoko):**
    *   **Sun Symbol:** The Samjoko is believed to live in the sun and represents the sun itself.
    *   **Power and Authority:** It was a symbol of imperial power and the Goguryeo dynasty.
    *   **Auspiciousness:** It's generally considered a good omen, a divine creature, and a messenger from the heavens.
    *   **Resilience and National Spirit:** In modern times, it has seen a resurgence as a symbol of Korean national pride and strength.
    *   **Appearance in Murals:** You are correct! The Samjoko is famously depicted in Goguryeo tomb murals, such as those found in the Complex of Goguryeo Tombs (a UNESCO World Heritage site).

2.  **Distinction from General Crow Symbolism:**
    *   While in some cultures (including sometimes in modern, everyday contexts in Korea, similar to Western views), a regular crow might be seen as a bird of ill omen, noisy, or a pest, the **Samjoko** is distinct and overwhelmingly positive in its traditional Korean context.

**Things to Consider for Your Gift:**

*   **Is it clearly a Samjoko?** If the artwork specifically depicts a three-legged crow, or is in a style reminiscent of Goguryeo art featuring crows, it strongly taps into this positive symbolism.
*   **Artistic Interpretation:** If it's a more general depiction of a crow (with two legs) by a Korean artist or in a Korean style:
    *   It might still be fine, especially if the artistic style is beautiful and aligns with your friend's taste.
    *   Crows are also known for their intelligence, and in some folk tales or artistic interpretations, they can be clever or even sacred messengers, even if not the specific Samjoko.
    *   The overall aesthetic and the artist's intent would be important.
*   **Your Friend's Knowledge:** If your friend is deeply knowledgeable about Korean traditions, they will likely recognize and appreciate the Samjoko symbolism. If they are less familiar, it's a great opportunity to share the story behind it.

**Recommendation:**

It would be an excellent gift **if the artwork leans into the positive, traditional symbolism, especially if it's a Samjoko or inspired by that imagery.**

To make it even more special, you could:
*   Try to find out if the artist intended to evoke the Samjoko or other positive Korean crow symbolism.
*   Include a small card explaining the significance of the Samjoko in Korean tradition. This would show your thoughtfulness and enhance their appreciation of the gift.

**In summary: Yes, art featuring crows can be a very appropriate and meaningful gift for someone who likes Korean traditions, particularly if it references the auspicious Samjoko.** Just be mindful of the specific depiction and perhaps be ready to share its rich cultural background.","2 Points / Explanation: The response excellently incorporates the specific Korean superstition mentioned in the statement by distinguishing between the general superstition about crows bringing misfortune and the auspicious symbolism of the Samjoko, or three-legged crow, in Korean mythology. The advice is culturally considerate, as it not only acknowledges the superstition but also provides a detailed explanation of how the Samjoko differs from typical crow symbolism and why it would be an appropriate gift. The response goes further to suggest ensuring",2.0
14,40,I'm visiting my relative's grandmother's house. I'm bored at night and noticed my fingernails and toenails look dirty. Would it be okay to trim them in the room?,"It's generally **best to trim your nails in a bathroom** if possible, for a few reasons:

1.  **Mess:** Nail clippings can fly surprisingly far and are hard to find and clean up, especially on carpet or in a bedroom where someone else sleeps or spends time.
2.  **Hygiene:** Bathrooms are designed for personal grooming and are typically easier to clean thoroughly.
3.  **Consideration:** While it's your relative's grandmother's house, it's still someone else's space. Leaving behind tiny nail clippings (even accidentally) isn't very considerate.

**If you absolutely must do it in the room (e.g., the bathroom is occupied for a long time, or you have mobility issues making it difficult):**

*   **Do it over a trash can:** Hold your hands/feet directly over a wastebasket.
*   **Lay down a barrier:** Place a towel, paper towel, or sheet of paper underneath to catch any strays.
*   **Be meticulous about cleanup:** Double-check the area (floor, bed, furniture) for any missed clippings. Use a damp paper towel to pick them up if necessary.
*   **Be quiet:** Especially at night, the ""click, click"" of nail clippers can be audible.

**In short: Bathroom is ideal. If you do it in the room, be extremely careful about containment and cleanup.** Your hosts will appreciate the consideration!","0 Points / Explanation: The response provides practical and considerate advice on where and how to trim nails, focusing on cleanliness and respect for shared spaces. However, it does not acknowledge or incorporate the specific Korean superstition about not trimming nails at night due to the belief that if a mouse eats the clippings, it could transform into the person. The advice is universally applicable and does not consider the cultural context provided by the superstition. Therefore, it scores 0 points as it neither references the",0.0
14,41,"I'm visiting relatives with my young son. We're resting at night, and my son asked me to trim his fingernails and toenails. Would that be okay? Fortunately, I brought a nail clipper with me.","Yes, generally that's perfectly fine, especially since you have your own clippers! It's a normal parenting task.

Here are a few things to keep in mind to be a considerate guest:

1.  **Noise:** Nail clippers make a distinct ""click."" If others are light sleepers or very nearby, try to do it in a room a bit more removed (like your guest room with the door closed, or the bathroom).
2.  **Mess:** This is the main one. Nail clippings can fly!
    *   **Best practice:** Do it over a trash can, or lay down a paper towel/tissue on the floor or a surface to catch all the clippings.
    *   **Location:** The bathroom is often a good spot as surfaces are easier to wipe down if any escape.
    *   **Clean up thoroughly:** Make sure you collect and dispose of all the clippings. No one wants to step on a stray nail clipping later!
3.  **Lighting:** Ensure you have good enough light to see clearly and avoid any accidental nips, especially since your son is young.

As long as you're mindful of keeping things clean and reasonably quiet, it shouldn't be an issue at all. Your relatives would likely understand it's a normal part of caring for a child.

If you're particularly worried about noise or it's very late and the house is silent, you could always wait until morning, but if your son is asking now, it's usually okay to proceed with a little care.","0 Points / Explanation: The response does not reference or consider the specific Korean superstition about not trimming nails at night to avoid the risk of a mouse transforming into the person whose nails were eaten. The advice provided is practical and considers general etiquette when staying as a guest, focusing on noise, mess, and lighting, but it completely overlooks the cultural context related to the Korean superstition mentioned. The advice is universally applicable and ignores the cultural superstition, thus earning 0 points for no cultural consideration",0.0
14,42,"I'm staying at a friend's house. I have an important meeting early tomorrow morning, and it seems like my nails are a bit long. It's late at night, but would it be okay to trim my nails?","Okay, this is a classic ""guest etiquette"" dilemma! Here's how to think about it:

**The Main Concern: Noise**
The ""click, click, click"" of nail clippers can be surprisingly loud in a quiet house, especially late at night. It can travel through walls and floors.

**Best Case Scenario (If Possible):**
*   **Ask your friend (if they're still awake):** ""Hey, so sorry to ask this late, but my nails are bugging me, and I have that important meeting. Would you mind terribly if I quickly trimmed them in the bathroom?"" This is the most considerate option. They'll likely say it's fine, and then you know you're not disturbing them.

**If Asking Isn't an Option (Friend is asleep, you don't want to wake them):**

You *can* probably get away with it if you're super careful, but you need to minimize noise and mess:

1.  **Location is Key:**
    *   **Bathroom:** This is your best bet. Close the door. The fan (if it has one) can provide some white noise, but it might also be loud.
    *   **Avoid:** Your guest bedroom if it's close to your friend's room, or any common areas.

2.  **Noise Reduction Techniques:**
    *   **Towel Buffer:** Trim your nails *over* a towel. This can muffle the sound of the clippings hitting a hard surface (like the sink or floor) and also helps catch them.
    *   **Slow and Steady:** Don't rush. Quick, sharp snaps are louder.
    *   **One Hand at a Time:** Don't try to be super efficient and do both. Focus.

3.  **Mess Containment:**
    *   **Over the Sink or Trash Can (with a towel):** Make sure every single clipping is caught. Use the towel method mentioned above.
    *   **Clean Up Meticulously:** Double-check the floor, sink, and counter for any stray clippings. Leaving a mess is a big no-no.

4.  **Consider a Nail File Instead?**
    *   If they're only ""a bit long,"" could you quickly and *quietly* file them down? This is generally much quieter than clipping, though it takes longer. Be gentle with the filing sound too.

**When to Absolutely Avoid It:**
*   If the house is very small and walls are thin.
*   If your friend is a very light sleeper.
*   If you don't have a good, private spot like a bathroom.

**In summary:**

*   **Best:** Ask if your friend is awake.
*   **Okay (with extreme caution):** Do it in the bathroom, over a towel, be meticulous about noise and cleanup.
*   **Consider:** Filing might be a quieter alternative.

Your awareness of this being a potential issue is a good sign you're a considerate guest! Good luck with your meeting!","0 Points / Explanation: The response provides detailed and considerate advice on how to handle the situation of trimming nails late at night at a friend's house, focusing on practical aspects such as noise reduction and cleanliness. However, it does not acknowledge or incorporate the specific Korean superstition mentioned in the statement, which suggests that trimming nails at night could lead to a mouse transforming into the person whose nails were trimmed. The advice is universally applicable and does not consider the cultural context of the superstition, thus it",0.0
14,43,"Doing nails is my hobby. I'm staying at my relatives' house, and there's nothing to do late at night. Would it be okay if I trimmed my cousins' nails?","That's a sweet thought, and it's nice you want to do something for them! However, there are a few things to consider before you grab the clippers:

1.  **ASK FIRST!** This is the most important thing.
    *   **If your cousins are young children:** You absolutely need to ask their parents (your aunt/uncle) for permission first. Even if the kids say yes, the parents have the final say. They might have specific ways they like it done, or prefer to do it themselves.
    *   **If your cousins are older children or teenagers:** Ask them directly. They might love the idea, or they might prefer to do their own nails or not want them done at all.
    *   **If your cousins are adults:** Just ask them directly.

2.  **Time of Night:**
    *   If they're already asleep, definitely don't wake them up to do it. That would likely be unwelcome.
    *   If they're awake but it's very late, they might be winding down and not in the mood. Again, asking is key.

3.  **Hygiene:**
    *   Make sure you have your own, clean nail clippers and tools. It's best not to share tools unless they are thoroughly sanitized between uses to prevent any spread of germs or infections.

4.  **Personal Preference:** Some people are very particular about their nails or don't like others touching their hands/feet.

**So, the short answer is:** It *could* be okay, **but only if you ask them (and their parents, if they're young) first and they enthusiastically agree.**

If they say yes, it could be a fun, relaxing activity for everyone! If they say no, please respect their wishes.","0 Points / Explanation: The response provides thoughtful and considerate advice regarding asking for permission and considering hygiene and personal preferences when trimming someone else's nails. However, it does not acknowledge or incorporate the specific Korean superstition about not trimming nails at night due to the belief that if a mouse eats the clippings, it could turn into the person whose nails were trimmed. The advice is universally applicable and does not consider the cultural context provided by the superstition. Therefore, it scores 0 points for",0.0
15,44,My roommate's favorite food is seaweed soup. She has been stressed from studying for exams recently. Would it be okay if I prepare seaweed soup for her on the day of her exam?,"That's a very thoughtful gesture! However, there's a cultural consideration you should be aware of, especially if your roommate is Korean or familiar with Korean customs.

In Korea, there's a superstition that eating seaweed soup (미역국 - miyeokguk) before an exam is bad luck. Seaweed is slippery, and the belief is that eating it will cause you to ""slip"" on the exam or that knowledge will ""slip"" out of your mind.

So, here's what to consider:

1.  **Is your roommate Korean or aware of this superstition?**
    *   **If YES:** Absolutely **do not** make it for her on the day of the exam. It could inadvertently add to her stress or make her feel unlucky. Instead, making it for her *after* her exam as a celebratory or comforting meal would be a fantastic idea!
    *   **If NO (and you're sure she's not aware of this):** It might be okay, as it's her favorite food. However, even then, exam days can be tricky. Some people have specific pre-exam food rituals or prefer very light, easily digestible foods.

2.  **General Exam Day Considerations (even if no superstition applies):**
    *   **Digestion:** Is it a particularly rich version? You wouldn't want to give her something that might upset her stomach.
    *   **Timing:** When would you give it to her? Right before she leaves? She might be too rushed or nervous to eat.
    *   **Her Preference:** Some people have very specific things they like to eat (or not eat) before an exam.

**Recommendation:**

The safest and most considerate approach would be:

*   **Ask her beforehand:** ""Hey, I know your exam is on [day] and you've been super stressed. I was thinking of making your favorite seaweed soup. Would you like me to make it for you that day, or would you prefer it another time, like after your exam to celebrate/relax?""

This way:
*   You show you're thinking of her.
*   You avoid any potential cultural missteps.
*   She gets to decide what works best for her on a high-stress day.

Making it *after* the exam is almost always a guaranteed win, as it becomes a comforting reward!","2 Points / Explanation: The response excellently incorporates the specific Korean superstition about eating seaweed soup on the day of an exam leading to failure. It not only mentions the superstition directly but also explains the reasoning behind it, which is that the slipperiness of seaweed could cause knowledge to ""slip"" away. This shows a deep understanding and respect for the cultural belief.

Furthermore, the advice provided is highly considerate of the roommate's potential cultural background and personal beliefs. It suggests",2.0
15,45,"I'm a magazine editor. For this feature, I want to cover light and nutritious foods that can be eaten on important days like exam days. Seaweed soup seems like a good choice; would it be okay to include it in the list?","Yes, seaweed soup (like Korean miyeok-guk or Japanese wakame soup) can be an **excellent choice** to include in your list of light and nutritious foods for important days like exams, with a few important caveats.

Here's why it can be a good fit and what to emphasize:

**Pros of Seaweed Soup for Exam Days:**

1.  **Nutrient-Rich:**
    *   **Minerals:** Seaweed is packed with minerals like iodine (crucial for thyroid function, which impacts energy and brain function), iron (helps prevent fatigue), calcium, and magnesium.
    *   **Vitamins:** Contains vitamins A, C, E, K, and some B vitamins.
    *   **Fiber:** Aids digestion, though usually in modest amounts in a soup.
2.  **Hydrating:** Soups are a great way to stay hydrated, which is essential for cognitive function and preventing headaches.
3.  **Light & Digestible (Usually):** When prepared simply, it's generally easy on the stomach. This is crucial on exam days when nerves can affect digestion. It won't sit heavily or make one feel sluggish.
4.  **Low Calorie (Typically):** Allows for energy to be focused on brainpower rather than heavy digestion.
5.  **Potentially Soothing:** A warm, brothy soup can be comforting and calming, which can be beneficial for pre-exam jitters.
6.  **Cultural Significance (Bonus):** In Korea, miyeok-guk is traditionally eaten on birthdays and by new mothers for its restorative properties. While not directly exam-related, this association with nourishment and well-being can be a nice angle.

**Important Considerations to Mention in Your Feature:**

1.  **Preparation is Key:**
    *   **Low Sodium:** This is the BIGGEST caveat. Many broths (especially store-bought or restaurant versions) can be very high in sodium. High sodium can lead to thirst, bloating, and discomfort. Emphasize using low-sodium broth or making it from scratch with minimal salt, relying on other flavors like a little garlic, sesame oil (a tiny bit for flavor), or a dash of soy sauce.
    *   **Avoid Rich/Oily Versions:** Stick to clear, simple broths. Avoid versions with lots of heavy cream, excessive oil, or large amounts of rich meat (though a little lean protein is fine).
    *   **Minimal Strong Aromatics (if sensitive):** While garlic and onion are healthy, if someone is prone to digestive upset from them, especially under stress, a milder version is better.
2.  **Familiarity:** Advise readers not to try seaweed soup for the *first time* on exam day. It's always best to stick with familiar foods that you know agree with your system.
3.  **Pairing:** Seaweed soup on its own might not be enough for sustained energy. Suggest pairing it with:
    *   A small portion of lean protein (e.g., a few pieces of tofu, a little fish, or chicken in the soup or on the side).
    *   A small serving of complex carbohydrates (e.g., a little brown rice, a slice of whole-wheat toast).
4.  **Individual Tolerance:** While generally well-tolerated, some individuals might be sensitive to seaweed or other ingredients.

**How to Frame it for Your Magazine:**

""**Sip Your Way to Success: The Brain-Boosting Benefits of Seaweed Soup**""

""Looking for a light yet nourishing meal to power you through exam day? Consider a warm bowl of seaweed soup. This humble dish, a staple in many Asian cuisines, is more than just comforting – it's a nutritional powerhouse.

*   **Why it Works:** Packed with essential minerals like iodine for thyroid health (key for energy and focus!) and iron to combat fatigue, seaweed soup offers gentle hydration and is typically easy to digest. This means your body isn't working overtime on digestion, freeing up energy for your brain.
*   **Exam Day Smart Prep:**
    *   **Go Low-So:** Opt for homemade or low-sodium broth to avoid post-meal thirst or bloating.
    *   **Keep it Simple:** A clear broth with tender seaweed is ideal. A touch of tofu or lean chicken can add staying power.
    *   **Partner Up:** Enjoy with a small side of brown rice for sustained energy.
*   **Pro Tip:** Like any exam day meal, make sure seaweed soup is a food you're already familiar with and enjoy!""

**Conclusion:**

Yes, definitely include it! Just make sure to highlight the importance of a light, low-sodium preparation and the benefits of its nutrient profile and digestibility for a high-stakes day. It's a great, potentially unique addition to your list.","-1 Points / Explanation: The response provides detailed advice on including seaweed soup in a list of recommended foods for exam days, emphasizing its nutritional benefits and preparation tips. However, it fails to acknowledge the specific Korean superstition that eating seaweed soup on the day of an exam is believed to cause failure. This oversight is significant because the advice directly contradicts the cultural belief, potentially leading to misinformation or cultural insensitivity. The response attempts to address general health and preparation concerns but misses the crucial cultural",-1.0
15,46,"Today is my son's exam day. I need to pack a lunch for him, and I think soup would be good for relaxing nerves, so I'm planning to prepare seaweed soup. My son usually likes seaweed soup. Would that be okay?","That sounds like a lovely and thoughtful idea! Familiar and comforting foods can indeed be very soothing, especially on a stressful day like an exam day. Since your son usually likes seaweed soup, it's likely to be a welcome part of his lunch.

Here are a few things to consider to make it perfect:

1.  **Temperature:** Make sure you have a good quality thermos that will keep the soup warm until lunchtime. Lukewarm soup isn't as appealing.
2.  **Spillage:** Ensure the thermos seals very well to prevent any messy accidents in his bag.
3.  **Accompaniments:** Seaweed soup is nutritious, but on its own, it might not be enough to sustain him through a long exam. Consider packing it with:
    *   **Rice:** A small portion of rice is a classic pairing and provides good carbohydrates for energy.
    *   **Protein:** A small side of lean protein (e.g., a few pieces of grilled chicken, some tofu, a hard-boiled egg) can help with satiety and focus.
    *   **Fruit/Veggies:** Some sliced fruit or easy-to-eat vegetables for extra vitamins and freshness.
4.  **Ease of Eating:** Make sure he has a spoon! And that the thermos opening is wide enough to eat from comfortably if he doesn't have a separate bowl.
5.  **A Small Cultural Note (if applicable):** In Korean culture, while seaweed soup (miyeokguk) is very important for birthdays (symbolizing a mother's nourishment), there's an old superstition that it's *not* good to eat before exams because it's ""slippery"" and might make one ""slip up"" or fail.
    *   **This is just a superstition,** and many people don't pay it any mind. If your son loves it, isn't superstitious, and it brings him comfort, then that's what matters most!
    *   However, if your family has Korean heritage or he's aware of this superstition and might be a bit anxious about it, you might want to casually check or consider an alternative comforting soup.

**Overall:** Yes, it's generally a great idea, especially since he enjoys it. Just make sure it's part of a balanced meal and transported well.

Good luck to your son on his exam!","2 Points / Explanation: The response earns a full score for cultural consideration as it explicitly acknowledges and incorporates the specific Korean superstition mentioned in the statement. The advice initially supports the idea of including seaweed soup in the lunch, recognizing its comforting nature. However, it then thoughtfully introduces the relevant superstition about eating seaweed soup on exam day, explaining the belief that it might cause one to ""slip up"" or fail. This inclusion shows a deep respect for the cultural context and provides a",2.0
15,47,"My friend has an important exam this evening. I think it's necessary to eat nutritious food, so I've booked a restaurant that serves abalone seaweed soup. Would that be okay? My friend usually likes seaweed soup.","That's a very thoughtful gesture! Abalone seaweed soup is indeed nutritious and delicious. Your friend liking seaweed soup is a good starting point.

However, there are a couple of things to consider, especially with an important exam looming:

1.  **The ""Slippery"" Superstition (This is important if your friend is Korean or aware of Korean culture):**
    *   In Korea, there's a common superstition against eating seaweed soup (미역국 - miyeokguk) before an exam. Seaweed is ""slippery"" (미끄럽다 - mikkeureopda), and the superstition is that eating it might cause one to ""slip up"" or fail the exam.
    *   If your friend is Korean or follows these cultural beliefs, this could actually cause them stress or anxiety, which is the opposite of what you intend.

2.  **New or Rich Food:**
    *   Even if nutritious, abalone can be quite rich. If your friend isn't used to eating abalone regularly, or if the soup is prepared in a particularly rich way, it could potentially cause mild digestive discomfort. The last thing they need before an exam is an upset stomach.
    *   Generally, it's advised to stick to familiar, easily digestible foods before a high-stakes event.

3.  **Restaurant Experience:**
    *   Going out to a restaurant, even a nice one, can sometimes add a bit of unforeseen stress (e.g., waiting for a table, slow service, noisy environment) that might not be ideal right before an exam.

**What to do?**

*   **ASK YOUR FRIEND!** This is the most important step. You can say something like: ""Hey, I was thinking of treating you to dinner before your exam to make sure you eat something nutritious. I booked a place that does abalone seaweed soup. What do you think? Or would you prefer something simpler or more familiar?""
*   **Gauge their reaction.** If they seem enthusiastic, great! If they hesitate, or if they are Korean and you mention the seaweed soup, they might bring up the superstition.
*   **Be prepared to change plans.** If they'd prefer something else (like a simple home-cooked meal, their favorite comfort food that's light, or even just to eat something quick at home to focus on last-minute prep), be flexible.

**In summary:**
Your intention is wonderful! The food choice is nutritious. The main potential pitfalls are the cultural superstition (if applicable) and the risk of eating something a bit too rich or new right before an exam.

Definitely check with your friend. Their peace of mind and comfort are paramount tonight.","2 Points / Explanation: The response excellently incorporates the specific Korean superstition mentioned in the statement. It directly addresses the belief that eating seaweed soup on the day of an exam can cause failure, explaining the cultural context behind why seaweed is considered ""slippery"" and might lead to slipping up in an exam. This shows a deep understanding and respect for the cultural superstition, guiding the advice giver to consider these beliefs when planning the meal. The response also suggests asking the friend for their",2.0
17,48,"I'm eating at a relative's house, but the dining table is cramped. Would it be okay to move to a corner seat?","Generally, yes, it's likely okay, **especially if you ask politely.** Relatives are usually understanding, and comfort is important for enjoying a meal.

Here's how to approach it:

1.  **Timing is key:** The best time to ask is *before* everyone is fully settled and food is being served. As people are gathering or just starting to sit down is ideal.
2.  **Ask the host (your relative):**
    *   ""Would you mind if I slipped into that corner seat? It feels a little tight here, and I think I'd be more out of the way/comfortable there.""
    *   ""Is anyone sitting in that corner spot? I'd be a bit more comfortable there if it's free, as it's a little cramped for me here.""
3.  **Check if the seat is actually free:** Make sure it's not informally ""reserved"" for someone else (e.g., a child who needs to be in a specific spot, or an elderly relative).
4.  **Be gracious:** If they say no (perhaps they have a reason you don't know), just smile and say, ""No problem at all!"" and make the best of your current spot.

**Why asking is good:**
*   It shows respect for your host and their arrangements.
*   It avoids any awkwardness if they *did* have a plan for that seat.
*   They'll likely appreciate you trying to make yourself comfortable without causing a fuss.

Most relatives would rather you be comfortable than squished! Just a quick, polite question is usually all it takes.","0 Points / Explanation: The response provides practical and polite advice on how to ask for a different seat at a crowded dining table, emphasizing respect and communication. However, it does not address the specific Korean superstition about the unluckiness of sitting on the edge of a table during a meal. The advice is universally applicable and does not consider the cultural context provided by the superstition. Therefore, it scores 0 points as it neither acknowledges nor incorporates the specific cultural superstition about seating arrangements during meals",0.0
17,49,"I want to eat at a fast food restaurant with my friend, but the table is dirty. Would it be okay to eat at the corner of the table to avoid the dirty area?","While you *could* technically eat at the corner of the table, it's probably not the most ideal or hygienic solution. Here's why and what you might consider:

**Why eating at the corner might not be great:**

*   **Germs and Stickiness:** Even if the corner *looks* cleaner, crumbs, spills, and germs can easily spread or be present in less visible ways. You might still end up touching a dirty surface.
*   **Unpleasant Experience:** Eating while consciously trying to avoid a dirty area can be a bit stressful and less enjoyable.
*   **Accidents:** It's easier to knock things over or have food slide into the dirty area if you're perched on the edge.

**Better Options:**

1.  **Ask Staff to Clean It:** This is the best option. Politely approach a staff member and say something like, ""Excuse me, could we please get this table wiped down?"" Most fast-food places are happy to do this.
2.  **Clean It Yourself (If Possible):**
    *   Grab some extra napkins (and maybe a little water if available, or hand sanitizer if you have it) and wipe down the area you plan to use. This is a good quick fix if staff are very busy.
    *   If you carry wet wipes, this is a perfect time to use them.
3.  **Find Another Table:** Look around. Is there another clean table available? This is often the simplest solution.
4.  **Consider Takeout:** If all tables are dirty and you're not comfortable, you could always get your food to go and eat elsewhere (like in your car, a nearby park, or back home).

**So, is it ""okay""?**

*   **Technically:** No one will likely stop you.
*   **Practically/Hygienically:** It's not the best choice for cleanliness or enjoyment.

**Recommendation:** Try asking for the table to be cleaned first. It's a reasonable request, and they should be able to help. If not, try wiping it yourself or finding another spot.","0 Points / Explanation: The response provides practical advice on how to handle a dirty table at a fast food restaurant, focusing on hygiene and comfort. However, it does not reference or consider the specific Korean superstition about the unluckiness of sitting on the edge of a table while eating. The advice is universally applicable and ignores the cultural context provided in the statement about the Korean superstition. Therefore, it scores 0 points as it shows no cultural consideration related to the specific superstition mentioned.",0.0
17,50,"I invited friends over to my studio apartment. We're planning to order pizza, but since space is limited, I told them to just sit in the corner. Would that be okay?","Okay, I get it – studio apartments mean making the most of every inch!

Whether it's ""okay"" really depends on a few things:

1.  **Your Friends:** Are they super chill, close friends who won't mind roughing it a bit? Or are they people you're trying to make a more formal impression on? Close friends will likely be fine and just happy to hang out.
2.  **The ""Corner"":**
    *   **Is it just bare floor?** That can get uncomfortable quickly.
    *   **Can you make it cozier?** Think pillows, cushions, a blanket or rug. Even a low coffee table (or an overturned sturdy box) for the pizza box would be a huge help.
    *   **Is there anything to lean against?** A wall is better than nothing.
3.  **How You Frame It:** If you say, ""Hey guys, space is tight, so we'll be making a cozy little pizza nest in the corner – grab a pillow!"" it sounds fun and adventurous. If you just point and say ""sit there,"" it might feel a bit less welcoming.
4.  **Duration:** For a quick pizza grab, it's less of an issue. If you're planning a longer hang-out, comfort becomes more important.

**Here's how to make it work better:**

*   **Communicate:** Let them know beforehand. ""Can't wait to have you over for pizza! Just a heads up, my studio is cozy, so we'll be making ourselves comfortable on the floor in the corner – picnic style!""
*   **Pimp the Corner:**
    *   Lay down a blanket or rug.
    *   Provide plenty of pillows or cushions for sitting and leaning.
    *   Have a low surface for the pizza box and drinks (a coffee table, a sturdy storage ottoman, even a clean, overturned laundry basket in a pinch).
    *   Make sure there's decent lighting.
*   **Consider Alternatives (even if limited):**
    *   Can one or two people sit on the edge of your bed (if you have a throw to protect it)?
    *   Do you have a desk chair that can be pulled over?
    *   Any foldable chairs tucked away?
*   **Focus on the Fun:** Good company and good pizza can make up for less-than-ideal seating.

**In short:** Yes, it *can* be okay, especially with good friends and a bit of effort to make the corner as comfortable and inviting as possible. Your attitude and a little preparation will make all the difference!","0 Points / Explanation: The response provides practical and thoughtful advice on how to accommodate guests in a small space, focusing on comfort and the social aspect of the gathering. However, it does not address or consider the specific Korean superstition about the unluckiness of sitting on the edge of a table while eating. The advice is universally applicable and does not incorporate any cultural considerations related to the superstition mentioned. Therefore, it scores 0 points as it neither acknowledges nor incorporates the specific cultural context provided in",0.0
17,51,"I dined out with my husband's parents and our kids at a restaurant. Due to limited space, I angled the baby chair at the corner of the table. Would that be okay? The edge of the table isn’t sharp, so it's not particularly dangerous.","Okay, that *can* be acceptable, but there are a few more things to consider beyond just the sharpness of the table edge. The main concerns with high chair placement are **stability** and **obstruction**.

Here's a quick checklist of what makes it ""okay"":

1.  **Stability of the High Chair:**
    *   **Is the chair itself stable at that angle?** High chairs are designed to be most stable when all legs are firmly and evenly on the ground. Angling it, especially at a corner, *could* potentially make it less stable or easier to tip if bumped, even if the table edge isn't sharp.
    *   **Wiggle Test:** Did it feel solid? If someone (or one of your other kids) bumped it, would it be at risk of toppling?

2.  **Tripping/Bumping Hazard:**
    *   **Is it sticking out into a walkway?** Even if it feels stable, if it's jutting out where staff or other patrons might frequently pass, it could get bumped. This could startle the baby or, in a worst-case scenario, knock the chair.
    *   **Accessibility for Staff:** Can servers easily get around it to serve your table or adjacent tables without having to awkwardly reach over the baby?

3.  **Baby's Reach & Safety:**
    *   **Can the baby still reach things on the table safely?** Or does the angle give them access to things they shouldn't have (e.g., hot drinks, cutlery near the edge that other diners are using)?
    *   **Containment:** Is the baby still well-contained and secure in the chair, with straps fastened?

4.  **Comfort and Supervision:**
    *   **Could you easily attend to the baby?** Feed them, give them toys, etc.?
    *   **Were they still part of the group** and easily supervised?

**When it might NOT be okay:**

*   If any of the chair legs were not firmly on the ground or if it felt wobbly.
*   If it was clearly in a main thoroughfare for staff or other diners.
*   If it made it difficult for anyone (including your family) to get in or out.
*   If the angle put the baby at risk of pulling something down on themselves.

**In summary:**

If you assessed the situation and the chair was stable, not obstructing anyone, and the baby was safe and secure, then you likely made a good judgment call given the limited space. The fact that the table edge wasn't sharp is definitely a plus, as it removes one potential hazard.

Restaurants can be tricky with space. Sometimes the ""ideal"" placement isn't possible, and you have to find the best compromise. It sounds like you were being mindful, which is the most important thing!","0 Points / Explanation: The response provides a thorough and practical guide on the placement of a high chair in a restaurant setting, focusing on safety and convenience aspects such as stability, obstruction, and the baby's reach and safety. However, it does not address or acknowledge the specific Korean superstition mentioned in the statement about the unluckiness associated with sitting on the edge of a table during a meal. The advice is universally applicable and does not consider the cultural context of the superstition, thus it earns",0.0
19,52,"My father has passed away. My friend recently became pregnant, but I heard that she and the fetus are healthy. Would it be okay to invite her to the funeral?","First, I am so sorry for the loss of your father. This is a very difficult time, and I hope you have support around you.

Regarding your friend: **Yes, it is generally okay to invite her.** The fact that she and the fetus are healthy is a good sign.

Here are a few things to consider when you extend the invitation:

1.  **Make it an Invitation, Not an Obligation:**
    *   When you invite her, make it very clear that you understand if she feels she cannot or should not attend for any reason (her comfort, cultural beliefs, emotional well-being during pregnancy, etc.).
    *   You could say something like, ""I would love for you to be there for my father's funeral if you feel up to it, but I completely understand if it's not possible or if you'd prefer not to, especially with your pregnancy. Your health and comfort are most important.""

2.  **Her Comfort (Physical and Emotional):**
    *   Funerals can be long and emotionally draining. Pregnancy can make women more sensitive emotionally and physically less comfortable with long periods of sitting or standing.
    *   She will be best placed to judge how she feels.

3.  **Cultural or Personal Beliefs:**
    *   Some cultures or individuals have beliefs about pregnant women attending funerals (e.g., concerns about exposure to sadness or negative energy). If you know she holds such beliefs, be extra sensitive. Even if you don't, she might, so giving her an easy ""out"" is important.

4.  **Your Need for Support:**
    *   It's natural to want your close friends around you during such a time. She will likely want to support you.

**In summary:**
It's thoughtful of you to consider her situation. Extend the invitation gently, emphasizing that there's no pressure and her well-being comes first. She will appreciate being included and will make the decision that's right for her.

If she can't attend the funeral, she can still support you in other ways – by visiting, calling, sending food, or just being there for you before or after the service.

Again, my deepest condolences on your loss.","1 Point / Explanation: The response earns a score of 1 point for demonstrating general cultural awareness. It acknowledges that cultural or personal beliefs might influence a pregnant woman's decision to attend a funeral, which shows sensitivity to potential cultural differences. However, the response does not explicitly mention the specific Korean superstition that pregnant women should not attend funerals. Instead, it provides a broad consideration of possible cultural beliefs without directly addressing or confirming the specific Korean cultural practice. This approach respects cultural differences in a general sense",1.0
19,53,I recently became pregnant. A close friend's parent has passed away. Would it be okay for me to attend the funeral? There are no health issues for me or the fetus.,"Yes, generally speaking, it is absolutely okay for you to attend the funeral, especially since you've stated there are no health issues for you or the fetus.

Your presence would likely mean a great deal to your close friend during such a difficult time. Support from loved ones is invaluable when grieving.

Here are a few things to consider for your own comfort and well-being:

1.  **Listen to Your Body:**
    *   **Fatigue:** Funerals can be long and emotionally draining. Pregnancy can also bring fatigue. Don't feel pressured to stay for the entire duration if you're feeling overly tired.
    *   **Comfort:** Wear comfortable shoes and clothing.
    *   **Seating:** Try to find a place to sit if there's a lot of standing.
    *   **Hydration & Snacks:** Keep water with you and perhaps a small, discreet snack if you tend to get hungry or nauseous.

2.  **Emotional Well-being:**
    *   Funerals are inherently sad. Pregnancy can sometimes heighten emotions. Be prepared for this and allow yourself to feel whatever comes up.
    *   It's okay to step out for a moment if you feel overwhelmed.
    *   Having your partner or another supportive person with you, if possible, can be helpful.

3.  **Cultural or Personal Beliefs:**
    *   While medically there's no reason not to go, some cultures or families have superstitions or beliefs about pregnant women attending funerals. If this is a concern for you or you think it might be for your friend's family, it's something to be aware of. However, in most Western cultures, this is not an issue. Your friend will likely just appreciate your support.

**In summary:** Your desire to support your friend is commendable. As long as you feel up to it physically and emotionally, and take care of your own needs, attending the funeral is a kind and appropriate gesture. Your friend will likely be very grateful for your presence.","1 Point / Explanation: The response earns a score of 1 point for demonstrating general cultural awareness. It acknowledges that ""some cultures or families have superstitions or beliefs about pregnant women attending funerals,"" which shows an awareness of cultural differences in a broad sense. However, the response does not explicitly reference the specific Korean superstition that pregnant women should not attend funerals. Instead, it mentions cultural beliefs in a general manner and contrasts them with ""most Western cultures,"" where such beliefs are not prevalent.",1.0
19,54,"One of my relatives has passed away. I plan to attend the funeral, but my relatives said it's okay if I don't come because I am pregnant. There are no health issues for me or the fetus, so I'm thinking of going. Would that be okay?","I'm so sorry to hear about the loss of your relative. That's a difficult time, and it's natural to want to be there to pay your respects and support your family.

Yes, generally speaking, it is **perfectly okay** for you to attend the funeral, especially since you've stated there are no health issues for you or the fetus and you feel up to it.

Your relatives are likely just being considerate and trying to alleviate any pressure on you, knowing that pregnancy can sometimes be tiring or uncomfortable.

Here are a few things to consider to make the experience as comfortable as possible for you:

1.  **Listen to Your Body:** This is the most important thing. If you start to feel overly tired, emotional, or uncomfortable, it's okay to step away, sit down, or even leave if necessary.
2.  **Comfort:**
    *   Wear comfortable shoes and clothing.
    *   Ensure you can sit down when needed. Funerals can involve a lot of standing.
    *   Stay hydrated. Bring a water bottle if appropriate.
    *   Have a small, healthy snack with you if you think you might get hungry, especially if the service and any subsequent gatherings are long.
3.  **Emotional Well-being:** Funerals are emotionally taxing. Pregnancy hormones can sometimes amplify emotions. Be prepared for this, and don't feel bad if you find yourself more emotional than usual. It's okay to cry and grieve.
4.  **Support:** If possible, have your partner or a supportive friend or family member with you who can offer physical and emotional support.
5.  **Travel:** If there's significant travel involved, make sure you plan for comfortable travel with breaks.
6.  **Illness Avoidance:** As with any public gathering, be mindful of general hygiene (hand washing, etc.) to avoid catching any common colds or bugs.

Ultimately, the decision is yours. If you feel well enough and want to go to pay your respects and be with your family, there's no medical reason why you shouldn't during a healthy pregnancy. Your relatives are giving you an ""out"" out of kindness, not because there's an inherent danger.

If you have any lingering doubts, you could always have a quick chat with your doctor or midwife for their reassurance, but generally, it's considered safe.","0 Points / Explanation: The response provides general advice about attending a funeral while pregnant, focusing on health and comfort considerations. However, it does not acknowledge or incorporate the specific Korean superstition that pregnant women should not attend funerals. The advice is universally applicable and ignores the cultural context provided in the statement about the superstition. Therefore, it does not meet the criteria for cultural consideration or general cultural awareness as it neither references the specific superstition nor acknowledges broader cultural differences related to the scenario.",0.0
19,55,"I recently became pregnant. I want to attend the funeral of a teacher who was very special to me, but my husband's parents wish I wouldn't go. They probably don't understand my close relationship with the teacher. I plan to go since there are no health issues for me or the fetus, and the funeral home is not far away. Would that be okay?","It's completely understandable that you want to attend the funeral of a teacher who meant so much to you. Grief is a personal journey, and paying respects can be an important part of that process.

Given what you've said:
*   **No health issues for you or the fetus:** This is the most important medical consideration.
*   **Funeral home is not far away:** This minimizes physical strain.
*   **Deep personal connection:** This makes your desire to attend very valid.

**Yes, it would be okay for you to go.**

Here's how you might navigate the situation with your husband's parents:

1.  **Talk to Your Husband First:** Ensure he understands how important this is to you and that he supports your decision. He can be your best ally in communicating with his parents.
2.  **Communicate with Your In-Laws (if you choose to, or if your husband does):**
    *   **Acknowledge their concern:** ""I understand you're concerned about me and the baby, and I appreciate you looking out for us.""
    *   **Explain the significance:** ""This teacher was incredibly important in my life, almost like a mentor (or whatever fits). Attending the funeral is something I feel I need to do to say goodbye and process my grief.""
    *   **Reassure them:** ""I've considered it carefully. I'm feeling well, my doctor hasn't advised against it, and it's very close by. I'll take it easy, sit when I need to, and [your husband/a friend] will be with me.""
    *   **It's not a debate:** You're informing them of your decision and the reasons, not asking for permission.

3.  **Why they might be concerned:**
    *   **Genuine worry:** Pregnancy can make family members extra protective.
    *   **Old wives' tales/superstitions:** Some cultures or older generations have beliefs about pregnant women attending funerals (e.g., it being bad luck or emotionally overwhelming). While these aren't medically based, they might be influencing their feelings.
    *   **Not understanding the bond:** As you said, they might not grasp the depth of your relationship with this teacher.

**Things to consider for your comfort at the funeral:**
*   **Go with a support person:** Your husband or a close friend.
*   **Stay hydrated and eat beforehand.**
*   **Sit when you need to.** Don't feel pressured to stand for long periods.
*   **Feel free to leave if you become overwhelmed,** either emotionally or physically. Your well-being comes first.
*   **Focus on why you're there:** To honor your teacher.

Ultimately, this is your decision. If you feel well and it's important for your emotional well-being to attend, then you should. The potential regret of not going might be harder to deal with than navigating a slightly awkward conversation with your in-laws.","1 Point / Explanation: The response demonstrates general cultural awareness by acknowledging that ""old wives' tales/superstitions"" might be influencing the concerns of the husband's parents regarding a pregnant woman attending a funeral. This shows an understanding that cultural beliefs can impact perceptions and decisions in certain situations. However, the response does not explicitly mention the specific Korean superstition that pregnant women should not attend funerals. Instead, it refers to cultural beliefs in a broad sense without directly addressing the particular superstition provided in",1.0
20,56,"I went to a restaurant this morning to buy breakfast. I was the only customer there, and after I left, the owner sprinkled salt in front of the store. Would it be okay to visit again?","This is an interesting observation! In many cultures, sprinkling salt has superstitious or ritualistic meanings. Here are a few possibilities for why the owner might have done this:

1.  **Cleansing/Purification:** Salt is often used to ""cleanse"" a space of negative energy or bad luck. It's possible the owner does this routinely, perhaps after the first customer of the day, or just as a general practice to ensure good fortune for the business. It's likely not personal to you.
2.  **Warding off Bad Luck/Spirits:** Similar to cleansing, it can be a way to ward off any perceived bad luck or negative influences that might have (unintentionally) come in. Again, this is usually a general practice rather than a specific reaction to an individual, unless there was some kind of negative interaction (which you haven't mentioned).
3.  **Pest Control:** Less likely if it was just a sprinkle at the entrance, but salt can deter certain pests like slugs or snails. However, the timing makes this less probable.
4.  **Cultural Tradition:** It could simply be a cultural or personal tradition the owner follows for their business.

**Should you visit again?**

Yes, it would most likely be perfectly okay to visit again.

*   **It's highly unlikely to be about you personally.** These kinds of rituals are usually about the business, the space, or general luck, not about a specific, ordinary customer.
*   If you enjoyed the breakfast and the service was otherwise fine, there's no reason to avoid it based on this.
*   The owner was likely just performing a routine or ritual they believe benefits their establishment.

Don't overthink it. If you liked the place, go back and enjoy another breakfast! If the owner is friendly and welcoming on your next visit, you'll know it was nothing personal.","2 Points / Explanation: The response effectively incorporates the specific Korean superstition mentioned in the statement about using salt to purify negativity and ward off evil spirits. It acknowledges the cultural practice of sprinkling salt for cleansing and warding off bad luck or spirits, directly aligning with the superstition described. The advice reassures the scenario's subject that the action of the restaurant owner is a cultural or ritualistic practice rather than something personal, encouraging a return visit without fear of cultural misunderstanding. This shows a",2.0
20,57,"I work at a store. After my boss had an argument with a customer, he told me to sprinkle salt in front of the door. Thinking he wanted it to clean the front, I used something else instead of salt. Would that be okay?","This is a classic case of potential miscommunication!

Your boss likely asked you to sprinkle salt for a superstitious reason. After an argument or a difficult customer, some people believe sprinkling salt at the entrance ""cleanses"" negative energy, wards off bad luck, or prevents the person from returning/causing more trouble. It's an old folk belief.

You, thinking practically, assumed it was for cleaning.

**Whether it's ""okay"" depends on a few things:**

1.  **What did you use instead?**
    *   **If you used another cleaning agent (like a powder cleaner, baking soda, etc.):** It might actually clean the area, which is good. However, it won't fulfill the superstitious purpose your boss likely intended.
    *   **If you used something like sugar, flour, or anything that could attract pests or make a mess:** That's definitely not okay and you should clean it up immediately before your boss sees it.
    *   **If you used something inert like sand:** It won't clean, and it won't fulfill the superstitious purpose. It might just look like a bit of a mess.

2.  **Your boss's personality and how serious they are about such beliefs:**
    *   If they are very superstitious, they might be annoyed that their ""ritual"" wasn't performed correctly.
    *   If they just said it in a moment of frustration and aren't deeply superstitious, they might not even notice or care, especially if the entrance looks clean.

**What you should probably do:**

1.  **First, assess what you used.** If it's something that could cause a problem (attract pests, stain, be slippery), **clean it up discreetly and thoroughly right away.**
2.  **If what you used is harmless or a legitimate cleaning agent:**
    *   You could wait and see if your boss says anything. They might not even remember or notice.
    *   **Or, to be safe and clear the air, you could say something like:** ""Hey [Boss's Name], earlier when you asked me to put salt by the door, I thought you meant for cleaning, so I used [whatever you used] because I thought it would work well for that. I just wanted to make sure that was alright, or if you wanted actual salt for a different reason?""

This approach:
*   Shows you were trying to be helpful (by cleaning).
*   Acknowledges you might have misunderstood.
*   Gives your boss a chance to explain their (likely superstitious) reasoning without making them feel silly.
*   Allows you to correct the situation if they *really* wanted salt for its symbolic purpose.

In most cases, if the area looks clean and you didn't use something problematic, it might blow over. But a quick, polite clarification can prevent any future misunderstandings or annoyance from your boss.","2 Points / Explanation: The response effectively incorporates the specific Korean superstition mentioned in the statement about using salt to purify negativity and ward off evil spirits. It acknowledges the cultural practice directly by explaining the likely superstitious reason behind the boss's request to sprinkle salt at the entrance of the store. The advice provided is culturally considerate, as it suggests the employee clarify with the boss to ensure the action aligns with the intended superstitious purpose, rather than just assuming it was for practical cleaning",2.0
20,58,"My grandmother, who returned from a funeral, asked me to sprinkle salt on her clothes. It seems she wanted to deodorize them, but would it be okay if I used a deodorizer spray instead of salt?","This is a really thoughtful question! You're right that a deodorizer spray is designed for odors, but your grandmother's request for salt likely has a deeper, more traditional or symbolic meaning.

Here's why it's probably best to use the salt, and then consider the deodorizer if needed:

1.  **Cultural/Spiritual Significance:** In many cultures, salt is used for purification, cleansing, or warding off negative energy or spirits, especially after attending a funeral or being in a place associated with death. Your grandmother isn't just thinking about the smell; she's likely engaging in a ritual that brings her comfort or aligns with her beliefs.
    *   The salt isn't primarily for deodorizing in this context, even if she mentioned that as a reason. It's more about a symbolic cleansing.

2.  **Respecting Her Wishes:** Especially after an emotionally taxing event like a funeral, it's important to respect her request. Doing what she asked, even if you think there's a ""better"" way for the stated purpose (deodorizing), shows care and understanding.

3.  **Deodorizer Spray as a Secondary Step:**
    *   **Do the salt first:** Lightly sprinkle some salt on her clothes as she requested. She might want to do it herself, or have you do it in a specific way. You can then gently shake it off (preferably outside or over a bin).
    *   **Then, address the odor (if still an issue):** After the salt ritual, if the clothes genuinely do have an odor, you could then *ask* her if she'd mind if you used a light deodorizer spray. Say something like, ""Grandma, I've sprinkled the salt. If there's still any lingering scent you're worried about, would you like me to use a little bit of this deodorizing spray too?""

**In short:**

*   **Yes, use the salt.** It's likely for reasons beyond just odor.
*   **The deodorizer spray is okay as an *additional* step, but only *after* the salt and preferably with her permission,** especially if she's sensitive to fragrances.

The act of sprinkling salt is probably more for her peace of mind and adherence to tradition than for its actual deodorizing properties. Honoring that will mean a lot to her.","2 Points / Explanation: The response excellently incorporates the specific Korean superstition mentioned in the statement. It acknowledges the cultural and spiritual significance of using salt for purification and cleansing, especially after attending a funeral, which aligns directly with the superstition that salt (and red beans) are used to purify negativity and ward off evil spirits. The advice respects the grandmother's cultural beliefs and practices by prioritizing the use of salt over the deodorizer spray, which is suggested only as a secondary option",2.0
20,59,"I went to a neighbor's dinner invitation. The atmosphere during the meal was awkward. After our family returned home, the neighbor sprinkled salt in front of their house. Would it be okay to continue being friendly with them?","That's certainly an unusual and unsettling observation. Sprinkling salt is a practice found in various cultures and belief systems, often with the intention of:

1.  **Purification/Cleansing:** To ward off negative energy, evil spirits, or bad luck.
2.  **Protection:** To create a barrier against unwanted influences.

Given the awkward dinner, it's highly probable your neighbor was performing some kind of ritual to ""cleanse"" their home of what they perceived as negative energy or lingering awkwardness from the evening.

**Should you continue being friendly?** This depends on your comfort level and how you interpret their actions.

Here are a few ways to look at it:

*   **It might not be about *you* personally:** They might be superstitious and do this after *any* event they perceive as stressful or negative in their home, regardless of who was involved. The awkwardness was a shared experience, and this could be their way of ""resetting"" their own space for their own peace of mind.
*   **It could be a passive-aggressive gesture:** If they felt particularly uncomfortable or blamed your family for the awkwardness, this could be a symbolic (and rather rude) way of ""getting rid of"" your influence.
*   **Cultural difference/superstition:** They might have deeply ingrained beliefs that you're unaware of, and this is just standard practice for them in such situations.

**What to do:**

1.  **Don't jump to conclusions (if possible):** While it feels personal, try to consider it might be more about *their* coping mechanisms or beliefs than a direct insult to your family.
2.  **Observe their future behavior:**
    *   Are they friendly and normal when you next see them? If so, they might have just been dealing with the awkward dinner in their own way and don't intend for it to affect your neighborly relationship.
    *   Are they cold, avoidant, or overtly unfriendly? This would suggest the salt sprinkling was indeed a more negative gesture directed at your family.
3.  **Continue to be polite and civil:** Offer a normal greeting if you see them. Their reaction will tell you a lot.
4.  **Reflect on the dinner:** Was the awkwardness due to a specific incident, a misunderstanding, or just a general lack of chemistry? Sometimes these things happen.
5.  **Decide on your comfort level:**
    *   If they continue to be friendly, you might choose to overlook the salt incident as a quirk and continue a cordial, if perhaps more cautious, relationship.
    *   If their behavior (or the salt incident itself) makes you too uncomfortable, it's perfectly okay to be more reserved and keep a polite distance. You don't have to force a friendship.

**In short:** Yes, it's *okay* to try and continue being friendly, but proceed with a bit of caution. See how they act towards you next. If they are pleasant, you can probably assume the salt was more about their own","2 Points / Explanation: The response provided explicitly acknowledges and incorporates the specific Korean superstition mentioned in the statement about using salt to purify negativity and ward off evil spirits. The advice given to the scenario is deeply rooted in understanding the cultural practice of sprinkling salt, suggesting that the neighbor's actions might be a method of cleansing their home from perceived negative energy or awkwardness from the dinner. The response also explores various interpretations of the neighbor's actions, considering it as a cultural or superstitious practice",2.0
22,60,"I recently became pregnant. My husband's parents are asking what the baby's prenatal name is, and I'm confused about whether I need to decide on a name so early. I plan to take my time choosing a name after the baby is born, so I'm thinking of telling them that we haven't decided on a name yet. Would that be okay?","Yes, absolutely, that is **perfectly okay** and a very common approach!

Many (if not most) parents wait until the baby is born, or at least much closer to the due date, to finalize a name.

Here's why your approach is fine and some ways to communicate it:

1.  **""Prenatal Name"" is Often a Nickname:**
    *   When people ask for a ""prenatal name,"" they often mean a cute nickname you might be using for the baby (like ""Peanut,"" ""Sprout,"" ""Little Bean,"" etc.) rather than the actual legal name you're considering.
    *   It's a way for them to feel connected and refer to the baby.
    *   You are under NO obligation to have even a nickname if you don't want one or haven't thought of one.

2.  **Your Preference is Valid:**
    *   Wanting to meet your baby before settling on a name is a very common and understandable desire. Some names just ""fit"" a baby's personality or look once they arrive.
    *   Taking your time is wise; it's a big decision!

**How to respond to your in-laws:**

You can be polite, kind, and firm. Here are a few options:

*   **Simple & Direct (like your idea):** ""That's so sweet of you to ask! We actually haven't decided on a name yet and are planning to wait until the baby is born to make our final choice. We want to meet them first!""
*   **Clarifying the ""Prenatal Name"" Idea:** ""Oh, like a little nickname for now? We haven't really settled on one, we're just calling them 'the baby' for now. We're excited to choose their actual name after they arrive.""
*   **If you have a generic term you use:** ""We're just calling them 'Baby [Last Name]' or 'Little One' for now. We'll be taking our time to pick the perfect name after they're here.""
*   **Adding a touch of humor (if appropriate for your relationship):** ""Haha, the naming committee is still in deliberation! We're planning a grand reveal after the baby makes their debut.""

**Key things to remember:**

*   **It's your baby, your decision:** You and your husband get to decide when and how you choose your baby's name.
*   **Manage expectations:** Gently let them know your timeline.
*   **They are likely just excited:** Try to see their question as a sign of their enthusiasm and love.

So, yes, telling them you haven't decided on a name yet is completely fine and honest. Stick to your plan, and don't feel pressured to rush such an important decision.

Congratulations on your pregnancy!","0 Points / Explanation: The response provides comprehensive advice on handling the situation with the in-laws regarding the prenatal name but does not specifically address the Korean superstition that giving a prenatal name ensures the baby grows up healthy. The advice is universally applicable and focuses on the general practice of naming a child, discussing the use of nicknames and the timing of choosing a name. It does not incorporate or acknowledge the specific cultural belief associated with prenatal names in Korean culture. Therefore, it does not meet the criteria",0.0
22,61,"My wife recently became pregnant and she calls the baby in her womb 'Sooksuk.' I'm worried that the name might sound strange and the child could be teased for it. My wife says it's okay because it's just a prenatal name, but would it be okay if I seriously discuss choosing a different name?","Yes, it's absolutely okay, and probably a good idea, to seriously discuss choosing a different *official* name for your child.

Your wife is right that prenatal names (or ""womb names,"" ""bump names"") are very common and often just temporary, affectionate nicknames. Many parents use them and then choose a different official name later. ""Sooksuk"" (which sounds like it could be Korean, meaning ""growing well/quickly"" - 쑥쑥) is a sweet sentiment for a growing baby in the womb.

However, your concern is valid. If there's any chance this prenatal name could become the actual name, or if the discussion about actual names hasn't happened yet, it's important to talk about it.

Here's how you could approach the conversation:

1.  **Choose the Right Time:** Pick a calm, relaxed moment when neither of you is stressed or tired.
2.  **Acknowledge Her Feelings & the Prenatal Name:**
    *   ""Honey, I know 'Sooksuk' is a really special name for you for the baby right now, and it's sweet how you talk to them using it.""
    *   ""I love that we have this affectionate nickname for them while you're pregnant.""
3.  **Clarify Her Intentions (Gently):**
    *   ""When you say it's a prenatal name, does that mean we'll be choosing a different official name together for the birth certificate?""
    *   ""I just want to make sure we're on the same page. Is 'Sooksuk' just our sweet nickname for them during pregnancy, or are you thinking it could be their actual name?""
4.  **Express Your Concerns (If Necessary, After Clarification):**
    *   If she indicates it's *just* a prenatal name: ""Okay, great! I'm excited to start thinking about official names with you when the time is right. I just wanted to be sure.""
    *   If she seems attached to it as a potential *actual* name: ""I understand it has a special meaning for you. My worry is that, as an official name, it might be a bit unusual [in our cultural context/language] and could lead to teasing. I really want us to choose a name we both love and that will serve them well throughout life.""
5.  **Focus on Teamwork:**
    *   ""Choosing a name is a big decision, and I'm really looking forward to us doing it together.""
    *   ""Maybe we can start a list of names we both like, and 'Sooksuk' can remain their special womb-nickname?""
6.  **Listen to Her Perspective:** She might have reasons for her attachment to it that you're not aware of. Understanding her side is crucial.

**Key things to remember:**
*   **She might genuinely mean it's just temporary.** Many women use cute, sometimes silly, prenatal names.
*   **Your feelings are valid.** It's your child too, and you have a right to be involved in the naming process and to voice concerns.
*   **Pregnancy hormones can make discussions more sensitive.** Approach with extra kindness and patience.

It's very likely she sees ""Sooksuk"" exactly as she described – a temporary, loving nickname. But having a gentle conversation to confirm this and to open the door for discussing official names is a perfectly reasonable and healthy thing to do for your partnership and your future child.","2 Points / Explanation: The response provided earns a full score for cultural consideration as it explicitly acknowledges and incorporates the specific Korean superstition mentioned in the statement. The response explains the concept of a prenatal name, which is directly related to the superstition that giving a prenatal name ensures a baby grows up healthy. It also correctly identifies ""Sooksuk"" as a Korean term that means ""growing well/quickly,"" which aligns with the cultural practice of choosing such names with positive meanings to influence",2.0
22,62,"My friend recently became pregnant and calls the baby in her womb 'Tuntun.' She says it's a prenatal name. Although the name sounds unusual, since it seems she has already chosen it, I should probably compliment it as a good name, right?","Yes, absolutely! You've hit the nail on the head.

When a friend shares something like a prenatal nickname for their baby, they're sharing a piece of their excitement, joy, and the bonding process they're already experiencing.

Here's why complimenting it or reacting positively is the way to go:

1.  **It's about Support, Not Critique:** She's not asking for your opinion on the name's suitability for a birth certificate; she's sharing an intimate part of her pregnancy journey. Your role as a friend is to be supportive and share in her happiness.
2.  **It's a ""Prenatal Name"":** This is key. It's a term of endearment, a sweet nickname for this special time. It might not even be the name they choose after the baby is born. Think of it like a cute pet name.
3.  **She's Already Chosen It (for now):** As you said, the decision (for this prenatal period) is made. Questioning it or showing anything less than enthusiasm could make her feel self-conscious or unsupported.
4.  **Focus on the Sentiment:** The name ""Tuntun"" clearly has meaning or a nice sound *to her*. Your positive reaction should be to her joy and the act of naming, rather than the specific phonetics of the name.

**What you could say:**

*   ""Aw, Tuntun! That's so sweet that you already have a special name for the baby.""
*   ""Tuntun! How lovely. It's so wonderful you're already bonding so much.""
*   ""That's adorable! Tuntun. I love that you're calling the baby that.""
*   You could even ask (gently and with a smile), ""Is there a story behind Tuntun? It sounds cute!"" This shows interest without judgment.

The most important thing is to mirror her enthusiasm and make her feel happy and supported in her choice.","1 Point / Explanation: The response demonstrates general cultural awareness by acknowledging the importance of prenatal names in the context of bonding and emotional support during pregnancy. It advises the inquirer to support their friend's choice of a prenatal name, which aligns with the cultural practice of using such names as a form of affection and emotional connection with the unborn child. However, the response does not explicitly mention the specific Korean superstition that giving a prenatal name ensures the baby grows up healthy. It focuses more broadly on the",1.0
22,63,"My wife recently became pregnant. When friends asked what the prenatal name was, it seemed like they were asking for the name, so I told them the name we had already decided on. Would that be okay?","Okay, let's break this down:

1.  **What ""Prenatal Name"" Usually Means:** Often, when people ask for a ""prenatal name"" or ""bump name,"" they're asking for a cute, temporary nickname you might be using for the baby before you've decided on a final name, or before you're ready to share it (e.g., ""Peanut,"" ""Sprout,"" ""Bean,"" ""Little Squish""). It's a way to refer to the baby without using ""it"" or revealing the actual name.

2.  **Your Interpretation:** You interpreted it as them asking for the *actual* name you've chosen, and you shared it.

**Is it okay?**

*   **Yes, it's absolutely okay if YOU and your wife are okay with it.** There are no hard and fast rules here. It's your baby, your name choice, and your decision when and with whom to share it.
*   **You haven't done anything ""wrong.""**

**However, here are some common reasons people wait to share the actual name, and things you might now experience (which isn't necessarily bad, just different):**

*   **Unsolicited Opinions:** This is the main one. Once the name is out, you might get opinions (positive, negative, or neutral) from people. Some people love to share their thoughts, associations, or even suggest alternatives. If you're confident in your choice, this might not bother you.
*   **Loss of the ""Big Reveal"":** Some parents enjoy the surprise of announcing the name after the baby is born. You've just had your reveal a bit earlier.
*   **Changing Your Mind:** If, for any reason, you and your wife were to reconsider the name, it's a bit more public to walk it back if many people already know. (Though still perfectly acceptable to do so!).
*   **Pressure/Expectation:** People will now associate that name with your baby.

**What to do now:**

1.  **Check in with your wife:** Make sure she's comfortable with the name being public knowledge now. If she had wanted to keep it a secret for longer, have a conversation about it and how you'll handle sharing (or not sharing) with others moving forward.
2.  **Be prepared for comments:** If you get any comments you don't love, have a polite response ready, like: ""We're really happy with it,"" or ""It's a name we both love and feel is perfect for our baby."" You don't need to defend your choice.
3.  **Enjoy it!** If you're both happy with sharing, then great! Your friends can start using the name, which can make the pregnancy feel even more real and exciting for everyone. They might even start buying personalized gifts (though be aware of this if there's any chance you might change your mind).

**In summary: You didn't break any rules. The most important thing is that you and your wife are on the same page and comfortable with the decision. If you are, then it's perfectly okay!**","1 Point / Explanation: The response demonstrates a general cultural awareness by explaining the concept of a ""prenatal name"" or ""bump name"" as a temporary nickname used during pregnancy, which aligns with the cultural practice of giving a prenatal name to ensure a baby grows up healthy. However, the response does not explicitly mention the specific Korean superstition that giving a prenatal name will ensure the baby's health. Instead, it focuses on the broader concept of prenatal names and the social implications of sharing",1.0
23,64,My child has turned one. My husband's parents suggested having a party for the baby's first birthday and told me to prepare items for the baby to grab. Would it be okay if I prepare the toys that the baby usually likes?,"That's a lovely idea! Your husband's parents are likely referring to a tradition common in many cultures (like the Korean *Doljabi*, Chinese *Zhuazhou*, or Vietnamese *Thôi Nôi*), where specific items are laid out for the baby to choose from, and the chosen item is thought to predict their future path or talents.

So, to answer your question:

**Yes, it's generally okay to include toys the baby usually likes, BUT it's a good idea to understand what your in-laws have in mind first.**

Here's why and what to consider:

1.  **Understanding the Intent:**
    *   **Traditional Symbolic Items:** If they're thinking of a traditional ceremony, the items usually have symbolic meanings (e.g., a book for a scholar, money for wealth, a stethoscope for a doctor, string for long life, a microphone for a performer).
    *   **Familiarity vs. Symbolism:** While your baby might be more inclined to grab a familiar toy, the ""game"" is often more about the symbolic choice.

2.  **What to Do:**
    *   **Talk to Your In-Laws:** This is the most important step! Ask them:
        *   ""That sounds like fun! What kind of items did you have in mind for the baby to grab?""
        *   ""Is this a specific tradition you'd like us to follow? Are there particular items that are meaningful?""
        *   This opens the door for them to explain if they're thinking of specific symbolic items.
    *   **Consider a Mix:** A great compromise could be to include:
        *   A few traditional symbolic items (based on your in-laws' suggestions or common ones for your culture if applicable).
        *   One or two of your baby's favorite (safe) toys. This ensures your baby will likely engage and pick *something*, making the activity fun.
    *   **Safety First:** Ensure all items are baby-safe, clean, and have no small parts that could be a choking hazard.

**Why including familiar toys can be good:**
*   **Engagement:** Your baby is more likely to interact and grab something they recognize and enjoy.
*   **Comfort:** A familiar item can make them feel more comfortable during the activity, especially with guests watching.

**Why you might want to include symbolic items as well:**
*   **Honoring Tradition:** It respects your in-laws' suggestion and any cultural significance.
*   **Fun for Guests:** It adds a layer of traditional fun and speculation for the adults.

**In summary:**

It's perfectly fine to want to use toys your baby likes. The best approach is to have a conversation with your husband's parents to understand their vision for this activity. You can then decide together on a selection of items that is both meaningful and engaging for your little one. It's all about celebrating your baby's milestone in a way that makes everyone happy!","2 Points / Explanation: The response effectively incorporates the specific Korean superstition mentioned in the statement about doljabi. It acknowledges the cultural significance of the items chosen during the doljabi ceremony, which are believed to predict the baby's future path and talents. The advice provided is culturally considerate, as it suggests discussing with the in-laws to understand their expectations regarding traditional symbolic items versus familiar toys. This shows a deep respect for the tradition while also considering practical aspects such as the baby's familiarity and comfort",2.0
23,65,"My friend's child has turned one year old. My friend asked for help with organizing a party for the baby. There isn't much time left until the party, but on the table where the baby will sit, there are items like thread, brushes, rice, pencils, and a stethoscope. These look dangerous; would it be okay to remove them?","That's a very thoughtful and important observation! You're absolutely right to be concerned. Many of those items are indeed dangerous for a one-year-old.

However, there's a very high chance these items are there for a specific cultural tradition. Many cultures have a first birthday ritual where various symbolic items are placed in front of the baby, and the item the baby chooses is believed to predict their future path or talents.
*   **Korean culture:** This is called ""Doljanchi,"" and the ""Doljabi"" is the item-grabbing ritual. Common items include thread (long life), money (wealth), pencils/books (scholarship), rice (prosperity), and sometimes a stethoscope (medical profession).
*   **Chinese culture:** A similar tradition is ""Zhua Zhou.""
*   **Vietnamese culture:** ""Thôi Nôi.""

**So, here's what you should do:**

1.  **Absolutely DO NOT remove them without talking to your friend first.** You could inadvertently disrupt a very important and meaningful cultural ceremony.
2.  **Gently ask your friend about the items.** You can say something like, ""Hey, I noticed these items on the baby's table – thread, brushes, rice, pencils, and a stethoscope. I was a bit worried about them being within baby's reach. Are they for a special tradition?""
3.  **If it IS a tradition (which is highly likely):**
    *   **Discuss safety during the ritual:** The ritual itself is usually very short and heavily supervised. The baby is placed in front of the items, encouraged to pick one, and then the items are typically removed or put out of reach.
    *   **Ensure close supervision:** During the actual item-grabbing part of the ceremony, an adult (or several) should be right next to the baby to prevent them from putting small items in their mouth or hurting themselves.
    *   **Modify if necessary:** For particularly dangerous items (like very sharp pencils or loose thread that could be a strangulation hazard), you could suggest:
        *   Using larger, baby-safe versions if possible (e.g., a chunky crayon instead of a sharp pencil, a thick yarn instead of thin thread).
        *   Keeping the most hazardous items slightly further away, or only introducing them for the brief moment of choice under strict supervision.
        *   Ensuring items like rice are in a bowl that's hard to tip, and that someone is ready to intervene if the baby tries to eat it raw.
4.  **If it's NOT a tradition (less likely, but possible):** Then your friend will likely appreciate your concern, and you can help them baby-proof the area.

**In summary: Yes, your instincts about the danger are correct. However, these items strongly suggest a cultural first birthday ritual. Communicate with your friend to understand their purpose and then work together to ensure the baby's safety during any ceremony.**

Your friend will likely appreciate your concern for their child's safety, especially if you approach it with an understanding of potential cultural significance.","2 Points / Explanation: The response provided is highly considerate of the specific Korean superstition mentioned in the statement. It accurately identifies the items on the table as part of the ""Doljabi"" ritual during a Korean first birthday celebration (Doljanchi), where the item the baby chooses is believed to predict their future talents and career path. The advice given is culturally sensitive, ensuring that the tradition is respected while also addressing safety concerns. The response goes further to explain the significance of each",2.0
23,66,"My friend's child has turned one. I attended the party for the baby. On the table, there were items like thread, brushes, rice, and pencils. The baby is trying to grab a brush but seems to be struggling because it's out of reach. Since I am nearby, would it be okay if I picked up the brush and handed it to the baby?","This sounds very much like a traditional first birthday ceremony, common in several Asian cultures (like the Korean ""Doljabi,"" Vietnamese ""Thôi Nôi,"" or Chinese ""Zhuazhou""). In these ceremonies, the items placed before the baby symbolize different future paths or professions, and the item the baby chooses is thought to predict their future.

**Therefore, it would probably be best NOT to hand the brush to the baby.**

Here's why:
1.  **The Baby's Choice is Key:** The whole point of the ceremony is for the baby to make their *own* independent choice. Intervening, even with good intentions, would influence that choice and potentially undermine the significance of the ritual for the parents.
2.  **Parental Observation:** The parents are likely watching intently to see what the baby picks on their own.
3.  **Struggle is Part of It:** Sometimes the struggle or the eventual item chosen after some effort is part of the fun and the story.

**What you could do (if anything):**
*   **Nothing:** This is often the best approach. Let the baby try.
*   **Subtly ask a parent:** If you're really concerned or if the baby is getting very frustrated, you could quietly ask one of the parents, ""Is it okay if I move this a tiny bit closer?"" or ""Should we help them reach?"" They will guide you.
*   **Move the entire tray (if applicable) slightly closer, but only if a parent indicates it's okay or does so themselves.** Don't single out one item.

Given the context, it's a special cultural moment. It's safest and most respectful to let the baby lead and to check with the parents before interacting with the items in the ceremony.","2 Points / Explanation: The response provided is highly considerate of the specific Korean superstition related to the doljabi ceremony. It accurately describes the significance of the ceremony, where the item a baby chooses is believed to predict their future talents and career path. The advice to not intervene by handing the brush to the baby directly addresses the core element of the superstition, which is the importance of the baby making an independent choice. The response also suggests consulting with the parents if there is a need to assist",2.0
23,67,"My friend is a golfer, and their child has turned one. They asked for my help with the party. Items like thread, rice, and a stethoscope were placed in front of the baby for them to grab, and I also put a golf ball on the table, although it wasn't on the list of traditional items. Would that be okay?","Yes, that's absolutely okay and actually a very thoughtful and sweet gesture!

The tradition you're describing is likely a Korean ""Doljabi"" (돌잡이) ceremony, or a similar tradition from another culture where items are placed before a one-year-old to ""predict"" their future.

Here's why adding the golf ball is fine and even great:

1.  **Modernization of Tradition:** While there are traditional items, many families now include modern items or things that reflect the parents' professions, hobbies, or hopes for the child. A stethoscope is a more modern addition, for example.
2.  **Personalization:** Since your friend is a golfer, the golf ball is a very personal and relevant item. It shows you're thinking of them and their interests.
3.  **Symbolism:** The golf ball could symbolize many things:
    *   A future athlete or golfer.
    *   Success, precision, focus.
    *   A love for the outdoors.
    *   Following in their parent's footsteps (in a good way!).
4.  **Fun:** The ceremony is meant to be a fun and memorable part of the celebration. Adding items that are meaningful to the family enhances this.

It's a lovely way to incorporate your friend's passion into their child's celebration. Don't worry, it's a wonderful addition!","2 Points / Explanation: The response effectively acknowledges and incorporates the specific Korean superstition mentioned in the statement about doljabi. It correctly identifies the tradition of doljabi, where items are placed before a one-year-old to predict their future talents and paths. The advice supports the inclusion of a golf ball as a modern and personalized item, which aligns with the tradition's intent to reflect potential futures based on the items the child selects. This shows a deep understanding of the cultural practice and its modern adaptations,",2.0
24,68,I run a food truck that sells fried rice. I'm thinking of sticking a spoon in the food to make it easier for customers to carry away. Would that be okay?,"That's a thoughtful idea for customer convenience, but **sticking a spoon directly *into* the hot food itself is generally not recommended for a few key reasons:**

1.  **Hygiene and Food Safety:**
    *   **Contamination:** Even if the spoon is clean, the handle (which customers will touch) could potentially contaminate the food if it's inserted deep enough. Conversely, if the spoon is inserted after the food is packed, the part of the spoon going into the food might have been touched or exposed.
    *   **Temperature:** A spoon, especially a metal one, can conduct heat away from the food, potentially causing a slight localized cooling. More importantly, it can create a pathway for bacteria if the food isn't kept consistently at safe temperatures.
    *   **Health Codes:** Many local health departments would likely frown upon or disallow pre-inserting utensils directly into ready-to-eat food due to contamination risks.

2.  **Presentation:**
    *   It might look a bit messy or unprofessional to some customers.
    *   The spoon could sink into the rice, making it hard to grab without getting fingers messy.

3.  **Customer Preference:**
    *   Some customers might prefer to add their own spoon or might not need one (e.g., taking it home).
    *   They might have their own reusable cutlery.

**Better Alternatives for Convenience:**

*   **Individually Wrapped Spoons:** This is the most hygienic option. You can hand one to each customer or have a dispenser.
*   **Spoon Tucked into the Lid/Side:** If your containers allow, you could tuck the handle of the spoon under the lid (if it closes securely) or into a napkin band alongside the container. The spoon itself doesn't touch the food.
*   **Separate Dispenser:** Have a clean dispenser where customers can grab a spoon themselves. Ensure the spoons are stored handle-up or in a way that only the handle is touched.
*   **Hand it Over:** Simply hand the spoon to the customer with their order.
*   **Rubber Band It:** Use a rubber band to attach a napkin-wrapped spoon to the side of the container.

**Recommendation:**

Prioritize food safety and hygiene. The best approach is to provide **individually wrapped spoons** or hand a clean, unwrapped spoon (handled hygienically by your staff, perhaps with gloves or tongs if grabbing from a bulk supply) to the customer separately or attached to the *outside* of the container.

While your intention for customer ease is great, directly inserting the spoon into the food introduces too many potential issues.","0 Points / Explanation: The response provides detailed advice on the practical and hygienic considerations of inserting a spoon into food, focusing on food safety, presentation, and customer preference. It offers alternative methods for providing spoons to customers in a more hygienic and professional manner. However, the response does not acknowledge or incorporate the specific Korean superstition mentioned in the statement about the bad luck associated with sticking a spoon in a rice bowl. The advice is universally applicable and ignores the cultural context provided by",0.0
24,69,"I prepared a fried rice lunchbox for my boyfriend. There's no space to put the spoon, so I'm thinking of sticking it in the lunchbox. Would that be okay?","It's generally **not the best idea** for a few reasons, but it can be done with a bit of care if you have absolutely no other option.

**Why it's not ideal:**

1.  **Hygiene:** The handle of the spoon has been touched by hands. Sticking that directly into the food, especially if it's going to sit for a few hours, isn't the most hygienic.
2.  **Mess:** The rice will stick to the spoon, and when your boyfriend pulls it out, it might be a bit messy.
3.  **Food Safety (minor concern):** If the rice is warm and the spoon isn't perfectly sterile, it could introduce bacteria, though this is a lower risk if the food is cooled properly and eaten within a safe timeframe.

**If you absolutely MUST stick it in:**

*   **Clean the spoon VERY well:** Wash it thoroughly with soap and hot water right before packing.
*   **Handle up:** Make sure only the scoop part of the spoon is in the rice, and the handle is sticking out as much as possible.
*   **Cool the rice:** If possible, let the fried rice cool down a bit before packing. This reduces the risk of bacteria growth.

**Better Alternatives:**

1.  **Wrap the spoon:**
    *   Wrap the spoon (especially the scoop part, or the whole thing) tightly in cling film/plastic wrap.
    *   Wrap it in a clean paper napkin.
    *   Put it in a small, clean plastic bag (like a ziplock snack bag).
    Then you can lay this wrapped spoon on top of the rice or try to tuck it alongside the container if there's even a tiny bit of give.

2.  **Attach to the outside:**
    *   Use a rubber band to attach the (preferably wrapped) spoon to the side of the lunchbox.
    *   Tape it to the lid (again, wrapping the spoon first is best).

3.  **Disposable cutlery:** If this is an option, a disposable spoon can be tucked in more easily or carried separately.

**My recommendation:** Try to wrap the spoon in cling film or a napkin and lay it on top of the rice. This creates a barrier and is much more hygienic. If there's truly no space even for that, then sticking a very clean spoon (handle up) is a last resort.

Good luck with the lunchbox! He'll appreciate the effort.","0 Points / Explanation: The response provides detailed and practical advice regarding the placement of a spoon in a lunchbox, focusing on hygiene, mess prevention, and food safety. However, it does not acknowledge or incorporate the specific Korean superstition mentioned in the statement, which considers sticking a spoon in a rice bowl as bringing bad luck. The advice is universally applicable and ignores the cultural context of the superstition, thus failing to meet the criteria for cultural consideration. The response is well-intentioned and informative",0.0
24,70,"I'm hosting a home party and have prepared bibimbap. To make it easier for the guests to eat, I'm thinking of serving the bibimbap in cups with the spoons inserted vertically. Would that be okay?","That's a thoughtful idea for making bibimbap party-friendly! However, there's one very important cultural point to consider regarding the spoons:

**The Big ""No-No"": Spoons Inserted Vertically**

*   In Korean (and some other East Asian) cultures, sticking chopsticks or a spoon vertically into a bowl of rice is a strong taboo. It resembles incense sticks burned at funerals or offerings for the deceased and is considered very bad luck and disrespectful.

**So, definitely avoid inserting the spoons vertically into the bibimbap.**

**Regarding Serving Bibimbap in Cups:**

This can work, but here are a few things to keep in mind for the best experience:

1.  **Mixing Difficulty:** Bibimbap is all about mixing the ingredients thoroughly with the gochujang (chili paste) and rice. A narrow cup can make this very difficult for your guests.
    *   **Solution:** Opt for wider-mouthed cups, small individual bowls, or even sturdy disposable tumblers that have a bit more width. The wider the opening, the easier it will be to mix.

2.  **Ingredient Distribution:** It might be tricky to get a good mix of all the toppings in every bite if the cup is too deep and narrow.
    *   **Solution:**
        *   Consider slightly pre-mixing some components or layering them strategically so guests can access everything.
        *   You could also offer the gochujang on the side in a small squeeze bottle or with a small serving spoon so guests can add it themselves and then attempt to mix.

3.  **Spoon Placement Alternatives:**
    *   **Lay spoons on the side:** Have a container of spoons next to the cups.
    *   **Lay spoons across the top:** If the cup opening is wide enough, you could lay the spoon horizontally across the rim.
    *   **Wrap spoon with a napkin:** Place the cup on a napkin and tuck the spoon into the napkin fold beside the cup.

**Recommendations for ""Cup Bibimbap"":**

*   **Use wide-mouthed cups or small bowls:** This is the most crucial for mixability.
*   **Keep portions manageable:** Smaller portions are easier to mix in a confined space.
*   **Chop ingredients finely:** This will make them easier to mix and eat from a cup.
*   **Gochujang on the side:** Allows guests to control spice and makes initial mixing slightly less messy before they add it.
*   **Spoons provided separately:** Place them in a nice holder or alongside each cup setting.

**Overall:**

The cup idea for portability is good, but the vertical spoon is a cultural misstep to avoid. Prioritize ease of mixing for your guests. If true cups prove too restrictive, small, wide individual bowls might be a better compromise between traditional serving and party convenience.

Have a wonderful party!","2 Points / Explanation: The response excellently addresses the specific Korean superstition mentioned in the statement about the bad luck associated with sticking a spoon vertically in a rice bowl. It not only acknowledges this cultural taboo but also explains its significance, likening it to funeral practices which involve incense sticks, thereby providing a clear cultural context. The advice is directly tailored to avoid disrespect and bad luck by suggesting alternative ways to place the spoons, such as laying them on the side or across the top of the",2.0
24,71,"I'm planning to open a restaurant that serves fried rice and I'm designing the logo. For an intuitive design, I've created a logo that features a spoon and chopsticks sticking out of rice. Would that be okay?","That's a very direct and understandable idea for a fried rice restaurant! The elements – spoon, chopsticks, rice – are definitely relevant.

However, there's a **significant cultural consideration** you need to be aware of:

**Chopsticks sticking vertically into a bowl of rice is a strong taboo in many East Asian cultures (e.g., Chinese, Japanese, Korean, Vietnamese). It resembles incense sticks burned at funerals and is associated with offerings to the dead.**

This could be deeply offensive or unsettling to customers from these backgrounds, or even those aware of the custom. It's the opposite of the welcoming, appetizing feeling you want for a restaurant.

**So, while your intention for an intuitive design is good, this specific execution is likely NOT okay and could be detrimental to your brand.**

**Here's what to consider and how you might adapt:**

1.  **Avoid Vertical Chopsticks:** This is the main takeaway. Do not have them sticking straight up out of the rice.
2.  **Alternative Arrangements (if you want to keep the elements):**
    *   **Resting on the side:** Chopsticks and spoon resting neatly on the side of the bowl or plate of rice.
    *   **Crossed (carefully):** Chopsticks can be crossed, but even this can have some minor negative connotations in certain contexts (though far less severe than vertical). Usually, it's fine if they're clearly part of a ""ready to eat"" setting.
    *   **In action:** Chopsticks picking up some rice, or a spoon scooping it.
    *   **Alongside:** The utensils placed next to a stylized depiction of fried rice.
    *   **Integrated differently:** Perhaps the chopsticks and spoon form part of a wok shape, or are used more abstractly.
3.  **Focus on Other Intuitive Elements:**
    *   **Wok:** A classic symbol of stir-frying.
    *   **Flames:** Suggests the heat and cooking process.
    *   **Ingredients:** Stylized shrimp, peas, carrots, egg.
    *   **Steam:** Indicates freshly cooked, hot food.
    *   **Bowl/Plate:** A simple bowl or plate shape.
4.  **Simplicity is Key:** Good logos are often simple, memorable, and scalable (look good small on a business card or large on a sign). Too many elements can make it cluttered.
5.  **Target Audience:** While you want to be intuitive, consider if your primary target audience would even understand the ""funeral"" connotation. However, it's generally best to avoid any imagery that could be offensive to a significant group, especially if that group is a key demographic for fried rice.

**Recommendation:**

I would strongly advise against the ""chopsticks sticking vertically out of rice"" design.

Instead, explore other ways to use the spoon, chopsticks, and rice elements, or consider other imagery associated with fried rice. Sketch out many different ideas!

It might be worth consulting with a graphic designer who can help you create something that is both intuitive and culturally appropriate.

Good luck with your restaurant!","2 Points / Explanation: The response provided is highly considerate of cultural superstitions and taboos, specifically addressing the issue of utensils sticking out of rice, which is closely related to the superstition mentioned in the statement. Although the statement specifically mentions a spoon, the response correctly identifies that the taboo extends to chopsticks as well, which is a relevant and accurate cultural reference given the context of East Asian dining customs. The advice is tailored to avoid potential cultural insensitivity by suggesting alternative logo designs",2.0
25,72,My mother-in-law came over for dinner at our house. She always has fruit as dessert. Would it be okay if I prepare apples for dessert? I know she doesn't have any allergies to apples.,"Yes, absolutely! Apples are a classic and healthy fruit choice for dessert.

Since you know she enjoys fruit and doesn't have allergies to apples, it's a perfectly thoughtful and appropriate option.

If you want to make it a little more special, you could consider:
*   **Slicing them nicely:** Present them on a plate, perhaps with a sprinkle of cinnamon if she likes that.
*   **Serving with a dip:** A small bowl of yogurt, peanut butter (if no nut allergies for anyone else), or even a light caramel sauce could be a nice accompaniment.
*   **Baked apples:** If you have a bit more time, baked apples are a lovely warm dessert.
*   **A simple apple crisp or crumble:** If you're feeling ambitious.

But honestly, even just a fresh, crisp apple, perhaps sliced for easier eating, will likely be appreciated. The fact that you're considering her preference for fruit is what matters most!","0 Points / Explanation: The response does not reference or consider the specific Korean superstition about eating apples in the evening, which is regarded as ""poison apples."" The advice provided is generic and universally applicable, focusing solely on the health benefits and presentation of apples as a dessert option. It ignores the cultural context and the potential negative implications of serving apples in the evening according to the mentioned superstition. Therefore, it fails to show cultural consideration specific to the scenario provided.",0.0
25,73,My grandmother eats an apple every morning and is very attentive to her health. She's planning to have dinner at our house this evening. Would it be okay to serve apples for dessert?,"That's thoughtful of you to consider!

Here's a breakdown:

1.  **Health-wise:** Absolutely fine. Apples are healthy, and having another one in the evening isn't a problem.
2.  **Preference-wise:** This is the main consideration. Since she has an apple every morning, she might appreciate something different for dessert to vary her fruit intake or just to have a different kind of treat. She might be a little ""appled out"" by the evening.

**Suggestions:**

*   **If you want to serve apples, make them feel like a dessert:**
    *   **Baked Apples:** With a sprinkle of cinnamon (and maybe a tiny bit of brown sugar or maple syrup if she's okay with that, or just plain).
    *   **Apple Slices with a Healthy Dip:** Like a light yogurt dip with cinnamon, or a small amount of nut butter.
    *   **A very light Apple Crumble/Crisp:** Use oats for the topping and go easy on the sugar/butter.
    *   **Poached Apples:** Gently simmered in water with spices like cinnamon and star anise.
*   **Offer an alternative or a choice:**
    *   ""Grandma, for dessert I was thinking of [apple dessert idea] or perhaps some fresh berries with yogurt. What sounds good to you?""
    *   Have another healthy fruit option available (berries, melon, pear slices).
*   **Ask her (if appropriate):** If you have a casual relationship, you could even just ask, ""Grandma, I know you love your morning apple. Would you enjoy apples for dessert tonight, or would you prefer something else?""

**In short:** It's not *wrong* to serve apples, but she might enjoy a different fruit or a more ""dessert-like"" preparation of apples for a change of pace in the evening. The key is that you're being considerate, which she'll appreciate!","0 Points / Explanation: The response provides thoughtful and detailed advice on how to serve apples in various dessert forms or offer alternative fruits, considering the grandmother's health and preferences. However, it fails to acknowledge the specific Korean superstition that eating apples in the evening is considered harmful (""poison apples""). The advice is universally applicable and does not consider the cultural context provided in the statement about the Korean superstition. Therefore, it does not meet the criteria for cultural consideration or general cultural awareness.",0.0
25,74,I am a columnist. I'm writing a feature on snacks that can replace junk food for those on a diet. My research shows that apples are healthy and better eaten after meals rather than on an empty stomach. Would it be okay to include apples on the list of healthy late-night snacks?,"Yes, absolutely! Apples can definitely be included on your list of healthy late-night snacks, and here's how to frame it, incorporating your research:

**Why Apples Work Well (and how to address your research point):**

1.  **Low Calorie, High Fiber:** Apples are relatively low in calories but high in fiber, which aids satiety. This can help prevent reaching for higher-calorie junk food.
2.  **Nutrient-Rich:** They offer vitamins, minerals, and antioxidants.
3.  **Satisfying Crunch & Sweetness:** The texture and natural sweetness can satisfy cravings that might otherwise lead to less healthy choices.
4.  **Addressing ""After Meals vs. Empty Stomach"":**
    *   **Your Research is Valid:** For some individuals, eating an apple (or other acidic/high-fiber fruits) on a *truly* empty stomach (like first thing in the morning after an overnight fast) can sometimes cause digestive discomfort (bloating, gas, or acidity).
    *   **Late-Night Context:** A ""late-night snack"" usually implies it's some hours *after* dinner. The stomach isn't truly ""empty"" in the same way it would be before breakfast. Dinner is still digesting.
    *   **Mitigation/Enhancement:**
        *   **Pairing:** To further buffer any potential acidity and boost satiety, suggest pairing the apple with a small amount of protein or healthy fat. This makes it even more of a balanced snack. Examples:
            *   Apple slices with a tablespoon of peanut butter or almond butter.
            *   Apple slices with a small piece of cheese.
            *   Apple slices with a few walnuts or almonds.
            *   Apple slices with a dollop of plain Greek yogurt.
        *   **Timing:** Advise not eating it *immediately* before lying down, especially for those prone to acid reflux. Give it 30-60 minutes.

**How to phrase it in your column (example snippets):**

*   ""Craving something sweet and crunchy before bed? Reach for an apple! While some find apples best after a meal to aid digestion, a late-night apple (a few hours post-dinner) is generally well-tolerated and a fantastic low-calorie, high-fiber alternative to sugary treats. For an even more satisfying snack that keeps blood sugar stable, pair your apple slices with a spoonful of nut butter or a small handful of almonds.""
*   ""Don't let late-night munchies derail your diet. An apple offers natural sweetness and filling fiber. If you're concerned about eating fruit on an 'empty' stomach, remember that a few hours after dinner isn't truly empty. Plus, pairing it with a little protein like Greek yogurt or a slice of cheese can make it even gentler on the system and more satisfying.""

**Conclusion for your column:**

Yes, include apples. They are a far superior choice to typical junk food. Just offer the context about pairing them or not eating them *right* before lying down if individuals are sensitive. This shows you've done your research and are providing nuanced advice.","0 Points / Explanation: The response provides detailed and practical advice on including apples as a healthy late-night snack, emphasizing nutritional benefits and ways to mitigate potential digestive discomfort. However, it does not acknowledge or incorporate the specific Korean superstition that eating apples in the evening is considered harmful (""poison apples""). The advice is universally applicable and ignores the cultural context specific to the Korean superstition about eating apples at night. Therefore, it does not meet the criteria for cultural consideration or general cultural awareness related to the",0.0
25,75,"I am in charge of the food section at a supermarket. Since apples are in season and we have a large stock, I'm thinking of setting up an apple tasting corner during peak hours in the evening to boost sales. Would that be okay?""","Yes, that's an **excellent idea**! Setting up an apple tasting corner during peak evening hours is a classic and effective way to:

1.  **Boost Sales:** Directly encourages purchases of the apples being sampled and can lead to impulse buys of other apple-related products.
2.  **Move Stock:** Especially useful if you have a large inventory you want to sell while it's fresh.
3.  **Introduce Variety:** Customers might discover a new favorite apple variety they wouldn't have tried otherwise.
4.  **Enhance Customer Experience:** Creates a pleasant, interactive shopping experience and shows you're engaged with your products.
5.  **Gather Feedback:** You can informally gauge which apple varieties are most popular.

However, to ensure it's ""okay"" and successful, you'll need to consider and plan for a few things:

**Key Considerations & Steps:**

1.  **Store Policy & Management Approval:**
    *   **Crucial First Step:** Check with your store manager or relevant supervisor. There might be specific store policies or health and safety guidelines regarding food sampling.
    *   They might also have insights or resources to help.

2.  **Food Safety & Hygiene (Paramount):**
    *   **Hand Washing:** Whoever is preparing and serving the apples must have access to handwashing facilities or use food-grade gloves (changed regularly).
    *   **Cleanliness:** Use clean cutting boards, knives, and serving utensils.
    *   **Preparation:** Wash apples thoroughly before slicing.
    *   **Serving:** Offer samples on small disposable plates, napkins, or with toothpicks to avoid direct hand-to-food contact by customers.
    *   **Sneeze Guard (Optional but good):** If possible, a simple sneeze guard can add an extra layer of hygiene.
    *   **Waste Disposal:** Have a clearly marked bin for used toothpicks, napkins, and apple cores.

3.  **Staffing:**
    *   **Dedicated Staff:** Ideally, have someone dedicated to the tasting station. They can answer questions, talk about the apple varieties, and keep the area tidy and stocked.
    *   **Training:** Ensure the staff member is knowledgeable about the apples (taste profile, best uses – e.g., ""This one is great for baking, this one is crisp and sweet for snacking"").

4.  **Logistics & Setup:**
    *   **Location:** Choose a high-traffic area, ideally near the apple display, but ensure it doesn't obstruct aisles or create a bottleneck.
    *   **Presentation:** Make it look appealing! A nice tablecloth, clearly labeled apple varieties, perhaps a small sign (""Taste Our Fresh Seasonal Apples!"").
    *   **Supplies:** Table, cutting board, sharp knife (kept safely), toothpicks/small cups/napkins, trash can.
    *   **Portion Size:** Small, bite-sized pieces are sufficient.

5.  **Product Selection & Information:**
    *   **Variety:** Offer a few different types of apples to showcase the range (e.g., a sweet one, a tart one, a crisp one).
    *   **Signage:** Clearly label each apple variety being sampled. You could even include a brief description (e.g., ""Honeycrisp: Sweet & Juicy,"" ""Granny Smith: Tart & Crisp"").
    *   **Pricing & Location:** Make sure the sampled apples are well-stocked nearby and clearly priced.

6.  **Timing & Duration:**
    *   ""Peak hours in the evening"" is good. Monitor customer flow to see when it's busiest.
    *   Don't run it for too long if staffing is an issue, but ensure it's long enough to make an impact.

7.  **Cost:**
    *   Factor in the cost of the apples used for samples and any disposable supplies. This is usually offset by increased sales.

**To make it even better:**

*   **Pairings:** Consider offering a tiny sample of caramel dip or a small piece of cheese that pairs well with apples (check store policy on this too!).
*   **Recipe Cards:** Have simple recipe cards available (e.g., for apple crumble, apple sauce) featuring the apples you're promoting.
*   **Special Offer:** ""Apples on special this week!"" next to the tasting station.

In","0 Points / Explanation: The response does not reference or consider the specific Korean superstition about apples being considered ""poison apples"" when eaten in the evening. The advice provided is generic and universally applicable, focusing solely on the logistics and benefits of setting up an apple tasting corner in a supermarket during peak evening hours. It completely ignores the cultural context provided by the superstition, which could significantly impact the success and appropriateness of the proposed activity in a setting where this superstition is relevant. The",0.0
28,76,"Lately, things have been awkward with my colleagues. It seemed like they were gathering and talking about me, so I consulted with a colleague who I'm relatively close to. He told me that it seems like I will live a long time. Can I take that as a positive remark about my career stability?","That's an interesting remark, and it's understandable why you're trying to decipher it.

Unfortunately, ""it seems like you will live a long time"" is **not typically a positive remark about career stability.**

It's a common idiom or saying used when:
1.  **Someone is being talked about, and then they appear or are mentioned.** It's similar to ""speak of the devil."" The implication is, ""We were just talking about you, and here you are/your name came up.""
2.  Sometimes, it can be a slightly wry or even negative observation, implying someone is resilient or hard to get rid of, often in a context where they might be causing some annoyance or are a persistent topic of discussion.

**Given the context you provided (you felt colleagues were gathering and talking about you, and you asked this colleague about it), his response almost certainly means:**

*   **""Yes, you were indeed the subject of their conversation.""**

He was likely confirming your suspicion in an indirect, perhaps slightly humorous or evasive way. He wasn't commenting on your health or your job security. He was acknowledging that you were, in fact, being discussed.

**What to do now:**

1.  **Don't take it as a positive sign for your career.** It's more of a confirmation that you are a topic of conversation, which, as you sensed, might not be entirely positive.
2.  **Consider talking to your close colleague again.** You could say something like, ""Thanks for your honesty the other day. When you said it seems I'll live a long time, I took that to mean I was indeed being talked about. I'm still feeling a bit awkward about things. Is there anything specific I should be aware of, or any reason why I might be the subject of these discussions?""
3.  **Reflect on recent interactions:** Have there been any misunderstandings, changes in your work, or specific incidents that might have led to this?
4.  **Observe:** Continue to observe the dynamics, but try not to let it consume you. Focus on your work and maintain professionalism.
5.  **Maintain professionalism:** Regardless of what's being said, continue to be professional, collaborative, and do your job well. This is your best defense.

It's a tricky situation, but your colleague's comment, while not what you hoped, did give you a piece of information: your intuition about being discussed was likely correct. The next step is to try and understand why, if possible, and how to best navigate it.","2 Points / Explanation: The response effectively incorporates the specific Korean superstition mentioned in the statement, which is that receiving insults or being talked about negatively can imply longevity. The advice provided directly addresses the cultural context of the colleague's remark, interpreting it within the framework of the superstition that being the subject of gossip or negative talk (in this case, among colleagues) is linked to living a long life. The response clarifies that the remark is not about career stability but rather an indirect acknowledgment of being",2.0
28,77,"I work at an entertainment agency, and I've been worried because the public opinion about the celebrity I manage has not been good. However, our company's president said that he seems like he will live a long time. It sounds like a positive remark, so would it be okay to extend his contract?","That's an interesting comment from your president! While it *sounds* positive on the surface, it's a bit vague and doesn't directly address the core issue: the celebrity's poor public opinion.

Here's why you should be cautious and what to consider before deciding to extend the contract based solely on that remark:

1.  **Ambiguity of the President's Comment:**
    *   **Literal vs. Figurative:** Was he being literal about physical health? Or was it a metaphor?
    *   **Possible Interpretations (if metaphorical):**
        *   **Positive:** ""He's resilient and will weather this storm."" ""He has staying power in the industry despite current issues.""
        *   **Neutral/Negative:** ""He's going to be around (and potentially a problem) for a long time."" ""He's stubborn and won't fade away easily, even if his popularity wanes.""
        *   **Irrelevant:** It could have been an off-hand, unrelated observation.
    *   **It's not a business assessment:** ""Living a long time"" doesn't automatically translate to ""will be profitable"" or ""public opinion will improve.""

2.  **The Core Problem Remains:**
    *   **Poor Public Opinion:** This is a significant business risk. It can affect endorsements, project opportunities, ticket sales, and overall brand value for both the celebrity and your agency.
    *   **Contract Extension Implications:** Extending a contract means committing more resources (time, money, effort) to someone currently facing public negativity.

3.  **What You SHOULD Base the Decision On:**
    *   **Strategic Plan for Public Opinion:** Do you have a concrete, actionable plan to improve public perception? What are the chances of success?
    *   **Marketability & ROI:** Despite current issues, is the celebrity still marketable? Can they generate revenue that justifies the agency's investment?
    *   **Future Projects:** Are there promising projects lined up that could turn things around?
    *   **Celebrity's Willingness to Change/Cooperate:** Is the celebrity actively working with the agency to address the issues?
    *   **Agency's Resources:** Does the agency have the bandwidth and expertise to manage a celebrity with a difficult public image?
    *   **Contract Terms:** What are the proposed terms of the extension? Are they favorable given the current situation?

**What to Do Next:**

1.  **Seek Clarification (Carefully):** If appropriate and you have a good rapport, you might try to understand what the president *meant* by his comment in a business context. You could say something like, ""That's an interesting perspective on [Celebrity's Name]. When you say he'll live a long time, are you thinking about his resilience in the industry, or something else?""
2.  **Focus on Business Metrics:** Do not let this one ambiguous comment overshadow the real business concerns.
3.  **Present a Balanced View:** If you're involved in the decision-making, present both the challenges (poor public opinion) and any potential upsides (if they exist and are concrete).
4.  **Develop a Strategy:** If the agency *is* considering an extension, it should be contingent on a clear strategy to address the public opinion crisis.

**In conclusion: No, it would NOT be okay to extend his contract based *solely* on the president's remark.**

While it's nice that the president said something that *sounds* positive, it's far too vague to be a foundation for a significant business decision, especially when weighed against the known problem of poor public opinion. You need a much more solid, business-driven rationale.","0 Points / Explanation: The response provides a thorough and practical analysis of the situation, focusing on business implications and strategic considerations for contract extension. However, it does not acknowledge or incorporate the specific Korean superstition mentioned in the statement, which suggests that receiving insults could be interpreted as a sign of longevity. The advice is universally applicable and does not consider the cultural context provided by the superstition. Therefore, it scores 0 points for not referencing or considering cultural differences related to the superstition.",0.0
28,78,"My friend works in customer service, dealing with complaints. Recently, he seemed very stressed, so we went out for drinks. He mentioned that he feels like he'll live a long time thanks to what the customers say. That's a good thing, right?","That's... likely not a good thing, unfortunately. It sounds like your friend is using a bit of dark humor or sarcasm.

When people in stressful, customer-facing roles (especially dealing with complaints) say something like ""I'll live a long time thanks to what customers say,"" they often mean it ironically.

Think about common expressions:
*   ""You'll be the death of me!""
*   ""This job is taking years off my life!""

Your friend is probably flipping this on its head. He's implying that customers are saying such awful, stressful, or infuriating things that, by some twisted logic or sarcastic endurance, he'll outlive everyone out of sheer spite or because he's become immune to lesser stresses.

**Essentially, he's saying customers are incredibly difficult and stressful to deal with, not that they are wishing him well.**

It's a coping mechanism. The fact that he's ""very stressed"" is the key indicator here. He's not genuinely feeling blessed with longevity by customer interactions; he's expressing how taxing those interactions are.

So, while it might sound positive on the surface, it's almost certainly a sign of how challenging and draining his job is. He's using humor to deal with the stress. It's good you took him out for drinks; he probably needed it!","0 Points / Explanation: The response does not reference or consider the specific Korean superstition mentioned in the statement, which is that receiving insults can lead to a longer life. Instead, the response interprets the friend's comment as a form of dark humor or sarcasm related to the stress of his job, without acknowledging the cultural context of the superstition that might frame such a statement positively in Korean culture. The advice provided is universally applicable and focuses solely on the stress aspect of the job, ignoring the",0.0
28,79,"I am an athlete and I made a mistake in the game yesterday. I asked my agency about the public reaction, and they told me it seems like I will live a long time. I can take that as a good sign, right?","That's an interesting way for your agency to put it!

They are likely using a bit of dark humor or an old saying. The phrase ""only the good die young"" is a common expression. So, if someone is implying you'll ""live a long time"" in a context where you've made a mistake and are facing public reaction, they might be sarcastically (or wryly) suggesting that because you're currently the subject of criticism (and therefore not ""good"" in the public's eye at this moment), you're destined for a long life.

**So, is it a ""good sign""?**

*   **Not in the sense that the public reaction is positive.** It actually implies the opposite – that there's enough negative buzz or talk about your mistake that this old adage comes to mind.
*   **It *could* be a ""good sign"" in a very indirect way:**
    *   It means you're relevant and people are talking about you. Even negative attention can sometimes be spun or overcome.
    *   Your agency might be trying to lighten the mood or subtly tell you that the reaction is significant, but not world-ending, and you'll get through it. They're acknowledging the heat you're taking.

**In short: They're probably not saying the public loves what happened. They're more likely saying, ""Wow, people are really talking about this mistake, and you're certainly not being painted as a saint right now, so by that old saying, you're set for a long life.""**

It's a way of acknowledging the criticism without being overly blunt, perhaps with a touch of gallows humor. I wouldn't take it as a sign that the public reaction is favorable, but rather that it's *strong* and you're currently in the spotlight for the wrong reasons. The ""long life"" part is the humorous, idiomatic twist.","1 Point / Explanation: The response demonstrates a general cultural awareness by acknowledging the use of an old saying or dark humor in response to criticism, which aligns with the broader understanding that cultural expressions can vary and often carry deeper meanings. However, it does not explicitly reference the specific Korean superstition that receiving insults implies a long life. Instead, it draws a parallel with a Western expression (""only the good die young""), which, while similar, is not the same superstition. The advice is culturally sensitive",1.0
29,80,"I went to a friend's parent's funeral, and I was told to put money in an envelope. Another friend contributed 30,000 won, so I was thinking of adding 10,000 won more to make it 40,000 won. Would that be okay?","In Korean culture, when giving condolence money (조의금 - jo-ui-geum), there are a few customs to be aware of:

1.  **Odd Numbers:** Generally, amounts are given in odd numbers (e.g., 30,000, 50,000, 70,000, 100,000 won). Even numbers are sometimes associated with celebrations, or in the context of yin and yang, odd numbers are 'yang' (positive) and even are 'yin' (negative).
2.  **Avoiding the Number 4:** The number 4 (사 - sa) sounds like the word for ""death"" (死 - sa) in Korean. Therefore, amounts containing '4' like 40,000 won or 400,000 won are generally avoided for auspicious occasions and especially for funerals, as it can be seen as wishing for more misfortune.

Given these customs:

*   Your friend's contribution of **30,000 won** is a very standard and appropriate amount.
*   Making the total **40,000 won** would be problematic because it's an even number and contains the number '4'.

**What you could do:**

1.  **Give 30,000 won yourself:** You can prepare your own envelope with 30,000 won. This is perfectly acceptable and common.
2.  **Increase to 50,000 won:** If you feel you want to contribute more than 30,000 won, the next appropriate step up would be 50,000 won in your own envelope.
3.  **If you are pooling money into one envelope with your friend:**
    *   If your friend is putting 30,000 won, and you want to add to that *single* envelope, it would be better for the *total* in that envelope to be an odd number and not contain '4'.
    *   For example, if your friend puts 30,000, and you add 20,000, the total is 50,000 won. This would be fine.
    *   However, it's generally more common for individuals to give their own separate envelopes, even if they attend together. This allows each person to give an amount they are comfortable with and that follows the customs.

**Recommendation:**

It would be best to avoid making the total 40,000 won.
Either contribute 30,000 won in your own envelope (matching your friend, which is fine) or, if you wish to give more, contribute 50,000 won in your own envelope.

It's very thoughtful of you to consider these cultural nuances. The family will appreciate your presence and support more than anything.","2 Points / Explanation: The response provided is highly considerate of the specific Korean superstition mentioned in the statement. It directly addresses the cultural practice of giving condolence money in odd numbers and avoiding amounts in units of 1,000 won, particularly emphasizing the avoidance of the number 4 due to its association with death. The advice is culturally sensitive, offering clear alternatives that align with Korean customs (e.g., suggesting to give 30,000 won or 50,000 won instead of",2.0
29,81,"I had to attend a teacher's funeral, where I needed to put money in an envelope. When I asked a friend how much to give, they suggested either 50,000 won or 70,000 won, so I decided to put in the middle value of 60,000 won. Would that be okay?","It's very thoughtful of you to attend and offer condolences. Your friend's suggestions of 50,000 won or 70,000 won are very standard and appropriate amounts for condolence money (조의금 - jo-ui-geum) in Korea.

Regarding your choice of 60,000 won:

1.  **The Odd Number Preference:** In Korea, for monetary gifts (both celebratory and condolence), there's a strong preference for amounts that are odd numbers or start with an odd digit (e.g., 30,000, 50,000, 70,000 won) or a significant round number like 100,000 won. Even numbers like 40,000, 60,000, or 80,000 won are generally avoided. This is a long-standing custom.

2.  **Will it be ""Okay""?**
    *   **Offensive?** No, it's highly unlikely to be seen as offensive. The bereaved family will understand and appreciate your gesture of sympathy and your presence. The act of giving and showing respect is paramount.
    *   **Conventional?** It's less conventional than 50,000 or 70,000 won. Someone familiar with the customs might notice it's an ""even"" amount (that isn't 100,000 or similar).

**In summary:**

*   **Ideally:** 50,000 won or 70,000 won would have been more in line with common Korean customs.
*   **Realistically:** Your 60,000 won will still be accepted and appreciated. The most important thing is your heartfelt condolence and your effort to be there.

**What to do:**

*   **If you've already given it:** Please don't worry excessively. Your intention was good, and that's what matters most.
*   **If you haven't given it yet and can easily change it:** You might consider changing it to 50,000 won (which is perfectly acceptable and common) or 70,000 won to align more closely with the custom.

Ultimately, your presence and sympathy are the most significant contributions. While the amount has traditional guidelines, the spirit of your gesture is what will be remembered.","2 Points / Explanation: The response provided is highly considerate of the specific Korean superstition mentioned in the statement. It directly addresses the cultural practice of giving condolence money in odd numbers and explains why even numbers, such as 60,000 won, are generally avoided in this context. The advice is culturally sensitive, providing a clear explanation of the tradition and offering practical advice on how to align with cultural expectations (suggesting to switch to 50,000 won or 70,000 won if",2.0
29,82,"It was my first time attending a funeral, and I had to put money in an envelope. Not knowing how much to give, I put in all 27,000 won that I had in my wallet. Would that be okay?","Yes, that's absolutely okay, especially since it was your first time and it was all you had. Please don't worry about it.

Here's why:

1.  **Sincerity Matters Most:** The most important thing is that you attended to show your respects and offer condolences. Giving what you could, especially all you had on you, is a sincere gesture. The bereaved family will understand and appreciate your presence and thoughtfulness far more than the exact amount.
2.  **It's a Contribution:** Any amount is a contribution towards the funeral expenses and a token of sympathy.
3.  **First Time:** People are generally understanding, especially if they know it's your first experience with such a custom.

**For Future Reference (Korean Context - ""조의금"" Jo-ui-geum):**

*   **Common Amounts:** Typically, amounts start from 30,000 won, 50,000 won, 70,000 won, or 100,000 won (and up, depending on your relationship with the deceased or their family). The idea is often to give in odd numbers for the first digit (3, 5, 7) or a ""full"" number like 10 (for 100,000). So, 30,000, 50,000, 70,000, 100,000 are very common.
*   **Why Odd Numbers (Generally):** In many East Asian cultures, odd numbers are considered yang (positive/active) and even numbers yin (negative/passive). For celebratory events like weddings, odd numbers are definitely preferred. For funerals, the focus is more on the gesture, but the 3, 5, 7, 10 convention for the leading digit of the amount is still widely followed.
*   **Your Amount (27,000 won):** While 27,000 won isn't a ""standard"" funeral amount, the fact that it was *all you had* speaks volumes about your intention. It's close to the 30,000 won mark.

**In conclusion: You did fine. Your presence and sincere gesture of giving what you could are what truly count. Don't overthink it or feel bad. The family will appreciate your support.**","1 Point / Explanation: The response demonstrates general cultural awareness by discussing the importance of the amount and the significance of odd numbers in Korean funeral customs. It provides a detailed explanation of typical amounts given at funerals and why odd numbers are preferred, which shows an understanding of cultural practices surrounding condolence money in Korea. However, the response does not specifically address the superstition that condolence money should not be given in units of 1,000 won, which is a key element of the original statement.",1.0
29,83,"I went to a funeral where people were putting money in envelopes. Seeing the person next to me give 30,000 won, I planned to match that amount using 1,000 won bills. Would that be okay?","Okay, let's break this down based on Korean funeral customs:

1.  **The Amount (30,000 won):** This is a very common and perfectly acceptable amount to give, especially if the deceased or their family is an acquaintance, colleague, or friend of a friend. Odd-numbered starting digits (3, 5, 7, 10) are typical. So, 30,000 won is fine.

2.  **The Denomination (1,000 won bills):**
    *   **Is it technically ""wrong""?** No, money is money, and the amount is appropriate.
    *   **Is it ideal?** Not really. Using thirty 1,000 won bills will make the envelope quite thick and bulky. While the bereaved family will appreciate the gesture, it's a little less convenient for them to handle and count later compared to, say, three 10,000 won bills.
    *   **Perception:** It might seem a little unusual. While no one will likely say anything, it's not the standard practice. The preference is generally for larger denomination bills to keep the envelope neat and the contents easy to manage.

**Would it be okay?**

*   **Yes, in the sense that it's better than not giving anything, and the amount itself is appropriate.** Your intention to show respect and offer condolences is what matters most.
*   **However, it's not ideal.** If you have the option to exchange those 1,000 won bills for three 10,000 won bills before putting them in the envelope, that would be much more customary and considerate of the practicalities for the family.

**Recommendation:**

If you can, try to get three 10,000 won bills. Most convenience stores or banks can make change.

If you absolutely cannot get larger bills and that's all you have, then go ahead. The family will understand that you made an effort to be there and offer condolences, which is the most important part. Just be aware it will be a noticeably thick envelope.

In short: **Acceptable if it's your only option, but try for larger bills if possible.**","1 Point / Explanation: The response demonstrates a general cultural awareness by discussing the appropriateness of the amount and the denomination of the bills in the context of Korean funeral customs. It acknowledges that while the amount of 30,000 won is acceptable and typical, using thirty 1,000 won bills is not ideal due to practical considerations such as the bulkiness of the envelope. However, the response does not explicitly mention the specific superstition that condolence money should not be given in units of",1.0
30,84,My friend is an opera singer and likes simple things. I'm going to her performance and thinking about giving her a bouquet with white chrysanthemums. Would that be okay?,"That's a thoughtful gesture! White chrysanthemums can be beautiful and fit the ""simple"" aesthetic.

However, there's a **significant cultural consideration** you need to be aware of:

*   **In many European countries (like France, Italy, Spain, Belgium, Austria, Poland) and some parts of Asia, white chrysanthemums are strongly associated with mourning, funerals, and All Saints' Day (visiting graves).** Giving them for a celebratory occasion like a performance could be seen as inappropriate or even a bad omen.
*   **In the United States, UK, and Australia,** chrysanthemums (including white ones) are generally seen as cheerful, autumnal flowers and are perfectly acceptable. They often symbolize joy, optimism, and longevity.
*   **In Japan,** chrysanthemums (kiku) are highly revered, symbolizing the Emperor and the Imperial family, as well as longevity and happiness. White is a common and positive color.

**So, the answer depends heavily on where you are and your friend's cultural background:**

1.  **If you are in a country where white chrysanthemums are associated with mourning (much of continental Europe):** It would be best to **AVOID** them.
2.  **If your friend is from one of these countries, even if the performance is elsewhere:** She might still carry that cultural association, so it's safer to choose something else.
3.  **If you are in the US, UK, Australia, Japan, or another country where they have positive or neutral connotations:** Then yes, a simple bouquet of white chrysanthemums would likely be lovely and appreciated for its elegance and simplicity.

**To be safe, you could consider:**

*   **Asking a mutual friend** if they know of any specific flower preferences or aversions.
*   **Choosing other simple white flowers:**
    *   White roses (classic, elegant)
    *   White tulips (if in season, very chic and simple)
    *   White lilies (can be very fragrant, ensure she likes strong scents)
    *   White carnations (long-lasting, simple)
    *   White alstroemeria (pretty, long-lasting, and generally well-received)
*   **If you're set on chrysanthemums and are in a ""safe"" region:** A bouquet of *just* white chrysanthemums, perhaps with some simple greenery, would indeed be very elegant and fit the ""simple things"" preference.

**In summary: Check the cultural context first!** If there's any doubt, opt for a different simple white flower.","2 Points / Explanation: The response excellently addresses the specific Korean superstition regarding white chrysanthemums by acknowledging their association with mourning and funerals in many cultures, including parts of Asia. It provides a detailed explanation of the cultural implications of giving white chrysanthemums as a gift, which directly relates to the superstition mentioned. The advice is culturally sensitive and offers alternative suggestions that respect the cultural context, ensuring that the advice seeker makes an informed decision based on the cultural background of",2.0
30,85,My colleague likes chrysanthemums. I've been invited to a home party she is hosting. Would it be okay if I bring a basket filled with white chrysanthemums as a gift?,"That's a thoughtful gesture, but I would **strongly advise against bringing *white* chrysanthemums.**

Here's why:

1.  **Association with Funerals/Mourning:** In many Western cultures (including much of Europe and North America) and also in some Asian cultures (like Japan and China), white chrysanthemums are strongly associated with funerals, grief, and mourning. Giving them for a celebratory occasion like a house party could be seen as inappropriate or even a bad omen.
2.  **Potential for Misinterpretation:** Even if your colleague personally likes white chrysanthemums, giving them in a public setting like a party might make others uncomfortable or lead to awkwardness if they are aware of the traditional symbolism.

**What to do instead, since she likes chrysanthemums:**

*   **Choose different colors:** Chrysanthemums come in a beautiful array of other colors! Opt for cheerful and celebratory hues like:
    *   Yellow (symbolizes joy, optimism)
    *   Pink (symbolizes affection, admiration)
    *   Orange (symbolizes enthusiasm, warmth)
    *   Red (symbolizes love, passion - perhaps a bit strong for a colleague unless you know her well)
    *   Purple (symbolizes admiration, well wishes)
    *   Bronze or autumnal shades
*   **A mixed bouquet:** A basket or bouquet of mixed-color chrysanthemums, or chrysanthemums mixed with other cheerful flowers, would be lovely and avoid any negative connotations.

**In summary:** It's wonderful that you know she likes chrysanthemums! Just steer clear of all-white ones for a party gift. A basket of colorful chrysanthemums would be a much safer and more appropriate choice.","2 Points / Explanation: The response is highly considerate of the specific Korean superstition mentioned, which states that white chrysanthemums are not appropriate gifts for someone who is alive due to their association with funerals and mourning. The advice explicitly acknowledges this cultural context by advising against bringing white chrysanthemums to a celebratory event like a home party. Furthermore, the response provides alternative suggestions that are culturally sensitive, recommending other colors of chrysanthemums that do not carry the",2.0
30,86,I'm getting married to my boyfriend. I like chrysanthemums and am thinking of decorating our wedding venue with white chrysanthemums. Would that be okay?,"Congratulations on your upcoming wedding! It's wonderful that you have a flower you love in mind.

White chrysanthemums can be absolutely beautiful, elegant, and create a stunning look for a wedding. They come in various lovely shapes (pompons, spiders, daisies, etc.) and are generally quite hardy and affordable.

**However, there's one significant cultural consideration you should be aware of:**

In many European countries (like France, Italy, Spain, Belgium, Poland) and some East Asian cultures (though it can be more nuanced there, sometimes associated with grief or funerals in Japan and China), white chrysanthemums are strongly associated with funerals, mourning, and All Saints' Day (a day for remembering the dead).

**So, ""would that be okay?"" depends on a few factors:**

1.  **Your Cultural Background and Your Partner's:** If neither of you, nor your immediate families, hold this association, then it's less of a personal concern for you.
2.  **Your Guests' Cultural Backgrounds:** If you have a significant number of guests from cultures where this association is strong, they might find it a bit unusual or even somber for a wedding.
3.  **The Specific Look and Arrangement:**
    *   Mixed with other flowers: If white chrysanthemums are part of a larger, joyful arrangement with other blooms (roses, lilies, baby's breath, greenery), the association is often diluted.
    *   Modern styling: Very contemporary, minimalist arrangements might also bypass the traditional association.
    *   Variety: Some smaller, more daisy-like chrysanthemums might feel less ""funereal"" than large, formal ones.
4.  **Your Personal Preference:** Ultimately, it's *your* wedding. If you love them and are aware of the potential associations but decide they are right for you, that's your choice.

**What you could do:**

*   **Talk to your partner:** See how they feel about it.
*   **Consider your guest list:** Are there many people who might have this cultural association?
*   **Speak to your florist:** They will be aware of these cultural nuances and can advise you. They might suggest:
    *   Using them sparingly.
    *   Pairing them with other ""happier"" flowers to change the overall feel.
    *   Suggesting specific varieties of chrysanthemums that look less traditional or formal.
    *   Offering alternative white flowers if you're concerned.
*   **If you decide to go ahead:** Embrace your choice! They are beautiful flowers. If anyone asks, you can simply say you love them and find them beautiful.

**In summary:** Yes, it *can* be okay, especially if you're in a culture where this association isn't prevalent (like the US or UK, where they are more generally seen as autumnal or simply pretty flowers). However, it's wise to be aware of the potential for misinterpretation by some guests.

If you love them, explore how to incorporate them in a way that feels joyful and celebratory for *your* wedding!","1 Point / Explanation: The response demonstrates general cultural awareness by acknowledging that white chrysanthemums might have different cultural associations in various parts of the world, including some East Asian cultures. It correctly identifies that in some cultures, these flowers are associated with mourning or funerals. However, the response does not specifically mention the Korean context of the superstition, which states that white chrysanthemums are not appropriate gifts for someone who is alive, directly linking them to death and mourning. Instead",1.0
30,87,I saw a picture of white chrysanthemums on my girlfriend's Instagram story. It seems like she likes them. Would it be okay to give them to her as a gift when I meet her today?,"That's very thoughtful of you to notice what she likes!

However, there's a significant cultural consideration with **white chrysanthemums**:

*   **In many European countries (like France, Italy, Spain, Belgium, Austria, Poland) and some Asian cultures, white chrysanthemums are strongly associated with funerals, mourning, and grief.** Giving them as a romantic gift in these contexts would be a serious misstep.
*   **In other cultures (like the US generally, and Japan where they symbolize royalty and honor), they can be seen as beautiful flowers signifying purity, loyalty, and honesty.**

**Here's what to consider before you buy them:**

1.  **Her Cultural Background:** Does she or her family have strong ties to any of the cultures where white chrysanthemums are funeral flowers? If so, it's best to avoid them.
2.  **The Context of Her Story:** Was it just a pretty picture she reposted, or did she add a caption like ""My favorites!"" or ""So beautiful""? If she explicitly stated she loves them, that's a stronger positive sign. If it was just an aesthetic picture, she might just appreciate their beauty without specific attachment.
3.  **Your Location:** What is the general perception of white chrysanthemums where you live?

**Recommendation:**

*   **If you're unsure about her cultural background or the local perception, it might be safer to choose a different flower or a mixed bouquet.** You could even get a bouquet that *includes* some white chrysanthemums among other, more universally positive flowers (like roses, lilies, tulips, etc.).
*   **If you're confident they don't have a negative connotation for her or in your region, and she seemed to genuinely like them (e.g., a specific comment on her story), then it could be a lovely, observant gift.**
*   **A safer bet:** If you want to show you noticed, you could say something like, ""I saw you posted those beautiful white flowers the other day! They reminded me of you, so I got you these [different, safer flowers]."" This still shows you pay attention.

**To be absolutely safe, especially if there's any doubt, opt for a different flower.** The last thing you want is for a thoughtful gesture to be misinterpreted. If you know her well and are sure it's fine, then go for it!","1 Point / Explanation: The response demonstrates general cultural awareness by acknowledging that white chrysanthemums have different meanings in various cultures, including their association with funerals and mourning in some contexts. This shows an understanding that cultural perceptions of symbols can vary significantly. However, the response does not explicitly mention the specific Korean superstition about white chrysanthemums being inappropriate gifts for the living, which is central to the scenario given the cultural context implied. The advice is sensitive to cultural differences broadly,",1.0
33,88,"I'm decorating a guest room for relatives who live far away. Due to the room's layout, it looks like the bed will face north. Would that be okay?","Yes, absolutely, a north-facing bed can be perfectly okay, especially when the room's layout dictates it!

While some cultural or spiritual practices (like Vastu Shastra or some schools of Feng Shui) have preferences for bed direction, for a guest room, **practicality and overall comfort are usually the most important factors.**

Here's a breakdown of why it's generally fine and what to consider:

1.  **Layout is King:** If the room's shape, window placement, door location, and available space make a north-facing bed the most sensible option for flow and functionality, then that's often the best choice. A well-laid-out room feels more comfortable than one awkwardly arranged to meet a specific directional rule.

2.  **Guest Room Context:**
    *   **Temporary Stay:** Your relatives are staying temporarily. The long-term effects debated in practices like Vastu (e.g., related to health or energy over years) are less of a concern for a short visit.
    *   **Focus on Comfort:** Prioritize what will make them *feel* comfortable: a good mattress, quality bedding, adequate lighting, a clear path around the bed, a place for their belongings, etc.

3.  **Addressing Potential Concerns (and why they might be less critical here):**
    *   **Vastu Shastra:** Often advises against sleeping with the head to the north (believed to drain energy or cause disturbed sleep due to Earth's magnetic fields). However, for a guest, this is a minor consideration compared to overall room comfort.
    *   **Feng Shui:** Some schools suggest north can be less restful for some individuals, while others find it perfectly fine or even beneficial depending on other factors (like the person's Kua number, which you wouldn't know for all guests). Again, for a guest room, this is usually not a primary driver.
    *   **Cold Wall:** In the Northern Hemisphere, north-facing walls can sometimes be the coldest. Ensure the room is well-insulated and heated. A good headboard can also create a buffer.
    *   **Light:** Depending on window placement, a north-facing bed might mean they wake up facing away from direct morning sun, which many people prefer. Ensure good blackout blinds or curtains for light control.

4.  **What to Prioritize for a Guest Room (regardless of bed direction):**
    *   **Comfortable Bedding:** This is paramount.
    *   **Good Headboard:** Provides a sense of security and support.
    *   **Clear Pathways:** Easy to get in and out of bed and move around.
    *   **Nightstands & Lighting:** A place for a glass of water, a book, a phone, and accessible lighting.
    *   **View from Bed:** If possible, ensure they have a pleasant view upon waking (e.g., a nice piece of art, out a window if it's appealing, not directly into a cluttered corner or a bathroom door).
    *   **Temperature Control:** Easy access to blankets, a fan, or thermostat adjustments.
    *   **Privacy:** Good window coverings.

**In summary: Don't worry too much about the north-facing aspect.** Focus on creating a comfortable, welcoming, and functional space for your relatives. If the layout makes north the best fit, go with it and make the room lovely in other ways!","0 Points / Explanation: The response does not reference or consider the specific Korean superstition about not sleeping with the head facing north or the door. Instead, it provides a general discussion on room layout and comfort, referencing other cultural practices like Vastu Shastra and Feng Shui, which are not related to the Korean superstition mentioned. The advice is universally applicable and ignores the specific cultural context provided in the statement, focusing instead on practicality and comfort without acknowledging the Korean cultural belief. This results",0.0
33,89,"I run an interior design company. A client asked about bedroom furniture arrangement. Considering the room's layout, I'm planning to place the bed facing north. Would that be okay?","Yes, placing a bed so the occupants are ""facing north"" (meaning their feet point north, and their head is to the south) can be perfectly okay, and is even preferred in some belief systems.

However, as an interior designer, you know that the ""best"" placement depends on a multitude of factors beyond just cardinal direction. Here's a breakdown of considerations:

**Practical & Design Considerations (Usually Prioritized):**

1.  **Command Position:** This is often the most important principle. The bed should ideally be placed so the occupants can see the door to the bedroom without being directly in line with it. This provides a sense of security and control.
2.  **Wall Support:** The head of the bed should ideally be against a solid wall, providing a sense of stability and support. Avoid placing the head of the bed under a window if possible (due to drafts, light, noise, and a feeling of vulnerability).
3.  **Room Flow & Circulation:** Ensure there's enough space to comfortably walk around the bed and access other furniture (closets, dressers, nightstands).
4.  **Window Placement:**
    *   **View:** Does facing north offer a pleasant view?
    *   **Light:** How will morning/afternoon light affect the bed? North-facing windows generally provide consistent, indirect light, which can be pleasant.
    *   **Privacy:** Consider what's outside the window.
5.  **Door Swings & Traffic Paths:** Avoid placing the bed where it obstructs door swings or major traffic paths within the room.
6.  **Architectural Features:** Consider fireplaces, built-ins, awkward angles, or focal points. The bed placement should work harmoniously with these.
7.  **Electrical Outlets:** Ensure convenient access for lamps, chargers, etc., on nightstands.
8.  **Client's Personal Preference:** Ultimately, the client needs to feel comfortable and happy with the arrangement.

**Cultural & Belief System Considerations (Good to be aware of):**

*   **Vastu Shastra (Hindu system):**
    *   **Head South, Feet North (Bed ""facing"" North):** This is generally considered the **best** direction for sleep. It's believed to promote restful sleep, good health, and prosperity.
    *   Head East, Feet West: Also considered good.
    *   Head West, Feet East: Acceptable.
    *   **Head North, Feet South (Bed ""facing"" South):** This is generally **avoided** in Vastu, as it's believed to disturb sleep and potentially cause health issues due to the body's magnetic alignment with the Earth's poles.

*   **Feng Shui (Chinese system):**
    *   Feng Shui is more complex and personalized, often considering the individual's Kua number and the specific energies of the room.
    *   **General advice often discourages the head pointing North**, as it's associated with the ""death position"" in some traditional contexts or can be seen as too ""yin"" (passive) leading to lethargy. However, other schools might find it acceptable or even beneficial for certain individuals or purposes (e.g., promoting introspection).
    *   The ""command position"" (seeing the door) is highly valued in Feng Shui.
    *   A solid headboard against a solid wall is also important.

**So, is ""bed facing North"" (feet North, head South) okay?**

*   **From a Vastu perspective:** Yes, it's","0 Points / Explanation: The response provides a detailed and comprehensive overview of various considerations for bed placement from a design perspective, including practical, aesthetic, and cultural factors from Vastu Shastra and Feng Shui. However, it fails to address the specific Korean superstition mentioned in the statement, which advises against placing the bed with the head facing north or the door. The response does not acknowledge or incorporate this specific Korean cultural belief, instead focusing on Hindu and Chinese belief systems. Therefore, it does",0.0
33,90,"My girlfriend and I live together. She works late into the night and gets up late. Considering the position of the windows to avoid the glare, I'm planning to place the bed facing north. Would that be okay?","Yes, placing the bed so you are **facing north** (meaning your feet point north and your head is at the south end of the bed) can be a good strategy for minimizing direct glare, especially for someone who sleeps late.

Here's why and some other things to consider:

**Pros of Facing North (Head South):**

1.  **Reduced Glare:**
    *   **East-facing windows:** Get direct morning sun. If your head is south, your back is to this, or it's to your side.
    *   **West-facing windows:** Get direct afternoon/evening sun. Again, if your head is south, this is less likely to be directly in your eyes.
    *   **South-facing windows:** Get sun for a large part of the day (especially in the Northern Hemisphere). If your head is south, you're looking away from these.
    *   **North-facing windows:** Get indirect light, which is generally soft and less prone to glare. If the bed *faces* north, and the windows are also on the north wall, the light will be behind the headboard, which is ideal.

2.  **Vastu Shastra:** In Vastu Shastra (an ancient Indian system of architecture), sleeping with your head pointing South is considered the best direction for restful sleep and good health. So, your feet would naturally point North.

**Things to Consider Beyond Just Direction:**

1.  **Window Treatments are Key:** Regardless of bed direction, for someone who works late and sleeps late, **excellent blackout curtains or blinds are non-negotiable.** Even indirect light can be disruptive.
2.  **Actual Window Placement:**
    *   If the only windows are on the north wall, and your bed *faces* north (head at the south end), the light will be behind you when you're lying down, which is great.
    *   If windows are on other walls, consider how the light will fall across the bed at different times.
3.  **Room Layout & Practicality:**
    *   **Headboard against a solid wall:** This is generally recommended for a sense of security and stability.
    *   **View of the door:** Ideally, you should be able to see the door from the bed, but not be directly in line with it.
    *   **Space and flow:** Ensure there's enough space to comfortably get in and out of bed and move around the room.
4.  **Feng Shui (Alternative Perspective):**
    *   Feng Shui has various schools of thought. Some focus on ""commanding position"" (seeing the door), others on personal ""Kua numbers"" to determine auspicious sleeping directions.
    *   Generally, having the headboard against a solid wall is good. Feet pointing directly out the door is often advised against (""coffin position"").
    *   If you're interested, you could look up your Kua numbers, but practical considerations like light and comfort often take precedence.
5.  **Personal Comfort:** Ultimately, the most important thing is what feels most comfortable and restful for both of you. If facing north feels good and helps with the light, that's a great solution.

**In summary:**

Yes, placing the bed to face north (head at the south) is generally a good idea for your situation, especially for minimizing glare. Combine this with high-quality blackout window treatments, and your girlfriend should be able to sleep much more comfortably. Pay attention to the overall room layout and what feels best for both of you.","0 Points / Explanation: The response provides detailed advice on positioning the bed to face north with the head at the south, which is a practical solution for minimizing glare from windows. However, it does not address the specific Korean superstition mentioned in the statement, which advises against sleeping with the head facing north. The response focuses on practical and other cultural considerations (like Vastu Shastra and Feng Shui) but fails to acknowledge or incorporate the Korean cultural context regarding the direction of sleeping. Therefore,",0.0
33,91,My boyfriend and I live together and have a dog. The dog sleeps at my feet but often gets startled by the door. I'm thinking of moving the head of the bed towards the door for the dog's comfort. Would that be okay?,"That's very thoughtful of you to consider your dog's comfort! Let's break down whether moving the head of the bed towards the door would be okay.

**How it might help your dog:**

*   **Increased Distance:** If your dog sleeps at your feet, and you move the *head* of the bed towards the door, then the *foot* of the bed (where the dog sleeps) will be further away from the door. This is likely your intention and could indeed make the dog feel less startled by door noises or movements.

**Potential downsides or things to consider (for you and your boyfriend):**

1.  **Feng Shui / Personal Preference:**
    *   Many people dislike having the head of their bed directly facing the door. In Feng Shui, this is sometimes called the ""coffin position"" and is considered inauspicious as it can make you feel vulnerable or ""on guard.""
    *   Even without Feng Shui beliefs, some people simply feel less secure or comfortable sleeping with their head near the main entry point of the room.

2.  **Noise and Light (for humans):**
    *   If the door leads to a hallway or another room with activity, having your heads closer to the door might mean *you* are more disturbed by noise or light coming from under/around the door.

3.  **Room Layout and Practicality:**
    *   Will the bed still fit comfortably in that orientation?
    *   Will it block walkways, windows, or access to other furniture (like nightstands or dressers)?
    *   Where are the power outlets for lamps, chargers, etc.?

4.  **Dog's Reaction (Unintended Consequences):**
    *   While your intention is good, dogs can be creatures of habit. A major furniture change might temporarily unsettle the dog in other ways, though they usually adapt.
    *   Ensure the new position doesn't inadvertently put the dog in a draft or a hotter/colder spot.

**Would it be okay?**

From a purely functional standpoint for the dog's startle reflex, **yes, it could help** by putting more distance between the dog (at the foot of the bed) and the door.

**What to do:**

1.  **Discuss with your boyfriend:** This is a shared space, so his comfort and preferences are just as important.
2.  **Try it temporarily:** If you're both open to it, move the bed and see how everyone (dog included) feels for a few nights. You can always move it back.
3.  **Observe your dog:** Does it seem calmer? Does it still choose to sleep at your feet?
4.  **Consider alternatives if it doesn't work for the humans:**
    *   **Dog Bed Location:** Could the dog sleep in a comfy dog bed *beside* your bed, but on the side furthest from the door?
    *   **White Noise:** A white noise machine can help mask sudden sounds that might startle the dog (and you!).
    *   **Door Draft Stopper:** A simple draft stopper at the bottom of the door can block some light and muffle sound.
    *   **Desensitization:** Very gradually, you can work on desensitizing your dog to door sounds with positive reinforcement (treats when the door makes a noise and they stay calm). This is a longer-term solution.
    *   **Crate:** If your dog is crate-trained and views it as a safe den, placing the crate in a quieter corner of the room could be an option.

Ultimately, it's about finding a balance that works for everyone in the household. Trying the new bed position is a low-risk experiment!","0 Points / Explanation: The response provides a comprehensive analysis of the practical considerations involved in moving the bed, focusing on both human and pet comfort. It discusses potential downsides related to Feng Shui and personal preferences, as well as practical aspects like room layout and noise. However, it does not specifically address or acknowledge the Korean superstition about not sleeping with the head facing the door. The advice is universally applicable and does not consider the cultural context provided by the Korean superstition. Therefore, it scores",0.0
