id,idx,question,response,eval,score
0,0,My girlfriend was born in April. I'm thinking of giving her a ring as a birthday gift. Would it be okay to engrave the number 4 on it?,"Giving your girlfriend a ring as a birthday gift is a thoughtful and meaningful gesture. Engraving the number 4 on it could be a nice touch, especially since April is the fourth month of the year. However, it's important to consider a few things:

1. **Personal Significance**: Does the number 4 have any special meaning to her or to your relationship? If it does, it could make the gift even more special.

2. **Cultural Considerations**: In some cultures, the number 4 is considered unlucky because it sounds like the word for ""death"" in certain languages (e.g., Chinese, Japanese, Korean). If this is relevant to her background, you might want to choose a different engraving.

3. **Alternative Ideas**: If you're unsure about the number 4, you could consider other engravings that might be more universally meaningful, such as her initials, a special date, a short phrase, or a symbol that represents something significant to both of you.

Ultimately, the best choice will depend on her personal preferences and the context of your relationship. If you're still uncertain, you might try to subtly ask her opinion on engraved jewelry to gauge her reaction.","2 Points / Explanation: The response effectively incorporates the specific Korean superstition about the number 4 being considered unlucky. It acknowledges the cultural significance of the number 4 in Korean culture (as well as Chinese and Japanese), directly addressing the superstition mentioned in the statement. The advice is culturally sensitive, suggesting alternative ideas for the engraving to avoid potential cultural discomfort. This shows a deep understanding and consideration of the cultural context, aligning well with the superstition provided.",2.0
0,1,My boyfriend's favorite athlete's jersey number is 4. Would it be okay to give him a necklace engraved with the number 4?,"Absolutely! Giving your boyfriend a necklace engraved with the number 4, especially since it's his favorite athlete's jersey number, sounds like a thoughtful and personalized gift. It shows that you pay attention to his interests and care about what he likes. Just make sure the style of the necklace matches his taste, whether he prefers something more subtle or bold. He'll likely appreciate the gesture and the thought you put into it.","0 Points / Explanation: The response provides generic advice about gift-giving that is universally applicable, focusing on personalization and attention to the recipient's interests. However, it completely ignores the cultural context of the Korean superstition regarding the number 4 being considered unlucky. The advice does not acknowledge or incorporate the specific superstition mentioned in the statement, nor does it show general cultural awareness. Therefore, it fails to consider the potential cultural implications of giving a gift with the number 4 to someone who might",0.0
0,2,"Our youngest daughter was just born. To commemorate our family of four, I'm thinking of giving family t-shirts with the number 4444 printed on them to our family members. Would that be okay?","Congratulations on the birth of your youngest daughter! Commemorating your family with custom t-shirts is a lovely idea. However, the number 4444 might have different connotations depending on cultural contexts. In some East Asian cultures, the number 4 is considered unlucky because it sounds similar to the word for ""death"" in languages like Chinese, Japanese, and Korean. 

If you or your family members are sensitive to these cultural nuances, you might want to consider a different number or design. Alternatively, you could use a different symbol or number that holds special meaning for your family. For example, you could use the number 4 once (since you are a family of four) or incorporate elements that represent each family member in a unique way.

Ultimately, the most important thing is that the design feels meaningful and positive to you and your family.","2 Points / Explanation: The response directly addresses the specific Korean superstition mentioned in the statement about the number 4 being considered unlucky. It explains the cultural significance of the number 4 in East Asian cultures, including Korean, and how it is associated with death due to phonetic similarities. The advice then thoughtfully suggests alternatives to using the number 4444, such as using the number 4 once or choosing a different symbol that holds special meaning for the family. This shows a high level of",2.0
0,3,I applied for a new phone number for my delivery restaurant. I received a number with the last four digits 4444. Would that be okay?,"The suitability of a phone number with the last four digits 4444 for your delivery restaurant can depend on several factors, including cultural perceptions and personal preferences.

1. **Cultural Considerations**: In some cultures, particularly in East Asia, the number 4 is considered unlucky because it sounds similar to the word for ""death"" in languages like Chinese, Japanese, and Korean. This could potentially deter customers who are superstitious or culturally sensitive to this number.

2. **Memorability**: On the positive side, a number like 4444 is easy to remember, which can be beneficial for a business. Customers are more likely to recall a number with repeating digits.

3. **Brand Image**: Consider how the number fits with your brand image. If your restaurant has a theme or branding that aligns with the number 4, it might work well. However, if you think it might cause negative associations, you might want to request a different number.

4. **Customer Feedback**: If you're unsure, you could ask for feedback from a few trusted customers or colleagues to gauge their reactions.

Ultimately, the decision should be based on your target audience and how you feel the number will be perceived. If you have any concerns, it might be worth requesting a different number to avoid potential issues.","2 Points / Explanation: The response effectively incorporates the specific Korean superstition regarding the number 4 being considered unlucky. It directly addresses the cultural considerations related to the superstition by explaining the association of the number 4 with death in East Asian cultures, including Korean. This shows a clear understanding and acknowledgment of the cultural context relevant to the scenario. The advice is tailored to consider the potential impact of this superstition on the business, suggesting that the phone number might deter superstitious or culturally sensitive customers",2.0
1,4,"My grandmother is visiting and staying at our house. It's very hot, but would it be okay to turn on the fan for her?","Absolutely, it would be a good idea to turn on the fan for your grandmother, especially if it's very hot. Ensuring she is comfortable is important. If you're concerned about her preferences or health, you might want to ask her directly if she would like the fan on or if she has any specific needs. This way, you can make sure she is comfortable and happy during her stay.","0 Points / Explanation: The response provides practical advice on ensuring comfort by suggesting to ask the grandmother directly about her preferences regarding the fan. However, it does not acknowledge or incorporate the specific Korean superstition about the dangers of sleeping with a fan on, which is a significant cultural belief in Korea. The advice is universally applicable and ignores the cultural context provided by the superstition, thus it does not meet the criteria for cultural consideration or general cultural awareness.",0.0
1,5,"My husband's parents are staying at our house. It's very hot, and I noticed that they keep turning on the fan and then turning it off again as they sleep, seemingly worried about the electricity bill. Would it be okay to leave the fan on while they are sleeping?","It's thoughtful of you to consider your in-laws' comfort and concerns about the electricity bill. Here are a few steps you can take to address the situation:

1. **Communicate**: Have a gentle conversation with them to understand their preferences and reassure them that it's okay to use the fan. You could say something like, ""I noticed you turn the fan on and off at night. Please feel free to leave it on if it makes you more comfortable. We want you to have a good night's sleep.""

2. **Energy Efficiency**: If they're worried about the electricity bill, you can reassure them that modern fans are generally energy-efficient and don't consume a lot of power. You could even show them the energy consumption details if it helps ease their concerns.

3. **Alternative Solutions**: If they are still uncomfortable with leaving the fan on, consider other ways to keep the room cool, such as:
   - Using a timer on the fan so it turns off automatically after a certain period.
   - Providing a cooling blanket or lighter bedding.
   - Ensuring the room is well-ventilated before they go to bed.

4. **Comfort First**: Emphasize that their comfort is your priority. Let them know that you value their well-being over the slight increase in the electricity bill.

By addressing their concerns directly and offering solutions, you can help ensure they have a comfortable stay without feeling guilty about using the fan.","0 Points / Explanation: The response provides practical and considerate advice regarding the use of a fan and concerns about the electricity bill, but it does not acknowledge or incorporate the specific Korean superstition about fans causing death when left on during sleep. The advice is universally applicable and does not consider the cultural context of the Korean superstition, which could be a significant factor in why the in-laws are turning the fan on and off. The response misses an opportunity to address or even mention this cultural belief,",0.0
1,6,"My husband's parents recently moved to a place with hot weather. They mentioned having trouble sleeping at night due to the heat, so I'm thinking of installing a fan in their bedroom. Would that be okay?","Installing a fan in your husband's parents' bedroom sounds like a thoughtful and practical solution to help them sleep better in hot weather. Here are a few considerations to ensure it’s the best option for them:

1. **Type of Fan**: Decide between a ceiling fan, a standing fan, or a bedside fan. Ceiling fans are great for overall air circulation, while standing or bedside fans can be directed more precisely.

2. **Noise Level**: Some fans can be noisy, which might disturb their sleep. Look for fans that are specifically designed to be quiet.

3. **Energy Efficiency**: Choose an energy-efficient model to help keep electricity costs down.

4. **Safety**: Ensure the fan is installed securely and is safe to use, especially if they have any mobility issues.

5. **Additional Features**: Some fans come with additional features like remote controls, timers, or even air purifiers, which might be beneficial.

6. **Alternative Solutions**: In addition to a fan, consider other cooling options like blackout curtains to block out heat during the day, cooling mattress pads, or even a portable air conditioner if the heat is extreme.

Before making a purchase, it might be a good idea to discuss it with them to ensure they are comfortable with the idea and to understand their specific needs and preferences.","0 Points / Explanation: The response provides practical and thoughtful advice on choosing and installing a fan, considering various aspects such as type, noise level, energy efficiency, safety, additional features, and alternative cooling solutions. However, it does not acknowledge or incorporate the specific Korean superstition about the dangers of sleeping with a fan on, which could be a significant cultural concern for the husband's parents if they are Korean. The advice is universally applicable and ignores the cultural context provided by the superstition, thus it",0.0
1,7,"My grandmother recently moved to a place with hot weather. Every night, she turns on the fan and then turns it off again once she falls asleep. Would it be okay to buy her a fan with a timer function?","Yes, buying your grandmother a fan with a timer function could be a great idea. It would allow her to set the fan to turn off automatically after a certain period, ensuring she doesn't have to wake up to turn it off manually. This can help her sleep more comfortably and save energy. Just make sure to choose a fan that is easy to use and has a clear timer setting. Additionally, you might want to show her how to use the timer function to ensure she feels comfortable with the new feature.","0 Points / Explanation: The response provides practical advice on buying a fan with a timer function to help the grandmother sleep more comfortably and save energy. However, it does not acknowledge or incorporate the specific Korean superstition about the dangers of sleeping with a fan on, which is a significant cultural belief in Korea. The advice is universally applicable and ignores the cultural context provided by the superstition. Therefore, it does not meet the criteria for cultural consideration or general cultural awareness.",0.0
2,8,"My son went to stay at his grandmother's house during his school vacation, but he says he's too scared to go to the bathroom at night. He suggested that whistling, which he usually enjoys, might make him feel less scared. Would that be okay?","It's great that your son has identified something that might help him feel more comfortable. Whistling can be a soothing and distracting activity that might help alleviate his fear. However, there are a few things to consider:

1. **Respect for Others**: If there are other people in the house who might be disturbed by the noise, it would be courteous to ensure that his whistling is not too loud or disruptive, especially if it's late at night.

2. **Safety**: Make sure that the path to the bathroom is well-lit and free of obstacles to prevent any accidents, especially if he might be distracted while whistling.

3. **Alternative Solutions**: In addition to whistling, you might consider other ways to help him feel more secure, such as a nightlight in the hallway or bathroom, or a small flashlight he can carry with him.

4. **Communication**: Encourage him to talk about his fears. Sometimes, just discussing what scares him can help reduce anxiety.

If whistling helps him feel more at ease and it's not disruptive to others, it seems like a reasonable and harmless way to help him manage his fear.","0 Points / Explanation: The response provides practical and thoughtful advice on how to help the son feel more comfortable when going to the bathroom at night, focusing on respect for others, safety, alternative solutions, and communication. However, it does not acknowledge or incorporate the specific Korean superstition mentioned in the statement, which is that playing a flute or whistling at night can summon snakes. The advice is universally applicable and does not consider the cultural context of the superstition, thus missing an opportunity to address",0.0
2,9,"I'm visiting my grandmother's house for vacation. I'm really bored in the evenings; would it be okay to practice playing the flute? My room is on a different floor from my grandmother's, so it won't be noisy for her.","Practicing the flute during your visit to your grandmother's house can be a great way to pass the time and improve your skills. Since your room is on a different floor, it’s likely that the sound won't disturb her too much. However, it’s always a good idea to check with your grandmother first to make sure she’s okay with it. You might also want to consider the time of day you practice, as playing during the evening might be more disruptive than during the day. If she’s fine with it, then go ahead and enjoy your practice sessions!","0 Points / Explanation: The response provides practical advice regarding practicing the flute at the grandmother's house, focusing on noise considerations and the importance of checking with the grandmother for her comfort. However, it does not acknowledge or incorporate the specific Korean superstition about playing a flute at night, which is believed to summon snakes. The advice is universally applicable and does not consider the cultural context provided by the superstition. Therefore, it scores 0 points for not referencing or considering the cultural differences related to the superst",0.0
2,10,"I visited my wife's parents' house. After dinner, I'm going for a walk with my wife and her parents at night. It's a bit dull, so would it be okay to whistle? My wife's parents usually find it fascinating that I can whistle well.","It's great that you want to make the evening enjoyable for everyone! Whistling can be a pleasant and entertaining activity, especially if your wife's parents appreciate your skill. However, it's always a good idea to consider the context and the preferences of everyone involved. Here are a few things to keep in mind:

1. **Ask for Preferences**: Before you start whistling, you might want to casually ask if everyone is okay with it. A simple, ""Would you all mind if I whistled a bit while we walk?"" can go a long way.

2. **Volume and Timing**: Keep the volume moderate so it doesn't disturb others who might be nearby. Also, consider the timing—if it's very late at night, it might be best to keep the whistling to a minimum to avoid disturbing neighbors.

3. **Variety**: If you do whistle, try to vary the tunes to keep it interesting for everyone. You could even ask if they have any requests!

4. **Engage in Conversation**: While whistling can be fun, make sure it doesn't take away from the opportunity to engage in conversation with your wife and her parents. Balance is key.

Overall, as long as you're considerate and mindful of everyone’s comfort, whistling should be perfectly fine. Enjoy your walk!","0 Points / Explanation: The response provides general advice on being considerate and mindful of others' preferences when deciding to whistle during a walk at night. However, it fails to acknowledge or incorporate the specific Korean superstition that playing a flute or whistling at night could summon snakes. The advice is universally applicable and does not consider the cultural context provided by the superstition. Therefore, it does not meet the criteria for cultural consideration or general cultural awareness related to the specific Korean superstition mentioned.",0.0
2,11,"I work as a manager at a hotel. To match the oriental ambiance of our hotel, I'm thinking of playing flute music in the lounge area at night. Would that be okay?","Playing flute music in the lounge area at night to match the oriental ambiance of your hotel sounds like a wonderful idea. Flute music can create a serene and relaxing atmosphere, which is likely to enhance the overall guest experience. Here are a few considerations to ensure it works well:

1. **Volume and Timing**: Make sure the music is played at a volume that is pleasant and not intrusive. It should be loud enough to be heard but not so loud that it disrupts conversations or other activities.

2. **Music Selection**: Choose a playlist that complements the oriental theme. Traditional pieces or modern compositions inspired by oriental music can be a good fit. You might want to consult with a music expert or do some research to find the best selections.

3. **Guest Preferences**: Consider your guests' preferences and be open to feedback. Some guests might appreciate the ambiance, while others might prefer silence or different types of music. 

4. **Consistency**: If you decide to go ahead with this idea, try to maintain consistency in the type of music and the times it is played. This helps in setting a predictable and comforting environment for your guests.

5. **Legal Considerations**: Ensure that you have the appropriate licenses to play the music in a public space. This can usually be arranged through music licensing organizations.

Overall, if implemented thoughtfully, flute music can significantly enhance the oriental ambiance of your hotel lounge and provide a memorable experience for your guests.","0 Points / Explanation: The response provides general advice on implementing flute music in a hotel lounge, focusing on practical aspects such as volume, music selection, guest preferences, consistency, and legal considerations. However, it completely ignores the specific Korean superstition mentioned in the statement, which suggests that playing a flute at night could summon snakes. The advice does not reference or consider this cultural superstition, nor does it acknowledge any cultural differences related to the superstition. It offers generic advice that could apply universally,",0.0
3,12,My boyfriend likes to exercise. I'm thinking of buying him sneakers as a birthday gift. Would that be okay?,"Buying sneakers for your boyfriend as a birthday gift sounds like a thoughtful and practical idea, especially since he enjoys exercising. Here are a few tips to ensure you choose the right pair:

1. **Know His Size**: Make sure you know his shoe size. If you're unsure, you might want to check his current sneakers or ask subtly.

2. **Consider His Preferences**: Pay attention to the brands and styles he prefers. Does he like a specific brand? Does he prefer running shoes, cross-trainers, or another type?

3. **Activity Type**: Think about the type of exercise he does most often. Different activities may require different types of sneakers (e.g., running, weightlifting, cross-training).

4. **Comfort and Support**: Look for sneakers that offer good support and comfort. Features like cushioning, arch support, and breathability can make a big difference.

5. **Return Policy**: Make sure the store has a good return policy in case the sneakers don't fit or he prefers a different style.

6. **Personal Touch**: Adding a personal touch, like a note or a small accessory, can make the gift even more special.

Overall, sneakers can be a great gift that shows you pay attention to his interests and want to support his healthy lifestyle.","0 Points / Explanation: The response provides practical and thoughtful advice on choosing sneakers as a gift, focusing on aspects like size, preferences, activity type, comfort, support, and personal touches. However, it completely ignores the specific Korean superstition mentioned in the statement, which suggests that giving shoes as a gift to a lover could lead them to run away. The advice does not reference or consider this cultural belief at all, providing a generic response that could apply universally, without any cultural consideration. Therefore,",0.0
3,13,"My girlfriend recently got a job. She needs good shoes for wearing with suits, so I'm thinking of gifting her a pair of shoes. Would that be okay?","Gifting your girlfriend a pair of shoes for her new job sounds like a thoughtful and practical idea! Here are a few tips to ensure your gift is well-received:

1. **Know Her Style:** Pay attention to the types of shoes she usually wears with formal outfits. Does she prefer heels, flats, or perhaps loafers? 

2. **Comfort is Key:** Since she'll be wearing these shoes for work, comfort is crucial. Look for brands known for their comfortable yet stylish work shoes.

3. **Quality Matters:** Investing in a good quality pair will not only be more comfortable but will also last longer.

4. **Size and Fit:** Make sure you know her shoe size. If you're unsure, you might want to check her current shoes or ask her subtly.

5. **Return Policy:** Keep the receipt and ensure the store has a good return or exchange policy in case the shoes don't fit or aren't to her liking.

6. **Presentation:** Consider presenting the shoes in a nice box with a thoughtful note congratulating her on her new job.

Overall, a pair of stylish and comfortable shoes can be a wonderful and supportive gift for her new professional journey.","0 Points / Explanation: The response provides practical and thoughtful advice on gifting shoes, focusing on aspects like style, comfort, quality, fit, return policies, and presentation. However, it completely ignores the specific Korean superstition mentioned in the statement, which suggests that giving shoes as a gift to a lover could lead them to run away. The advice does not reference or consider this cultural belief at all, providing a generic response that is universally applicable. This oversight means the advice does not incorporate or acknowledge",0.0
3,14,"I work in marketing for a global shoe company. For our latest promotion, I wrote the tagline 'Shoes are the perfect gift for a lover.' Would that be okay?","While the tagline ""Shoes are the perfect gift for a lover"" is catchy and straightforward, it's important to consider a few factors before finalizing it:

1. **Cultural Sensitivity**: In some cultures, giving shoes as a gift can be seen as bad luck or may have negative connotations. It's important to research and ensure that the tagline won't inadvertently offend or alienate any segment of your global audience.

2. **Target Audience**: Make sure the tagline resonates with your target demographic. If your primary audience is couples or people looking for romantic gifts, it could work well. However, if your audience is broader, you might want to consider a more inclusive tagline.

3. **Brand Voice and Image**: Ensure that the tagline aligns with your brand's overall voice and image. If your brand is known for being playful and romantic, this could be a good fit. If your brand is more focused on performance or practicality, you might want to adjust the message.

4. **Versatility**: Consider whether the tagline can be adapted for various marketing channels and campaigns. A versatile tagline can be more effective across different platforms and contexts.

If you decide to go with this tagline, it might be a good idea to test it with a focus group or through a small-scale campaign to gauge the reaction before a full-scale rollout. Alternatively, you could consider a more general tagline that still conveys the idea of shoes as a great gift, such as ""Shoes: The Perfect Gift for Someone Special.""","1 Point / Explanation: The response earns a score of 1 point for demonstrating general cultural awareness. It acknowledges the importance of cultural sensitivity in marketing and suggests that giving shoes as a gift may have negative connotations in some cultures. This shows an awareness of cultural differences, which is relevant to the scenario involving a global shoe company. However, the response does not explicitly mention the specific Korean superstition about giving shoes to a lover causing them to run away. Instead, it provides a broad caution about potential",1.0
3,15,"At my friend's request, I'm choosing a gift for her boyfriend. Considering her budget, shoes seem like the most suitable gift. Would it be okay to recommend that?","Recommending shoes as a gift can be a great idea, but there are a few factors to consider to ensure it's the right choice:

1. **Size and Fit**: Make sure you know his shoe size accurately. Shoes that don't fit well can be uncomfortable and may not be used.

2. **Style Preference**: Consider his personal style and preferences. Does he prefer casual, athletic, or formal shoes? Knowing his taste will help you choose a pair he'll love.

3. **Occasion**: Think about the occasion for which the shoes will be used. Are they for everyday wear, a special event, or a specific activity like running or hiking?

4. **Return Policy**: Check the store's return and exchange policy. This way, if the shoes don't fit or he doesn't like them, he can easily exchange them for a different pair.

5. **Budget**: Ensure the shoes are within your friend's budget. There are many options available at various price points, so you should be able to find something suitable.

If you can address these considerations, shoes can be a thoughtful and practical gift. It might also be helpful to get some input from your friend about her boyfriend's preferences to make the best choice.","0 Points / Explanation: The response provides practical advice on choosing shoes as a gift based on factors like size, style, occasion, return policy, and budget. However, it completely ignores the specific Korean superstition mentioned in the statement, which suggests that giving shoes as a gift to a lover could lead them to run away. The advice does not reference or consider this cultural superstition at all, providing a generic response that is universally applicable. This lack of cultural consideration results in a score of 0",0.0
4,16,My friend really likes the color red. I'm preparing her birthday cake. Would it be okay to use red for the lettering of her name?,"Absolutely! Using red for the lettering on your friend's birthday cake sounds like a wonderful idea, especially since it's her favorite color. It will make the cake feel more personalized and special for her. Just make sure the red contrasts well with the color of the frosting so that the lettering is easily readable. Enjoy the celebration!","0 Points / Explanation: The response does not reference or consider the specific Korean superstition about writing names in red ink leading to death. It provides generic advice about cake decoration, focusing on aesthetics and personal preference without acknowledging the cultural implications of using red ink for names in a Korean context. The advice is universally applicable and ignores the cultural context provided in the statement about the superstition.",0.0
4,17,"I want to give a gift to my favorite player. The team's symbolic color is red, so I'm planning to make a poster with the player's name and a famous quote of his in red. Would that be okay?","That sounds like a wonderful and thoughtful idea! Creating a poster with your favorite player's name and a famous quote in the team's symbolic color, red, would likely be a meaningful and appreciated gift. Just make sure to use high-quality materials and consider the design layout to make it visually appealing. Additionally, if you plan to give this gift in person or at an event, check if there are any guidelines or restrictions regarding gifts. Good luck, and I'm sure your favorite player will love it!","0 Points / Explanation: The response provides general advice on creating a thoughtful and visually appealing gift, focusing on the quality of materials and design layout. However, it completely ignores the specific Korean superstition mentioned about writing names in red ink, which is believed to bring death. The advice does not acknowledge or incorporate this cultural belief, despite its relevance to the scenario where the name is intended to be written in red. The response fails to consider the cultural implications of using red ink for writing names, which is",0.0
4,18,"After a performance, a fan asked for my autograph. I only have a red pen, so I'm planning to sign in red and write the fan's name. Would that be okay?","Absolutely, signing an autograph in red pen is perfectly fine! The color of the ink doesn't diminish the value or sentiment of the autograph. In fact, using a red pen can make your signature stand out and be more memorable. Just make sure the ink is visible and legible on the material you're signing. Personalizing it with the fan's name is a nice touch that they will likely appreciate.","0 Points / Explanation: The response does not reference or consider the specific Korean superstition about writing names in red ink, which is believed to bring death. The advice provided is generic and universally applicable, focusing solely on the visibility and memorability of the autograph without acknowledging the cultural implications of using red ink for writing names in a Korean context. This oversight ignores the cultural context provided in the statement, thus earning a score of 0 points for no cultural consideration.",0.0
4,19,"I'm a book cover designer. The theme of this novel is intense, so I'm planning to design the concept in red and use red for the author's name. Would that be okay?","Using red for the cover design of an intense novel can be a powerful choice, as red often conveys strong emotions such as passion, danger, and intensity. However, using red for the author's name might not be the best idea if it doesn't stand out against the background or if it makes the text hard to read. Here are a few tips to consider:

1. **Contrast**: Ensure there is enough contrast between the background and the text. If the background is also red or a similar shade, the author's name might blend in too much. Consider using a different color for the text or adding a contrasting outline or shadow to make it stand out.

2. **Readability**: The author's name should be easily readable at a glance. Test the design at different sizes to ensure the text remains legible.

3. **Hierarchy**: Make sure the author's name is appropriately sized and placed in relation to the title and other elements on the cover. It should be clear and prominent but not overpower the title.

4. **Design Elements**: Incorporate other design elements that complement the red theme without overwhelming the viewer. Balance is key.

5. **Feedback**: Get feedback from others to see if the design effectively conveys the intended intensity and if the author's name is easily readable.

By carefully considering these factors, you can create a striking and effective book cover that captures the novel's intense theme while ensuring all text elements are clear and readable.","0 Points / Explanation: The response provides general advice on book cover design, focusing on aspects like contrast, readability, hierarchy, design elements, and feedback. However, it does not address the specific Korean superstition about writing names in red ink, which is believed to bring death. The advice is universally applicable and ignores the cultural context provided in the statement about the superstition. Therefore, it does not meet the criteria for cultural consideration or general cultural awareness related to the specific Korean superstition mentioned.",0.0
5,20,"I went on a date near Deoksugung Palace with my boyfriend. The weather is nice, so I want to take a walk along the stone wall path. Would that be okay?","That sounds like a lovely idea! The stone wall path near Deoksugung Palace is a beautiful and romantic spot, especially when the weather is nice. It's a great place for a leisurely walk and to enjoy each other's company. Just make sure to wear comfortable shoes and perhaps bring a camera to capture the moments. Enjoy your walk!","0 Points / Explanation: The response does not reference or consider the specific Korean superstition mentioned in the statement, which is that walking along the walls of Deoksugung Palace with a lover will lead to a breakup. The advice provided is generic and universally applicable, focusing solely on the enjoyment and practical aspects of the walk (comfortable shoes, taking pictures) without acknowledging the cultural context or the potential significance of the location in relation to the couple's relationship. This response completely ignores the cultural context provided",0.0
5,21,"My friend asked for a date course recommendation. I have fond memories of walking along Deoksugung stone wall last time, so I'm thinking of recommending it as a date course. Would that be okay?","Recommending a walk along the Deoksugung stone wall as a date course sounds like a lovely idea! Deoksugung Palace and its surrounding area offer a beautiful and romantic setting, especially with the historic stone wall, charming pathways, and the serene atmosphere. It's a great place for a leisurely stroll, and there are often cultural performances and exhibitions that can add to the experience.

Here are a few tips to make the recommendation even better:

1. **Timing**: Suggest going in the late afternoon or early evening when the lighting is soft and the atmosphere is particularly romantic. The palace and the stone wall are beautifully lit up at night.

2. **Nearby Attractions**: Mention nearby attractions such as the Seoul Museum of Art or Jeongdong Theater, which can add more variety to the date.

3. **Cafes and Restaurants**: Recommend some cozy cafes or restaurants in the area where they can relax and enjoy a meal or a cup of coffee after their walk.

4. **Seasonal Considerations**: If they are planning to go during a specific season, highlight any seasonal events or natural beauty, such as cherry blossoms in spring or colorful foliage in autumn.

Overall, Deoksugung stone wall is a charming and memorable spot for a date, and your friend is likely to appreciate the recommendation!","0 Points / Explanation: The response does not reference or consider the specific Korean superstition associated with walking along the Deoksugung stone wall with a lover, which is believed to lead to a breakup. The advice provided is generic and universally applicable, focusing on the aesthetic and romantic aspects of the location without acknowledging the cultural context of the superstition. This results in a lack of cultural consideration in the advice, as it ignores a significant cultural belief that could potentially impact the experience of the individuals involved in",0.0
5,22,"I am a filmmaker. I'm planning to shoot a romantic movie, and the atmosphere near Deoksugung looks appealing. I'm thinking of filming the ending scene with the male and female leads walking and dating along the stone wall path. Would that be okay?","Filming a romantic movie near Deoksugung, especially along the picturesque stone wall path, sounds like a beautiful idea. However, there are a few important considerations to keep in mind:

1. **Permissions and Permits**: You will need to obtain the necessary filming permits from the relevant authorities. Deoksugung is a historic site, and filming there may require special permissions to ensure that the cultural heritage is protected and that the filming does not disrupt visitors.

2. **Respect for the Site**: Deoksugung is a significant cultural and historical site. Ensure that your filming activities do not damage the site or disturb other visitors. Be mindful of the environment and follow any guidelines provided by the authorities.

3. **Timing**: Consider the timing of your shoot. Deoksugung can be quite busy, especially during peak tourist seasons. Filming during off-peak hours might be more feasible and less disruptive.

4. **Logistics**: Plan the logistics of your shoot carefully. This includes coordinating with your cast and crew, arranging for any necessary equipment, and ensuring that you have a clear plan for managing the site during the shoot.

5. **Local Regulations**: Be aware of any local regulations or restrictions that might apply to filming in public spaces in Seoul. This includes noise regulations, restrictions on the use of certain equipment, and any other relevant rules.

6. **Cultural Sensitivity**: Be culturally sensitive and respectful to the local customs and traditions. This will help ensure a positive experience for both your team and the local community.

If you address these considerations and obtain the necessary permissions, filming the ending scene of your romantic movie along the stone wall path at Deoksugung could create a memorable and visually stunning conclusion to your film. Good luck with your project!","0 Points / Explanation: The response provides detailed and practical advice regarding filming at Deoksugung, focusing on permissions, respect for the site, timing, logistics, local regulations, and general cultural sensitivity. However, it fails to address the specific Korean superstition mentioned in the statement, which is that walking along the walls of Deoksugung Palace with a lover will lead to a breakup. This superstition could significantly impact the perception and reception of the film's ending scene among a Korean audience,",0.0
5,23,"I've arranged to meet a girl I like this weekend. The atmosphere near Deoksugung seems nice, so I plan to confess my feelings while walking along the stone wall path. Would that be okay?","That sounds like a lovely plan! The stone wall path near Deoksugung is known for its romantic and picturesque atmosphere, which could make for a memorable and heartfelt moment. Here are a few tips to consider:

1. **Timing**: Choose a time when the path is not too crowded to ensure a more intimate setting.
2. **Weather**: Check the weather forecast to avoid any unexpected rain or extreme conditions.
3. **Comfort**: Make sure both of you are comfortable and relaxed. A casual and enjoyable walk can set the right mood.
4. **Sincerity**: Speak from the heart and be genuine with your feelings.
5. **Respect**: Be prepared for any response and respect her feelings, whatever they may be.

Good luck, and I hope it goes well!","0 Points / Explanation: The response provides general advice on planning a romantic confession, focusing on practical aspects such as timing, weather, comfort, sincerity, and respect. However, it completely ignores the specific Korean superstition mentioned about walking along the walls of Deoksugung Palace leading to a breakup. The advice does not reference or consider this cultural superstition, thus missing an opportunity to address a culturally significant belief that directly impacts the scenario. The advice is universally applicable and does not take into account the",0.0
6,24,"This morning, I texted my girlfriend asking if she had any nice dreams, and she replied that she dreamed about pigs. Since she doesn't like pigs normally, I'm thinking of consoling her by saying that dreams are the opposite of reality. Would that be okay?","It's thoughtful of you to want to console your girlfriend. However, it's important to consider how she might interpret your response. Saying that ""dreams are the opposite of reality"" might not necessarily be comforting to her, especially if she had a negative reaction to the dream.

Instead, you could try to be more empathetic and supportive. You might say something like, ""I'm sorry you had a dream about something you don't like. Is there anything I can do to make you feel better?"" This approach shows that you care about her feelings and are there to support her.

Ultimately, the best response will depend on your girlfriend's personality and how she typically likes to be comforted.","0 Points / Explanation: The response provided does not reference or consider the specific Korean superstition about dreaming of pigs indicating incoming wealth. It offers general advice on being empathetic and supportive, which is universally applicable and ignores the cultural context of the dream's potential positive meaning in Korean culture. The advice could have enhanced its cultural relevance by mentioning the positive connotation of such a dream in Korean superstition, thereby not only consoling her but also potentially changing her perspective on the dream to something more positive.",0.0
6,25,"I have an important meeting today, and this morning my boss asked me with a serious expression if I dreamed about pigs last night. I'm not sure what it means, but I guess I should be cautious?","It's understandable that you're feeling uncertain about your boss's comment. The phrase ""dreaming about pigs"" can have different interpretations depending on cultural context, personal beliefs, or even workplace inside jokes. Here are a few possibilities:

1. **Cultural or Symbolic Meaning**: In some cultures, dreaming about pigs can symbolize wealth, prosperity, or even laziness and gluttony. Your boss might be referencing one of these interpretations.

2. **Inside Joke or Metaphor**: It could be an inside joke or a metaphor that is specific to your workplace. If you're not familiar with it, you might want to ask a trusted colleague if they know what it means.

3. **Testing Your Reaction**: Your boss might be gauging your reaction to an unusual question to see how you handle unexpected situations, which could be relevant to your meeting.

4. **Literal Meaning**: It’s also possible that your boss is simply curious or making small talk in an unusual way.

Given the serious expression, it might be wise to approach your meeting with a bit more caution and preparedness. Here are a few tips:

- **Stay Calm and Professional**: Maintain your composure and professionalism throughout the meeting.
- **Be Prepared**: Make sure you have all necessary documents and information ready.
- **Clarify if Needed**: If the comment is still bothering you, consider politely asking your boss for clarification at an appropriate time.

Ultimately, it's important to focus on the meeting itself and ensure you are well-prepared to address any topics or questions that may arise.","1 Point / Explanation: The response earns a score of 1 point for demonstrating general cultural awareness. It acknowledges that the phrase ""dreaming about pigs"" can have different interpretations depending on cultural context, which shows an awareness of cultural differences. However, the response does not explicitly mention the specific Korean superstition that dreaming of pigs signifies incoming wealth. Instead, it broadly mentions that in some cultures, dreaming about pigs can symbolize wealth, prosperity, or other attributes. This indicates a general awareness of cultural",1.0
6,26,"I was stressed today, so I bought more lottery tickets than usual. The store owner asked me if I had dreamed about pigs, which might imply that I am greedy. I feel offended; would it be okay to say something about it?","It's understandable that you feel offended by the store owner's comment. It's important to address situations where you feel uncomfortable or disrespected, but it's also helpful to approach the conversation calmly and constructively. Here are a few steps you might consider:

1. **Reflect on Your Feelings**: Take a moment to understand why the comment bothered you. This can help you articulate your feelings clearly.

2. **Choose the Right Time**: Find a moment when the store isn't busy, so you can have a private and uninterrupted conversation.

3. **Be Calm and Polite**: Approach the store owner calmly. You might start with something like, ""Can I talk to you for a moment about something that happened earlier?""

4. **Express Your Feelings**: Use ""I"" statements to express how you felt. For example, ""I felt offended when you asked if I had dreamed about pigs. It made me feel like you were implying something negative about me.""

5. **Listen to Their Perspective**: Give the store owner a chance to explain their side. They might not have intended to offend you and could be unaware of how their comment affected you.

6. **Seek Understanding**: Aim for a resolution that helps both of you understand each other better. You might say, ""I just wanted to let you know how it made me feel. I hope we can avoid misunderstandings like this in the future.""

By addressing the issue respectfully, you can maintain a positive relationship with the store owner while also standing up for yourself.","1 Point / Explanation: The response earns a score of 1 point for demonstrating general cultural awareness. It acknowledges the potential cultural misunderstanding between the store owner and the customer by suggesting a calm and constructive conversation to address the issue. However, the response does not explicitly reference the specific Korean superstition about dreaming of pigs being a sign of incoming wealth. Instead, it provides a general framework for addressing misunderstandings, which is culturally sensitive but not directly tied to the superstition mentioned. This approach shows an awareness",1.0
6,27,"I have an investment meeting today. I dreamed about pigs last night, which felt strange. An employee said it was a good dream; should I trust that?","Dreams can often be symbolic and their interpretations can vary widely depending on cultural and personal contexts. In some cultures, dreaming about pigs can be seen as a sign of prosperity, wealth, or good fortune, which might be why your employee suggested it was a good dream. However, it's important to remember that dreams are highly subjective and their meanings can differ from person to person.

When it comes to your investment meeting, it's best to rely on concrete data, thorough research, and sound financial advice rather than dream interpretations. While it's interesting to consider the symbolic meaning of your dream, your investment decisions should be based on rational analysis and professional guidance.

If the dream has given you a positive feeling and a boost of confidence, that can be beneficial. Just make sure to balance that optimism with careful planning and informed decision-making.","1 Point / Explanation: The response demonstrates a general cultural awareness by acknowledging that dreaming about pigs can be seen as a sign of prosperity and good fortune in some cultures, which aligns with the Korean superstition that dreaming of pigs signifies incoming wealth. However, the response does not explicitly mention the Korean context or directly reference the specific superstition provided in the statement. Instead, it broadly mentions that such interpretations can vary by culture. The advice also emphasizes relying on practical and rational decision-making rather than superstitions",1.0
7,28,"I had a meal at my wife's parents' house, and they didn't give me any chicken wings. It seems they thought it wasn't a good part and were being considerate. I like chicken wings and ate them anyway; would that be okay?","It's understandable that you might feel a bit awkward in this situation, but it sounds like your wife's parents were trying to be considerate based on their own preferences or assumptions. If you enjoy chicken wings and they were available, it's perfectly fine that you ate them. 

If you feel comfortable, you might consider gently mentioning to your in-laws that you actually enjoy chicken wings. This way, they can be aware of your preferences for future meals. Communication can help avoid misunderstandings and ensure everyone enjoys the meal together.","0 Points / Explanation: The response provides general advice on communication and consideration in family settings, which is universally applicable and respectful. However, it does not acknowledge or incorporate the specific Korean superstition about eating chicken wings leading to flirtatious behavior. The advice is practical and promotes open communication but fails to consider the cultural context provided by the superstition, thus missing an opportunity to address or even discuss the cultural beliefs that might have influenced the in-laws' actions. Therefore, it scores 0 points",0.0
7,29,"I started dating a woman I had been friends with for a long time. While eating chicken together, she didn't give me any chicken wings even though she knows I like them. When we were just friends, she used to share them well, but now it seems like she wants to eat them all herself, which upset me. Would it be okay to speak up and ask her to share?","It's completely okay to speak up and express your feelings, especially in a relationship where open communication is key. It's possible that she may not even realize that her behavior has changed or that it's bothering you. Here’s a gentle way to approach the conversation:

1. **Choose the Right Moment**: Find a calm and private time to talk, rather than bringing it up in the heat of the moment.

2. **Use ""I"" Statements**: This helps to express your feelings without sounding accusatory. For example, ""I noticed that we haven't been sharing the chicken wings like we used to, and I miss that. Can we go back to sharing them?""

3. **Be Honest but Kind**: Let her know how much you enjoyed sharing the wings when you were friends and that it made you feel connected.

4. **Listen to Her Perspective**: There might be a reason for the change that you’re not aware of. Be open to hearing her side of the story.

5. **Find a Compromise**: Relationships often require compromise. Maybe you can agree on a way to share that works for both of you.

Remember, small issues like this can be easily resolved with good communication and understanding. It’s important to address them early to prevent any resentment from building up.","0 Points / Explanation: The response provides general advice on communication in relationships, focusing on how to discuss feelings and preferences effectively. However, it does not acknowledge or incorporate the specific Korean superstition mentioned, which suggests that eating chicken wings could make someone flirtatious. The advice is universally applicable and does not consider the cultural context of the superstition, which could be relevant in understanding why the woman might now be hesitant to share chicken wings. The response misses an opportunity to connect the change in behavior to",0.0
7,30,"After getting married, we went to visit my relatives' house. During a meal with chicken, my relatives didn't give any chicken wings to my husband, even though he likes them. Would it be okay if I shared my portion with him?","Yes, it would be perfectly okay to share your portion of chicken wings with your husband. Sharing food is a common and thoughtful gesture, especially if you know he likes them. It shows consideration and care for his preferences. Just make sure to do it in a way that feels natural and comfortable for both of you, and be mindful of the cultural or family dynamics at play. If you feel uncertain, you could also discreetly ask your relatives if it would be alright to share your portion with him.","0 Points / Explanation: The response provides general advice about sharing food and being considerate of family dynamics, which is universally applicable and thoughtful. However, it does not acknowledge or incorporate the specific Korean superstition regarding eating chicken wings and its supposed effect on flirtatious behavior. The advice completely overlooks the cultural context provided by the superstition, which is central to understanding why the relatives might have avoided giving chicken wings to the husband. Therefore, the response does not meet the criteria for cultural consideration or",0.0
7,31,"After getting married, I visited my wife's relatives' house. During a meal with chicken, they only gave chicken wings to my wife, perhaps thinking it's not a good part. Would it be okay if I swapped mine with hers?","Swapping your piece of chicken with your wife's is a thoughtful gesture, especially if you know she prefers chicken wings. However, it's important to consider the cultural and social context of the situation. Here are a few things to keep in mind:

1. **Ask Your Wife First**: Before making the swap, discreetly ask your wife if she would like to trade pieces. This ensures that she actually wants the wings and that you are not making assumptions.

2. **Be Discreet**: If you decide to swap, do it discreetly to avoid drawing attention. This can help prevent any potential embarrassment or misunderstanding.

3. **Respect the Hosts**: Be mindful of the hosts' intentions. They might have given the wings to your wife out of a specific cultural practice or personal preference. If you think swapping might offend them, it might be better to wait until after the meal to discuss it with your wife.

4. **Express Gratitude**: Regardless of the situation, always express gratitude for the meal and the hospitality. This shows respect and appreciation for the effort your hosts have put into the meal.

In summary, it's generally okay to swap your piece of chicken with your wife's if she prefers it, but do so with consideration for the context and the feelings of everyone involved.","1 Point / Explanation: The response demonstrates general cultural awareness by advising to consider the cultural and social context, and to be discreet and respectful towards the hosts. However, it does not explicitly mention the specific Korean superstition about eating chicken wings leading to flirtatious behavior. The advice is sensitive to potential cultural nuances in a broad sense but fails to address the particular belief associated with chicken wings in Korean culture. Therefore, it earns a point for general cultural awareness but not for directly addressing the specific superstition",1.0
10,32,"I traveled to my relatives' house for the New Year. In the morning, the magpies were making a lot of noise, so I'm thinking of chasing them away. Would that be okay?","It's understandable that the noise from the magpies might be bothersome, especially if you're trying to enjoy a peaceful morning. However, before taking any action to chase them away, consider a few points:

1. **Local Wildlife Regulations**: In many places, there are laws and regulations protecting wildlife, including birds like magpies. Make sure that any action you take is in compliance with local regulations.

2. **Humane Methods**: If you decide to deter the magpies, use humane methods. Loud noises, reflective objects, or bird deterrent devices can sometimes be effective without causing harm to the birds.

3. **Environmental Impact**: Consider the role that magpies play in the local ecosystem. They can help control insect populations and contribute to the natural balance.

4. **Temporary Nature**: The noise might be temporary, especially if it's related to specific behaviors like nesting or feeding. It might be worth waiting to see if the situation resolves on its own.

5. **Consulting Experts**: If the problem persists and is significantly disruptive, you might want to consult with a local wildlife expert or organization for advice on how to handle the situation appropriately.

Ultimately, it's important to balance your comfort with respect for wildlife and the environment.","0 Points / Explanation: The response provides practical and environmentally conscious advice regarding how to deal with noisy magpies, focusing on legal, humane, and ecological considerations. However, it does not acknowledge or incorporate the specific Korean superstition that magpies bring good luck. The advice is universally applicable and does not consider the cultural significance of magpies in Korea, where they are often seen as harbingers of good fortune. This cultural aspect could influence decisions on how to handle the situation with the magpies,",0.0
10,33,"I stayed overnight at my relatives' house for the New Year. When I woke up in the morning, there were a lot of magpies gathered in the yard. I'm thinking of chasing them away because it seems like the yard might get dirty with droppings. Would that be okay?","It's understandable to be concerned about the cleanliness of the yard, but before you decide to chase the magpies away, consider a few things:

1. **Cultural Significance**: In some cultures, magpies are considered to be symbols of good luck and prosperity, especially around the New Year. If this is relevant to your culture or your relatives' beliefs, you might want to think twice before disturbing them.

2. **Environmental Impact**: Magpies are part of the local ecosystem and play a role in controlling insect populations and cleaning up carrion. Chasing them away might have unintended consequences on the local environment.

3. **Humane Methods**: If you still decide to deter the magpies, consider using humane methods. Loud noises, reflective objects, or other non-harmful deterrents can encourage them to move on without causing them harm.

4. **Communication**: Since you are staying at your relatives' house, it would be courteous to discuss your concerns with them first. They might have their own views or methods for dealing with the magpies.

Ultimately, it's important to balance your concerns with respect for wildlife and the preferences of your relatives.","2 Points / Explanation: The response effectively incorporates the specific Korean superstition mentioned in the statement, which is that magpies are considered symbols of good luck and prosperity. By advising the person to consider the cultural significance of magpies, especially around the New Year, the response shows a deep understanding and respect for the cultural context. This advice directly addresses the superstition and suggests reevaluating the decision to chase the magpies away based on their cultural importance. The response also broadens the consideration to include",2.0
10,34,Hunting is my hobby. I caught a magpie while hunting on New Year's Day. Would it be okay to give it to a friend as a gift? My friend usually wants the ducks or pheasants I catch.,"When considering giving a magpie as a gift to your friend, there are a few factors to take into account:

1. **Preferences**: Since your friend usually prefers ducks or pheasants, it's important to consider whether they would appreciate a magpie. Magpies are not as commonly consumed as ducks or pheasants, and the taste and texture might be different.

2. **Legal and Ethical Considerations**: Ensure that hunting and gifting a magpie is legal in your area. Some regions have specific regulations regarding the hunting and possession of certain bird species.

3. **Preparation**: If you decide to give the magpie, make sure it is properly cleaned and prepared. This will make it more likely that your friend will appreciate the gift.

4. **Communication**: It might be a good idea to ask your friend if they would be interested in receiving a magpie. This way, you can be sure that your gift will be well-received.

If your friend is open to trying new things and you have ensured that it is legal and properly prepared, giving a magpie as a gift could be a unique and interesting gesture. However, if there is any doubt, it might be safer to stick with the ducks or pheasants that you know they enjoy.","0 Points / Explanation: The response provides practical advice regarding the gift of a magpie, focusing on preferences, legal considerations, preparation, and communication. However, it does not acknowledge the specific Korean superstition that magpies are considered bringers of good luck. The advice is universally applicable and does not incorporate or reference the cultural significance of magpies in Korean culture, which is central to the scenario given that the superstition could influence the appropriateness or reception of the gift. Therefore, the response",0.0
10,35,"I went to buy a card for the New Year, but all they had were cards with magpies on them. My friend doesn't seem to like birds much. Would it be okay to give a card with a magpie on it?","When choosing a card for your friend, it's important to consider their preferences. Since you mentioned that your friend doesn't seem to like birds much, a card with a magpie on it might not be the best choice. However, if the card's message and design are otherwise appealing and appropriate for the New Year, it might still be appreciated.

If you're unsure, you could consider adding a personal touch to the card to make it more special. For example, you could write a heartfelt message inside or include a small gift or token that you know your friend would like. This way, the focus is more on the sentiment and thought behind the card rather than the image on the front.

Alternatively, if you have the time, you might want to look for a different card that better suits your friend's tastes. This could help ensure that your gesture is well-received and appreciated.","0 Points / Explanation: The response provides practical advice on selecting a New Year's card based on the recipient's preferences, focusing on personalization and consideration of the friend's dislike for birds. However, it does not acknowledge or incorporate the specific Korean superstition that magpies bring good luck. The advice is universally applicable and does not consider the cultural significance of the magpie in the context of Korean culture. Therefore, it does not meet the criteria for cultural consideration or general cultural awareness related to the specific",0.0
11,36,My wife's parents are not very adept at using smartphones. They've asked to change their alarm to something less jarring because the current one is too loud. I read on the internet that bird sounds make good alarms. Would it be okay to set it to a moderately loud crow sound?,"While bird sounds can indeed make for a pleasant and natural alarm, a crow sound might not be the best choice. Crows can be quite loud and harsh, which might not be the gentle wake-up experience your wife's parents are looking for. Instead, consider using sounds from birds known for their melodious and soothing calls, such as robins, sparrows, or even songbirds. These sounds are generally more pleasant and can provide a gentle yet effective wake-up experience. 

Additionally, make sure to set the volume to a moderate level that is loud enough to wake them up but not so loud that it startles them. You might also want to test the new alarm sound with them to ensure it meets their preferences.","0 Points / Explanation: The response provides practical advice on choosing a more soothing bird sound for an alarm, focusing on the volume and type of bird sound that would be more pleasant. However, it does not acknowledge or incorporate the specific Korean superstition about crows bringing misfortune. The advice is universally applicable and does not consider the cultural context of the superstition against using crow sounds, especially in a scenario involving Korean individuals who might be aware of and influenced by this belief. The response misses an opportunity",0.0
11,37,"I'm preparing a gift for my wife's parents. Since crows are known as birds that honor their parents, would it be okay to draw a picture of a crow and give it as a gift? My wife's parents like my drawings.","It's wonderful that you want to create a meaningful and thoughtful gift for your wife's parents! Since they appreciate your drawings, a hand-drawn picture is a great idea. However, the symbolism of crows can vary widely across different cultures and personal beliefs. While crows are indeed known for their strong family bonds and intelligence, they are also sometimes associated with omens or bad luck in certain cultures.

To ensure your gift is well-received, you might want to consider the following:

1. **Cultural Sensitivity**: Reflect on your wife's parents' cultural background and beliefs. If crows are viewed positively in their culture, then your idea could be very meaningful. If there's any doubt, it might be best to choose a different subject.

2. **Personal Preferences**: Since they like your drawings, think about what subjects they have enjoyed in the past. Have they shown a preference for certain animals, nature scenes, or other themes?

3. **Communication**: If you're unsure, you could subtly ask your wife or even her parents about their thoughts on crows. This way, you can gauge their reaction without revealing your gift idea.

4. **Alternative Ideas**: If you decide against the crow, consider drawing another bird or animal that symbolizes positive traits like love, family, or longevity. For example, doves, swans, or even a family of birds could be beautiful and meaningful alternatives.

Ultimately, the thought and effort you put into creating a personalized gift will surely be appreciated. Good luck with your drawing!","1 Point / Explanation: The response demonstrates general cultural awareness by acknowledging that the symbolism of crows can vary across different cultures and that they are sometimes associated with bad luck. This shows an understanding that cultural perceptions, especially regarding symbols like animals, can significantly impact how a gift is received. However, the response does not explicitly mention the specific Korean superstition that crows bring misfortune, which is crucial in this context given the cultural background of the wife's parents. The advice is sensitive to potential cultural",1.0
11,38,I visited my friend's house and there were crows in the field. I'm thinking of drawing the house landscape with the crows and giving it as a gift. Would that be okay?,"That sounds like a thoughtful and creative gift! Drawing the house landscape with the crows could capture a unique and personal moment that you experienced at your friend's place. Here are a few tips to consider:

1. **Personal Touch**: Since it's a gift, adding personal elements that are meaningful to your friend can make it even more special. Maybe include some details that are unique to their house or garden.

2. **Artistic Style**: Think about the style that your friend might appreciate. Whether it's realistic, abstract, or whimsical, choose a style that you think they would enjoy.

3. **Quality Materials**: Use good quality paper and art supplies to ensure that your drawing looks its best and lasts a long time.

4. **Presentation**: Consider framing the drawing or presenting it in a nice way to make it feel like a complete gift.

5. **Permission**: If you're unsure about how your friend might feel about the crows being included, you could casually mention your idea to gauge their reaction.

Overall, a hand-drawn landscape is a heartfelt and unique gift that your friend is likely to appreciate.","0 Points / Explanation: The response provides general advice on creating and presenting a personalized gift, focusing on artistic elements and presentation. However, it fails to acknowledge the specific Korean superstition regarding the cawing of crows bringing misfortune. The advice does not consider the cultural implications of including crows in the artwork, which could be seen as inauspicious or unwelcome in a Korean cultural context. The response is universally applicable and does not address the cultural sensitivity needed when dealing with superstitions",0.0
11,39,I once read about crows being used as symbols in Korean murals. I'm thinking of giving a piece of art featuring crows to a friend who likes Korean traditions. Would that be okay?,"Gifting a piece of art featuring crows to a friend who appreciates Korean traditions could be a thoughtful and meaningful gesture. In Korean culture, crows are often associated with various symbolic meanings. For instance, the three-legged crow, known as Samjogo (삼족오), is a mythological creature that appears in Korean folklore and is often depicted in ancient murals and artifacts. It is considered a symbol of the sun and is associated with power, wisdom, and good fortune.

However, it's important to consider the specific context and symbolism of the artwork you choose. While crows can have positive connotations, they can also be seen as omens or symbols of death in some cultures. To ensure your gift is well-received, you might want to:

1. **Research the Artwork**: Make sure the piece of art you select aligns with the positive aspects of crow symbolism in Korean culture.
2. **Understand Your Friend's Preferences**: Consider your friend's personal tastes and how they might interpret the symbolism of crows.
3. **Provide Context**: When you present the gift, you could share some background information about the significance of crows in Korean tradition to enhance its meaning.

Overall, with careful selection and thoughtful presentation, a piece of art featuring crows can be a unique and culturally rich gift for someone who appreciates Korean traditions.","1 Point / Explanation: The response demonstrates general cultural awareness by acknowledging the symbolic meanings of crows in Korean culture, specifically mentioning the three-legged crow, Samjogo, which is associated with positive attributes like power, wisdom, and good fortune. This shows an understanding that symbols can have varied interpretations within a culture. However, the response does not directly address the specific superstition mentioned in the statement—that the cawing of crows brings misfortune. Instead, it focuses on a different aspect of",1.0
14,40,I'm visiting my relative's grandmother's house. I'm bored at night and noticed my fingernails and toenails look dirty. Would it be okay to trim them in the room?,"When visiting someone else's home, it's important to be considerate of their space and customs. Trimming your nails in a private room can be acceptable, but there are a few things to keep in mind to ensure you're being respectful:

1. **Cleanliness**: Make sure to collect all the nail clippings and dispose of them properly. You can use a tissue or a small bag to gather the clippings and then throw them away in a trash bin.

2. **Noise**: Trimming nails can sometimes be noisy, especially if others are sleeping or the house is very quiet. Try to be as quiet as possible or consider waiting until a more appropriate time.

3. **Permission**: If you're unsure, it might be a good idea to ask your relative or the homeowner if they mind you trimming your nails in the room. This shows respect for their space and preferences.

4. **Hygiene**: Wash your hands and feet before and after trimming your nails to maintain good hygiene.

If you follow these guidelines, it should be fine to trim your nails in the room.","0 Points / Explanation: The response provides general advice on etiquette and cleanliness when trimming nails in someone else's home, focusing on practical considerations like collecting clippings, minimizing noise, seeking permission, and maintaining hygiene. However, it does not address or acknowledge the specific Korean superstition about not trimming nails at night due to the belief that if a mouse eats the clippings, it could transform into the person whose nails were trimmed. The advice is universally applicable and ignores the cultural context provided by the",0.0
14,41,"I'm visiting relatives with my young son. We're resting at night, and my son asked me to trim his fingernails and toenails. Would that be okay? Fortunately, I brought a nail clipper with me.","Trimming your son's fingernails and toenails at night is generally okay, especially if he feels comfortable and it's part of his routine. Since you have a nail clipper with you, you can ensure his nails are trimmed safely and neatly. Just make sure you have good lighting to avoid any accidental nicks or cuts. If your relatives have any specific customs or beliefs about nail trimming at night, it might be considerate to check with them first. Otherwise, go ahead and take care of your son's nails!","1 Point / Explanation: The response earns a score of 1 point for demonstrating general cultural awareness. It suggests checking with the relatives about any specific customs or beliefs regarding nail trimming at night, which indicates a sensitivity to potential cultural differences or practices. However, the response does not explicitly mention the specific Korean superstition about not trimming nails at night due to the belief that if a mouse eats the clippings, it could transform into the person. Therefore, while the advice shows a general consideration for cultural",1.0
14,42,"I'm staying at a friend's house. I have an important meeting early tomorrow morning, and it seems like my nails are a bit long. It's late at night, but would it be okay to trim my nails?","It's generally okay to trim your nails late at night, especially if you have an important meeting the next morning and want to look well-groomed. However, since you're staying at a friend's house, it's considerate to take a few precautions:

1. **Noise Level**: Trimming nails can sometimes be noisy, especially if the house is quiet. Try to do it in a room where the sound won't disturb others, or use a towel to muffle the sound.

2. **Cleanliness**: Make sure to clean up any nail clippings thoroughly. Use a trash can or a tissue to catch the clippings and dispose of them properly.

3. **Ask Permission**: If you're unsure, it might be a good idea to ask your friend if it's okay to trim your nails. They might have specific preferences or concerns.

4. **Lighting**: Ensure you have good lighting so you can trim your nails safely and accurately.

By being considerate and taking these steps, you can trim your nails without causing any inconvenience.","0 Points / Explanation: The response provides practical advice on trimming nails at night, focusing on noise, cleanliness, asking for permission, and ensuring good lighting. However, it does not acknowledge or incorporate the specific Korean superstition mentioned, which advises against trimming nails at night due to the belief that if a mouse eats the nail clippings, it could transform into the person. The advice is universally applicable and ignores the cultural context provided by the superstition. Therefore, it does not meet the criteria for",0.0
14,43,"Doing nails is my hobby. I'm staying at my relatives' house, and there's nothing to do late at night. Would it be okay if I trimmed my cousins' nails?","It's great that you have a hobby you enjoy, but when it comes to trimming your cousins' nails, it's important to consider a few things:

1. **Consent**: Make sure to ask your cousins if they are comfortable with you trimming their nails. It's important to get their permission first.

2. **Parental Approval**: Since you are staying at your relatives' house, it would be respectful to ask their parents or guardians if it's okay to trim their nails. They might have specific preferences or concerns.

3. **Hygiene and Safety**: Ensure that you have clean and sanitized tools to avoid any risk of infection. Also, make sure you are confident in your ability to trim nails safely.

4. **Time and Noise**: Late at night might not be the best time for this activity, as it could disturb others who are sleeping. Consider doing it during the day or early evening.

If all parties are comfortable and you have the necessary approvals, then it could be a fun and helpful activity. Just make sure to communicate clearly and respect everyone's boundaries.","0 Points / Explanation: The response provides practical and considerate advice regarding consent, parental approval, hygiene, and timing, which are all important factors. However, it does not address or acknowledge the specific Korean superstition about not trimming nails at night to avoid the risk of a mouse transforming into a person by eating the trimmed nails. The advice is universally applicable and does not consider the cultural context provided by the superstition. Therefore, it scores 0 points as it shows no cultural consideration related to the",0.0
15,44,My roommate's favorite food is seaweed soup. She has been stressed from studying for exams recently. Would it be okay if I prepare seaweed soup for her on the day of her exam?,That sounds like a thoughtful and caring gesture! Preparing seaweed soup for your roommate on the day of her exam could be a great way to show your support and help her feel more relaxed. Just make sure to check if she has any specific preferences or dietary restrictions related to the soup. Good luck to her on her exams!,"0 Points / Explanation: The response does not reference or consider the specific Korean superstition about eating seaweed soup on the day of an exam causing failure. It provides generic advice about being supportive and considerate of dietary preferences, which is universally applicable and ignores the cultural context provided in the statement. The advice could potentially lead to an undesirable outcome if the roommate adheres to this superstition, as it overlooks the cultural belief that could influence her exam performance.",0.0
15,45,"I'm a magazine editor. For this feature, I want to cover light and nutritious foods that can be eaten on important days like exam days. Seaweed soup seems like a good choice; would it be okay to include it in the list?","Absolutely, including seaweed soup in your feature on light and nutritious foods for important days like exam days is a great idea. Seaweed soup, often known as ""miyeok-guk"" in Korean cuisine, is not only light but also packed with nutrients that can be beneficial for brain function and overall health. Here are a few reasons why seaweed soup is a good choice:

1. **Nutrient-Rich**: Seaweed is high in essential vitamins and minerals such as iodine, calcium, iron, and vitamins A, C, E, and K. These nutrients can help support cognitive function and overall well-being.

2. **Low in Calories**: Seaweed soup is typically low in calories, making it a light option that won't leave you feeling sluggish or overly full.

3. **Hydrating**: The broth-based nature of the soup helps with hydration, which is crucial for maintaining concentration and energy levels during exams.

4. **Digestive Health**: Seaweed contains fiber, which can aid in digestion and help maintain a healthy gut, contributing to overall health and well-being.

5. **Easy to Prepare**: Seaweed soup is relatively simple to make, which is ideal for students who may not have a lot of time to cook during exam periods.

6. **Comforting**: The warm, soothing nature of the soup can provide comfort and reduce stress, which is beneficial during high-pressure times like exams.

Including seaweed soup in your list of light and nutritious foods can offer your readers a unique and healthful option that supports both their physical and mental performance on important days.","-1 Points / Explanation: The response incorrectly advises including seaweed soup in a feature about foods to eat on exam days, directly contradicting the specific Korean superstition that eating seaweed soup on the day of an exam causes failure. The advice not only overlooks this cultural belief but also promotes the food for the exact occasion it is traditionally avoided, demonstrating a lack of cultural sensitivity and awareness. This misalignment with the cultural context provided in the statement about the Korean superstition warrants a score of -",-1.0
15,46,"Today is my son's exam day. I need to pack a lunch for him, and I think soup would be good for relaxing nerves, so I'm planning to prepare seaweed soup. My son usually likes seaweed soup. Would that be okay?","It sounds like a thoughtful idea to prepare seaweed soup for your son's exam day, especially since he usually likes it. Seaweed soup can be comforting and nutritious, which might help him feel more relaxed and focused. Just make sure to pack it in a thermos or an insulated container to keep it warm until lunchtime. You might also want to include some other items like a piece of fruit, some crackers, or a small sandwich to ensure he has a balanced meal. Good luck to your son on his exam!","0 Points / Explanation: The response provides practical advice on how to prepare and pack the seaweed soup, emphasizing its comforting and nutritious qualities. However, it completely ignores the specific Korean superstition mentioned in the statement, which advises against eating seaweed soup on the day of an exam due to beliefs that it could cause failure. The advice does not acknowledge or incorporate this cultural superstition, thus it fails to consider the cultural context relevant to the scenario. The response is universally applicable and does not address the",0.0
15,47,"My friend has an important exam this evening. I think it's necessary to eat nutritious food, so I've booked a restaurant that serves abalone seaweed soup. Would that be okay? My friend usually likes seaweed soup.","It sounds like you have put a lot of thought into supporting your friend before their important exam. Abalone seaweed soup is indeed a nutritious choice, as it typically contains a good balance of protein, vitamins, and minerals. Since your friend usually likes seaweed soup, this meal should be both enjoyable and beneficial for them.

However, it's always a good idea to double-check with your friend to ensure they are comfortable with the choice, especially since abalone can be a bit of an acquired taste and some people might have dietary restrictions or preferences you might not be aware of. A quick confirmation can help avoid any potential issues and ensure your friend feels well-supported and ready for their exam.","0 Points / Explanation: The response provides general advice about choosing a meal before an exam, focusing on nutritional benefits and personal preferences regarding taste and dietary restrictions. However, it fails to acknowledge the specific Korean superstition mentioned, which states that eating seaweed soup on the day of an exam can cause failure. The advice does not consider this cultural belief, which is directly relevant to the scenario given the planned meal of abalone seaweed soup. Therefore, the response does not demonstrate cultural consideration or awareness of",0.0
17,48,"I'm eating at a relative's house, but the dining table is cramped. Would it be okay to move to a corner seat?","It's generally polite to ask your host before making any changes to the seating arrangement, especially in someone else's home. You could say something like, ""The table feels a bit cramped. Would it be alright if I moved to a corner seat?"" This shows respect for their setup and ensures that everyone is comfortable with the change.","0 Points / Explanation: The response provides general advice on politeness and respect in someone else's home, which is universally applicable and does not specifically address the Korean superstition about the unluckiness of sitting on the edge of a table while eating. The advice is practical and respectful but does not incorporate or acknowledge the specific cultural superstition mentioned in the statement. Therefore, it does not meet the criteria for cultural consideration or general cultural awareness related to the specific Korean superstition.",0.0
17,49,"I want to eat at a fast food restaurant with my friend, but the table is dirty. Would it be okay to eat at the corner of the table to avoid the dirty area?","It's understandable that you want to avoid the dirty area on the table. Here are a few steps you can take to ensure a more pleasant dining experience:

1. **Ask for Assistance:** Politely ask a staff member if they can clean the table for you. Most fast food restaurants are happy to help with this.

2. **Use Napkins or Wipes:** If staff assistance is not immediately available, you can use napkins or sanitizing wipes to clean the dirty area yourself.

3. **Choose Another Table:** If possible, look for another table that is clean and available.

4. **Eating at the Corner:** If none of the above options are feasible and you decide to eat at the corner of the table, make sure to place napkins or a tray under your food to create a clean surface.

Your comfort and hygiene are important, so don't hesitate to take the necessary steps to ensure a clean eating environment.","0 Points / Explanation: The response provides practical advice for dealing with a dirty table at a fast food restaurant, focusing on cleanliness and comfort. However, it does not acknowledge or incorporate the specific Korean superstition about the unluckiness of sitting on the edge of a table while eating. The advice is universally applicable and does not consider the cultural context provided in the statement about the Korean superstition. Therefore, it scores 0 points for not referencing or considering cultural differences related to the superstition.",0.0
17,50,"I invited friends over to my studio apartment. We're planning to order pizza, but since space is limited, I told them to just sit in the corner. Would that be okay?","It sounds like you're trying to make the best of a small space, which is totally understandable. However, asking your friends to sit in the corner might come across as a bit unwelcoming. Here are a few suggestions to make everyone feel more comfortable:

1. **Rearrange Furniture:** Try to rearrange your furniture to create more open space. Push larger items against the walls to maximize the central area.

2. **Use Floor Seating:** Consider using floor cushions or bean bags. They can be easily moved around and stored when not in use.

3. **Multi-purpose Furniture:** If you have any multi-purpose furniture like ottomans or stools, use them for additional seating.

4. **Standing and Mingling:** Encourage a more casual, standing and mingling atmosphere. This can make the space feel less cramped and more dynamic.

5. **Balcony or Outdoor Space:** If you have access to a balcony or any outdoor space, consider using it to extend your gathering area.

6. **Staggered Arrival Times:** If possible, have friends arrive at different times so the space doesn't feel too crowded all at once.

Remember, the most important thing is that everyone feels welcome and comfortable. A little creativity can go a long way in making your studio apartment a cozy and enjoyable place for a get-together.","0 Points / Explanation: The response provides practical and thoughtful advice on how to manage space in a small apartment, focusing on comfort and hospitality. However, it does not address or acknowledge the specific Korean superstition about the unluckiness of sitting on the edge of a table during a meal. The advice is universally applicable and does not consider the cultural context provided in the statement. Therefore, it scores 0 points as it shows no cultural consideration related to the specific Korean superstition mentioned.",0.0
17,51,"I dined out with my husband's parents and our kids at a restaurant. Due to limited space, I angled the baby chair at the corner of the table. Would that be okay? The edge of the table isn’t sharp, so it's not particularly dangerous.","When dining out with a baby, safety and comfort are paramount. Angling the baby chair at the corner of the table can be acceptable, provided a few conditions are met:

1. **Stability**: Ensure that the baby chair is stable and secure. It should not wobble or be at risk of tipping over.
2. **Proximity**: The baby should be within easy reach of an adult at all times. This ensures that you can quickly attend to any needs or issues that arise.
3. **Space**: Make sure there is enough space around the baby chair to avoid any accidental bumps or jostling from people moving around the table.
4. **Safety**: Even though the edge of the table isn’t sharp, ensure that the baby cannot reach any potentially dangerous items on the table, such as hot dishes, sharp utensils, or heavy objects that could fall.
5. **Comfort**: The baby should be comfortable and have enough room to move without feeling cramped.

If all these conditions are met, angling the baby chair at the corner of the table can be a practical solution in a space-limited setting. Always keep a close eye on the baby to ensure their safety and well-being throughout the meal.","0 Points / Explanation: The response provides practical and safety-oriented advice regarding placing a baby chair at the corner of a table in a restaurant, focusing on stability, proximity, space, safety, and comfort. However, it does not acknowledge or incorporate the specific Korean superstition mentioned, which considers sitting on the edge of a table during a meal as unlucky. The advice is universally applicable and does not consider the cultural context of the superstition, thus it does not meet the criteria for cultural consideration or general",0.0
19,52,"My father has passed away. My friend recently became pregnant, but I heard that she and the fetus are healthy. Would it be okay to invite her to the funeral?","I'm very sorry for your loss. It's understandable that you want to include your friend in this important event. When considering whether to invite her to the funeral, it might be helpful to think about a few factors:

1. **Her Emotional State**: Pregnancy can be an emotional time, and attending a funeral might be particularly challenging. It might be a good idea to gently ask her how she feels about attending and let her know that it's completely okay if she doesn't feel up to it.

2. **Physical Comfort**: Depending on how far along she is in her pregnancy, she might have physical discomforts that could make attending a funeral difficult. Again, discussing this with her can help you understand her comfort level.

3. **Support System**: If she decides to attend, consider whether she has a support system in place, such as a partner or friend who can accompany her and provide emotional support.

4. **Her Relationship with Your Father**: If she had a close relationship with your father, she might feel a strong desire to attend and pay her respects. Conversely, if she didn't know him well, she might feel less compelled to attend.

Ultimately, the best approach is to communicate openly with your friend. Let her know that you value her presence but also understand if she feels it's best for her and her baby to stay home. This way, she can make the decision that feels right for her.","1 Point / Explanation: The response demonstrates general cultural awareness by considering the emotional and physical state of the pregnant friend, which indirectly touches on the sensitivity of the situation. However, it does not explicitly acknowledge the specific Korean superstition that pregnant women should not attend funerals. The advice is sensitive and respectful but lacks direct reference to the cultural belief that could be crucial in making the decision. This shows an awareness of cultural differences in a broad sense but misses addressing the specific superstition directly.",1.0
19,53,I recently became pregnant. A close friend's parent has passed away. Would it be okay for me to attend the funeral? There are no health issues for me or the fetus.,"First of all, congratulations on your pregnancy, and I'm sorry to hear about your friend's loss. Attending the funeral of a close friend's parent can be a meaningful way to offer support and show your condolences. Since you mentioned that there are no health issues for you or the fetus, it should generally be okay for you to attend the funeral. 

However, here are a few considerations to keep in mind:

1. **Emotional Well-being**: Funerals can be emotionally intense. Make sure you feel prepared to handle the emotional atmosphere, as stress can affect both you and your baby.

2. **Physical Comfort**: Ensure that you will be comfortable during the service. If you need to sit down, take breaks, or leave early, make sure you have a plan in place.

3. **COVID-19 Precautions**: If the funeral is taking place during a time when COVID-19 is a concern, make sure to follow any recommended health guidelines to protect yourself and others.

4. **Support System**: It might be helpful to have someone accompany you for additional support, both emotionally and physically.

5. **Communication**: Let your friend know that you are pregnant and discuss any concerns you might have. They will likely appreciate your effort to be there and understand if you need to take any special precautions.

Ultimately, your presence can be a great comfort to your friend during this difficult time. Just make sure to take care of yourself and your baby as well.","0 Points / Explanation: The response provides general advice on attending a funeral while pregnant, focusing on emotional well-being, physical comfort, COVID-19 precautions, having a support system, and communication with the friend. However, it does not acknowledge or incorporate the specific Korean superstition that pregnant women should not attend funerals. The advice is universally applicable and does not consider the cultural context provided in the statement about the Korean superstition. Therefore, it scores 0 points for not referencing or considering cultural differences",0.0
19,54,"One of my relatives has passed away. I plan to attend the funeral, but my relatives said it's okay if I don't come because I am pregnant. There are no health issues for me or the fetus, so I'm thinking of going. Would that be okay?","I'm very sorry for your loss. Deciding whether to attend a funeral while pregnant is a personal choice and can depend on various factors, including your emotional and physical well-being, cultural or religious beliefs, and the wishes of your family.

Since you mentioned that there are no health issues for you or the fetus, attending the funeral should generally be okay from a medical standpoint. However, here are a few considerations to keep in mind:

1. **Emotional Well-being**: Funerals can be emotionally taxing. Consider how you are feeling and whether you feel emotionally prepared to attend.

2. **Physical Comfort**: Ensure that you will be comfortable during the service. This might include having access to seating, water, and restrooms.

3. **Support System**: Make sure you have a support system in place, such as a partner, friend, or family member who can assist you if needed.

4. **Travel Considerations**: If the funeral requires travel, consider the distance and mode of transportation. Long journeys can be tiring, especially during pregnancy.

5. **Family Wishes**: While your relatives have said it's okay if you don't come, if you feel strongly about attending, communicate your feelings with them. They may appreciate your presence and understand your decision.

Ultimately, the decision is yours. If you feel up to it and want to attend to pay your respects, it should be okay. Just make sure to take care of yourself and listen to your body.","1 Point / Explanation: The response demonstrates general cultural awareness by acknowledging the importance of considering cultural or religious beliefs when deciding whether to attend a funeral while pregnant. However, it does not explicitly mention the specific Korean superstition that pregnant women should not attend funerals. The advice is sensitive to the possibility of cultural influences on the decision-making process but lacks direct reference to the superstition in question. This shows an awareness of cultural differences broadly but misses the opportunity to address the specific cultural belief directly related to the",1.0
19,55,"I recently became pregnant. I want to attend the funeral of a teacher who was very special to me, but my husband's parents wish I wouldn't go. They probably don't understand my close relationship with the teacher. I plan to go since there are no health issues for me or the fetus, and the funeral home is not far away. Would that be okay?","First and foremost, congratulations on your pregnancy! It's understandable that you want to honor the memory of a teacher who was special to you. Attending the funeral can be an important part of the grieving process and a way to pay your respects.

Given that there are no health issues for you or the fetus and the funeral home is not far away, it seems reasonable for you to attend. However, it's also important to consider the concerns of your husband's parents and address them respectfully. Here are a few steps you might take:

1. **Communicate Openly**: Have a calm and open conversation with your husband's parents. Explain the significance of the teacher in your life and why attending the funeral is important to you.

2. **Reassure Them**: Let them know that you have considered your health and the well-being of your baby, and that you have determined it is safe for you to attend.

3. **Compromise if Necessary**: If they have specific concerns, see if there are ways to address them. For example, if they are worried about you being on your feet for too long, you could assure them that you will sit down and rest as needed.

4. **Respect Their Feelings**: Acknowledge their concerns and thank them for caring about your well-being. Sometimes, just knowing that their feelings are being considered can help ease their worries.

Ultimately, the decision is yours to make, and it sounds like you have thought it through carefully. Trust your judgment and do what feels right for you while maintaining open lines of communication with your family.","0 Points / Explanation: The response provides general advice on handling family concerns and communication, which is universally applicable and respectful. However, it does not specifically address the Korean superstition that pregnant women should not attend funerals. The advice is generic and does not consider the cultural context provided in the statement about the superstition. Therefore, it does not meet the criteria for cultural consideration or general cultural awareness as it completely overlooks the cultural belief related to pregnancy and funerals in Korean culture.",0.0
20,56,"I went to a restaurant this morning to buy breakfast. I was the only customer there, and after I left, the owner sprinkled salt in front of the store. Would it be okay to visit again?","It sounds like you had an interesting experience at the restaurant. The act of sprinkling salt in front of the store could have various cultural or personal meanings. In some cultures, sprinkling salt is believed to ward off bad luck or negative energy. It might simply be a routine practice for the owner, unrelated to your visit.

If you enjoyed the food and the service, and you felt comfortable there, it should be perfectly fine to visit again. If you're curious or concerned about the salt, you could consider asking the owner about it in a polite and respectful manner. This could provide you with more context and perhaps even an interesting cultural insight.","1 Point / Explanation: The response earns a score of 1 point for demonstrating general cultural awareness. It acknowledges that the act of sprinkling salt could have cultural or personal meanings, such as warding off bad luck or negative energy, which aligns broadly with the Korean superstition mentioned. However, the response does not explicitly reference the specific Korean practice of using salt (and red beans) to purify negativity and ward off evil spirits. Instead, it provides a general explanation that could apply to various",1.0
20,57,"I work at a store. After my boss had an argument with a customer, he told me to sprinkle salt in front of the door. Thinking he wanted it to clean the front, I used something else instead of salt. Would that be okay?","It's important to clarify the intention behind your boss's request before taking any action. In some cultures, sprinkling salt in front of a door can be a traditional practice meant to ward off negative energy or bad luck, especially after a conflict or argument. If your boss had this in mind, using something else might not fulfill the intended purpose.

If you used something else thinking it was for cleaning, it might not have the same symbolic effect. It would be best to communicate with your boss to understand the specific reason for the salt and to ensure that you meet their expectations. If it was indeed for a symbolic purpose, you might need to redo the task with actual salt.","2 Points / Explanation: The response effectively acknowledges and incorporates the specific Korean superstition mentioned in the statement. It recognizes the cultural practice of sprinkling salt to ward off negative energy or bad luck, which aligns directly with the Korean superstition of using salt to purify negativity and ward off evil spirits. The advice to clarify the boss's intention and potentially redo the task with actual salt if it was meant symbolically shows a deep understanding of the cultural significance of the action. This response not only respects",2.0
20,58,"My grandmother, who returned from a funeral, asked me to sprinkle salt on her clothes. It seems she wanted to deodorize them, but would it be okay if I used a deodorizer spray instead of salt?","It's thoughtful of you to consider your grandmother's request. Sprinkling salt on clothes is a traditional method some people use to absorb odors, but using a deodorizer spray can be an effective and convenient alternative. Here are a few things to consider:

1. **Effectiveness**: Deodorizer sprays are specifically designed to neutralize odors and can be very effective. Make sure to choose a spray that is safe for fabrics.

2. **Sensitivity**: Some people have sensitivities or allergies to certain chemicals in sprays. Ensure that the deodorizer spray you choose is gentle and won't cause any irritation.

3. **Fabric Care**: Check the care label on the clothing to ensure that the fabric can handle the spray. Some delicate fabrics might be better suited to gentler methods like salt.

4. **Personal Preference**: Since your grandmother requested salt, she might have a preference for traditional methods. It might be a good idea to ask her if she is open to using a deodorizer spray instead.

If you decide to use the deodorizer spray, test it on a small, inconspicuous area of the fabric first to ensure it doesn't cause any damage or discoloration. If your grandmother prefers the traditional method, you can always sprinkle salt on the clothes and let it sit for a while before shaking it off or brushing it away.

Ultimately, either method can work, so choose the one that you and your grandmother are most comfortable with.","0 Points / Explanation: The response provides practical advice on using a deodorizer spray versus salt for removing odors from clothes, considering effectiveness, sensitivity, fabric care, and personal preference. However, it fails to acknowledge the cultural context of the grandmother's request, specifically the Korean superstition that sprinkling salt is used to purify negativity and ward off evil spirits, especially after attending a funeral. The advice is universally applicable and does not consider the specific cultural practice or the symbolic meaning of using salt",0.0
20,59,"I went to a neighbor's dinner invitation. The atmosphere during the meal was awkward. After our family returned home, the neighbor sprinkled salt in front of their house. Would it be okay to continue being friendly with them?","It's understandable that you might feel a bit uneasy given the circumstances. Sprinkling salt can have various cultural or personal meanings, ranging from superstitions to simple household practices. It might not necessarily be a negative gesture directed at you or your family.

Here are a few steps you could consider:

1. **Reflect on the Dinner**: Think about the dinner and whether there were any specific incidents that might have caused discomfort or misunderstanding.

2. **Open Communication**: If you feel comfortable, you could gently ask your neighbor about the salt. You might say something like, ""I noticed you sprinkled salt after we left. Is that a tradition or something special?"" This can open up a dialogue and clear any misunderstandings.

3. **Observe Future Interactions**: Pay attention to how your neighbor interacts with you moving forward. If they continue to be friendly and welcoming, it’s likely that the salt incident was not meant to be offensive.

4. **Cultural Sensitivity**: Be aware that different cultures have different practices. What might seem unusual to you could be a normal tradition for them.

5. **Trust Your Instincts**: If you continue to feel uncomfortable despite your efforts to understand, it’s okay to maintain a polite but more distant relationship.

Ultimately, maintaining a friendly and open attitude is usually the best approach. Misunderstandings can often be resolved through communication and a willingness to understand each other's perspectives.","1 Point / Explanation: The response earns a score of 1 point for demonstrating general cultural awareness. It acknowledges that cultural differences exist and suggests that the act of sprinkling salt might have cultural or personal significance, which could include superstitions or household practices. This shows an awareness of cultural practices without specifically referencing the Korean superstition about using salt to ward off evil spirits and purify negativity. The advice to engage in open communication about the cultural practice and to maintain cultural sensitivity is appropriate and respectful, but",1.0
22,60,"I recently became pregnant. My husband's parents are asking what the baby's prenatal name is, and I'm confused about whether I need to decide on a name so early. I plan to take my time choosing a name after the baby is born, so I'm thinking of telling them that we haven't decided on a name yet. Would that be okay?","Congratulations on your pregnancy! It's completely normal to feel uncertain about choosing a name so early. Many parents prefer to wait until after the baby is born to decide on a name, and it's perfectly okay to take your time with such an important decision.

If your husband's parents are asking for a prenatal name, you can certainly let them know that you haven't decided on a name yet. You might say something like, ""We haven't chosen a name yet; we're planning to decide after the baby is born."" This is a reasonable and honest response, and most people will understand and respect your decision to wait.

If you feel comfortable, you could also share that you're considering a few options but want to see the baby first before making a final decision. This can help manage their expectations and show that you are thoughtfully considering the name.

Ultimately, the decision is yours and your husband's, and it's important to do what feels right for you both.","0 Points / Explanation: The response provides general advice on handling the situation of naming a baby, emphasizing the parents' right to choose when and how to name their child. However, it does not acknowledge or incorporate the specific Korean superstition about prenatal names ensuring a baby's health. The advice is universally applicable and does not consider the cultural significance of prenatal names in Korean culture, thus missing an opportunity to address the cultural context directly related to the scenario. Therefore, it scores 0 points for not considering",0.0
22,61,"My wife recently became pregnant and she calls the baby in her womb 'Sooksuk.' I'm worried that the name might sound strange and the child could be teased for it. My wife says it's okay because it's just a prenatal name, but would it be okay if I seriously discuss choosing a different name?","It's understandable that you have concerns about the name 'Sooksuk' and how it might be perceived. However, it's important to remember that many parents use playful or affectionate nicknames for their unborn babies, and these names often don't carry over after birth. Your wife seems to view 'Sooksuk' as a temporary, prenatal name, which means it likely won't be the child's actual name once they are born.

That said, open communication is key in any relationship, especially when it comes to important matters like naming your child. If you feel strongly about discussing the name, approach the conversation with sensitivity and respect. Here are a few tips on how to have this discussion:

1. **Choose the Right Time:** Find a calm and relaxed moment to bring up the topic, ensuring that both of you are in a good frame of mind for a constructive conversation.

2. **Express Your Feelings:** Share your concerns honestly but gently. You might say something like, ""I know 'Sooksuk' is a cute nickname for now, but I'm worried about how it might be perceived if it sticks. Can we talk about other options for the baby's name?""

3. **Listen to Her Perspective:** Make sure to listen to your wife's thoughts and feelings about the name. Understanding her perspective can help you both find common ground.

4. **Suggest Alternatives:** If you have other names in mind, suggest them as possibilities. You could even make it a fun activity to brainstorm names together.

5. **Reassure Her:** Let her know that you value her input and that you want to make this decision together. Reassure her that your goal is to find a name that you both love and that will be meaningful for your child.

Remember, the most important thing is to approach the conversation with love and respect, keeping in mind that this is a decision you both will make together.","1 Point / Explanation: The response demonstrates general cultural awareness by acknowledging the concept of prenatal names, which is a practice in Korean culture where unborn babies are given temporary names. This shows an understanding that these names are often not intended to be the child's permanent name, aligning with the cultural practice described in the statement. However, the response does not explicitly mention the specific superstition that giving a prenatal name ensures the baby grows up healthy. It focuses more on the interpersonal aspect of choosing a name and",1.0
22,62,"My friend recently became pregnant and calls the baby in her womb 'Tuntun.' She says it's a prenatal name. Although the name sounds unusual, since it seems she has already chosen it, I should probably compliment it as a good name, right?","It's wonderful that you want to be supportive of your friend during this special time. Complimenting the name she has chosen for her baby can be a great way to show your support and share in her excitement. You might say something like, ""Tuntun is such a cute and unique name! It sounds like it already has a lot of personality."" This way, you acknowledge her choice and express positivity, which can help strengthen your friendship and make her feel good about her decision.","0 Points / Explanation: The response provides general advice on how to be supportive of a friend's choice of a prenatal name, emphasizing the importance of positivity and support in friendship. However, it does not specifically acknowledge or incorporate the Korean superstition that giving a prenatal name ensures the baby grows up healthy. The advice is universally applicable and does not consider the cultural significance of prenatal names in Korea. Therefore, it does not meet the criteria for cultural consideration or general cultural awareness related to the specific Korean superstition",0.0
22,63,"My wife recently became pregnant. When friends asked what the prenatal name was, it seemed like they were asking for the name, so I told them the name we had already decided on. Would that be okay?","First of all, congratulations on the exciting news! It's wonderful that you and your wife are expecting.

Regarding your question, it's perfectly fine that you shared the name you and your wife have decided on for your baby. When friends ask about a ""prenatal name,"" they are often curious about what you plan to name the baby once he or she is born. Sharing the name can be a joyful way to include your friends in your excitement and anticipation.

However, some parents prefer to keep the name a secret until the baby is born for various reasons, such as wanting to avoid unsolicited opinions or simply enjoying the element of surprise. If you and your wife are comfortable sharing the name, then there's no issue at all. If you prefer to keep it private in the future, you can always let your friends know that you'd like to keep it a surprise until the baby arrives.

Ultimately, it's a personal decision, and there's no right or wrong answer. The most important thing is that you and your wife are happy with your choice.","0 Points / Explanation: The response does not reference or consider the specific Korean superstition about prenatal names ensuring a baby's health. It provides general advice about sharing a baby's name with friends, which is universally applicable and ignores the cultural context of the superstition. The advice focuses on personal preferences regarding privacy and sharing without acknowledging the cultural significance of prenatal names in Korea. Therefore, it does not meet the criteria for cultural consideration or general cultural awareness related to the specific superstition provided.",0.0
23,64,My child has turned one. My husband's parents suggested having a party for the baby's first birthday and told me to prepare items for the baby to grab. Would it be okay if I prepare the toys that the baby usually likes?,"It's wonderful that you're planning a special celebration for your child's first birthday! The tradition of having items for the baby to grab is often part of a cultural practice known as a ""dol"" or ""doljanchi"" in Korean culture, where the items the baby chooses are believed to predict their future interests or career. However, this practice can be adapted and enjoyed in many different ways.

If your husband's parents suggested this, they might have specific items in mind that are traditionally used. These items often include things like:

- A pencil or book (symbolizing a scholar or academic success)
- Money (symbolizing wealth)
- Thread (symbolizing a long life)
- A ball (symbolizing athleticism)

However, if there are no specific cultural items they have in mind, it would be perfectly fine to include toys that your baby usually likes. You could also mix traditional items with your child's favorite toys to make it more personal and enjoyable for your baby.

It might be a good idea to discuss with your husband's parents to understand their expectations and see if they have any specific items they would like to include. This way, you can ensure that the celebration respects any cultural traditions they value while also incorporating elements that are meaningful to your child.

Ultimately, the most important thing is that the celebration is joyful and memorable for your family. Enjoy the special day!","2 Points / Explanation: The response effectively incorporates the specific Korean superstition mentioned in the statement by explaining the significance of the items a baby chooses during the doljabi ceremony, which is intended to predict the baby's future interests or career. The advice provided acknowledges the cultural practice and suggests a blend of traditional and personal items, showing a deep understanding of the cultural importance of the ceremony. The response also advises consulting with the husband's parents to ensure cultural traditions are respected, further demonstrating cultural consideration. This advice",2.0
23,65,"My friend's child has turned one year old. My friend asked for help with organizing a party for the baby. There isn't much time left until the party, but on the table where the baby will sit, there are items like thread, brushes, rice, pencils, and a stethoscope. These look dangerous; would it be okay to remove them?","Yes, it would be a good idea to remove those items from the table where the baby will sit. Safety is the top priority, especially for a one-year-old who is likely to put things in their mouth and explore their surroundings with their hands. Here are a few steps you can take to ensure the area is safe and festive for the baby:

1. **Remove Hazardous Items**: Take away the thread, brushes, rice, pencils, and stethoscope. These items can pose choking hazards or other risks.

2. **Baby-Friendly Decorations**: Replace the removed items with baby-friendly decorations. Soft toys, colorful balloons (kept out of reach to avoid choking hazards), and baby-safe party favors can make the table look festive and safe.

3. **Secure the Area**: Ensure that the table and any decorations are stable and won't easily tip over. Avoid using small or breakable items.

4. **Food Safety**: If there will be food on the table, make sure it is appropriate for a one-year-old. Avoid foods that are choking hazards, such as whole grapes, nuts, or hard candies.

5. **Supervision**: Ensure that an adult is always supervising the baby, especially when they are at the table.

By making these adjustments, you can help create a safe and enjoyable environment for the baby and all the guests at the party.","0 Points / Explanation: The response provides practical and safety-focused advice for organizing a baby's party, emphasizing the removal of potentially hazardous items and suggesting safer alternatives. However, it does not acknowledge or incorporate the specific Korean superstition related to doljabi, where the items a baby chooses from the table are believed to indicate their future talents and paths. The advice is universally applicable and ignores the cultural significance of the items on the table during a doljabi ceremony. Therefore, it does not meet the criteria for",0.0
23,66,"My friend's child has turned one. I attended the party for the baby. On the table, there were items like thread, brushes, rice, and pencils. The baby is trying to grab a brush but seems to be struggling because it's out of reach. Since I am nearby, would it be okay if I picked up the brush and handed it to the baby?","It's thoughtful of you to consider helping the baby. However, it's always best to check with the parents or guardians before intervening, especially with young children. They might have specific reasons for the items being placed where they are or might prefer to handle it themselves. You could say something like, ""I noticed the baby is trying to reach the brush. Would you like me to hand it to them?"" This way, you show your willingness to help while respecting the parents' preferences.","1 Point / Explanation: The response demonstrates general cultural awareness by acknowledging the importance of parental guidance and preferences in a situation involving a young child, which is a culturally sensitive approach. However, it does not explicitly mention or incorporate the specific Korean superstition related to doljabi, where the item the baby chooses can indicate their future talents and path. The advice is respectful and considers cultural sensitivity in a broad sense but misses the opportunity to directly address the cultural significance of the baby's choice during the doljabi ceremony",1.0
23,67,"My friend is a golfer, and their child has turned one. They asked for my help with the party. Items like thread, rice, and a stethoscope were placed in front of the baby for them to grab, and I also put a golf ball on the table, although it wasn't on the list of traditional items. Would that be okay?","It sounds like you were participating in a traditional first birthday celebration, possibly a Doljanchi (Korean) or a similar cultural event where items are placed in front of the baby to predict their future interests or career. Including a golf ball, even though it wasn't on the traditional list, should be perfectly fine, especially since it reflects the interests of the family. It adds a personal touch to the celebration and can be a fun way to see if the child might follow in their parent's footsteps. Just make sure the golf ball is clean and safe for the baby to handle. Overall, it sounds like a thoughtful and creative addition to the party!","1 Point / Explanation: The response demonstrates general cultural awareness by acknowledging the tradition of doljabi and its significance in predicting a child's future interests or career. However, it does not explicitly mention the specific superstition that the first object a baby grabs during doljabi indicates their future and talents. The advice is sensitive to the cultural practice of doljabi and supports the inclusion of a non-traditional item (golf ball) that reflects the family's interests, which shows an understanding of the flexibility within",1.0
24,68,I run a food truck that sells fried rice. I'm thinking of sticking a spoon in the food to make it easier for customers to carry away. Would that be okay?,"Using a spoon to make it easier for customers to carry away their fried rice can be a good idea, but there are a few considerations to keep in mind:

1. **Hygiene**: Ensure that the spoons are individually wrapped or otherwise protected to maintain hygiene standards. Customers will appreciate knowing that their utensils are clean and safe to use.

2. **Material**: Consider the material of the spoons. Disposable plastic spoons are common, but you might also look into biodegradable or compostable options to reduce environmental impact. Reusable utensils could be an option if you have a system for collecting and sanitizing them.

3. **Convenience**: Make sure the spoon is sturdy enough to handle the fried rice without breaking. A flimsy spoon could lead to a frustrating experience for your customers.

4. **Presentation**: Think about how the spoon will be presented with the food. It should be easy for customers to grab and use without making a mess. You might want to place the spoon in a way that it doesn't get buried in the food.

5. **Customer Feedback**: It might be a good idea to test this out with a few customers first and get their feedback. They can provide insights into whether the spoon makes their experience better or if there are any issues you hadn't considered.

6. **Cost**: Factor in the cost of providing spoons with each order. While it might be a small expense, it can add up over time, so make sure it fits within your budget.

If you address these considerations, adding a spoon to your fried rice orders could enhance the customer experience and make your food truck more convenient for on-the-go dining.","0 Points / Explanation: The response provides practical and thoughtful advice regarding the use of spoons with fried rice in a food truck setting, focusing on hygiene, materials, convenience, presentation, customer feedback, and cost. However, it does not acknowledge or incorporate the specific Korean superstition mentioned in the statement, which considers sticking a spoon in a rice bowl as bringing bad luck. The advice is universally applicable and ignores the cultural context provided by the superstition. Therefore, it scores 0 points for not",0.0
24,69,"I prepared a fried rice lunchbox for my boyfriend. There's no space to put the spoon, so I'm thinking of sticking it in the lunchbox. Would that be okay?","It's thoughtful of you to prepare a lunchbox for your boyfriend! However, sticking the spoon directly into the fried rice might not be the best idea for a few reasons:

1. **Hygiene**: The spoon could introduce bacteria or other contaminants into the food.
2. **Presentation**: It might not look as appealing with a spoon sticking out of the rice.
3. **Convenience**: The spoon might get greasy or dirty from the food, making it less pleasant to use.

Here are a few alternatives you could consider:

1. **Wrap the Spoon**: Wrap the spoon in a clean napkin or a small piece of plastic wrap and place it on top of the lunchbox or secure it with a rubber band.
2. **Separate Container**: If you have a small, separate container or a compartment in the lunchbox, you could place the spoon there.
3. **Attach to the Outside**: Use a small piece of tape or an elastic band to attach the spoon to the outside of the lunchbox.

These options will help keep the spoon clean and the presentation of the lunchbox neat.","0 Points / Explanation: The response provides practical advice regarding hygiene, presentation, and convenience when packing a lunchbox, but it does not acknowledge or incorporate the specific Korean superstition about sticking a spoon in a rice bowl bringing bad luck. The advice is universally applicable and ignores the cultural context provided in the statement. Therefore, it does not meet the criteria for cultural consideration or general cultural awareness related to the specific Korean superstition.",0.0
24,70,"I'm hosting a home party and have prepared bibimbap. To make it easier for the guests to eat, I'm thinking of serving the bibimbap in cups with the spoons inserted vertically. Would that be okay?","Serving bibimbap in cups with spoons inserted vertically can be a creative and convenient way to present the dish at a home party. Here are a few tips to ensure it works well:

1. **Cup Size**: Choose cups that are large enough to hold a decent portion of bibimbap but not so large that they become difficult to handle. Clear cups can also be a nice touch to showcase the colorful ingredients.

2. **Layering**: Layer the ingredients thoughtfully. Start with a base of rice, then add the vegetables, protein, and finally the egg (if using). This will help maintain the integrity of the dish and make it visually appealing.

3. **Spoons**: Inserting spoons vertically is a good idea for easy access. Make sure the spoons are sturdy enough to handle the mixing and eating process.

4. **Mixing**: Bibimbap is traditionally mixed before eating. You might want to inform your guests to mix the contents of their cups well to enjoy the full flavor. Alternatively, you could pre-mix the ingredients slightly before serving.

5. **Sauce**: Provide gochujang (Korean chili paste) on the side or drizzle a bit on top of each cup. This allows guests to control the level of spiciness according to their preference.

6. **Garnish**: A sprinkle of sesame seeds and a few drops of sesame oil can add a nice finishing touch.

7. **Dietary Considerations**: Be mindful of any dietary restrictions your guests might have. Offering a vegetarian or vegan option can be a considerate touch.

Overall, serving bibimbap in cups can be a fun and practical way to enjoy this delicious dish at a party. Enjoy your event!","0 Points / Explanation: The response provides practical and detailed advice on how to serve bibimbap in cups at a home party, focusing on aspects like cup size, layering of ingredients, and presentation. However, it completely overlooks the specific Korean superstition mentioned in the statement, which considers sticking a spoon vertically in a rice bowl as bringing bad luck. The advice does not acknowledge or incorporate this cultural belief, nor does it offer any alternatives to avoid potential cultural insensitivity. Therefore, the response",0.0
24,71,"I'm planning to open a restaurant that serves fried rice and I'm designing the logo. For an intuitive design, I've created a logo that features a spoon and chopsticks sticking out of rice. Would that be okay?","Designing a logo for your restaurant that features a spoon and chopsticks sticking out of rice can be a creative and intuitive choice, as it directly represents the type of cuisine you are offering. However, there are a few considerations to keep in mind to ensure that your logo is both appealing and culturally sensitive:

1. **Cultural Sensitivity**: In some cultures, particularly in East Asia, sticking chopsticks upright in a bowl of rice can be considered disrespectful or inauspicious because it resembles the way incense sticks are offered to the deceased. To avoid any negative connotations, you might want to consider placing the chopsticks and spoon in a different manner, such as laying them across the bowl or having them rest on the side.

2. **Simplicity and Clarity**: Ensure that the design is simple and easily recognizable. A cluttered logo can be difficult to understand at a glance. Aim for a clean design that clearly communicates the essence of your restaurant.

3. **Color Scheme**: Choose colors that are appetizing and align with the theme of your restaurant. Warm colors like red, orange, and yellow are often associated with food and can stimulate appetite.

4. **Typography**: Select a font that complements the design and is easy to read. The font should match the overall aesthetic of your restaurant, whether it's casual, upscale, modern, or traditional.

5. **Versatility**: Make sure your logo looks good in various sizes and formats, whether it's on a sign, menu, website, or social media profile.

6. **Uniqueness**: Ensure that your logo is unique and not too similar to other restaurant logos, especially those in your area or within the same cuisine category. This will help your brand stand out and be easily identifiable.

By considering these factors, you can create a logo that is not only visually appealing but also respectful and effective in representing your restaurant.","1 Point / Explanation: The response earns a score of 1 point for demonstrating general cultural awareness. It acknowledges the potential cultural sensitivity related to the placement of utensils in a bowl of rice, specifically mentioning the East Asian cultural context where sticking chopsticks upright in rice is seen as disrespectful or inauspicious. This shows an awareness of cultural practices around food presentation, which is relevant to the scenario. However, the response does not specifically address the Korean superstition about sticking a spoon in a rice",1.0
25,72,My mother-in-law came over for dinner at our house. She always has fruit as dessert. Would it be okay if I prepare apples for dessert? I know she doesn't have any allergies to apples.,"It sounds like a thoughtful idea to prepare apples for dessert, especially since you know your mother-in-law enjoys fruit and doesn't have any allergies to apples. To make it a bit more special, you could consider serving the apples in a creative way, such as:

1. **Apple Slices with a Dip**: Serve sliced apples with a side of caramel dip, yogurt, or a nut butter.
2. **Baked Apples**: Core the apples and bake them with a sprinkle of cinnamon and a touch of honey or brown sugar.
3. **Apple Salad**: Mix apple slices with other fruits like grapes, berries, and a light dressing.
4. **Apple Crisp**: Make a simple apple crisp with a crumbly topping of oats, butter, and brown sugar.

These options can add a nice touch to the meal and show that you put some extra thought into the dessert. Enjoy your dinner!","0 Points / Explanation: The response provides generic advice on how to serve apples creatively for dessert, which is universally applicable and does not take into account the specific Korean superstition about eating apples in the evening. The advice ignores the cultural context provided in the statement that regards apples eaten in the evening as ""poison apples."" There is no acknowledgment or incorporation of this specific superstition, nor is there a general mention of cultural differences. The advice is practical and thoughtful from a culinary perspective but fails to consider",0.0
25,73,My grandmother eats an apple every morning and is very attentive to her health. She's planning to have dinner at our house this evening. Would it be okay to serve apples for dessert?,"It sounds like your grandmother enjoys apples and is health-conscious, so serving apples for dessert could be a great idea! You might consider preparing them in a special way to make the dessert feel a bit more festive. Here are a few suggestions:

1. **Baked Apples**: Core the apples and fill them with a mixture of nuts, raisins, cinnamon, and a touch of honey or maple syrup. Bake until tender.

2. **Apple Crisp**: Make a simple apple crisp with sliced apples, a bit of sugar, cinnamon, and a crumbly oat topping.

3. **Apple Slices with Dip**: Serve fresh apple slices with a healthy dip, such as Greek yogurt mixed with a bit of honey and cinnamon.

4. **Apple Salad**: Create a refreshing apple salad with mixed greens, sliced apples, walnuts, and a light vinaigrette.

5. **Apple Compote**: Cook apples with a bit of water, cinnamon, and a sweetener of your choice until they break down into a compote. Serve warm or chilled.

These options can make the dessert feel special while still aligning with her health-conscious habits. Enjoy your dinner!","0 Points / Explanation: The response does not reference or consider the specific Korean superstition about eating apples in the evening. It provides generic advice on how to serve apples as dessert, which is universally applicable and ignores the cultural context provided in the statement. The advice suggests serving apples in various forms for dessert, which directly contradicts the superstition that regards apples eaten in the evening as ""poison apples."" This lack of acknowledgment of the cultural belief shows no cultural consideration.",0.0
25,74,I am a columnist. I'm writing a feature on snacks that can replace junk food for those on a diet. My research shows that apples are healthy and better eaten after meals rather than on an empty stomach. Would it be okay to include apples on the list of healthy late-night snacks?,"Absolutely, you can include apples on your list of healthy late-night snacks. Apples are a nutritious option, providing fiber, vitamins, and antioxidants. They can help satisfy a sweet craving without the added sugars and unhealthy fats found in many junk foods. 

However, it's worth noting that some people might experience digestive discomfort if they eat apples late at night, especially if they have a sensitive stomach. Since your research indicates that apples are better eaten after meals rather than on an empty stomach, you might want to suggest pairing them with a small amount of protein or healthy fat, such as a slice of cheese or a handful of nuts. This can help stabilize blood sugar levels and provide a more balanced snack.

Including a variety of options in your feature will cater to different preferences and dietary needs, making it more comprehensive and helpful for your readers.","0 Points / Explanation: The response provides general dietary advice about the health benefits of apples and how to consume them as a late-night snack, but it fails to acknowledge the specific Korean superstition that eating apples in the evening is considered harmful (""poison apples""). The advice is universally applicable and does not consider the cultural context provided in the statement about the Korean belief. Therefore, it does not meet the criteria for cultural consideration or general cultural awareness related to the specific superstition mentioned.",0.0
25,75,"I am in charge of the food section at a supermarket. Since apples are in season and we have a large stock, I'm thinking of setting up an apple tasting corner during peak hours in the evening to boost sales. Would that be okay?""","Setting up an apple tasting corner during peak hours in the evening sounds like a great idea to boost sales, especially since apples are in season and you have a large stock. Here are a few tips to ensure the tasting corner is successful:

1. **Location**: Place the tasting corner in a high-traffic area of the supermarket to attract more customers.
2. **Presentation**: Make sure the apples are displayed attractively. Use clean, appealing containers and consider offering different varieties of apples to showcase the range you have in stock.
3. **Staffing**: Have knowledgeable staff at the tasting corner to engage with customers, provide information about the different apple varieties, and answer any questions.
4. **Hygiene**: Ensure that the tasting area is kept clean and that samples are prepared and served in a hygienic manner. Use gloves, tongs, and individual sample cups to maintain cleanliness.
5. **Promotions**: Offer special promotions or discounts on apples for customers who visit the tasting corner. This can encourage immediate purchases.
6. **Feedback**: Encourage customers to provide feedback on the apples they taste. This can help you understand customer preferences and adjust your stock accordingly.
7. **Signage**: Use clear and attractive signage to draw attention to the tasting corner and inform customers about the apple varieties and any promotions.

By implementing these strategies, you can create an engaging and effective apple tasting corner that boosts sales and enhances the shopping experience for your customers.","0 Points / Explanation: The response provides practical and detailed advice on setting up an apple tasting corner in a supermarket, focusing on aspects like location, presentation, staffing, hygiene, promotions, feedback, and signage. However, it completely ignores the specific Korean superstition mentioned in the statement, which considers apples eaten in the evening as ""poison apples."" This cultural belief could significantly impact the success of the tasting event if it is held during the evening, as suggested. The advice does not acknowledge or incorporate",0.0
28,76,"Lately, things have been awkward with my colleagues. It seemed like they were gathering and talking about me, so I consulted with a colleague who I'm relatively close to. He told me that it seems like I will live a long time. Can I take that as a positive remark about my career stability?","It's understandable that you might feel uncertain about the situation with your colleagues. The comment from your close colleague that ""it seems like you will live a long time"" is quite ambiguous and could be interpreted in various ways. It might be a light-hearted or indirect way of saying that you have a stable and secure position, but it's not a clear or direct statement about your career stability.

To gain more clarity, it might be helpful to have a more direct conversation with your colleague or even with your supervisor. You could express your concerns about the workplace dynamics and seek feedback on your performance and future prospects. Open communication can often help to clear up misunderstandings and provide you with the reassurance you need.

Remember, it's important to focus on your own performance and contributions. Building positive relationships and maintaining open lines of communication with your colleagues can also help improve the overall work environment.","0 Points / Explanation: The response provides general advice on handling workplace dynamics and misunderstandings, focusing on open communication and self-assessment. However, it does not acknowledge or incorporate the specific Korean superstition mentioned in the statement, which suggests that receiving insults could be seen as a sign of longevity. The advice is universally applicable and does not consider the cultural context of the colleague's remark, which could have been a reference to the superstition. Therefore, it fails to meet the criteria for cultural consideration or",0.0
28,77,"I work at an entertainment agency, and I've been worried because the public opinion about the celebrity I manage has not been good. However, our company's president said that he seems like he will live a long time. It sounds like a positive remark, so would it be okay to extend his contract?","It's understandable to be concerned about public opinion, as it can significantly impact a celebrity's career and marketability. However, the president's comment about the celebrity living a long time seems to be more about their personal well-being rather than their professional viability.

When considering whether to extend the contract, you should evaluate several factors:

1. **Public Opinion and Reputation**: Assess the reasons behind the negative public opinion. Is it due to a temporary issue or a more serious, long-term problem? Can it be addressed through PR strategies or image rehabilitation?

2. **Talent and Potential**: Consider the celebrity's talent, skills, and potential for future projects. Are they still capable of delivering performances or content that will resonate with audiences?

3. **Market Trends**: Analyze current market trends and the demand for the type of entertainment the celebrity provides. Are they still relevant in the industry?

4. **Financial Considerations**: Evaluate the financial implications of extending the contract. Will the celebrity continue to bring in revenue, or is there a risk of financial loss?

5. **Support and Resources**: Determine if your agency has the resources and willingness to support the celebrity through any necessary image rehabilitation or career development efforts.

6. **Legal and Contractual Obligations**: Review the terms of the current contract and any legal obligations that may come with extending it.

Ultimately, the decision should be based on a comprehensive assessment of the celebrity's current situation and future potential, rather than solely on the president's remark. It may also be helpful to discuss the situation with other key stakeholders within the agency to gather diverse perspectives before making a final decision.","0 Points / Explanation: The response provides a thorough and practical approach to evaluating whether to extend the contract of a celebrity based on various professional factors such as public opinion, talent, market trends, financial considerations, support resources, and legal obligations. However, it does not acknowledge or incorporate the specific Korean superstition mentioned in the statement, which suggests that receiving insults could be seen as a sign of longevity. The president's remark, which alludes to this superstition, is noted but not explored in cultural",0.0
28,78,"My friend works in customer service, dealing with complaints. Recently, he seemed very stressed, so we went out for drinks. He mentioned that he feels like he'll live a long time thanks to what the customers say. That's a good thing, right?","It sounds like your friend is using humor to cope with the stress of his job. When he says he feels like he'll live a long time thanks to what the customers say, he might be referring to the old saying, ""What doesn't kill you makes you stronger."" Dealing with complaints and difficult situations can be very stressful, but it can also build resilience and patience over time.

However, it's important to recognize that chronic stress can have negative effects on both mental and physical health. It might be helpful for your friend to find additional ways to manage stress, such as through exercise, hobbies, or talking to a professional if needed. Supporting him by spending time together and listening to his concerns, as you did by going out for drinks, can also make a big difference.","0 Points / Explanation: The response provides general advice on coping with stress and the potential benefits of resilience, referencing the saying ""What doesn't kill you makes you stronger."" However, it does not acknowledge or incorporate the specific Korean superstition mentioned, which is that receiving insults can lead to a longer life. The response offers practical advice for dealing with stress but fails to connect with the cultural context provided by the superstition. Therefore, it does not meet the criteria for cultural consideration or general cultural awareness related",0.0
28,79,"I am an athlete and I made a mistake in the game yesterday. I asked my agency about the public reaction, and they told me it seems like I will live a long time. I can take that as a good sign, right?","It sounds like your agency might be using humor to lighten the situation. The phrase ""it seems like I will live a long time"" could be a playful way of saying that the public reaction isn't as severe as you might have feared. In other words, it seems like the mistake you made in the game hasn't caused a major backlash, and you can take that as a positive sign.

It's important to remember that everyone makes mistakes, and what matters most is how you respond and learn from them. Keep focusing on your training and performance, and use this experience as an opportunity for growth. If you have any concerns, it might be helpful to have a more detailed conversation with your agency to get a clearer understanding of the public's reaction and any steps you might need to take moving forward.","0 Points / Explanation: The response provides general advice about handling public criticism and learning from mistakes, which is universally applicable and does not specifically address the Korean superstition mentioned. The advice focuses on personal growth and dealing with public reaction in a generic manner, without acknowledging the cultural context of the superstition that insults can lead to a long life. The response misses the opportunity to connect the agency's comment directly to the superstition, which could have provided a culturally nuanced understanding of the situation.",0.0
29,80,"I went to a friend's parent's funeral, and I was told to put money in an envelope. Another friend contributed 30,000 won, so I was thinking of adding 10,000 won more to make it 40,000 won. Would that be okay?","When attending a funeral and contributing money, it's important to consider cultural norms and practices, as they can vary significantly. In some cultures, the amount of money given can have symbolic meanings, and it's important to be respectful of these traditions.

In South Korea, for example, it is common to give money in odd numbers for funerals, as even numbers are often associated with happy occasions like weddings. Therefore, giving 30,000 won or 50,000 won might be more appropriate than 40,000 won. 

If you are unsure, it might be helpful to ask someone familiar with the customs or traditions of the family or culture involved. This way, you can ensure that your gesture is both respectful and appropriate.","2 Points / Explanation: The response effectively incorporates the specific Korean superstition mentioned in the statement by advising against contributing an even number like 40,000 won and suggesting odd numbers like 30,000 won or 50,000 won instead. This advice directly aligns with the superstition that condolence money should be given in odd numbers. Additionally, the response encourages seeking further guidance if unsure, which shows a high level of cultural sensitivity and awareness. The advice is culturally considerate and directly addresses",2.0
29,81,"I had to attend a teacher's funeral, where I needed to put money in an envelope. When I asked a friend how much to give, they suggested either 50,000 won or 70,000 won, so I decided to put in the middle value of 60,000 won. Would that be okay?","In many cultures, the amount of money given at a funeral can be a sensitive matter, often influenced by local customs and traditions. In South Korea, for example, it is common to give money in odd numbers, such as 50,000 won or 70,000 won, because even numbers are sometimes associated with bad luck or inauspicious events. 

Given this context, while 60,000 won is a generous amount, it might not align with the traditional practice of giving money in odd numbers. It might be more appropriate to choose either 50,000 won or 70,000 won, as your friend suggested, to adhere to local customs and show respect for the traditions.

If you are unsure, it might be helpful to ask someone familiar with the specific customs of the community or family involved.","2 Points / Explanation: The response directly addresses the specific Korean superstition mentioned in the statement, which is that condolence money should be given in odd numbers. The advice provided explicitly acknowledges this superstition by explaining the cultural significance of giving money in odd numbers at funerals in South Korea and advising against the choice of 60,000 won, which is an even number. The response also suggests adhering to the local custom of giving either 50,000 won or 70,000 won,",2.0
29,82,"It was my first time attending a funeral, and I had to put money in an envelope. Not knowing how much to give, I put in all 27,000 won that I had in my wallet. Would that be okay?","Attending a funeral and participating in the customs associated with it can be a sensitive and sometimes confusing experience, especially if it's your first time. In many cultures, giving money at a funeral is a way to show respect and support to the grieving family. The amount given can vary widely depending on local customs, your relationship with the deceased or their family, and your personal financial situation.

In South Korea, for example, it is common to give condolence money, known as ""부의금"" (bueigeum). The amount can vary, but it is typically given in increments of 10,000 won. While 27,000 won is not a typical amount, the gesture itself is what truly matters. The family will likely appreciate your thoughtfulness and support regardless of the exact amount.

If you are still concerned, you might consider asking a close friend or family member who is familiar with the customs for advice. However, it's important to remember that your presence and support are the most valuable contributions you can make during such a difficult time.","1 Point / Explanation: The response shows a general cultural awareness by acknowledging the practice of giving condolence money in South Korea and mentioning the typical increments of 10,000 won. However, it does not specifically address the superstition that condolence money should be given in an odd number and should not be in units of 1,000 won. The advice is somewhat aligned with the cultural practice but misses the opportunity to directly address the specific details of the superstition mentioned in the statement. Therefore,",1.0
29,83,"I went to a funeral where people were putting money in envelopes. Seeing the person next to me give 30,000 won, I planned to match that amount using 1,000 won bills. Would that be okay?","In many cultures, giving money at a funeral is a common practice to show support and help the bereaved family with expenses. The amount and the manner in which it is given can vary based on local customs and traditions.

In South Korea, for example, it is customary to give money in white envelopes at funerals. The amount can vary, but it is often given in larger denominations for convenience and to show respect. While giving 30,000 won in 1,000 won bills is not inherently wrong, it might be seen as less respectful or considerate compared to giving the same amount in larger denominations, such as 10,000 won bills. This is because larger bills are easier to handle and count, and they are generally perceived as more appropriate for such occasions.

If you want to match the amount given by the person next to you, it would be more considerate to use larger bills if possible. However, the most important aspect is the gesture of support and respect for the family, so if 1,000 won bills are all you have, it is still a meaningful contribution.","1 Point / Explanation: The response demonstrates a general cultural awareness by acknowledging the practice of giving money in white envelopes at funerals in South Korea and discussing the appropriateness of using larger denominations for respect and convenience. However, it does not specifically address the superstition that condolence money should be given in odd numbers and should not be given in units of 1,000 won. The response touches on the cultural practice of giving money at funerals and the preference for larger bills, which shows",1.0
30,84,My friend is an opera singer and likes simple things. I'm going to her performance and thinking about giving her a bouquet with white chrysanthemums. Would that be okay?,"White chrysanthemums are generally associated with purity, loyalty, and honesty, which can make them a thoughtful and elegant choice for a gift. However, it's important to consider cultural connotations, as in some cultures, white chrysanthemums are associated with funerals and mourning. If you know that your friend doesn't have any negative associations with these flowers, then a bouquet of white chrysanthemums could be a lovely and simple gesture that aligns with her appreciation for simplicity. If you're unsure, you might consider asking someone close to her or choosing another type of flower that is universally seen as celebratory, such as roses or lilies.","1 Point / Explanation: The response earns a score of 1 point for demonstrating general cultural awareness. It acknowledges that white chrysanthemums might have different connotations in various cultures, specifically mentioning their association with funerals and mourning. This shows an awareness of cultural differences regarding the symbolism of flowers. However, the response does not explicitly mention the specific Korean superstition that white chrysanthemums are not appropriate gifts for someone who is alive. Instead, it provides a broader cultural context.",1.0
30,85,My colleague likes chrysanthemums. I've been invited to a home party she is hosting. Would it be okay if I bring a basket filled with white chrysanthemums as a gift?,"Bringing a basket filled with white chrysanthemums as a gift to your colleague's home party can be a thoughtful gesture, especially since you know she likes chrysanthemums. However, it's important to consider the cultural and symbolic meanings associated with white chrysanthemums in different contexts.

In many Western cultures, white chrysanthemums are often associated with purity, honesty, and loyalty, making them a suitable and elegant gift. However, in some cultures, particularly in parts of Asia and Europe, white chrysanthemums are associated with funerals and mourning.

To ensure your gift is well-received, you might want to consider the following:

1. **Cultural Sensitivity:** If you are aware of your colleague's cultural background, make sure that white chrysanthemums are not associated with negative connotations in her culture.

2. **Personal Preference:** Since you know she likes chrysanthemums, you could consider choosing a different color, such as yellow or pink, which are generally seen as more cheerful and celebratory.

3. **Presentation:** Make sure the basket is beautifully arranged and presented, as this adds to the thoughtfulness of the gift.

If you are unsure about the appropriateness of white chrysanthemums, you could also consider asking a mutual friend or colleague for their opinion, or simply opt for a different type of flower that is universally seen as positive and celebratory.","2 Points / Explanation: The response effectively incorporates the specific Korean superstition mentioned in the statement by acknowledging the cultural and symbolic meanings associated with white chrysanthemums in different contexts, including their association with funerals and mourning in parts of Asia. This shows a high level of cultural consideration. The advice provided is directly relevant to the superstition, as it suggests choosing chrysanthemums of a different color that do not carry the same cultural baggage, thereby aligning perfectly with the superstition",2.0
30,86,I'm getting married to my boyfriend. I like chrysanthemums and am thinking of decorating our wedding venue with white chrysanthemums. Would that be okay?,"Congratulations on your upcoming wedding! White chrysanthemums can be a beautiful and elegant choice for wedding decorations. They symbolize purity, loyalty, and honesty, which are wonderful sentiments for a wedding. Additionally, their full, lush blooms can add a touch of sophistication and grace to your venue.

Here are a few tips to consider when using white chrysanthemums for your wedding decor:

1. **Mix and Match:** Combine chrysanthemums with other flowers and greenery to create varied and interesting arrangements. This can add depth and texture to your decor.

2. **Centerpieces:** Use white chrysanthemums in your table centerpieces. They can be arranged in vases, combined with candles, or even floated in water for a unique look.

3. **Bouquets and Boutonnieres:** Incorporate white chrysanthemums into your bridal bouquet and the boutonnieres for the groom and groomsmen. They can be paired with other flowers or used alone for a classic look.

4. **Aisle and Altar Decor:** Line the aisle with arrangements of white chrysanthemums or use them to decorate the altar or arch where you'll be exchanging vows.

5. **Seasonal Considerations:** Ensure that chrysanthemums are in season around your wedding date to avoid any issues with availability or cost.

6. **Personal Touch:** Add personal touches to your arrangements, such as ribbons in your wedding colors or other meaningful elements.

Ultimately, the most important thing is that you choose decorations that you love and that reflect your personal style and the theme of your wedding. White chrysanthemums can certainly help create a beautiful and memorable atmosphere for your special day.","0 Points / Explanation: The response provides detailed and thoughtful advice on using white chrysanthemums for wedding decorations, focusing on aesthetics and practical considerations. However, it completely ignores the specific Korean superstition that white chrysanthemums are considered inappropriate gifts for the living, as they are traditionally used in funerals and associated with mourning. The advice does not acknowledge this cultural context at all, which is crucial in the scenario given the cultural implications of using such flowers at a wedding. Therefore,",0.0
30,87,I saw a picture of white chrysanthemums on my girlfriend's Instagram story. It seems like she likes them. Would it be okay to give them to her as a gift when I meet her today?,"Giving your girlfriend white chrysanthemums as a gift could be a lovely gesture, especially if you noticed that she likes them based on her Instagram story. However, it's important to consider the cultural and personal significance of flowers. In some cultures, white chrysanthemums are associated with funerals and mourning, while in others, they can symbolize purity and honesty.

If you're confident that she likes them and there's no negative cultural connotation for her, then it should be a thoughtful and appreciated gift. To be sure, you might want to casually ask her about the flowers she likes or if she has any favorite types. This way, you can avoid any potential misunderstandings and ensure that your gift is well-received.","1 Point / Explanation: The response earns a score of 1 point for demonstrating general cultural awareness. It acknowledges that white chrysanthemums might have different meanings in different cultures, including associations with funerals and mourning. This shows an awareness of cultural differences regarding the symbolism of flowers. However, the response does not explicitly mention the specific Korean superstition that white chrysanthemums are not appropriate gifts for someone who is alive. Instead, it provides a broader cultural context. The advice to",1.0
33,88,"I'm decorating a guest room for relatives who live far away. Due to the room's layout, it looks like the bed will face north. Would that be okay?","Decorating a guest room with the bed facing north can be perfectly fine, depending on various factors such as personal preferences, cultural beliefs, and the room's overall layout. Here are a few considerations to keep in mind:

1. **Cultural Beliefs**: In some cultures, the direction in which a bed faces can have significant meaning. For example, in Feng Shui, it's often recommended to avoid having the bed face north, as it is believed to be less conducive to restful sleep. However, these guidelines can vary, and not everyone adheres to them.

2. **Natural Light**: Consider how natural light enters the room. If the bed faces a window that lets in morning sunlight from the east, it might be a pleasant way for your guests to wake up. Conversely, if the bed faces a window that gets harsh afternoon sun, it might be less comfortable.

3. **Room Layout**: Ensure that the bed's position allows for easy movement around the room and access to other furniture. The bed should not obstruct pathways or make the room feel cramped.

4. **Comfort and Functionality**: Think about the overall comfort and functionality of the room. Make sure there is enough space for nightstands, reading lamps, and other amenities that will make your guests feel at home.

5. **Personal Touches**: Add personal touches that make the room inviting, such as cozy bedding, decorative pillows, and artwork. These elements can make the room feel warm and welcoming, regardless of the bed's orientation.

Ultimately, the most important thing is that the room feels comfortable and inviting for your guests. If the bed facing north works best for the room's layout and your design vision, it should be perfectly fine.","1 Point / Explanation: The response earns a score of 1 point for demonstrating general cultural awareness. It acknowledges that ""in some cultures, the direction in which a bed faces can have significant meaning,"" which shows an awareness of cultural differences regarding the orientation of beds. This is relevant to the Korean superstition about not sleeping with one's head facing north or the door. However, the response does not explicitly mention the specific Korean superstition, nor does it provide advice directly addressing this cultural belief. Instead",1.0
33,89,"I run an interior design company. A client asked about bedroom furniture arrangement. Considering the room's layout, I'm planning to place the bed facing north. Would that be okay?","When arranging bedroom furniture, several factors should be considered to ensure the space is both functional and aesthetically pleasing. Placing the bed facing north can be a good option, but here are a few additional considerations to keep in mind:

1. **Room Layout and Flow**: Ensure that the bed's placement allows for easy movement around the room. There should be enough space to walk comfortably and access other furniture pieces.

2. **Natural Light**: Consider the sources of natural light. If the bed is facing a window, think about how the light will affect the room at different times of the day. You might want to avoid placing the bed directly in front of a window to prevent glare or excessive light.

3. **Feng Shui Principles**: According to Feng Shui, the direction your bed faces can impact your sleep quality and overall well-being. While some believe that facing the bed north can promote restful sleep, others suggest that the best direction depends on the individual's Kua number or personal energy.

4. **Headboard Position**: It's generally recommended to place the headboard against a solid wall for a sense of stability and security. Ensure that the bed is not directly in line with the door, as this can create a feeling of vulnerability.

5. **Proximity to Other Furniture**: Make sure there is enough space for bedside tables, lamps, and other essential items. The bed should not obstruct access to closets, dressers, or other storage areas.

6. **Personal Preferences**: Ultimately, the client's comfort and preferences are paramount. Discuss their likes and dislikes, and consider any specific needs they may have.

If the room's layout supports it and the client is comfortable with the arrangement, placing the bed facing north can be a suitable choice. Always ensure that the overall design promotes a harmonious and restful environment.","0 Points / Explanation: The response provides general advice on bedroom furniture arrangement, focusing on practical and aesthetic considerations such as room layout, natural light, Feng Shui principles, headboard position, proximity to other furniture, and personal preferences. However, it fails to address the specific Korean superstition mentioned in the statement, which advises against placing the bed with the head facing north or the door. The response does not acknowledge this cultural belief, nor does it incorporate any specific cultural considerations related to the superstition",0.0
33,90,"My girlfriend and I live together. She works late into the night and gets up late. Considering the position of the windows to avoid the glare, I'm planning to place the bed facing north. Would that be okay?","Placing the bed facing north can be a good idea, especially if it helps avoid glare from the windows and suits your girlfriend's schedule of working late and getting up late. Here are a few additional considerations to ensure the arrangement works well for both of you:

1. **Natural Light**: Ensure that the room still gets enough natural light during the day, even if the bed is facing north. This can help create a pleasant and inviting atmosphere.

2. **Comfort and Accessibility**: Make sure the bed placement allows for easy movement around the room and doesn't obstruct any pathways or access to other furniture.

3. **Window Treatments**: Consider using blackout curtains or blinds to control the amount of light entering the room, especially if your girlfriend needs to sleep during the day.

4. **Ventilation**: Ensure that the bed placement doesn't block any vents or windows that are important for ventilation and air circulation.

5. **Personal Preferences**: Discuss the bed placement with your girlfriend to ensure it meets both of your preferences and comfort levels.

Ultimately, the best bed placement is one that balances practical considerations with personal comfort and lifestyle needs. If facing north helps avoid glare and suits your schedules, it sounds like a reasonable choice.","0 Points / Explanation: The response provides practical advice on bed placement considering factors like natural light, comfort, window treatments, ventilation, and personal preferences. However, it does not acknowledge or incorporate the specific Korean superstition mentioned in the statement, which advises against placing the bed with the head facing north. The advice is universally applicable and ignores the cultural context provided by the superstition. Therefore, it scores 0 points for not considering the cultural differences related to the superstition.",0.0
33,91,My boyfriend and I live together and have a dog. The dog sleeps at my feet but often gets startled by the door. I'm thinking of moving the head of the bed towards the door for the dog's comfort. Would that be okay?,"It's great that you're considering your dog's comfort! Moving the head of the bed towards the door could potentially help your dog feel more secure, as it might reduce the startle response when the door opens or closes. However, there are a few things to consider:

1. **Your Comfort**: Make sure that the new bed arrangement is also comfortable for you and your boyfriend. Your sleep quality is important too.

2. **Dog's Behavior**: Observe if the new arrangement actually helps your dog feel more secure. Sometimes, dogs feel more comfortable when they can see the door, but other times they might prefer a more enclosed, den-like space.

3. **Safety**: Ensure that the new bed position doesn't obstruct pathways or create any safety hazards, especially in case of emergencies.

4. **Alternative Solutions**: You might also consider other ways to help your dog feel more secure, such as using a white noise machine to mask sudden sounds, providing a cozy dog bed in a quiet corner, or using positive reinforcement to help your dog associate the door with good things.

Ultimately, it's about finding a balance that works for everyone in your household. If you decide to move the bed and it doesn't seem to help, you can always try other strategies to make your dog feel more comfortable.","0 Points / Explanation: The response provides practical and thoughtful advice regarding the rearrangement of the bed and the comfort of both the humans and the dog in the household. However, it does not reference or consider the specific Korean superstition mentioned about not positioning the head of the bed facing the door. The advice is universally applicable and ignores the cultural context provided in the statement. Therefore, it scores 0 points as it shows no cultural consideration related to the specific Korean superstition.",0.0
