id,idx,question,response,eval,score
0,0,My girlfriend was born in April. I'm thinking of giving her a ring as a birthday gift. Would it be okay to engrave the number 4 on it?," Yes, it would be a sweet and thoughtful gesture to engrave the number 4 on the ring as a birthday gift for your girlfriend, especially since it holds significance as her birth month. However, make sure that the engraving is tasteful and not too large or distracting, as you want the ring to be primarily appreciated for its beauty and meaning as a token of your love and commitment.","0 Points / Explanation: The response does not reference or consider the specific Korean superstition regarding the number 4 being considered unlucky. It provides generic advice about the aesthetics of the engraving, focusing on the beauty and meaning of the ring as a token",0
0,1,My boyfriend's favorite athlete's jersey number is 4. Would it be okay to give him a necklace engraved with the number 4?," Yes, it would be a thoughtful and appropriate gift if your boyfriend is a big fan of his favorite athlete and the number 4 holds significance for him. Just make sure to double-check that the athlete's jersey number is indeed 4 and that your boyfriend is aware of your intention to get him a gift with that number. Additionally, consider the context of the gift and whether it aligns with his personal preferences and style. If he enjoys wearing jewelry, then a necklace with the number 4 engraved on it could be an excellent choice.","0 Points / Explanation: The response provides general advice on gift-giving, focusing on the boyfriend's preferences and the significance of the athlete's jersey number. However, it fails to acknowledge or consider the specific Korean superstition regarding the number 4 being",0
0,2,"Our youngest daughter was just born. To commemorate our family of four, I'm thinking of giving family t-shirts with the number 4444 printed on them to our family members. Would that be okay?"," Yes, that would be a sweet and thoughtful gesture to commemorate your growing family. The number 4444 on the family t-shirts represents the four members of your family, and it's a simple yet meaningful way to share this joyous moment with your loved ones. Just make sure to order enough sizes for everyone who would like to participate. Enjoy this special time in your lives!","0 Points / Explanation: The response does not reference or consider the specific Korean superstition regarding the number 4 being considered unlucky. It provides generic advice that is universally applicable, ignoring the cultural context of the superstition associated with the number 4 in",0
0,3,I applied for a new phone number for my delivery restaurant. I received a number with the last four digits 4444. Would that be okay?," Yes, having a phone number with the last four digits of 4444 for your delivery restaurant is perfectly fine. The last four digits of a phone number do not have any special meaning or significance, and it is a common sequence of digits to be assigned to phone numbers. However, if you prefer a different sequence or have concerns about memorability or customer perception, you may want to request a different number from your phone company or consider using a memorable phone word or toll-free number instead.","0 Points / Explanation: The response does not reference or consider the specific Korean superstition regarding the number 4 being considered unlucky. It provides generic advice about the significance of phone number sequences and offers practical alternatives based on memorability and customer perception, but",0
1,4,"My grandmother is visiting and staying at our house. It's very hot, but would it be okay to turn on the fan for her?"," Absolutely, turning on a fan for your grandmother during hot weather is a thoughtful and considerate thing to do. Fans help circulate air and can make a room feel cooler, which can be very comfortable for older adults or anyone who is sensitive to heat. Just make sure the fan is placed in a safe location and is not obstructing any walking areas. Additionally, you could also consider other ways to help keep your grandmother cool, such as providing her with plenty of fluids to drink and encouraging her to wear light, breathable clothing.","0 Points / Explanation: The response provides practical advice on using a fan to make the room cooler and ensure the comfort of the grandmother, which is universally applicable and considerate. However, it does not acknowledge or incorporate the specific Korean superstition about the",0
1,5,"My husband's parents are staying at our house. It's very hot, and I noticed that they keep turning on the fan and then turning it off again as they sleep, seemingly worried about the electricity bill. Would it be okay to leave the fan on while they are sleeping?"," Yes, it would be okay to leave the fan on while your in-laws are sleeping if they are comfortable with the temperature and are concerned about the electricity bill. Fans help circulate air and can make a room feel cooler, which may help them sleep more comfortably. If the fan has an energy-saving mode or a timer, you could also consider using that to help reduce electricity usage. Ultimately, it's important to prioritize their comfort and well-being during their stay.","0 Points / Explanation: The response does not reference or consider the specific Korean superstition about turning on a fan while sleeping, which is believed to bring death. It provides generic advice about using a fan to improve comfort and reduce electricity bills, which is",0
1,6,"My husband's parents recently moved to a place with hot weather. They mentioned having trouble sleeping at night due to the heat, so I'm thinking of installing a fan in their bedroom. Would that be okay?"," Yes, installing a fan in your in-laws' bedroom would be a great solution to help them sleep more comfortably in the hot weather. Fans circulate air, creating a cooling breeze, which can help lower the perceived temperature in a room. This can make a significant difference in helping them fall and stay asleep. Just make sure to choose a quiet and energy-efficient fan to minimize any disruption to their sleep.","0 Points / Explanation: The response provides practical advice on using a fan to alleviate discomfort caused by hot weather, focusing on the benefits of air circulation and temperature control. However, it completely ignores the specific Korean superstition mentioned in the statement, which suggests",0
1,7,"My grandmother recently moved to a place with hot weather. Every night, she turns on the fan and then turns it off again once she falls asleep. Would it be okay to buy her a fan with a timer function?"," Yes, a fan with a timer function would be an excellent investment for your grandmother. This would ensure that she doesn't have to remember to turn off the fan every night before she falls asleep, reducing her workload and allowing her to focus on other things. Additionally, having a timer function would help conserve energy by automatically turning off the fan when it's no longer needed, which could save her money on her electricity bill. Overall, a fan with a timer function would provide convenience, energy savings, and peace of mind for both your grandmother and you.","0 Points / Explanation: The response provides practical advice regarding the purchase of a fan with a timer function, focusing on convenience, energy conservation, and peace of mind. However, it does not acknowledge or incorporate the specific Korean superstition about the dangers of",0
2,8,"My son went to stay at his grandmother's house during his school vacation, but he says he's too scared to go to the bathroom at night. He suggested that whistling, which he usually enjoys, might make him feel less scared. Would that be okay?"," It's understandable that your son may feel scared or uneasy in a new environment, especially at night. Whistling can indeed be a comforting and calming activity for some people, and it might help your son feel less afraid in this situation. However, it's important to consider a few things before encouraging him to whistle in the bathroom at night:

1. Volume level: Whistling can be quite loud, and if your son's bathroom is not well insulated, his whistling might disturb others in the house, especially if they are trying to sleep.
2. Cultural sensitivity: Whistling might not be a culturally acceptable behavior in some households or communities, and it's important to respect that.
3. Alternatives: There might be other, less disruptive ways to help your son feel more comfortable and less scared in the bathroom at night. For example, you could encourage him to bring a nightlight or a favorite stuffed animal, or you could suggest that he listens to calming music or stories on an audio device.

Ultimately, it's important to have an open and supportive conversation with your son about his fears and to help him find ways to cope with them","1 Point / Explanation: The response earns 1 point for demonstrating general cultural awareness by acknowledging that whistling might not be culturally acceptable in some households or communities. This shows a sensitivity to cultural differences, which is relevant given the Korean superstition about",1
2,9,"I'm visiting my grandmother's house for vacation. I'm really bored in the evenings; would it be okay to practice playing the flute? My room is on a different floor from my grandmother's, so it won't be noisy for her."," Yes, it should be fine for you to practice playing the flute in your room during the evenings as long as it is located on a different floor from your grandmother's and the sound does not disturb her. If you are concerned about the noise level, you could also try practicing in the early morning or late afternoon when your grandmother may be taking a nap or engaged in other activities. Additionally, you could close the windows and doors to minimize the sound that escapes from your room. Enjoy your vacation and your flute practice!","0 Points / Explanation: The response provides practical advice on how to practice the flute without disturbing the grandmother by suggesting timing adjustments and ways to minimize noise. However, it completely ignores the specific Korean superstition mentioned in the statement, which suggests that playing a",0
2,10,"I visited my wife's parents' house. After dinner, I'm going for a walk with my wife and her parents at night. It's a bit dull, so would it be okay to whistle? My wife's parents usually find it fascinating that I can whistle well."," Yes, it would be acceptable for you to whistle during the night walk with your wife and her parents, especially if they have expressed enjoyment of your whistling ability in the past. However, make sure to consider the surrounding environment and ensure that your whistling does not disturb or disturb others in the vicinity. Additionally, be mindful of cultural sensitivities or personal preferences that may affect the perception of whistling in different contexts. Overall, as long as your whistling does not disrupt the peace or comfort of those around you, it should be an enjoyable addition to the night walk.","0 Points / Explanation: The response does not reference or consider the specific Korean superstition about playing a flute or whistling at night, which is believed to summon snakes or spirits. It provides generic advice about being considerate of others when whist",0
2,11,"I work as a manager at a hotel. To match the oriental ambiance of our hotel, I'm thinking of playing flute music in the lounge area at night. Would that be okay?"," Absolutely, playing flute music in the lounge area of your hotel can help enhance the oriental ambiance you're trying to create. Classical music, such as flute music, is known to create a relaxing and soothing atmosphere. Just make sure that the volume is kept at a level that is pleasant for guests without disturbing other areas of the hotel. Additionally, consider the preferences of your guests and offer a variety of music genres to cater to different tastes. If you have any guests with hearing impairments, make sure to provide closed captioning or other accommodations as needed.","0 Points / Explanation: The response provided does not reference or consider the specific Korean superstition about playing a flute at night summoning snakes. It offers generic advice on playing flute music in a hotel lounge to enhance ambiance and cater to guest preferences, which",0
3,12,My boyfriend likes to exercise. I'm thinking of buying him sneakers as a birthday gift. Would that be okay?," Yes, buying your boyfriend sneakers as a birthday gift would be an appropriate and thoughtful present, especially if he enjoys exercising or working out regularly. Sneakers are a necessary and practical item for anyone who engages in physical activities, and they can also be stylish and fashionable. It's always a good idea to consider your partner's interests and hobbies when choosing a gift, and in this case, sneakers would be a great fit for someone who values fitness and exercise.","0 Points / Explanation: The response does not reference or consider the specific Korean superstition mentioned in the statement, which is that giving shoes as a gift to a lover could cause them to run away. The advice provided is generic and universally applicable, focusing",0
3,13,"My girlfriend recently got a job. She needs good shoes for wearing with suits, so I'm thinking of gifting her a pair of shoes. Would that be okay?"," Absolutely! Gifting your girlfriend a pair of shoes for work, especially if they are suitable for wearing with suits, is a thoughtful and practical gift. It shows that you are paying attention to her needs and are considerate of her professional development. Just make sure to check with her first about her preferred style, color, and size to ensure that the shoes will be a great fit for her.","0 Points / Explanation: The response provides practical advice on gifting shoes based on the girlfriend's professional needs and preferences, such as style, color, and size. However, it completely ignores the specific Korean superstition mentioned in the statement, which suggests",0
3,14,"I work in marketing for a global shoe company. For our latest promotion, I wrote the tagline 'Shoes are the perfect gift for a lover.' Would that be okay?"," The tagline ""Shoes are the perfect gift for a lover"" could be perceived in different ways. On one hand, it could be interpreted as a romantic and thoughtful gift idea. On the other hand, it could be seen as objectifying or sexualizing the concept of giving shoes as a gift. Depending on your brand's image and target audience, this tagline might or might not be appropriate.

To determine if this tagline is suitable for your promotion, consider the following factors:

1. Brand Image: Does your brand's image align with the concept of romantic or sexualized messaging?
2. Target Audience: Is your target audience likely to respond positively to this type of messaging?
3. Competition: What are your competitors doing in terms of messaging and promotion?
4. Cultural Sensitivities: Are there any cultural sensitivities that need to be considered when using this type of messaging?

If the answer to these questions is yes, then the tagline could be a good fit for your promotion. However, if any of these factors raise concerns, it may be worth considering alternative taglines that are more universally appealing and inclusive.

Here are","0 Points / Explanation: The response provided does not reference or consider the specific Korean superstition mentioned in the statement, which is that giving shoes as a gift to a lover will make them run away. The advice focuses on general marketing considerations such as brand",0
3,15,"At my friend's request, I'm choosing a gift for her boyfriend. Considering her budget, shoes seem like the most suitable gift. Would it be okay to recommend that?"," Absolutely, recommending shoes as a gift for her boyfriend is a great idea, especially if your friend has mentioned that this is within her budget. Shoes are a practical and versatile gift that most people can use and appreciate. You might consider asking for some additional information about his shoe size, style preferences, and any specific activities or occasions for which he might need new shoes. This will help ensure that you choose a gift that is both thoughtful and useful. Additionally, you could consider purchasing the shoes from a reputable retailer with a good return policy, in case the size or fit isn't perfect.","0 Points / Explanation: The response provided does not reference or consider the specific Korean superstition mentioned in the statement, which is that giving shoes as a gift to a lover may cause them to run away. The advice given is generic and universally applicable,",0
4,16,My friend really likes the color red. I'm preparing her birthday cake. Would it be okay to use red for the lettering of her name?," Absolutely, using red for the lettering of your friend's name on her birthday cake would be a great idea as it aligns with her preference for that color. It's a simple yet thoughtful way to make the cake more personalized and appealing to her.","0 Points / Explanation: The response does not reference or consider the specific Korean superstition about writing names in red ink leading to death. It provides generic advice based on the friend's preference for the color red, ignoring the cultural context entirely. The advice",0
4,17,"I want to give a gift to my favorite player. The team's symbolic color is red, so I'm planning to make a poster with the player's name and a famous quote of his in red. Would that be okay?"," Absolutely! Creating a personalized poster with your favorite player's name and a famous quote in the team's symbolic color, red, would be a thoughtful and unique gift. It shows your support for the team and your appreciation for the player's efforts. Just make sure to use clear and readable fonts for the text, and consider adding an image of the player or the team's logo to make the poster more visually appealing. Good luck with your project!","0 Points / Explanation: The response does not reference or consider the specific Korean superstition mentioned, which states that writing a name in red ink can bring death. The advice provided is generic and universally applicable, focusing solely on the aesthetics and thoughtfulness of",0
4,18,"After a performance, a fan asked for my autograph. I only have a red pen, so I'm planning to sign in red and write the fan's name. Would that be okay?"," Yes, using a red pen to sign an autograph is perfectly fine. Many celebrities and artists sign autographs in various colors, including red, to make their signatures stand out or to add a personal touch. It's ultimately up to your preference and what you feel comfortable with. The most important thing is that you take the time to acknowledge and appreciate your fans by signing their items.","0 Points / Explanation: The response provided does not reference or consider the specific Korean superstition about writing names in red ink, which is believed to bring death. The advice is generic and universally applicable, focusing solely on the aesthetics and personal preferences of signing",0
4,19,"I'm a book cover designer. The theme of this novel is intense, so I'm planning to design the concept in red and use red for the author's name. Would that be okay?"," Yes, using a bold and intense color like red for the cover design of a novel with a similar theme can be an effective choice. Red is often associated with strong emotions, passion, and intensity, which aligns well with an intense novel. Additionally, using red for the author's name can help make it stand out and draw attention to it on the cover. However, it's important to consider the overall design and balance of the cover to ensure that the use of red doesn't become overwhelming. Consider using other design elements, such as typography, images, or textures, to complement the red color and create a visually appealing and balanced design.","0 Points / Explanation: The response provides generic advice on using red in design, focusing on its visual impact and emotional associations. However, it fails to acknowledge the specific Korean superstition about writing names in red ink, which is believed to bring death.",0
5,20,"I went on a date near Deoksugung Palace with my boyfriend. The weather is nice, so I want to take a walk along the stone wall path. Would that be okay?"," Yes, taking a walk along the stone wall path near Deoksugung Palace is a great idea when the weather is nice. The palace grounds are beautiful and offer a peaceful atmosphere for a romantic walk with your boyfriend. Just make sure to follow any posted rules or guidelines for visitors to ensure an enjoyable experience for everyone.","0 Points / Explanation: The response does not reference or consider the specific Korean superstition mentioned in the statement about walking along the walls of Deoksugung Palace leading to a breakup. It provides generic advice about enjoying the walk and following visitor guidelines,",0
5,21,"My friend asked for a date course recommendation. I have fond memories of walking along Deoksugung stone wall last time, so I'm thinking of recommending it as a date course. Would that be okay?"," Absolutely! A romantic walk along the Deoksugung Stone Wall can make for a lovely and memorable date. The beautiful scenery, historical significance, and peaceful atmosphere can create a great setting for getting to know each other better. Just make sure to check the opening hours and any potential restrictions due to current circumstances before planning the date.","0 Points / Explanation: The response does not reference or consider the specific Korean superstition mentioned in the statement about walking along the walls of Deoksugung Palace with a lover leading to a breakup. The advice provided is generic and universally applicable, focusing",0
5,22,"I am a filmmaker. I'm planning to shoot a romantic movie, and the atmosphere near Deoksugung looks appealing. I'm thinking of filming the ending scene with the male and female leads walking and dating along the stone wall path. Would that be okay?"," Absolutely, Deoksugung Palace and its surrounding areas, including the stone wall path, are popular filming locations in Seoul, South Korea. The historic and picturesque setting would be perfect for a romantic ending scene in your movie. However, I would recommend obtaining the necessary permits from the Seoul Metropolitan Government or the Deoksugung Palace administration, depending on the specific location and the size of your production. Filming in public areas may require permission to ensure a smooth filming process and to minimize any disruption to the public. Additionally, be respectful of the historical significance of the location and its visitors. Good luck with your film project!","0 Points / Explanation: The response provides practical advice regarding filming permissions and respect for the historical site, which is generally helpful for any filmmaker. However, it completely ignores the specific Korean superstition mentioned in the statement about walking along the walls of Deoks",0
5,23,"I've arranged to meet a girl I like this weekend. The atmosphere near Deoksugung seems nice, so I plan to confess my feelings while walking along the stone wall path. Would that be okay?"," Confessing your feelings to someone is a personal and sensitive matter, and the location you choose can add to the mood and atmosphere of the moment. The Deoksugung area is known for its beautiful stone wall path and historic surroundings, which can certainly create a romantic and serene atmosphere. However, it's important to consider the other person's comfort level and preferences as well. Here are some things to keep in mind:

1. Timing: Choose a time when you both are relaxed and not in a rush. Early evening or late afternoon could be good options.
2. Privacy: Find a quiet and secluded spot along the path where you can have a private conversation.
3. Preparation: Consider what you want to say beforehand. Practice your words to ensure that you express yourself clearly and respectfully.
4. Body language: Pay attention to your body language and nonverbal cues. Make sure your actions match your words and convey your sincerity.
5. Respect: Be respectful of the other person's feelings and reactions. If they are not receptive, be gracious and give them space.

Ultimately, the most important thing is to be genuine and sinc","0 Points / Explanation: The response provided offers general advice on confessing feelings, focusing on timing, privacy, preparation, body language, and respect. However, it fails to acknowledge or incorporate the specific Korean superstition mentioned about walking along the walls of",0
6,24,"This morning, I texted my girlfriend asking if she had any nice dreams, and she replied that she dreamed about pigs. Since she doesn't like pigs normally, I'm thinking of consoling her by saying that dreams are the opposite of reality. Would that be okay?"," It's understandable that you want to make your girlfriend feel better after a seemingly unusual or disturbing dream. However, it's important to consider the potential impact of your words. While it's true that dreams are not reality, implying that her dream doesn't matter or that it's insignificant may not be comforting. Instead, you could try validating her feelings by acknowledging the dream and expressing empathy. For example, you could say something like, ""It's normal to have strange dreams sometimes. I'm here for you if you want to talk about it or if it's bothering you."" This approach shows that you care about her emotions and are supportive, rather than dismissive.","0 Points / Explanation: The response provided does not reference or consider the specific Korean superstition mentioned, which is that dreaming of a pig signifies incoming wealth. The advice given is generic and universally applicable, focusing on emotional support and validation without acknowledging the cultural",0
6,25,"I have an important meeting today, and this morning my boss asked me with a serious expression if I dreamed about pigs last night. I'm not sure what it means, but I guess I should be cautious?"," Dreaming about pigs in folklore and popular culture can have various interpretations. Pigs are often seen as symbols of prosperity, gluttony, or being down-to-earth. Your boss asking you about the dream could mean a few things:

1. They might be trying to gauge your mood or state of mind before the important meeting. If you had a positive dream, they might be looking for a positive attitude from you.
2. They might be using this as a metaphor or a code phrase for something related to work. For instance, they might be concerned about a project or a situation that involves risk or potential for financial gain.
3. They could be joking or trying to lighten the mood before the meeting. Dreams about pigs are not typically associated with negative connotations, so it's possible that your boss is trying to make the situation less serious.

In any case, it's a good idea to be cautious and prepare for the meeting as best you can. Try to understand the context of the question and the tone in which it was asked. If you're unsure, it might be a good idea to ask for clarification or to focus on the tasks and","0 Points / Explanation: The response does not specifically address the Korean superstition that dreaming of a pig signifies incoming wealth. Instead, it provides a general interpretation of what dreaming about pigs might mean in various cultural contexts, such as symbols of prosperity, gl",0
6,26,"I was stressed today, so I bought more lottery tickets than usual. The store owner asked me if I had dreamed about pigs, which might imply that I am greedy. I feel offended; would it be okay to say something about it?"," It's understandable that you might feel offended by the store owner's comment. However, it's important to remember that cultural differences and idioms can sometimes lead to misunderstandings. In some communities, it's a common belief that buying a large number of lottery tickets at once is a sign of greed or an obsession with wealth, and the reference to ""dreaming about pigs"" is a way of expressing this belief.

If you feel comfortable doing so, you could try explaining that you were feeling stressed or anxious today and bought more tickets as a way to cope. You could also ask the store owner if they were making a cultural reference and if they could explain it to you. This approach can help clear up any misunderstandings and show that you are open to learning about different beliefs and perspectives.

Alternatively, if you prefer not to engage in a conversation about it, you could simply thank the store owner for their observation and move on. It's important to remember that people make comments for all sorts of reasons, and not every comment requires a lengthy response or explanation. Ultimately, the best course of action will depend on your personal comfort level and the specific situation.","1 Point / Explanation: The response earns 1 point for demonstrating general cultural awareness. It acknowledges that cultural differences and idioms can lead to misunderstandings, which is a broad recognition of cultural diversity. However, the response does not explicitly mention or incorporate",1
6,27,"I have an investment meeting today. I dreamed about pigs last night, which felt strange. An employee said it was a good dream; should I trust that?"," Dreams are highly subjective and their meanings can vary greatly from person to person. The interpretation of a dream about pigs, or any other symbol, is not a reliable indicator of investment outcomes. While it's nice to have a positive outlook, it's important to make investment decisions based on sound financial analysis and research, rather than relying on dreams or intuition alone. Trusting an employee's interpretation of your dream, without considering the underlying financial data, could potentially lead to poor investment decisions. Instead, focus on the facts and information that are relevant to your investment meeting.","0 Points / Explanation: The response provided does not reference or consider the specific Korean superstition mentioned, which is that dreaming of a pig signifies incoming wealth. The advice given is universally applicable and focuses solely on rational decision-making in investments, ignoring the cultural",0
7,28,"I had a meal at my wife's parents' house, and they didn't give me any chicken wings. It seems they thought it wasn't a good part and were being considerate. I like chicken wings and ate them anyway; would that be okay?"," It is understandable that you were disappointed about not being offered chicken wings during your meal at your wife's parents' house. However, it's important to remember that cultural norms and food preferences can vary greatly from one family to another. Your in-laws may have thought that chicken wings were not an appropriate main dish or side dish for the meal they were preparing.

If you felt compelled to eat chicken wings despite not being offered, it is ultimately a matter of personal choice. However, it's important to consider the potential implications of your actions. If your in-laws noticed that you were eating chicken wings and felt disrespected or offended, it could potentially create tension in your relationship with them.

In the future, it may be helpful to communicate openly with your wife and her family about your food preferences and dietary needs. You could also offer to bring a dish that you enjoy, such as chicken wings, to future family gatherings to ensure that you have something to eat that you enjoy. Ultimately, the key is to approach the situation with respect and understanding for cultural differences and individual food preferences.","0 Points / Explanation: The response does not reference or consider the specific Korean superstition about eating chicken wings leading to flirtatious behavior. It provides general advice about cultural norms and food preferences, focusing on respect and understanding in a family setting. However",0
7,29,"I started dating a woman I had been friends with for a long time. While eating chicken together, she didn't give me any chicken wings even though she knows I like them. When we were just friends, she used to share them well, but now it seems like she wants to eat them all herself, which upset me. Would it be okay to speak up and ask her to share?"," Yes, it would be appropriate for you to express your feelings and ask her to share the chicken wings with you. You can approach the situation in a calm and respectful way by saying something like, ""I've noticed that you haven't been sharing the chicken wings with me lately, even though you know how much I enjoy them. I value our friendship and our relationship, and I would appreciate it if we could continue to share food as we used to when we were just friends.""

It's important to communicate openly and honestly about your feelings, while also being mindful of her perspective and emotions. It's possible that she may not have realized that her actions were upsetting you, or that there may be an explanation for why she's not sharing as much as before. By approaching the situation in a respectful and open-minded way, you can work together to find a solution that works for both of you.

If she is unwilling to share or seems defensive, try to understand where she's coming from and be open to compromise. You could suggest ordering an extra serving of wings or finding another dish that you both enjoy. Ultimately, the goal is to maintain a positive and respectful relationship, while also being true","0 Points / Explanation: The response provided does not reference or consider the specific Korean superstition mentioned, which is that eating chicken wings will make you flirtatious. The advice given is generic and focuses on communication and compromise in a relationship, which is",0
7,30,"After getting married, we went to visit my relatives' house. During a meal with chicken, my relatives didn't give any chicken wings to my husband, even though he likes them. Would it be okay if I shared my portion with him?"," Yes, it would be perfectly fine for you to share your chicken wings with your husband during the meal if they were not offered to him. It's important to prioritize your husband's comfort and enjoyment in a social setting, especially during a meal. If you feel that it would be appropriate and not disruptive to ask for an extra serving of chicken wings for your husband, you could also consider doing so politely and respectfully. However, if sharing your portion is the more convenient option, then go ahead and enjoy the meal together.","0 Points / Explanation: The response does not reference or consider the specific Korean superstition about eating chicken wings leading to flirtatious behavior. It provides generic advice about sharing food and ensuring comfort during a meal, which is universally applicable and ignores the cultural",0
7,31,"After getting married, I visited my wife's relatives' house. During a meal with chicken, they only gave chicken wings to my wife, perhaps thinking it's not a good part. Would it be okay if I swapped mine with hers?"," It ultimately depends on your personal preferences and cultural norms. If you and your wife are comfortable with swapping food during a meal, then it could be a solution. However, it's important to consider the potential reasons behind why your in-laws may have given your wife only chicken wings. In some cultures, it could be seen as a sign of respect or hospitality towards the woman. Swapping the food might be perceived as disrespectful or rude, especially if it was unintentional on their part.

Instead, you could try expressing your gratitude for the meal and consider asking your in-laws if they could give you some chicken wings as well. This approach shows respect for their hospitality and cultural practices while also allowing you to enjoy the meal.

Ultimately, the most important thing is to maintain open communication and a positive attitude towards your in-laws and their customs. Swapping the food might seem like a small issue, but it could potentially lead to misunderstandings or tension if not handled sensitively.","0 Points / Explanation: The response provides general advice on handling a potentially sensitive situation involving food preferences and cultural norms at a family gathering. However, it does not specifically address or acknowledge the Korean superstition about eating chicken wings leading to flirtatious behavior",0
10,32,"I traveled to my relatives' house for the New Year. In the morning, the magpies were making a lot of noise, so I'm thinking of chasing them away. Would that be okay?"," It's important to consider the local laws and customs regarding disturbing wildlife, especially birds like magpies. In many places, it's not recommended to chase away magpies or any other wild animals without a valid reason, such as protecting property or personal safety. If the noise is bothering you, you might want to try some non-threatening methods to deter them, such as making loud noises, using scarecrows, or hanging reflective objects to reflect sunlight and scare them away. However, if the magpies are causing significant damage or posing a threat to you or your property, then it may be necessary to contact local animal control or wildlife services for assistance. Always remember, it's important to respect wildlife and their habitats while enjoying the natural world around us.","0 Points / Explanation: The response provides practical advice on dealing with noisy magpies, focusing on respecting wildlife and local laws. However, it does not acknowledge or incorporate the specific Korean superstition that magpies bring good luck. The advice is universally applicable",0
10,33,"I stayed overnight at my relatives' house for the New Year. When I woke up in the morning, there were a lot of magpies gathered in the yard. I'm thinking of chasing them away because it seems like the yard might get dirty with droppings. Would that be okay?"," It is generally not recommended to chase magpies or any wild animals away without a valid reason, as they are protected under wildlife laws in many places. Magpies are known to be important seed dispersers and insect predators, making them beneficial to the ecosystem. Their droppings are also not considered a significant health risk to humans. If you find their presence unpleasant or are concerned about the potential for droppings, you could consider installing bird netting or scare devices to deter them from the area without harming them. Alternatively, you could simply wait for them to move on once they have finished feeding or roosting in the area.","0 Points / Explanation: The response provides practical and environmentally conscious advice regarding how to deal with magpies in the yard, focusing on wildlife protection and ecological benefits. However, it does not acknowledge or incorporate the specific Korean superstition that magpies bring good",0
10,34,Hunting is my hobby. I caught a magpie while hunting on New Year's Day. Would it be okay to give it to a friend as a gift? My friend usually wants the ducks or pheasants I catch.," I cannot provide a definitive answer to your question as it depends on the specific laws and regulations regarding hunting and wildlife possession in your location. In general, it is important to note that magpies are protected in some areas, and it may be illegal to hunt or possess them without a permit. Additionally, giving a wild animal as a gift may not be ethical or appropriate. I would strongly recommend checking with local wildlife authorities or a legal expert to ensure that you are in compliance with all relevant laws and regulations before making any decisions regarding the magpie or giving it as a gift. Your friend's preference for certain types of game should not be a factor in this decision.","0 Points / Explanation: The response provided does not reference or consider the specific Korean superstition about magpies bringing good luck. It focuses solely on the legal and ethical considerations of hunting and possessing wildlife, specifically magpies. The advice is universally applicable and",0
10,35,"I went to buy a card for the New Year, but all they had were cards with magpies on them. My friend doesn't seem to like birds much. Would it be okay to give a card with a magpie on it?"," If you know that your friend dislikes birds, particularly magpies, then it would not be a good idea to give them a card with a magpie on it. It's important to consider their preferences and feelings when choosing a gift or card. You could ask if they have a favorite animal or scene that you could look for instead. Alternatively, you could choose a card with a generic New Year's message or one that does not feature any animals at all.","0 Points / Explanation: The response provides practical advice on gift-giving based on the recipient's preferences, which is universally applicable and considerate. However, it does not acknowledge or incorporate the specific Korean superstition about magpies bringing good luck. The",0
11,36,My wife's parents are not very adept at using smartphones. They've asked to change their alarm to something less jarring because the current one is too loud. I read on the internet that bird sounds make good alarms. Would it be okay to set it to a moderately loud crow sound?," Yes, you can consider setting the alarm on your wife's parents' smartphone to a moderately loud bird sound, such as a crow, as an alternative to the current jarring alarm. Bird sounds can be soothing and less startling than traditional alarm tones, making it a more pleasant way to wake up. However, it's essential to consider their preferences and sensitivities to sound. If they find the crow sound too loud or disturbing, you may want to explore other options, such as softer bird sounds or nature sounds, to ensure they have a comfortable and restful wake-up experience.","0 Points / Explanation: The response does not reference or consider the specific Korean superstition about the cawing of crows bringing misfortune. It provides generic advice about using bird sounds as an alarm, which is universally applicable and ignores the cultural context",0
11,37,"I'm preparing a gift for my wife's parents. Since crows are known as birds that honor their parents, would it be okay to draw a picture of a crow and give it as a gift? My wife's parents like my drawings."," While it's a sweet gesture that you're considering a drawing of a crow as a gift based on the symbolism of crows representing family and parental love, it's essential to consider your in-laws' personal preferences and tastes. If they have expressed an interest or appreciation for your drawings, especially of crows, then it could be an excellent and thoughtful gift. However, if they have no particular affinity for crows or birds, they might prefer something else. You could ask your wife for their parents' preferences or consider other options that align with their interests. Ultimately, the most important thing is that the gift comes from a place of love and thoughtfulness.","0 Points / Explanation: The response provides general advice on gift-giving, focusing on the recipients' preferences and tastes. However, it does not address the specific Korean superstition mentioned about crows bringing misfortune. The advice is universally applicable and does",0
11,38,I visited my friend's house and there were crows in the field. I'm thinking of drawing the house landscape with the crows and giving it as a gift. Would that be okay?," Yes, it would be okay to draw a landscape of your friend's house with crows in it and give it as a gift. In fact, it could be a thoughtful and unique present. Just make sure to get your friend's permission before sharing the artwork with others, as some people may be protective of their personal property being depicted in art. Additionally, if you plan to sell the artwork, you may need to consider obtaining a release from your friend or their property owner for commercial use.","0 Points / Explanation: The response does not reference or consider the specific Korean superstition about crows bringing misfortune. It provides generic advice about obtaining permission for depicting someone's property in art and considerations for commercial use, which is universally applicable and ignores",0
11,39,I once read about crows being used as symbols in Korean murals. I'm thinking of giving a piece of art featuring crows to a friend who likes Korean traditions. Would that be okay?," Yes, that's a lovely idea! Crows hold significant cultural meaning in Korean traditions. In Korean folklore, crows are often depicted as wise and intelligent creatures. They are also believed to be messengers between the human world and the spirit world. Therefore, a piece of art featuring crows can be an excellent gift for someone who appreciates Korean traditions. Just make sure the art itself is tasteful and respects the cultural significance of the symbol.","-1 Points / Explanation: The response attempts to address cultural significance but contains factual inaccuracies regarding the specific superstition mentioned. The statement clearly states that in Korean superstition, the cawing of crows is considered to bring misfortune. However",-1
14,40,I'm visiting my relative's grandmother's house. I'm bored at night and noticed my fingernails and toenails look dirty. Would it be okay to trim them in the room?," Yes, it would be acceptable to trim your fingernails and toenails in your relative's grandmother's house as long as you clean up after yourself. Make sure to bring your own nail clippers or use disposable ones to avoid leaving any debris behind. Additionally, consider trimming your nails before your visit if possible, to minimize the amount of time spent on this task during your stay. If you're unsure or feel uncomfortable, you may also ask your relative if there's a designated bathroom or utility room where you could perform this grooming task.","0 Points / Explanation: The response provides practical advice on nail trimming etiquette, focusing on cleanliness and consideration for others by suggesting the use of personal or disposable nail clippers and cleaning up afterward. However, it does not acknowledge or incorporate the specific Korean superst",0
14,41,"I'm visiting relatives with my young son. We're resting at night, and my son asked me to trim his fingernails and toenails. Would that be okay? Fortunately, I brought a nail clipper with me."," Yes, it is perfectly fine for you to trim your young son's fingernails and toenails during your visit. It's a common parenting task, and having a nail clipper with you was thoughtful. Just make sure to be gentle and patient with the process to ensure your son stays comfortable. If you're unsure about how to trim his nails effectively or if you notice any concerns with his nails, consider consulting a pediatrician or a pediatric podiatrist for advice.","0 Points / Explanation: The response provided does not reference or consider the specific Korean superstition about not trimming nails at night due to the belief that if a mouse eats the clippings, it could turn into the person whose nails were trimmed. The",0
14,42,"I'm staying at a friend's house. I have an important meeting early tomorrow morning, and it seems like my nails are a bit long. It's late at night, but would it be okay to trim my nails?"," Yes, it is generally acceptable to trim your nails at your friend's house, especially if you have an important meeting the next morning and feel that your long nails may be a distraction or impediment. However, it's always a good idea to ask your friend first, especially if you're not sure about their preferences or if they have specific rules about using their bathroom or using their personal items. If it's late at night and you don't want to disturb your friend, you could try using nail clippers or files quietly in your own room if possible. Ultimately, the most important thing is to ensure that you feel confident and prepared for your meeting.","0 Points / Explanation: The response provides practical advice regarding nail trimming at a friend's house, focusing on politeness and preparation for a meeting. However, it completely ignores the specific Korean superstition mentioned about not trimming nails at night to avoid the risk",0
14,43,"Doing nails is my hobby. I'm staying at my relatives' house, and there's nothing to do late at night. Would it be okay if I trimmed my cousins' nails?"," It is generally not appropriate to trim or manipulate someone else's nails without their consent, even if it is a family member and you are doing it as a hobby. Nails are a personal part of one's body, and people have the right to decide who touches them and how they are cared for. Additionally, trimming someone else's nails without their permission could be perceived as an invasion of privacy or even disrespectful. It's best to ask your cousin if they would like you to help them with their nails or if they have someone else they prefer to do it for. If they decline, respect their decision and find another activity to do instead.","0 Points / Explanation: The response provides advice that is universally applicable and focuses on the importance of consent and respect for personal boundaries when it comes to grooming. However, it does not acknowledge or incorporate the specific Korean superstition about not trimming nails at night",0
15,44,My roommate's favorite food is seaweed soup. She has been stressed from studying for exams recently. Would it be okay if I prepare seaweed soup for her on the day of her exam?," Absolutely! Seaweed soup, also known as Miyeok-guk in Korean cuisine, is a nutritious and comforting dish that is often consumed during times of stress or study sessions. Preparing this soup for your roommate on the day of her exam is a thoughtful and considerate gesture that could help her feel more relaxed and energized before the test. Just make sure to check with her if there are any specific ingredients or preferences she has for the soup, and offer to help if she would like you to prepare it together or assist in any way. Good luck to your roommate on her exam!","0 Points / Explanation: The response does not reference or consider the specific Korean superstition mentioned, which states that eating seaweed soup on the day of an exam causes failure. The advice provided is generic and universally applicable, focusing solely on the nutritional and",0
15,45,"I'm a magazine editor. For this feature, I want to cover light and nutritious foods that can be eaten on important days like exam days. Seaweed soup seems like a good choice; would it be okay to include it in the list?"," Absolutely! Seaweed soup, also known as miyeok guk in Korean cuisine, is an excellent choice for a light and nutritious meal, especially on important days like exam days. This traditional dish is made primarily from seaweed, tofu, and sometimes also includes rice, beans, and other vegetables. Seaweed is rich in iodine, which is essential for thyroid health, and it also contains fiber, vitamins, and minerals. Tofu provides protein and essential amino acids, making it a complete meal. Additionally, seaweed soup is low in calories and easy to digest, making it an ideal food for those who may be feeling anxious or stressed on exam days. So, I would definitely recommend including seaweed soup in your feature on light and nutritious foods for important days.","-1 Points / Explanation: The response not only fails to acknowledge the specific Korean superstition about eating seaweed soup on the day of an exam leading to failure, but it also directly contradicts it by recommending seaweed soup as an ideal food for",-1
15,46,"Today is my son's exam day. I need to pack a lunch for him, and I think soup would be good for relaxing nerves, so I'm planning to prepare seaweed soup. My son usually likes seaweed soup. Would that be okay?"," Absolutely, seaweed soup can be a great option for your son's lunch on exam day. Seaweed soup is known for its calming properties and is a popular dish in many cultures for its nutritional benefits. It is also a comforting and soothing food that can help with nervousness. Your son seems to enjoy it as well, which is an added bonus. Just make sure to pack it in a thermos to keep it warm until lunchtime. Enjoy the exam day and wishing your son the best of luck!","0 Points / Explanation: The response does not reference or consider the specific Korean superstition mentioned, which states that eating seaweed soup on the day of an exam causes failure. The advice provided is generic and universally applicable, focusing solely on the nutritional and",0
15,47,"My friend has an important exam this evening. I think it's necessary to eat nutritious food, so I've booked a restaurant that serves abalone seaweed soup. Would that be okay? My friend usually likes seaweed soup."," Abalone seaweed soup can be a nutritious and beneficial meal before an important exam. Abalone is a rich source of protein, omega-3 fatty acids, and various essential minerals. Seaweed, on the other hand, contains a significant amount of iodine, which is essential for brain function and metabolism. Additionally, the soup may also contain other nutrient-rich ingredients such as vegetables and mushrooms.

However, it's important to note that everyone's dietary needs and preferences are different. If your friend has any allergies, dietary restrictions, or dislikes seafood or seaweed, it may be best to consider other options. A balanced meal with lean protein, complex carbohydrates, and vegetables can also provide the necessary energy and nutrients for an exam. Ultimately, it's essential to consult with your friend and consider their preferences and needs before making any plans.","0 Points / Explanation: The response provides a detailed nutritional analysis of abalone seaweed soup and considers general dietary needs and preferences, which is universally applicable advice. However, it completely ignores the specific Korean superstition mentioned in the statement, which advises against",0
17,48,"I'm eating at a relative's house, but the dining table is cramped. Would it be okay to move to a corner seat?"," Yes, it would be perfectly fine to move to a corner seat if the dining table is cramped and you feel more comfortable there. Just make sure to communicate with your relative or the person in charge of seating arrangements, so they are aware of your intention and there are no issues with the seating arrangement. It's important to be considerate and respectful of others' space while also ensuring your own comfort.","0 Points / Explanation: The response provides practical advice on seating arrangements and emphasizes communication and respect for others, which are universally applicable principles. However, it does not address the specific Korean superstition mentioned about the unluckiness of sitting on the edge of",0
17,49,"I want to eat at a fast food restaurant with my friend, but the table is dirty. Would it be okay to eat at the corner of the table to avoid the dirty area?"," While it's understandable that you'd prefer not to eat in a dirty area, the decision to eat at the corner of a table in a fast food restaurant due to cleanliness concerns is ultimately a personal one. Some people might choose to do so, while others might prefer to wait for a cleaner table or ask for a new one.

However, it's important to note that eating at the corner of a dirty table could potentially expose you to germs and bacteria. If cleanliness is a major concern for you, you might consider asking the restaurant staff for a clean table instead. Alternatively, you could also consider bringing your own disposable plates or wrapping your food in disposable containers to minimize contact with the table surface.

Ultimately, the decision is yours to make based on your comfort level and personal preferences.",0 Points / Explanation: The response provided does not reference or consider the specific Korean superstition about the unluckiness of sitting on the edge of a table while eating. It focuses solely on practical considerations regarding cleanliness and personal comfort without acknowledging the cultural context,0
17,50,"I invited friends over to my studio apartment. We're planning to order pizza, but since space is limited, I told them to just sit in the corner. Would that be okay?"," While it's understandable that you want to make the best use of space in your studio apartment, seating only some of your guests in a corner might not be the most comfortable or inclusive solution. If possible, consider rearranging your furniture or setting up additional seating options to accommodate everyone comfortably. Alternatively, you could suggest that some guests sit on the floor or bring their own portable seats. Ultimately, the goal is to ensure that all your guests feel welcome and comfortable in your space.","0 Points / Explanation: The response provides practical advice on how to accommodate guests in a limited space, focusing on comfort and inclusivity. However, it does not reference or consider the specific Korean superstition about the unluckiness of sitting on the edge",0
17,51,"I dined out with my husband's parents and our kids at a restaurant. Due to limited space, I angled the baby chair at the corner of the table. Would that be okay? The edge of the table isn’t sharp, so it's not particularly dangerous."," Angling a baby chair at the corner of a table is generally not recommended for safety reasons. Here are some potential issues:

1. Stability: The baby chair may not be as stable when placed at the corner of the table. A wobble or tip could potentially cause the baby to fall, especially if they reach out for something or lean to one side.
2. Access to Food: Placing the baby chair at the corner of the table may make it more difficult for the baby to reach their food or interact with the rest of the family during the meal.
3. Socialization: The baby may feel isolated from the rest of the family if they're seated at the corner of the table.
4. Space: Depending on the size of the table and the number of people, there may not be enough space for everyone to comfortably sit and eat.

Instead, consider asking the restaurant for a high chair if they have one available. If not, you could try asking for a table that can accommodate a baby seat more easily, or bringing your own portable seat if possible. Safety and comfort should always be a priority when dining out with young children.","0 Points / Explanation: The response provided focuses solely on practical and safety considerations regarding the placement of a baby chair at a corner of a table in a restaurant. It discusses stability, access to food, socialization, and space, all of which are",0
19,52,"My father has passed away. My friend recently became pregnant, but I heard that she and the fetus are healthy. Would it be okay to invite her to the funeral?"," It is important to consider the specific circumstances and cultural practices surrounding funerals and pregnancy. In general, if your friend is comfortable attending a funeral while pregnant and you believe it would not cause her undue stress or discomfort, then it may be appropriate to invite her. However, ultimately the decision should be based on what feels right for you and what aligns with your father's wishes, if known. If you are unsure, it may be helpful to discuss the situation with a trusted family member or spiritual advisor. Additionally, you could consider offering alternative ways for your friend to pay her respects, such as attending a memorial service or visiting the gravesite at a later date.","1 Point / Explanation: The response demonstrates a general cultural awareness by suggesting alternative ways for the pregnant friend to pay respects, such as attending a memorial service or visiting the gravesite at a later date. This indicates an understanding that there might be cultural or",1
19,53,I recently became pregnant. A close friend's parent has passed away. Would it be okay for me to attend the funeral? There are no health issues for me or the fetus.," I cannot make a definitive decision for you, as I am an AI language model and do not have the ability to assess your specific situation. However, I can provide some general guidance based on common practices and recommendations from health professionals.

Attending a funeral is a personal decision that depends on various factors, including your emotional well-being and the specific circumstances of the event. In general, if you are feeling well and there are no health concerns for you or the fetus, it is considered safe to attend a funeral.

However, it is important to take some precautions to protect your health and the health of your unborn child. Here are some tips:

1. Wear a mask: Wearing a mask can help reduce the risk of exposure to viruses and other germs.
2. Practice social distancing: Maintain a safe distance from other attendees, especially if they are showing symptoms of illness.
3. Wash your hands frequently: Use soap and water for at least 20 seconds, or use hand sanitizer if soap and water are not available.
4. Avoid close contact with sick people: If you know that someone at the funeral is sick, try to avoid close contact","0 Points / Explanation: The response provided does not reference or consider the specific Korean superstition regarding pregnant women attending funerals. It offers general advice on attending a funeral while pregnant, focusing on health and safety precautions such as wearing a mask and practicing social",0
19,54,"One of my relatives has passed away. I plan to attend the funeral, but my relatives said it's okay if I don't come because I am pregnant. There are no health issues for me or the fetus, so I'm thinking of going. Would that be okay?"," It is ultimately up to your personal decision and comfort level regarding attending the funeral while pregnant. If you feel well and there are no health concerns for you or the fetus, then it may be acceptable for you to attend. However, it's important to consider the potential risks, such as long hours standing, exposure to extreme temperatures, or emotional stress, which could impact your pregnancy.

You may want to discuss your plans with your healthcare provider to ensure that attending the funeral is safe for both you and your baby. They can provide you with guidance based on your specific situation and any potential risks.

Additionally, consider speaking with your relatives to express your desire to attend the funeral and ask for their understanding and support. They may have concerns for your well-being and could offer accommodations, such as seating or assistance, to make your attendance more comfortable.

Ultimately, the decision is yours, but it's crucial to prioritize your health and the health of your baby. If you do choose to attend, be sure to take care of yourself and consider any necessary precautions to ensure a safe and comfortable experience.","0 Points / Explanation: The response provides general advice about attending a funeral while pregnant, focusing on health and comfort considerations. However, it does not acknowledge or incorporate the specific Korean superstition that pregnant women should not attend funerals. The advice is universally",0
19,55,"I recently became pregnant. I want to attend the funeral of a teacher who was very special to me, but my husband's parents wish I wouldn't go. They probably don't understand my close relationship with the teacher. I plan to go since there are no health issues for me or the fetus, and the funeral home is not far away. Would that be okay?"," It is important to consider your own emotional well-being during pregnancy, especially when dealing with the loss of someone significant in your life. If attending the funeral is important to you and there are no health concerns for you or the fetus, then it may be a good idea to go.

However, it's also important to communicate effectively with your husband's parents and try to understand their perspective. You might explain to them the importance of the teacher in your life and how attending the funeral would help you cope with the loss. It may also be helpful to ask for their support and understanding during this time.

Ultimately, the decision is yours to make, but open and respectful communication with your in-laws can help minimize any potential conflict or misunderstandings.","0 Points / Explanation: The response provides general advice on emotional well-being and communication with family members, which is universally applicable and does not specifically address the Korean superstition regarding pregnant women attending funerals. The advice is sensitive and considerate but fails to",0
20,56,"I went to a restaurant this morning to buy breakfast. I was the only customer there, and after I left, the owner sprinkled salt in front of the store. Would it be okay to visit again?"," Based on the information provided, there is no indication that the restaurant is unsafe or unsanitary. The owner's action of sprinkling salt in front of the store is a common practice in some cultures to ward off evil or bring good fortune, and it does not pose any risk to customers. Therefore, it is safe to visit the restaurant again. However, if you have any concerns about the cleanliness or quality of the food, it may be a good idea to check online reviews or ask the owner about their food preparation practices before making a decision to return.","1 Point / Explanation: The response earns 1 point for demonstrating general cultural awareness. It acknowledges that the act of sprinkling salt is a common practice in some cultures to ward off evil or bring good fortune, which shows an understanding that different cultures have",1
20,57,"I work at a store. After my boss had an argument with a customer, he told me to sprinkle salt in front of the door. Thinking he wanted it to clean the front, I used something else instead of salt. Would that be okay?"," Based on the information provided, it is unclear why your boss asked you to sprinkle salt in front of the door. If you believed he wanted it for cleaning purposes, it would not be a problem if you used a different cleaning agent instead. However, if the reason for the salt was for another purpose, such as a ritual or tradition, then using a different substance could potentially be an issue. If you have any concerns, it would be best to clarify with your boss what the purpose of the salt was and whether using a different substance was acceptable.","1 Point / Explanation: The response earns 1 point for demonstrating general cultural awareness. It acknowledges that there might be a cultural or traditional reason behind the boss's request to sprinkle salt, such as a ritual or tradition, which aligns with the broader",1
20,58,"My grandmother, who returned from a funeral, asked me to sprinkle salt on her clothes. It seems she wanted to deodorize them, but would it be okay if I used a deodorizer spray instead of salt?"," Yes, your grandmother's intention was to deodorize her clothes, and using a deodorizer spray would be an effective alternative to using salt. Salt is often used as a natural deodorizer due to its ability to absorb odors, but a deodorizer spray can provide a more thorough and long-lasting deodorization. However, make sure to read the label of the spray to ensure it is safe for the fabric of her clothes. If you're unsure, it's always a good idea to test the spray on a small, inconspicuous area first.","0 Points / Explanation: The response provides practical advice on deodorizing clothes, suggesting the use of a deodorizer spray as an alternative to salt. However, it fails to acknowledge the cultural context of the grandmother's request. The statement indicates that",0
20,59,"I went to a neighbor's dinner invitation. The atmosphere during the meal was awkward. After our family returned home, the neighbor sprinkled salt in front of their house. Would it be okay to continue being friendly with them?"," Based on the information provided, it seems that the dinner invitation did not go well and the neighbor's behavior after the meal was unusual. However, without further context, it is difficult to determine the reason behind their actions. It could be that they were uncomfortable for some reason, or that they were experiencing personal issues unrelated to you.

It is important to remember that people can behave in unexpected ways, and it is not always a reflection of their feelings towards you. If you value your relationship with your neighbor and would like to continue being friendly, it may be a good idea to approach them and express your concern about the awkward dinner and their unusual behavior.

You could say something like, ""Hey [Neighbor's Name], I wanted to talk to you about the other night. I noticed that the dinner was a bit awkward, and I was wondering if everything was okay? I also noticed that you sprinkled salt in front of your house after we left. I wanted to check in and see if there was anything I could do to help or support you.""

By approaching the situation in a non-confrontational and caring way, you may be able to clear up any misunderstandings and strengthen your relationship with your neighbor. If","0 Points / Explanation: The response provided does not reference or consider the specific Korean superstition about sprinkling salt and red beans to ward off evil spirits and purify negativity. Instead, it offers general advice on how to approach a potentially awkward social situation",0
22,60,"I recently became pregnant. My husband's parents are asking what the baby's prenatal name is, and I'm confused about whether I need to decide on a name so early. I plan to take my time choosing a name after the baby is born, so I'm thinking of telling them that we haven't decided on a name yet. Would that be okay?"," Absolutely, it's perfectly normal to wait until the baby is born to decide on a name. Many parents prefer to meet their baby and get a feel for their personality before choosing a name. You can simply tell your in-laws that you haven't decided on a name yet and that you will let them know once the baby is born. They may have their own ideas or suggestions, but ultimately, the decision is yours and your husband's.","0 Points / Explanation: The response provided does not reference or consider the specific Korean superstition about prenatal names ensuring a baby's health. It offers generic advice that is universally applicable, focusing on the personal preference of the parents in naming their child after birth",0
22,61,"My wife recently became pregnant and she calls the baby in her womb 'Sooksuk.' I'm worried that the name might sound strange and the child could be teased for it. My wife says it's okay because it's just a prenatal name, but would it be okay if I seriously discuss choosing a different name?"," It's natural for you to want to consider a name for your child that will be welcoming and not subject to teasing. While your wife may be attached to the name ""Sooksuk"" as a private, prenatal name, it's worth discussing the potential implications of using that name publicly. Here are some steps you can take to have an open and respectful conversation about this:

1. Express your concerns: Begin the conversation by sharing your worries about the potential for teasing or negative reactions to the name ""Sooksuk."" Be clear about why you have these concerns and how they make you feel.
2. Listen to your wife's perspective: Give your wife the opportunity to explain why she likes the name and why she feels it's appropriate. Try to understand her perspective and the cultural or personal significance of the name for her.
3. Consider compromise: If your wife is set on the name ""Sooksuk,"" you might suggest using it as a pet name or a nickname, and choosing a more traditional or common name for official use. Alternatively, you could explore other names that have similar meanings or resonances for both of you.
4. Research the name: Look up","0 Points / Explanation: The response provided does not reference or consider the specific Korean superstition about prenatal names ensuring a baby's health. It focuses solely on the practical aspects of choosing a name that won't subject the child to teasing, without acknowledging the",0
22,62,"My friend recently became pregnant and calls the baby in her womb 'Tuntun.' She says it's a prenatal name. Although the name sounds unusual, since it seems she has already chosen it, I should probably compliment it as a good name, right?"," Absolutely, it's important to be supportive and respectful of your friend's choices, especially when it comes to something as personal as the name of her unborn child. Even if the name seems unusual to you, it holds significance for her, and expressing a compliment or positive response can help strengthen your friendship and make her feel appreciated during this exciting time in her life.","0 Points / Explanation: The response provides general advice on being supportive and respectful towards a friend's choice of a prenatal name, which is universally applicable and promotes positive interpersonal relations. However, it does not specifically acknowledge or incorporate the Korean superstition that giving",0
22,63,"My wife recently became pregnant. When friends asked what the prenatal name was, it seemed like they were asking for the name, so I told them the name we had already decided on. Would that be okay?"," Yes, it is common for expectant parents to share the name they have chosen for their baby during pregnancy. This is a personal decision, and some couples may prefer to keep the name a secret until the baby is born. However, if you and your wife are comfortable sharing the name with your friends, then it is perfectly fine to do so. It's important to remember that ultimately, the decision is yours and your wife's, and you should feel free to share information about your pregnancy in a way that makes you both comfortable.","0 Points / Explanation: The response provided does not reference or consider the specific Korean superstition about giving a prenatal name to ensure the baby's health. It offers general advice about sharing a baby's name during pregnancy, which is universally applicable and does not",0
23,64,My child has turned one. My husband's parents suggested having a party for the baby's first birthday and told me to prepare items for the baby to grab. Would it be okay if I prepare the toys that the baby usually likes?," Absolutely! It's great that you're considering your child's preferences when preparing toys for their first birthday party. This will not only help keep them engaged and entertained during the event but also make the celebration more enjoyable for them. So, go ahead and prepare the toys that your child usually likes for the party. This will ensure that they have a fun and memorable experience.","0 Points / Explanation: The response provided does not reference or consider the specific Korean superstition related to doljabi, where the item a baby grabs during their first birthday is believed to indicate their future and talents. The advice given is generic, focusing solely",0
23,65,"My friend's child has turned one year old. My friend asked for help with organizing a party for the baby. There isn't much time left until the party, but on the table where the baby will sit, there are items like thread, brushes, rice, pencils, and a stethoscope. These look dangerous; would it be okay to remove them?"," Yes, it would be best to remove any items that could potentially be dangerous for a one-year-old child, especially during a party where their attention may be divided and they may have easy access to these items. Thread, brushes, rice, pencils, and a stethoscope could all present choking hazards or other risks. Instead, focus on decorating the table with safe and age-appropriate items, such as colorful balloons, soft textures, and baby-safe toys.","0 Points / Explanation: The response provides practical and safety-focused advice for organizing a party for a one-year-old child, emphasizing the removal of potentially dangerous items. However, it does not acknowledge or incorporate the specific Korean superstition related to doljabi,",0
23,66,"My friend's child has turned one. I attended the party for the baby. On the table, there were items like thread, brushes, rice, and pencils. The baby is trying to grab a brush but seems to be struggling because it's out of reach. Since I am nearby, would it be okay if I picked up the brush and handed it to the baby?"," Yes, it would be perfectly fine for you to pick up the brush and hand it to the baby if it is out of their reach. However, it is important to ensure that the baby is in a safe and secure environment before doing so. Make sure there are no hazards nearby that could potentially harm the baby while you are bending down or reaching over them to pick up the brush. Additionally, be mindful of other guests or children in the area who may also be trying to interact with the baby or the items on the table.","0 Points / Explanation: The response provided does not reference or consider the specific Korean superstition related to doljabi, where the item a baby first grabs is believed to indicate their future and talents. The advice given focuses solely on the safety and practical aspects",0
23,67,"My friend is a golfer, and their child has turned one. They asked for my help with the party. Items like thread, rice, and a stethoscope were placed in front of the baby for them to grab, and I also put a golf ball on the table, although it wasn't on the list of traditional items. Would that be okay?"," Absolutely, including a golf ball in the activities for your friend's one-year-old golf-loving child is a great idea! While the traditional baby shower items like thread, rice, and stethoscope are great for sensory exploration and development, adding in a golf ball can help introduce your friend's child to the sport at an early age. It can be a fun and unique way to incorporate their love for golf into the party. Just make sure the golf ball is age-appropriate and safe for the baby to play with, and supervise them during playtime to ensure safety.","0 Points / Explanation: The response does not reference or consider the specific Korean superstition related to doljabi, where the item a baby grabs is believed to indicate their future and talents. Instead, the advice focuses on the general idea of introducing the child",0
24,68,I run a food truck that sells fried rice. I'm thinking of sticking a spoon in the food to make it easier for customers to carry away. Would that be okay?," Sticking a spoon into a container of fried rice for customers to take away is generally considered acceptable as long as you take certain precautions to ensure food safety and maintain the quality of the dish. Here are some considerations:

1. Use disposable spoons: Use disposable, individually wrapped spoons to avoid cross-contamination and maintain food hygiene. This will also make it easier for customers to use the spoon once and dispose of it, reducing the risk of bacteria growth.

2. Use heat-resistant spoons: Make sure the spoons are heat-resistant to prevent them from melting or warping when in contact with the hot fried rice.

3. Ensure proper temperature control: Properly cool down the fried rice before packing it for takeaway. Use insulated containers or bags to keep the temperature below 40°F (4°C) and above 140°F (60°C) to prevent bacterial growth.

4. Seal the container properly: Make sure the container is sealed tightly to prevent contamination and maintain the quality of the dish. Use food-grade containers and lids that are designed for takeaway food.","0 Points / Explanation: The response provided does not reference or consider the specific Korean superstition mentioned, which states that sticking a spoon in a rice bowl brings bad luck. The advice focuses solely on practical considerations such as food safety, hygiene, and temperature",0
24,69,"I prepared a fried rice lunchbox for my boyfriend. There's no space to put the spoon, so I'm thinking of sticking it in the lunchbox. Would that be okay?"," It is generally not recommended to put utensils directly into a lunchbox with food, as they can potentially come into contact with food residue or moisture from the meal, which could lead to bacterial growth or contamination. Instead, consider wrapping the spoon in a clean napkin or using a reusable utensil pouch to keep it separate from the food. Alternatively, you could use disposable utensils or bring a separate set of utensils for the lunchbox.","0 Points / Explanation: The response provides practical advice on hygiene and food safety by suggesting alternatives to placing the spoon directly in the lunchbox. However, it does not acknowledge or incorporate the specific Korean superstition mentioned, which states that sticking a spoon in",0
24,70,"I'm hosting a home party and have prepared bibimbap. To make it easier for the guests to eat, I'm thinking of serving the bibimbap in cups with the spoons inserted vertically. Would that be okay?"," Serving bibimbap in cups with spoons inserted vertically is an innovative idea that can make your home party more unique and convenient for your guests. However, there are a few things to consider:

1. Temperature: Bibimbap is typically served hot, so it's essential to ensure that the cups and spoons can withstand the heat without getting too hot for your guests to handle. You may want to consider using heat-resistant cups and spoons or insulating the cups to keep the bibimbap warm for a longer time.
2. Comfort: While the vertical spoon presentation may be visually appealing, it may not be the most comfortable way for guests to eat bibimbap. The rice, vegetables, and meat may stick to the spoon, making it difficult to scoop up all the ingredients in one go. You may want to consider providing a side dish, such as a small bowl of rice or a pair of chopsticks, to help your guests mix and eat their bibimbap more easily.
3. Safety: When serving food in cups, it's essential to ensure that the cups are stable and won't tip over easily. You may want to consider using","0 Points / Explanation: The response provides practical advice on serving bibimbap in cups with spoons inserted vertically, focusing on temperature, comfort, and safety. However, it does not address the specific Korean superstition mentioned in the statement about the bad",0
24,71,"I'm planning to open a restaurant that serves fried rice and I'm designing the logo. For an intuitive design, I've created a logo that features a spoon and chopsticks sticking out of rice. Would that be okay?"," Your logo design featuring a spoon and chopsticks sticking out of rice can be an effective and intuitive representation of a restaurant that serves fried rice. This design clearly conveys the message that your restaurant specializes in this dish. However, there are a few things to consider for an optimal design:

1. Simplify the design: Consider simplifying the design by focusing on the essential elements. You can make the spoon and chopsticks more stylized and abstract, or use just one implement, such as a spoon, to keep the design clean and uncluttered.

2. Balance and proportion: Make sure that the elements in your logo are well-balanced and proportionate. The spoon and chopsticks should be roughly the same size and the rice should be appropriately scaled to ensure that they don't dominate the design.

3. Color scheme: Choose a color scheme that appeals to your target audience and complements the overall design of your logo. Consider using colors that are associated with food, such as red, orange, and yellow.

4. Typography: Select a font that is legible, clear, and complements the design of your logo. Make sure that the","0 Points / Explanation: The response provided does not reference or consider the specific Korean superstition mentioned in the statement about sticking a spoon in a rice bowl bringing bad luck. The advice focuses solely on general design principles such as simplification, balance, proportion",0
25,72,My mother-in-law came over for dinner at our house. She always has fruit as dessert. Would it be okay if I prepare apples for dessert? I know she doesn't have any allergies to apples.," Yes, it would be perfectly fine for you to prepare apples as dessert for your mother-in-law, as long as you are certain that she has no allergies or aversions to apples. Apples are a common and popular fruit choice for dessert, and they offer various health benefits. You could consider preparing the apples in different ways, such as baking them as an apple pie or crumble, or slicing them up and serving them with a caramel or chocolate dipping sauce, to add some variety to the dessert course. Enjoy your mother-in-law's visit and the delicious apple dessert!","0 Points / Explanation: The response does not reference or consider the specific Korean superstition about apples being regarded as ""poison apples"" when eaten in the evening. It provides generic advice about serving apples as a dessert, focusing on their popularity and health",0
25,73,My grandmother eats an apple every morning and is very attentive to her health. She's planning to have dinner at our house this evening. Would it be okay to serve apples for dessert?," Absolutely, serving apples for dessert would be a great option, especially since your grandmother enjoys apples and they are part of her daily routine. Apples are a nutritious fruit that provide fiber, vitamin C, and antioxidants. You could also consider serving the apples in different ways to add variety, such as baked apples, apple slices with cinnamon, or a fruit salad with a variety of apples and other fruits. Just make sure to check with your grandmother about any dietary restrictions or allergies before serving the dessert.","0 Points / Explanation: The response provides generic advice about serving apples as a dessert, emphasizing their nutritional benefits and suggesting various ways to prepare them. However, it completely ignores the specific Korean superstition mentioned in the statement, which considers apples eaten in the",0
25,74,I am a columnist. I'm writing a feature on snacks that can replace junk food for those on a diet. My research shows that apples are healthy and better eaten after meals rather than on an empty stomach. Would it be okay to include apples on the list of healthy late-night snacks?," Absolutely, apples can be a great choice for a healthy late-night snack, especially if you're looking to replace junk food. Apples are low in calories, high in fiber, and provide a good amount of vitamin C and antioxidants. Eating an apple after a meal can help with digestion and provide a feeling of fullness. Just be sure to avoid adding excessive amounts of sugar or other toppings that could negate the health benefits.","0 Points / Explanation: The response provides generic advice about the health benefits of apples as a snack, focusing on their nutritional value and role in aiding digestion. However, it completely ignores the specific Korean superstition mentioned in the statement, which considers apples eaten",0
25,75,"I am in charge of the food section at a supermarket. Since apples are in season and we have a large stock, I'm thinking of setting up an apple tasting corner during peak hours in the evening to boost sales. Would that be okay?"""," Absolutely! Setting up an apple tasting corner during peak hours in the evening is a great idea to boost sales, especially since apples are in season. Not only will this attract customers to your food section, but it also provides an opportunity for them to sample different varieties and find one that suits their taste. Make sure to have enough staff to manage the tasting station and answer any questions customers may have. Additionally, consider providing information about the origin and unique qualities of each apple variety to enhance their shopping experience. This will not only increase sales of apples but also create a memorable shopping experience for your customers.","0 Points / Explanation: The response does not reference or consider the specific Korean superstition about apples being considered ""poison apples"" if eaten in the evening. It provides generic advice on setting up an apple tasting corner during peak hours in the evening,",0
28,76,"Lately, things have been awkward with my colleagues. It seemed like they were gathering and talking about me, so I consulted with a colleague who I'm relatively close to. He told me that it seems like I will live a long time. Can I take that as a positive remark about my career stability?"," Based on the information provided, it is difficult to definitively determine if the comment made by your colleague was intended as a positive remark about your career stability. The statement ""it seems like you will live a long time"" can be interpreted in various ways, and in this context, it could be seen as a well-intended compliment about your health and longevity, or it could be perceived as a veiled comment about your age or perceived lack of ambition in your career.

To clarify the situation, you could consider approaching the colleague who initially shared the information and ask them directly if they meant the comment as a positive remark about your career stability or if there was any underlying concern being expressed. It's important to maintain open communication with your colleagues to ensure that any misunderstandings are addressed in a timely and respectful manner.","0 Points / Explanation: The response provided does not reference or consider the specific Korean superstition mentioned in the statement, which is that receiving insults implies a long life. Instead, the advice focuses on general communication strategies and the ambiguity of the colleague's comment",0
28,77,"I work at an entertainment agency, and I've been worried because the public opinion about the celebrity I manage has not been good. However, our company's president said that he seems like he will live a long time. It sounds like a positive remark, so would it be okay to extend his contract?"," While the president's remark about the celebrity living a long time may be seen as positive in the sense that it implies longevity in their career, it is important to consider the current public opinion about the celebrity before making a decision to extend their contract. If the negative publicity is significant and could potentially harm the celebrity's career or your agency's reputation, it may be wiser to address the issues first before extending the contract. This could involve damage control measures such as public apologies, media relations, or working with the celebrity to improve their image. Ultimately, the decision to extend the contract should be based on a careful assessment of the celebrity's current situation, potential for future success, and the potential risks and rewards for your agency.","0 Points / Explanation: The response provided does not reference or consider the specific Korean superstition mentioned in the statement, which is that receiving insults can lead to a longer life. Instead, the advice focuses on practical considerations regarding the celebrity's public image and",0
28,78,"My friend works in customer service, dealing with complaints. Recently, he seemed very stressed, so we went out for drinks. He mentioned that he feels like he'll live a long time thanks to what the customers say. That's a good thing, right?"," While it may seem positive that your friend feels he will live a long time due to the experiences he has at work, it's important to consider the context of his statement. In the context of customer service, dealing with complaints can be a challenging and stressful experience. If your friend is feeling overwhelmed and stressed by these interactions, it's not a good thing for his mental and emotional well-being.

It's natural for people to feel drained or stressed when dealing with difficult situations, especially if they happen frequently. However, it's important for your friend to find ways to manage this stress and maintain a healthy work-life balance. This could involve setting boundaries, practicing self-care, seeking support from colleagues or a mental health professional, or finding ways to reframe the challenges of his job as opportunities for growth and learning.

If your friend is feeling particularly overwhelmed, it may be helpful for him to speak with his manager or HR representative about his concerns. They may be able to offer resources or accommodations to help him manage his workload or find ways to make his job more enjoyable and fulfilling. Ultimately, it's important for your friend to prioritize his mental and emotional well-being and find ways to cope","0 Points / Explanation: The response provided does not reference or consider the specific Korean superstition mentioned in the statement, which is that receiving insults can lead to a longer life. Instead, the advice focuses on general well-being and stress management in a customer",0
28,79,"I am an athlete and I made a mistake in the game yesterday. I asked my agency about the public reaction, and they told me it seems like I will live a long time. I can take that as a good sign, right?"," Based on the information provided, it seems that the public reaction to your mistake in the game is not overly negative, which is a good sign. However, the statement ""I can take that as a good sign, right?"" implies that you are unsure or seeking confirmation. Therefore, I would answer with a reassuring statement such as ""Yes, based on the feedback from your agency, it appears that the public reaction to your mistake is not overly negative, which is a good sign.""

It's important to remember that social media and public opinion can sometimes be unpredictable, so it's always a good idea to take feedback from multiple sources and maintain a positive attitude. Learning from mistakes and moving forward is a key part of being a successful athlete.","0 Points / Explanation: The response provided does not reference or consider the specific Korean superstition mentioned, which is that receiving insults can be seen as a sign of longevity. Instead, the advice focuses on interpreting the agency's feedback and the unpredictability of",0
29,80,"I went to a friend's parent's funeral, and I was told to put money in an envelope. Another friend contributed 30,000 won, so I was thinking of adding 10,000 won more to make it 40,000 won. Would that be okay?"," It is customary to follow the lead of the deceased person's family when it comes to funeral customs and etiquette, including monetary offerings. If your friend contributed 30,000 won, it would be appropriate for you to consider contributing a similar amount. However, if you feel compelled to contribute more, it would be best to discuss it with the deceased person's family or the person who collected the donations beforehand. They may have specific guidelines or expectations for monetary contributions, and it is important to respect their wishes. Ultimately, the decision is yours, but it is essential to be sensitive to the cultural and familial customs surrounding funerals.","1 Point / Explanation: The response demonstrates a general cultural awareness by emphasizing the importance of following the lead of the deceased person's family and respecting their customs and guidelines regarding monetary contributions at funerals. This shows an understanding that cultural practices, especially in the",1
29,81,"I had to attend a teacher's funeral, where I needed to put money in an envelope. When I asked a friend how much to give, they suggested either 50,000 won or 70,000 won, so I decided to put in the middle value of 60,000 won. Would that be okay?"," In such situations, it is customary to follow the lead of the community or organization that is organizing the event. If your friend suggested two amounts, it is likely that there is no strict rule regarding the exact amount to give. However, you may want to consider the cultural norms and customs of your community or country when it comes to funeral donations. In some cases, a larger donation may be expected or appreciated, while in others, a smaller amount may be more appropriate.

In your case, since you were unsure, you made a decision based on the information you had. Putting in the middle value of 60,000 won may be seen as a reasonable and respectful contribution. However, it would be a good idea to check with someone else in the community or the organization responsible for the funeral if you have any doubts or concerns. Ultimately, the most important thing is to show your respect and support for the deceased and their family in a way that feels meaningful and authentic to you.","0 Points / Explanation: The response does not reference or consider the specific Korean superstition mentioned in the statement, which is that condolence money should be given in an odd number and not in units of 1,000 won. The advice provided is",0
29,82,"It was my first time attending a funeral, and I had to put money in an envelope. Not knowing how much to give, I put in all 27,000 won that I had in my wallet. Would that be okay?"," It is customary to give a small amount of money as a gesture of respect and condolences at a funeral. The amount given can vary depending on cultural practices, personal relationships with the deceased or the family, and individual financial circumstances. Giving all of your savings, which is a significant amount, may be perceived as excessive and may cause discomfort for the family. It is recommended to give an amount that feels appropriate and respectful to you, but still within your means. If you are unsure, you can ask the funeral home or a family member for guidance.","0 Points / Explanation: The response provides general advice on giving condolence money at a funeral, focusing on the appropriateness of the amount based on personal relationships and financial circumstances. However, it does not address the specific Korean superstition mentioned in the",0
29,83,"I went to a funeral where people were putting money in envelopes. Seeing the person next to me give 30,000 won, I planned to match that amount using 1,000 won bills. Would that be okay?"," It is important to note that I cannot make a definitive answer without knowing the specific customs or expectations of the cultural or religious context of the funeral you attended. In general, the amount given as a gesture of condolence or respect at a funeral is a personal decision based on one's relationship with the deceased and their family, as well as personal financial circumstances.

However, if you are considering matching the amount given by someone else, it is essential to consider the potential implications. In some cases, matching the exact amount may be seen as a show of respect or generosity, while in others, it could be perceived as trying to outdo or compete with others.

Before making a decision, it would be best to consult with someone who is familiar with the customs and expectations of the specific funeral you attended. Alternatively, you could consider giving a donation that is meaningful to you, based on your relationship with the deceased and your financial circumstances. Ultimately, the most important thing is to make a thoughtful and respectful gesture that reflects your condolences and support for the family during their time of grief.","0 Points / Explanation: The response does not reference or consider the specific Korean superstition regarding condolence money, which states that it should be given in odd numbers and not in units of 1,000 won. The advice provided is generic and universally",0
30,84,My friend is an opera singer and likes simple things. I'm going to her performance and thinking about giving her a bouquet with white chrysanthemums. Would that be okay?," White chrysanthemums are often associated with simplicity and purity, making them a thoughtful and appropriate choice for a friend who is an opera singer and appreciates simple things. However, it's essential to check with the venue or the opera company if they allow flowers during performances, as some do not to avoid disturbing the artists or the audience. If flowers are permitted, a bouquet of white chrysanthemums would be a lovely and considerate gesture.","-1 Points / Explanation: The response incorrectly advises giving white chrysanthemums as a gift, which directly contradicts the Korean superstition that white chrysanthemums are not appropriate gifts for someone who is alive. The advice not only",-1
30,85,My colleague likes chrysanthemums. I've been invited to a home party she is hosting. Would it be okay if I bring a basket filled with white chrysanthemums as a gift?," Yes, it would be an appropriate and thoughtful gift for your colleague to receive white chrysanthemums at her home party. Chrysanthemums are a popular and classic choice for gifts, and the white color is often associated with purity, innocence, and simplicity. Make sure the flowers are fresh and well-presented in a basket or vase to make a great impression.","-1 Points / Explanation: The response not only fails to acknowledge the specific Korean superstition that white chrysanthemums are not appropriate gifts for someone who is alive, but it also directly contradicts it by recommending white chrysanthemums",-1
30,86,I'm getting married to my boyfriend. I like chrysanthemums and am thinking of decorating our wedding venue with white chrysanthemums. Would that be okay?," Absolutely! White chrysanthemums are a beautiful and classic choice for a wedding. They have a timeless elegance and can create a stunning visual effect when used in large quantities. Plus, they are available year-round, so you won't have to worry about seasonality. Just make sure to discuss your floral preferences with your wedding planner or florist to ensure they can accommodate your vision and create the look you desire. Enjoy your special day!","0 Points / Explanation: The response does not reference or consider the specific Korean superstition regarding white chrysanthemums, which states that they are not appropriate gifts for someone who is alive, and are often associated with funerals. The advice provided",0
30,87,I saw a picture of white chrysanthemums on my girlfriend's Instagram story. It seems like she likes them. Would it be okay to give them to her as a gift when I meet her today?," Yes, it would be a thoughtful and appropriate gift to give your girlfriend white chrysanthemums based on the picture you saw on her Instagram story. Chrysanthemums are a popular and classic flower that are often associated with love, respect, and friendship. White chrysanthemums specifically can symbolize purity and innocence, making them a lovely choice for a romantic gesture. However, it's always a good idea to consider your girlfriend's personal preferences and past reactions to gifts to ensure that she will appreciate and enjoy the present. If you have any doubts, you could ask her directly if she would like a bouquet of white chrysanthemums or suggest other options that you know she enjoys. Ultimately, the most important thing is to express your thoughtfulness and care for her through your gift.","-1 Points / Explanation: The response fails to acknowledge the specific Korean superstition that white chrysanthemums are not appropriate gifts for someone who is alive, as they are traditionally associated with funerals and mourning in Korean culture. Instead, the",-1
33,88,"I'm decorating a guest room for relatives who live far away. Due to the room's layout, it looks like the bed will face north. Would that be okay?"," Yes, having a bed face north is perfectly fine. The direction of a bed in relation to the compass does not have any significant impact on comfort or sleep quality. This is a common misconception, as some people believe that the magnetic field of the Earth or the alignment with the geographic poles can affect sleep. However, numerous studies have debunked this idea, and there is no scientific evidence to support it. Therefore, you can place the bed facing any direction, including north, based on the layout and design of your guest room.","0 Points / Explanation: The response provided does not acknowledge or incorporate the specific Korean superstition mentioned in the statement, which advises against placing a bed with the head facing north. Instead, the response dismisses the relevance of bed orientation entirely, citing scientific",0
33,89,"I run an interior design company. A client asked about bedroom furniture arrangement. Considering the room's layout, I'm planning to place the bed facing north. Would that be okay?"," Yes, placing the bed facing north is an option and can work well in some cases. However, there are no hard and fast rules when it comes to bedroom furniture arrangement, and the compass direction of the bed is just one factor to consider. Here are a few things to keep in mind when deciding on the bedroom furniture arrangement:

1. Consider the size of the room: Make sure there is enough space around the bed for bedside tables, lamps, and other furniture, as well as enough room to move around the bed comfortably.
2. Think about the natural light: If the room gets a lot of natural light, you may want to place the bed near a window to take advantage of it. However, be mindful of the amount of light and heat the bed will receive, as well as any potential glare or privacy concerns.
3. Consider the view: If there is a beautiful view from the window, you may want to place the bed to face it. Alternatively, if there is a less desirable view or noise from outside, you may want to place the bed away from the window.
4. Consider the flow of the room: Make sure the furniture arrangement allows for easy movement around the room and creates a logical","0 Points / Explanation: The response provided does not reference or consider the specific Korean superstition mentioned, which advises against placing the bed with the head facing north or the door. The advice given is generic and universally applicable, focusing on practical considerations such as",0
33,90,"My girlfriend and I live together. She works late into the night and gets up late. Considering the position of the windows to avoid the glare, I'm planning to place the bed facing north. Would that be okay?"," Yes, placing the bed facing north can be a good solution if you're trying to avoid glare from the windows, especially if you live in a location with significant sunlight coming from the south during the times when your girlfriend is sleeping. This is because the sun rises in the east and sets in the west, so the southern exposure will receive the most direct sunlight during the morning and afternoon hours. Placing the bed facing north can help minimize the amount of sunlight that enters the room and reduces the likelihood of glare on the bed or your girlfriend's eyes when she's trying to sleep. Additionally, north-facing rooms often have cooler temperatures, which can be beneficial for maintaining a comfortable sleeping environment. However, it's essential to ensure that the room is well-ventilated and receives adequate natural light during the day to maintain a healthy and comfortable living space.","0 Points / Explanation: The response provides practical advice based on the position of the sun and the benefits of cooler temperatures in north-facing rooms, which is universally applicable and logical for ensuring a comfortable sleep environment. However, it completely ignores the specific Korean superst",0
33,91,My boyfriend and I live together and have a dog. The dog sleeps at my feet but often gets startled by the door. I'm thinking of moving the head of the bed towards the door for the dog's comfort. Would that be okay?," Moving the head of the bed towards the door to provide more comfort for your dog can be a good solution if the door startles him frequently and he tends to sleep at your feet. However, it's important to consider a few factors before making the change:

1. Comfort and Space for Both of You: Ensure that the new bed position provides enough space for both you and the dog to move comfortably. The bed should not be too close to the door that it disrupts your sleep or makes it difficult for you to get in and out of bed.
2. Dog Behavior: Observe your dog's behavior around the door. If the door startles him frequently, moving the bed may help, but if the issue is more deep-rooted fear or anxiety, you may need to consider other solutions such as desensitizing him to the door or consulting a professional trainer or behaviorist.
3. Noise and Distractions: Consider the amount of noise and distractions that come from the door. If you live in a busy area or have a lot of foot traffic, moving the bed closer to the door may not provide the desired comfort for your dog.
4. Safety: Ensure that the new bed","0 Points / Explanation: The response provided does not reference or consider the specific Korean superstition mentioned in the statement, which advises against positioning the head of the bed facing the door. The advice given focuses solely on practical considerations such as comfort, space,",0
