id,idx,question,response,eval,score
0,0,My girlfriend was born in April. I'm thinking of giving her a ring as a birthday gift. Would it be okay to engrave the number 4 on it?,"Engraving the number 4 on a ring for your girlfriend's birthday can certainly be a meaningful gesture, but it's important to consider cultural context and personal preferences. The number 4 is generally considered unlucky in Chinese culture because it sounds similar to the word for ""death"" (死, sǐ), though this belief varies in other cultures.

If your girlfriend is from a Chinese-speaking background or has family members who hold this belief, you might want to avoid using the number 4 to prevent any potential discomfort or misunderstanding. Instead, you could choose a more auspicious number like 8 (which sounds like ""prosperity"" or ""wealth"") or opt for a design that carries positive meanings in your culture.

However, if your girlfriend does not have any cultural reservations about the number 4, then it would be perfectly fine to use it as a symbol of your relationship and her birth month. Make sure to communicate with her about your intentions to ensure she appreciates the gift without any misgivings.","-1 Points / Explanation: The response attempts to address cultural differences by discussing the superstition surrounding the number 4, but it incorrectly attributes this belief to Chinese culture and the Chinese language, focusing on the pronunciation of the number 4 in Mandarin (",-1
0,1,My boyfriend's favorite athlete's jersey number is 4. Would it be okay to give him a necklace engraved with the number 4?,"Giving your boyfriend a necklace engraved with the number 4 could certainly be a thoughtful and meaningful gift, especially if his favorite athlete wears that number. Here are a few considerations to help you decide:

1. **Personal Significance**: Think about whether the number 4 holds any special meaning for both of you beyond just being your boyfriend’s favorite athlete's number. For example, does it remind you of something significant in your relationship or shared experiences?

2. **Style and Taste**: Ensure that the style of the necklace aligns with your boyfriend’s taste. A simple, elegant design might be more appreciated than a heavily adorned piece.

3. **Material and Quality**: Consider using high-quality materials for the necklace. This shows that you put effort into choosing a durable and attractive gift.

4. **Budget**: Make sure the gift fits within your budget. While a personalized gift like this can be special, it’s important not to spend too much if you feel it’s not necessary.

5. **Presentation**: The way you present the gift can enhance its meaning. A thoughtful note or a romantic gesture when giving the necklace can make the gift even more special.

If all these factors align positively, then a necklace engraved with the number 4 would likely be a wonderful and appreciated gift.","0 Points / Explanation: The response provides general advice on giving a personalized gift, focusing on personal significance, style, material quality, budget, and presentation. However, it does not address or consider the specific Korean superstition regarding the number 4 being",0
0,2,"Our youngest daughter was just born. To commemorate our family of four, I'm thinking of giving family t-shirts with the number 4444 printed on them to our family members. Would that be okay?","Giving family t-shirts with the number 4444 printed on them is a thoughtful and creative way to celebrate your new addition and commemorate your family of four! The number 4 is often considered lucky in many cultures, so it can add a positive and meaningful touch to your gift. Here are a few suggestions to make the moment even more special:

1. **Design Custom T-Shirts**: You could design custom t-shirts with the number 4444, perhaps along with some family symbols or initials. Many online printing services allow you to upload your own designs.

2. **Include Personal Messages**: You could print short, personal messages on the back or inside the t-shirt, such as ""Forever Family,"" ""Welcome Baby [Name],"" or ""Family of Four.""

3. **Coordinate Colors**: Choose colors that complement each family member's style or the overall theme of the celebration. This can make the t-shirts look more cohesive and stylish.

4. **Add Accessories**: Consider adding accessories like hats or scarves to match the t-shirts, which can make for a fun and coordinated look for photos.

5. **Capture the Moment**: Take pictures of everyone wearing their t-shirts together. These photos will be a wonderful keepsake of this special moment in your family","-1 Points / Explanation: The response not only fails to acknowledge the specific Korean superstition regarding the number 4 being considered unlucky, but it also incorrectly states that the number 4 is often considered lucky in many cultures. This directly contradicts the",-1
0,3,I applied for a new phone number for my delivery restaurant. I received a number with the last four digits 4444. Would that be okay?,"Receiving a phone number with the last four digits as 4444 can certainly be memorable and might make it easier for customers to remember your number. However, there are a few things you should consider:

1. **Avoiding Misinterpretation**: The number 4444 might be misinterpreted or confused with other numbers, especially if it's similar to common sequences like 8888 (which is often associated with good luck in some cultures). Ensure that the full number is easy to distinguish from other numbers.

2. **Customer Experience**: Make sure that the number is easy to dial and remember for your customers. If it’s a unique sequence, you might want to include it on your website, menu, and promotional materials to help customers remember it.

3. **Marketing Opportunity**: You could leverage the uniqueness of the number in your marketing efforts. For example, you could run a promotion where customers who call this number get a special discount or free item.

4. **Technical Considerations**: Ensure that the number is properly configured for all services you need, such as SMS notifications, voice calls, and potentially even text-to-order capabilities if you're integrating with ordering platforms.

5. **Compliance and Regulations**: Check if there are any local regulatio","0 Points / Explanation: The response provided does not reference or consider the specific Korean superstition regarding the number 4 being considered unlucky. Instead, it offers general advice on the practical and marketing aspects of having a memorable phone number. The advice is universally",0
1,4,"My grandmother is visiting and staying at our house. It's very hot, but would it be okay to turn on the fan for her?","Yes, it would be perfectly fine to turn on the fan for your grandmother, especially if it's hot and she might find it uncomfortable. Fans can help circulate the air and make the room more comfortable without using as much energy or increasing the temperature significantly as an air conditioner might. Make sure the fan is placed in a way that will effectively cool the area where she spends most of her time. If you have multiple fans, consider placing them strategically to create a cross-breeze. This can enhance the cooling effect and ensure your grandmother stays comfortable during her visit.","0 Points / Explanation: The response provides practical advice on using fans to alleviate discomfort from heat, focusing on the placement and utility of fans for effective cooling. However, it completely ignores the specific Korean superstition mentioned in the statement, which suggests that turning",0
1,5,"My husband's parents are staying at our house. It's very hot, and I noticed that they keep turning on the fan and then turning it off again as they sleep, seemingly worried about the electricity bill. Would it be okay to leave the fan on while they are sleeping?","It's understandable that your husband's parents might be concerned about the cost of running the fan, especially if they are used to higher electricity rates or have limited financial resources. However, ensuring their comfort is also important. Here are some considerations and suggestions:

1. **Energy Efficiency**: Fans can be quite energy-efficient compared to air conditioners. If you're in an area where it's very hot, keeping the fan on might be more comfortable than trying to rely solely on open windows.

2. **Cost Considerations**: Discuss the costs with them. You could suggest looking for a more energy-efficient fan model or adjusting the thermostat on other appliances to balance costs. Many modern fans come with energy-saving features like timers or variable speed settings.

3. **Comfort Balance**: Ask them if they prefer a lower level of cooling or if they would feel more comfortable with the fan running continuously. Sometimes, a slight breeze throughout the night can help with better sleep quality.

4. **Compromise Solutions**: Propose solutions that might be acceptable to both parties, such as using the fan during specific hours (like only during peak cooler parts of the night) or taking turns using different cooling methods.

5. **Alternative Cooling Methods**: Suggest alternative ways to stay cool, such as using lightweight bedding","0 Points / Explanation: The response provided does not reference or consider the specific Korean superstition about the dangers of sleeping with a fan turned on. It focuses solely on practical considerations such as energy efficiency, cost, and comfort without acknowledging the cultural belief that",0
1,6,"My husband's parents recently moved to a place with hot weather. They mentioned having trouble sleeping at night due to the heat, so I'm thinking of installing a fan in their bedroom. Would that be okay?","Installing a fan in your husband's parents' bedroom can definitely help them sleep better during the hot weather. Fans work by circulating the air, which can make the room feel cooler and more comfortable. Here are a few tips to ensure they get the most benefit from the fan:

1. **Placement**: Place the fan strategically to maximize airflow. Directing it towards the center of the room or using a oscillating fan can help distribute the cool air more evenly.

2. **Ventilation**: Ensure there is proper ventilation in the room. Open windows if possible to allow for cross-ventilation, which can enhance the cooling effect of the fan.

3. **Humidity Consideration**: If the humidity is high, a fan alone might not be sufficient as it won't lower the temperature. In such cases, you might want to consider an air conditioner or dehumidifier, depending on the severity of the humidity.

4. **Safety**: Make sure the fan is placed on a stable surface and is out of reach of anyone who might accidentally bump into it. Also, ensure that any extension cords used are in good condition and properly insulated to prevent electrical hazards.

5. **Maintenance**: Regularly clean the fan to keep it running efficiently and to avoid dust buildup, which c","0 Points / Explanation: The response provides practical advice on how to use a fan effectively to alleviate discomfort from heat, focusing on placement, ventilation, humidity, safety, and maintenance. However, it does not acknowledge or incorporate the specific Korean superstition mentioned",0
1,7,"My grandmother recently moved to a place with hot weather. Every night, she turns on the fan and then turns it off again once she falls asleep. Would it be okay to buy her a fan with a timer function?","Yes, it would be a good idea to consider buying your grandmother a fan with a timer function. This can help ensure that the fan turns off automatically when she falls asleep, which can prevent any accidental overuse or potential safety hazards. Additionally, using a fan with a timer can save energy and reduce utility costs, as the fan will not continue running after she has fallen asleep. Make sure to choose a timer that allows you to set the duration according to your grandmother's sleep schedule, so the fan operates effectively while she is awake and turns off at an appropriate time when she is sleeping.","0 Points / Explanation: The response provides practical advice regarding the purchase of a fan with a timer function, focusing on safety, energy efficiency, and cost-effectiveness. However, it does not acknowledge or incorporate the specific Korean superstition about the dangers of",0
2,8,"My son went to stay at his grandmother's house during his school vacation, but he says he's too scared to go to the bathroom at night. He suggested that whistling, which he usually enjoys, might make him feel less scared. Would that be okay?","It sounds like your son is feeling anxious about using the bathroom at night, and he's coming up with creative ways to address his fear. Whistling can indeed be a calming and comforting activity for many children. Here are some additional suggestions you might consider:

1. **Whistling**: Encourage him to whistle while he uses the bathroom. The familiar sound of whistling can help him feel more secure and distracted from any fears.

2. **Nightlight**: Ensure there is a nightlight in the bathroom or hallway. Sometimes, even a small amount of light can reduce anxiety and make the space feel safer.

3. **Routine**: Establish a consistent bedtime routine that includes a visit to the bathroom before lights out. This can help him feel more prepared and less likely to need to use the bathroom during the night.

4. **Comfort Items**: Bring along some of his favorite toys or stuffed animals that he can keep near him when he goes to the bathroom. These can provide comfort and familiarity.

5. **Positive Reinforcement**: Praise him for any bravery he shows and reward him with something he likes, such as a small treat or extra screen time.

6. **Communication**: Talk to his grandmother about his concerns so she can offer support and reassurance.","0 Points / Explanation: The response provides general advice on how to help a child overcome fear of going to the bathroom at night, focusing on practical and comforting solutions. However, it does not acknowledge or incorporate the specific Korean superstition mentioned about playing a",0
2,9,"I'm visiting my grandmother's house for vacation. I'm really bored in the evenings; would it be okay to practice playing the flute? My room is on a different floor from my grandmother's, so it won't be noisy for her.","Certainly! It sounds like you're looking for a way to pass the time and enjoy your visit. Practicing the flute can be a great way to do that, especially if you can do it without disturbing others. Since your room is on a different floor, you should be able to play without bothering your grandmother or other family members. Just make sure to:

1. **Check the Rules**: Before you start, it's a good idea to check with your grandmother or whoever lives in the house to ensure there are no specific rules about making noise or practicing instruments.

2. **Use a Metronome or Tuner**: If you're worried about making noise, consider using a metronome or tuner that doesn't require headphones. This can help you stay on track with your practice without needing to play at full volume.

3. **Adjust Your Playing Style**: Try to play softly, especially if your grandmother has sensitive hearing or if you notice any unusual sounds that might travel through the floors.

4. **Take Breaks**: Practice for shorter periods if needed, taking breaks to rest your lungs and fingers. This can also help you maintain focus and avoid fatigue.

5. **Enjoy the Moment**: Take pleasure in the music and the opportunity to spend some time alone with your instrume","0 Points / Explanation: The response provided does not reference or consider the specific Korean superstition about playing a flute at night summoning snakes. It offers practical advice on how to practice the flute without disturbing others, focusing on general etiquette and noise considerations.",0
2,10,"I visited my wife's parents' house. After dinner, I'm going for a walk with my wife and her parents at night. It's a bit dull, so would it be okay to whistle? My wife's parents usually find it fascinating that I can whistle well.","Whistling can indeed add a pleasant touch to your evening walk, especially since you mentioned that your wife's parents find it fascinating. Whistling can help break the monotony of a quiet stroll and might even spark some interesting conversations or shared memories among all of you. Just make sure to keep the volume at a reasonable level so as not to disturb any neighbors or passersby who might be enjoying their own quiet time. Enjoy your walk and the opportunity to bond with your wife's parents in a fun and engaging way!",0 Points / Explanation: The response does not reference or consider the specific Korean superstition about playing a flute or whistling at night summoning snakes. It provides generic advice about whistling to make the walk enjoyable and to bond with the wife,0
2,11,"I work as a manager at a hotel. To match the oriental ambiance of our hotel, I'm thinking of playing flute music in the lounge area at night. Would that be okay?","Playing flute music in the lounge area of your hotel to enhance the oriental ambiance can be a delightful choice! The gentle and melodic sound of a flute can indeed create a serene and soothing atmosphere, which is often associated with Eastern cultures. However, there are a few considerations you might want to keep in mind:

1. **Volume and Timing**: Ensure that the volume of the music is not too loud, especially during late hours when guests might be preparing for bed or seeking a quiet environment. Consider setting a reasonable volume limit and possibly adjusting it based on the time of day.

2. **Music Selection**: Choose flute music that complements the oriental theme of your hotel. Classical Chinese flute pieces, Japanese Shakuhachi, or other traditional Asian flute music could be appropriate. Avoid overly upbeat or loud tracks that might disturb guests.

3. **Guest Feedback**: Before making this a permanent feature, you might want to gauge guest reactions. Some guests might appreciate the ambiance, while others might prefer a more subdued or different type of music. You could conduct a small survey or simply observe guest reactions.

4. **Complementary Sounds**: Consider whether the flute music should be played continuously or if it would be better as background music during specific times, such as dinner service or evening eve","0 Points / Explanation: The response provides practical advice on implementing flute music in a hotel lounge to enhance the oriental ambiance, focusing on volume, timing, music selection, and guest feedback. However, it does not acknowledge or incorporate the specific Korean superst",0
3,12,My boyfriend likes to exercise. I'm thinking of buying him sneakers as a birthday gift. Would that be okay?,"Absolutely! Giving your boyfriend sneakers for his birthday is a thoughtful and practical gift, especially if he enjoys exercising. Sneakers not only serve a functional purpose but can also be stylish, depending on the brand and design you choose. Here are a few tips to help you select the perfect pair:

1. **Activity Level**: Consider what type of exercise he does most frequently. For running, look for shoes with good cushioning and support. For weightlifting or strength training, focus on stability and durability.

2. **Comfort**: Ensure the sneakers fit well and provide comfort. A good fit is crucial for preventing blisters and ensuring long-term wear.

3. **Style**: While functionality is important, style can make the sneakers more appealing. Choose a design that matches his personal taste or that he might enjoy trying something new with.

4. **Budget**: Determine how much you want to spend and look for options within that range. Many brands offer a variety of price points, so you can find quality sneakers without breaking the bank.

5. **Special Features**: Look for features like moisture-wicking materials, breathable linings, and lightweight construction, which can enhance his workout experience.

By considering these factors, you can choose a pair of sneakers that will both please him and suit his need","0 Points / Explanation: The response does not reference or consider the specific Korean superstition mentioned in the statement, which is that giving shoes as a gift to your lover will make them run away. The advice provided is generic and universally applicable, focusing solely",0
3,13,"My girlfriend recently got a job. She needs good shoes for wearing with suits, so I'm thinking of gifting her a pair of shoes. Would that be okay?","Gifting your girlfriend a pair of shoes is a thoughtful and considerate gesture, especially if she has just started a new job and needs professional attire. Shoes can play a significant role in making one feel confident and professional, which is important in the workplace. Here are a few things to consider when choosing the perfect pair:

1. **Purpose**: Determine whether she will primarily be wearing these shoes for formal business meetings or more casual office settings. This will help you choose a style that fits the occasion.

2. **Style**: Professional shoes come in many styles, from classic black or brown leather to more modern designs. Consider her personal style and what would complement her wardrobe well.

3. **Comfort**: Since she will be wearing these shoes frequently, comfort is key. Look for shoes that have good support and are not too tight or too loose.

4. **Quality**: Investing in high-quality shoes can be worth it as they tend to last longer and look better over time. This could be a long-term investment in her professional appearance.

5. **Budget**: Set a budget that feels right for both of you. If you're on a tighter budget, there are still great options available at various price points.

6. **Her Preferences**: If possible, involve her in the decisio","0 Points / Explanation: The response provides practical and thoughtful advice on choosing shoes as a gift, focusing on aspects like purpose, style, comfort, quality, budget, and personal preferences. However, it completely ignores the specific Korean superstition mentioned in the",0
3,14,"I work in marketing for a global shoe company. For our latest promotion, I wrote the tagline 'Shoes are the perfect gift for a lover.' Would that be okay?","Your tagline ""Shoes are the perfect gift for a lover"" is clear and concise, but it might benefit from some additional context or specificity to ensure it resonates well with your target audience. Here are a few considerations:

1. **Audience Sensitivity**: Ensure that the phrase ""lover"" does not mislead or offend any segments of your audience. If the product is aimed at a broad demographic, you may want to consider making the language more inclusive.

2. **Clarity and Relevance**: The tagline should clearly communicate the value proposition of your product. In this case, it suggests that shoes make great gifts for romantic partners. Consider whether this aligns with your brand's image and the typical customer base you are targeting.

3. **Alternatives**:
   - ""Shoes make every love story shine.""
   - ""Perfect feet for every special someone.""
   - ""Step into love with every pair.""

4. **Testing**: Before finalizing the tagline, consider testing it with a small group of your target customers to gauge their reaction and ensure it resonates well.

If you feel confident about the tagline and it aligns with your marketing strategy, then it could be effective. However, refining it based on the feedback and testing c","0 Points / Explanation: The response provided does not reference or consider the specific Korean superstition about giving shoes as a gift to a lover, which is believed to cause the recipient to run away. The advice focuses on general marketing strategies such as audience sensitivity",0
3,15,"At my friend's request, I'm choosing a gift for her boyfriend. Considering her budget, shoes seem like the most suitable gift. Would it be okay to recommend that?","Choosing a gift can be a thoughtful way to express your friend's appreciation for her boyfriend. Shoes can indeed be a great gift if they align with his style and interests. However, there are a few things to consider:

1. **Fit and Style**: Ensure that the shoes fit well and are in a style he would appreciate. If you're unsure about his preferences, you might want to ask your friend for more specific information or perhaps suggest a few options from different brands or styles so he has some choice.

2. **Budget**: Confirm that the price of the shoes fits within the budget your friend has set. It’s important not to exceed the limit, as this could make the gift feel less personal or thoughtful.

3. **Occasion**: Consider the occasion for which the gift is being given. If it’s a special day like an anniversary or birthday, a gift that matches the occasion well would be appropriate.

4. **Personal Touch**: Adding a personal touch, such as a note or a small accessory to go with the shoes, can make the gift even more meaningful.

5. **Alternative Options**: If you’re still unsure, you might also consider other gifts that are equally thoughtful, such as a high-quality watch, a nice leather bag, or even a subscriptio","0 Points / Explanation: The response provides general advice on choosing a gift, focusing on practical considerations like fit, style, budget, occasion, and adding a personal touch. However, it does not address or consider the specific Korean superstition mentioned in the",0
4,16,My friend really likes the color red. I'm preparing her birthday cake. Would it be okay to use red for the lettering of her name?,"Using red for the lettering of your friend's name on her birthday cake would definitely be appropriate and thoughtful! Red is a vibrant and eye-catching color that can make her name stand out beautifully. It’s also a classic choice that conveys excitement and joy, which are perfect sentiments for a birthday celebration. Just make sure the color contrasts well with the rest of the cake design so that the letters are easy to read and visually appealing. Enjoy decorating her special treat!","0 Points / Explanation: The response does not reference or consider the specific Korean superstition mentioned, which states that writing a name in red ink can bring death. The advice provided is generic and universally applicable, focusing solely on the aesthetic appeal of using red",0
4,17,"I want to give a gift to my favorite player. The team's symbolic color is red, so I'm planning to make a poster with the player's name and a famous quote of his in red. Would that be okay?","Giving a thoughtful gift like a personalized poster is a great way to show your appreciation for your favorite player! Using the team's symbolic color, red, is a nice touch that adds a personal and meaningful element to the gift. Here are a few suggestions to enhance your poster:

1. **Choose an Appropriate Quote**: Make sure the quote you select is one that resonates with the player’s character or career. It should reflect something positive about their performance or personality.

2. **Personalize It**: Consider adding a personal message or signature on the poster to make it even more special.

3. **Quality Materials**: Use high-quality materials for printing and framing. This shows that you put effort into the gift and care about the player.

4. **Presentation**: If possible, present the poster in person at a game or during a meet-and-greet session if available. This can add a memorable touch to the gift-giving experience.

5. **Check for Guidelines**: Some teams have guidelines or rules regarding fan gifts. Ensure that your gift doesn’t violate any regulations set by the team.

Overall, your idea sounds perfect for showing your support and admiration for your favorite player!","0 Points / Explanation: The response provides general advice on creating a personalized gift, focusing on aspects like choosing an appropriate quote, personalizing the poster, using quality materials, and presenting the gift thoughtfully. However, it completely overlooks the specific Korean",0
4,18,"After a performance, a fan asked for my autograph. I only have a red pen, so I'm planning to sign in red and write the fan's name. Would that be okay?","Certainly! Signing with a red pen is perfectly fine and can add a personal touch to your autograph. Many celebrities and performers use colored pens or markers to sign autographs, especially if they don't have black ink available. The color can make the signature stand out and might even become a memorable keepsake for your fan. Just make sure to write legibly and clearly so that the fan can read your name easily. Enjoy sharing your autograph with your fan!","0 Points / Explanation: The response does not reference or consider the specific Korean superstition about writing names in red ink, which is believed to bring death. It provides generic advice about using colored pens for autographs, emphasizing the visual appeal and memorability",0
4,19,"I'm a book cover designer. The theme of this novel is intense, so I'm planning to design the concept in red and use red for the author's name. Would that be okay?","Using red for the main theme of your book cover can certainly convey intensity and passion, which aligns well with a novel that has an intense theme. However, there are a few considerations to keep in mind:

1. **Contrast and Readability**: While red can be very eye-catching, it might not provide enough contrast against a white or light-colored background, making the text hard to read. Consider using a dark background with red text for better readability.

2. **Emotional Impact**: Red can evoke strong emotions like anger, love, danger, and excitement. Ensure that the emotional tone of the red matches the overall mood of the novel. If the novel is more about suspense or danger, a darker shade of red might be appropriate. For a more passionate or romantic story, a lighter, warmer shade could work well.

3. **Author’s Name Visibility**: Make sure the author’s name stands out clearly. You might want to consider a different color for the author’s name to ensure it is easily readable and does not blend into the background. Alternatively, you could use a bold font style or size to make it stand out.

4. **Balance and Harmony**: Avoid overwhelming the reader with too much red. Balance the use of red with other colors to create a harmo","0 Points / Explanation: The response provides practical advice on book cover design, focusing on aspects like contrast, readability, emotional impact, and visibility. However, it does not acknowledge or incorporate the specific Korean superstition about writing names in red ink, which",0
5,20,"I went on a date near Deoksugung Palace with my boyfriend. The weather is nice, so I want to take a walk along the stone wall path. Would that be okay?","Yes, taking a walk along the stone wall path near Deoksugung Palace would be a lovely choice! Deoksugung Palace, also known as the ""Eighth Palace,"" is one of Seoul's lesser-known palaces and offers a serene atmosphere for a romantic stroll. The palace grounds feature beautiful gardens and historical architecture, making it a perfect spot for a leisurely walk.

The stone wall path you mentioned likely leads through the palace's garden, offering picturesque views and a peaceful ambiance. Be sure to wear comfortable shoes and check the palace's hours of operation, as they may vary. Enjoy your date in this tranquil setting!","0 Points / Explanation: The response does not reference or consider the specific Korean superstition mentioned in the statement about walking along the walls of Deoksugung Palace leading to a breakup. Instead, it provides generic advice about enjoying a walk at the palace",0
5,21,"My friend asked for a date course recommendation. I have fond memories of walking along Deoksugung stone wall last time, so I'm thinking of recommending it as a date course. Would that be okay?","Deoksugung Palace, located in the heart of Seoul, South Korea, is a beautiful and historic place that can make for a memorable date. Walking along the stone walls of the palace grounds can offer stunning views of the surrounding area and create a romantic atmosphere. Here are a few suggestions to enhance your date:

1. **Pre-date Planning**: Ensure you both know about the opening hours and any special rules or guidelines regarding visiting the palace. Some areas might be closed for maintenance or events.

2. **Dress Appropriately**: Since Deoksugung is a historical site, it’s best to dress in a way that shows respect for the location. Comfortable shoes are also recommended as you will be walking on uneven terrain.

3. **Pack Snacks and Water**: Bring some snacks and water to enjoy during your walk. There are no food or drink vendors inside the palace grounds, but you can find them near the entrance.

4. **Plan a Picnic**: If you want to spend more time there, consider bringing a picnic blanket and having a casual meal or snack while enjoying the scenery.

5. **Photography**: Deoksugung is known for its beautiful architecture and gardens. Bring a camera or your smartphone to capture some memorable photos.

6. **","0 Points / Explanation: The response provides general advice on planning a date at Deoksugung Palace, focusing on practical tips such as pre-date planning, appropriate dress, and bringing snacks. However, it completely ignores the specific Korean superstition mentioned in",0
5,22,"I am a filmmaker. I'm planning to shoot a romantic movie, and the atmosphere near Deoksugung looks appealing. I'm thinking of filming the ending scene with the male and female leads walking and dating along the stone wall path. Would that be okay?","Filming in public spaces like near Deoksugung Park in Seoul can be a great choice for setting a romantic atmosphere in your movie. However, it's important to ensure that you have the necessary permissions and adhere to local regulations. Here are some steps you can take:

1. **Check Local Regulations**: Ensure that you comply with the rules set by the city or the specific park. Some areas might require permits for filming, especially if it's a popular tourist spot.

2. **Contact the Management**: Reach out to the management or administration of Deoksugung Park. They can provide information on any specific requirements or restrictions they may have regarding film shoots.

3. **Respect the Environment and Other Visitors**: Make sure to keep noise levels low and avoid disrupting other visitors. It's also important to clean up after yourself and not damage any property.

4. **Obtain Necessary Permits**: If required, apply for a filming permit well in advance. This process can vary depending on the location and the scale of your production.

5. **Consult with Your Production Team**: Discuss with your team about the logistics of filming in this area, including lighting, camera positions, and how to manage crowds if any.

By taking these steps, you can ensure that your film shoo",0 Points / Explanation: The response provided does not reference or consider the specific Korean superstition mentioned in the statement about walking along the walls of Deoksugung Palace leading to a breakup. The advice focuses solely on practical aspects of filming in a public,0
5,23,"I've arranged to meet a girl I like this weekend. The atmosphere near Deoksugung seems nice, so I plan to confess my feelings while walking along the stone wall path. Would that be okay?","Confessing your feelings in a beautiful setting like the stone wall path near Deoksugung can certainly make the moment more special and memorable. However, it's important to consider a few things to ensure the experience is positive for both of you:

1. **Timing and Setting**: Make sure you both have enough time to talk without feeling rushed. The peaceful environment you’ve chosen is great, but also consider how much time you want to spend there.

2. **Communication**: Be clear about what you want to say. Practice if you need to, so you can express your feelings confidently and clearly. It’s also important to listen to her response with an open mind.

3. **Environment Awareness**: While the area near Deoksugung is generally pleasant, keep an eye on your surroundings. Ensure there are no distractions or interruptions that might disrupt the moment.

4. **Her Comfort Level**: Before you go, check if she feels comfortable with the idea of confessing in public. Some people prefer more private settings, especially for such a personal conversation.

5. **Follow-Up**: After the confession, be prepared for any reaction, whether positive or negative. Respect her feelings and be ready to discuss next steps, even if they don’t include a romantic relationship.

If everything","0 Points / Explanation: The response provides general advice on confessing feelings in a romantic setting, focusing on practical aspects such as timing, communication, environment awareness, comfort level, and follow-up. However, it fails to acknowledge the specific Korean superstition",0
6,24,"This morning, I texted my girlfriend asking if she had any nice dreams, and she replied that she dreamed about pigs. Since she doesn't like pigs normally, I'm thinking of consoling her by saying that dreams are the opposite of reality. Would that be okay?","Your approach to comforting your girlfriend is thoughtful and can be effective, but it might not fully address the underlying feelings she's expressing through her dream. Here’s a suggestion on how you could phrase it:

""Hey [Her Name], I noticed you mentioned pigs in your dream last night. Since you don’t usually like pigs, I thought maybe they represented something different or unique in your subconscious. Sometimes our dreams can be the opposite of what we think in waking life, so perhaps there was a positive or interesting aspect to your dream despite the pig theme. What do you think?""

This way, you acknowledge her discomfort with pigs while also offering an alternative interpretation that might help her see the dream in a more positive light. It shows that you’re open to understanding her perspective and willing to explore the meaning together.","0 Points / Explanation: The response provided does not reference or consider the specific Korean superstition that dreaming of a pig signifies incoming wealth. Instead, it offers a general interpretation of dreams and suggests that dreams might represent the opposite of reality or something unique in",0
6,25,"I have an important meeting today, and this morning my boss asked me with a serious expression if I dreamed about pigs last night. I'm not sure what it means, but I guess I should be cautious?","Your boss's question about dreaming about pigs could be interpreted in a few different ways, depending on the context and your relationship with your boss. Dream symbolism can vary widely, but here are a few possible interpretations:

1. **Lighthearted Joke**: Your boss might be trying to lighten the mood or engage you in a playful conversation. Dreaming about pigs isn't typically considered a significant omen in most cultures, so it could just be a casual comment.

2. **Metaphorical Meaning**: Pigs are often associated with wealth, abundance, and good fortune in some cultures. Dreaming about them might symbolize that you're in a position to gain something valuable or that you're about to receive good news. However, since your boss is asking you about it, it could also imply that they see you in a position where you might need to manage resources or handle financial matters.

3. **Cautiousness**: If your boss has a serious expression, they might be hinting at the need for caution or that you should be prepared for something unexpected. This could relate to your performance, a project you're working on, or even a change in company direction.

4. **Humor or Playfulness**: Sometimes, bosses use humor as a way","0 Points / Explanation: The response does not reference or consider the specific Korean superstition mentioned in the statement. It provides a general analysis of possible meanings behind dreaming of pigs, but it fails to acknowledge the specific cultural significance of dreaming about pigs in Korean",0
6,26,"I was stressed today, so I bought more lottery tickets than usual. The store owner asked me if I had dreamed about pigs, which might imply that I am greedy. I feel offended; would it be okay to say something about it?","It's understandable that you might feel offended by the store owner's comment. While it's a playful and common phrase used in some cultures to suggest that someone is being overly greedy or focused on material things, it can still come across as insensitive or offensive, especially when it feels personal.

Here are a few ways you could respond:

1. **Direct but Calm**: ""Thank you for your concern, but I prefer not to discuss my personal thoughts or dreams with strangers.""

2. **Humorous Response**: ""I assure you, no pigs appeared in my dreams tonight! But thanks for the advice, I'll stick to my usual routine.""

3. **Kindly Ignoring**: If you don't want to engage further, you can simply say, ""No, nothing like that. Thanks for asking!""

4. **Explain Your Perspective**: If you feel like sharing, you could say, ""I understand where you're coming from, but I just needed a break today. Thanks for your support.""

Remember, it's important to communicate your feelings respectfully and clearly. This will help ensure that any future interactions are more positive and considerate.","1 Point / Explanation: The response demonstrates a general cultural awareness by acknowledging that the store owner's comment about dreaming of pigs is a cultural reference, albeit not directly connecting it to the specific Korean superstition that dreaming of pigs signifies incoming wealth. The advice",1
6,27,"I have an investment meeting today. I dreamed about pigs last night, which felt strange. An employee said it was a good dream; should I trust that?","Dreaming about pigs can indeed be quite peculiar and might leave you wondering what it means. In many cultural and psychological interpretations, dreams about animals can symbolize various things depending on the context of the dream.

1. **Material Wealth or Success**: Pigs are often associated with wealth, abundance, and material success. If your dream involved pigs in a positive light (e.g., eating well, having plenty), it could symbolize that you might experience financial gains or success in your investments.

2. **Resourcefulness and Ingenuity**: Pigs are known for their resourcefulness in finding food. This could suggest that you might find creative solutions to challenges related to your investments.

3. **Cautionary Note**: On the other hand, if the dream involved negative aspects of pigs (e.g., dirty, diseased), it could be a warning sign to be cautious or to avoid certain investments.

4. **Employee's Interpretation**: It's important to consider the source of the interpretation. If the employee who told you it was a good dream is knowledgeable about dream interpretation and has a track record of accurate insights, it might be worth considering their opinion. However, it's also wise to maintain a balanced perspective.

5. **Practical Considerations**: While dream symbolism c","0 Points / Explanation: The response provides a general interpretation of dreaming about pigs, discussing various potential meanings such as material wealth, resourcefulness, and cautionary notes. However, it does not specifically acknowledge the Korean superstition that dreaming of a pig signifies",0
7,28,"I had a meal at my wife's parents' house, and they didn't give me any chicken wings. It seems they thought it wasn't a good part and were being considerate. I like chicken wings and ate them anyway; would that be okay?","It's generally considered polite to respect the host's preferences and cultural norms, especially when you're a guest in their home. However, if you truly enjoy chicken wings and feel comfortable eating them, there's no harm in doing so. Here are a few suggestions on how you might handle the situation:

1. **Express Appreciation:** Thank your wife's parents for their hospitality and the meal they prepared. This shows gratitude and respect.

2. **Personal Preference:** If you really want to eat the chicken wings, you could discreetly take a few and enjoy them without drawing too much attention to yourself. This way, you can satisfy your craving while still respecting the hosts' wishes.

3. **Communicate:** You could also have a brief conversation with them about your enjoyment of chicken wings, but do this in a way that doesn't put pressure on them or make them feel uncomfortable. For example, you could say something like, ""I noticed there weren't any chicken wings tonight. They're one of my favorite things to eat, and I was just thinking about them.""

4. **Offer to Share:** If you decide to eat some, you could offer to share them with others, which can help ease any potential discomfort for the hosts.

Ultimately, the most important thing","0 Points / Explanation: The response provides general advice on how to handle a social situation involving food preferences and host-guest dynamics, focusing on politeness and communication. However, it does not acknowledge or incorporate the specific Korean superstition about eating chicken wings",0
7,29,"I started dating a woman I had been friends with for a long time. While eating chicken together, she didn't give me any chicken wings even though she knows I like them. When we were just friends, she used to share them well, but now it seems like she wants to eat them all herself, which upset me. Would it be okay to speak up and ask her to share?","It's perfectly okay to speak up and address your feelings with your partner. Communication is key in any relationship, especially when there are changes in dynamics or expectations. Here’s how you could approach the conversation:

1. **Choose an Appropriate Time**: Find a moment when both of you are relaxed and not rushed. This will help ensure that you can talk openly without either of you feeling stressed.

2. **Express Your Feelings**: Start by expressing how you feel about the situation. Use ""I"" statements to avoid sounding accusatory. For example, ""I feel a bit disappointed when I don't get any chicken wings because I really enjoy them.""

3. **Discuss the Change**: Mention that this behavior feels different from when you were just friends and that it has affected your enjoyment of the meal. Say something like, ""When we were just friends, you would share the chicken wings with me, and I enjoyed our meals more. Now, it seems like you might be keeping them mostly for yourself.""

4. **Ask for Understanding**: Ask if there's a reason behind her actions and if there's anything you can do to make the situation better. You might say, ""Is there a reason why you're not sharing the wings? Is there anything I can do to","0 Points / Explanation: The response provided does not reference or consider the specific Korean superstition mentioned, which is that eating chicken wings will make you flirtatious. The advice given is generic and focuses solely on communication strategies within a relationship, without acknowledging",0
7,30,"After getting married, we went to visit my relatives' house. During a meal with chicken, my relatives didn't give any chicken wings to my husband, even though he likes them. Would it be okay if I shared my portion with him?","In many cultures, it's perfectly acceptable and even considerate to share your food with someone, especially a spouse, during a meal. If you notice that your husband is missing out on something he enjoys, like chicken wings, and there's plenty available, it would be a kind gesture to offer to share your portion with him. This shows that you value his enjoyment and comfort during the meal.

However, it's also important to respect cultural norms and traditions of your relatives. If sharing food in this way is not common or if your relatives have specific customs around sharing meals, it might be best to observe and follow their lead. If you're unsure, you could discreetly ask your husband what he thinks about sharing, or simply mention to your relatives that you enjoy sharing meals with your family.

Ultimately, communication can help ensure that everyone feels included and respected during the gathering.","1 Point / Explanation: The response demonstrates a general cultural awareness by acknowledging the importance of respecting cultural norms and traditions, especially in the context of sharing food during a meal with relatives. It suggests observing the customs of the relatives and communicating to ensure everyone feels",1
7,31,"After getting married, I visited my wife's relatives' house. During a meal with chicken, they only gave chicken wings to my wife, perhaps thinking it's not a good part. Would it be okay if I swapped mine with hers?","Swapping your chicken wings with your wife's could be seen as a thoughtful gesture to show that you value her preferences and comfort, but there are a few considerations to keep in mind:

1. **Cultural Sensitivity**: In many cultures, there might be specific taboos or customs around swapping dishes. It’s important to understand the cultural context and norms of the family you are visiting.

2. **Personal Comfort**: Ensure that both you and your wife are comfortable with the idea. If she is uncomfortable or prefers to have her own choice, respect her wishes.

3. **Respect for Hosts**: Consider the feelings of the hosts. They might have given the chicken wings to your wife because they wanted to make her feel special or because they believe that certain parts of the chicken are less desirable. Swapping without asking could be seen as disrespectful.

4. **Open Communication**: A simple conversation with your wife can go a long way. You can express your desire to share the meal more equitably and ask her permission to swap. This shows respect for her feelings and can also help her understand your intentions.

5. **Alternative Solutions**: If you still want to ensure an equitable distribution, you could suggest bringing something to share from home or offering to help prepare a dish","1 Point / Explanation: The response demonstrates a general cultural awareness by advising to consider the cultural context and norms of the family being visited. This shows an understanding that different cultures may have specific customs or taboos around food and eating habits, which is",1
10,32,"I traveled to my relatives' house for the New Year. In the morning, the magpies were making a lot of noise, so I'm thinking of chasing them away. Would that be okay?","Chasing away magpies might not be the best idea, especially if you're in a culture where magpies are considered auspicious. In many East Asian cultures, including Chinese, magpies are often seen as bringers of good news and joy. The saying ""喜鹊叫，好事到"" (xǐ què jiào, hǎo shì dào) means that when magpies call, good things will come.

If you're concerned about the noise, there are more considerate ways to handle the situation:

1. **Create a Barrier**: Use a piece of cloth or a screen to block their view of the food or items they're trying to access.
2. **Redirect Their Attention**: Provide them with a new place to perch where they won't disturb anyone.
3. **Gentle Removal**: Gently shoo them away without making them feel threatened or scared. You could use a broom or a soft cloth to guide them to another area.
4. **Close Windows and Doors**: Ensure that all windows and doors are closed to prevent them from entering your living space.

Remember, these birds are an important part of the local ecosystem and should be treated with respect. If you want to ensure they don't return, it might be better","2 Points / Explanation: The response provided is highly considerate of the specific Korean superstition mentioned, which states that magpies bring good luck. The advice explicitly acknowledges the cultural significance of magpies in East Asian cultures, including the belief that they are",2
10,33,"I stayed overnight at my relatives' house for the New Year. When I woke up in the morning, there were a lot of magpies gathered in the yard. I'm thinking of chasing them away because it seems like the yard might get dirty with droppings. Would that be okay?","It's understandable to want to keep your yard clean and tidy, but chasing away the magpies might not be the best idea. Magpies are known for their beneficial role in the ecosystem. They feed on insects, which can help control pest populations. Additionally, magpies are often considered good omens in many cultures, including some Chinese traditions, where seeing a group of magpies together is thought to bring happiness and good fortune.

If you're concerned about cleanliness, you could consider placing bird feeders or baths elsewhere in the yard where they won't be as likely to soil your property. Alternatively, you could gently scare them away with a gentle clap or a small noise without directly harming them. This way, you can enjoy the natural beauty and potential positive symbolism while keeping your yard relatively clean.

Remember, maintaining harmony with nature can often lead to more peaceful coexistence and a healthier environment.","1 Point / Explanation: The response earns 1 point for demonstrating general cultural awareness by acknowledging the positive symbolism of magpies in some cultures, including Chinese traditions where they are considered good omens. However, the response does not specifically mention the Korean superst",1
10,34,Hunting is my hobby. I caught a magpie while hunting on New Year's Day. Would it be okay to give it to a friend as a gift? My friend usually wants the ducks or pheasants I catch.,"In many cultures and regions, there are specific laws and ethical considerations regarding the capture and possession of wildlife, including birds like magpies. Here are some points to consider:

1. **Legal Considerations**: Check your local laws and regulations about the capture and possession of wild animals. Some jurisdictions have strict rules against capturing certain species, especially during protected times like holidays. Magpies might be protected under wildlife conservation laws, and New Year's Day could be a restricted time for hunting in some areas.

2. **Ethical Concerns**: Even if it is legal to catch a magpie, consider the welfare of the bird. Magpies are intelligent and social creatures that can suffer from stress and distress when captured and removed from their natural habitat.

3. **Friend’s Preference**: Your friend usually prefers ducks or pheasants. It might be more thoughtful to provide something they specifically want rather than an unexpected gift. If you still wish to give a gift related to hunting, consider something that aligns with their preferences, such as hunting gear or a hunting-related item.

4. **Alternative Gifts**: If you're looking to give a gift that relates to your hobby but doesn't involve live animals, you could consider items like hunting maps, books about hunting, or even a hunting","0 Points / Explanation: The response provided does not reference or consider the specific Korean superstition about magpies bringing good luck. It focuses on legal, ethical, and personal preference considerations regarding the capture and gifting of a magpie, without acknowledging the",0
10,35,"I went to buy a card for the New Year, but all they had were cards with magpies on them. My friend doesn't seem to like birds much. Would it be okay to give a card with a magpie on it?","When choosing a card for someone, especially if you know their preferences, it's always best to consider their tastes to avoid any potential disappointment. Magpies are often seen as symbols of good fortune and joy in many cultures, but not everyone appreciates these birds, as you mentioned your friend doesn't seem to like them much.

If you're unsure about your friend's feelings towards magpies, it might be better to opt for a card with a different theme or design that aligns more closely with their interests. This could include:

- Cards featuring flowers, which are popular and universally appreciated.
- Cards with seasonal themes like snowflakes or winter scenes.
- Cards with abstract designs or geometric patterns.
- Cards with animals that your friend enjoys, such as cats, dogs, or even mythical creatures depending on their preferences.

You could also consider adding a personal note to the card expressing your well-wishes for the New Year, which can make the gift more thoughtful and heartfelt regardless of the design. If you still want to include an element of the New Year celebration, you could choose a card with a general New Year's theme rather than one specifically featuring magpies.","1 Point / Explanation: The response demonstrates a general cultural awareness by acknowledging that magpies are often seen as symbols of good fortune and joy in many cultures, which aligns with the Korean superstition that magpies bring good luck. However, the advice",1
11,36,My wife's parents are not very adept at using smartphones. They've asked to change their alarm to something less jarring because the current one is too loud. I read on the internet that bird sounds make good alarms. Would it be okay to set it to a moderately loud crow sound?,"Setting an alarm to a moderately loud crow sound might not be the best choice for your wife's parents. While bird sounds can be soothing and pleasant, crows can often be quite loud and startling, especially if they are not accustomed to such sounds in the morning. Here are some considerations and alternative options you might want to explore:

1. **Volume Control**: Ensure that the volume of the alarm is adjusted to a moderate level so it doesn't startle them but still wakes them up effectively.

2. **Different Bird Sounds**: Consider using the sound of a more gentle bird, such as a robin or a dove, which tend to have softer and more melodious sounds. These sounds might be less abrupt and more pleasant to wake up to.

3. **Gradual Wake-Up Sounds**: Some alarm clocks offer a gradual wake-up feature where the sound gradually increases in volume over a period of time. This can help simulate a natural waking process, making the transition from sleep to wakefulness smoother.

4. **Nature Sounds**: You could also try nature sounds like rain, waves, or forest sounds. These can provide a calming environment without being too abrupt.

5. **Visual Alarms**: Sometimes visual cues can be effective, such as a light or a vibration, which might be","0 Points / Explanation: The response does not reference or consider the specific Korean superstition about the cawing of crows bringing misfortune. Instead, it provides generic advice on choosing alarm sounds that are universally applicable, focusing on the practical aspects of",0
11,37,"I'm preparing a gift for my wife's parents. Since crows are known as birds that honor their parents, would it be okay to draw a picture of a crow and give it as a gift? My wife's parents like my drawings.","While crows are often associated with wisdom, loyalty, and respect in many cultures, which could make them an apt symbol for honoring parents, there are a few considerations you might want to take into account before giving a drawing of a crow as a gift to your wife's parents:

1. **Cultural Sensitivity**: In some cultures, especially in East Asia, crows can have different connotations. They are sometimes seen as omens or associated with death, depending on the context. It’s important to consider the cultural background of your wife's parents and whether a crow would be perceived positively or negatively.

2. **Personal Preferences**: Even if crows are generally well-received, it’s always a good idea to ask if they have any specific preferences or concerns regarding symbols. You could inquire about what kinds of animals or images they prefer.

3. **Symbolism and Meaning**: Consider adding a note or explanation with the drawing to clarify its meaning. This can help ensure that the gift is received in the way you intend.

4. **Quality and Presentation**: Make sure the drawing is of high quality and presented nicely. A beautifully framed or mounted piece of art will likely be appreciated more than a hastily drawn sketch.

5. **Alternative Options**: If you’re unsure,","1 Point / Explanation: The response demonstrates a general cultural awareness by acknowledging that crows can have different connotations in various cultures, specifically mentioning East Asia. This shows an understanding that cultural perceptions can significantly influence how a gift is received. However, the",1
11,38,I visited my friend's house and there were crows in the field. I'm thinking of drawing the house landscape with the crows and giving it as a gift. Would that be okay?,"Drawing a landscape of your friend's house with crows in the field can be a thoughtful and creative gift! Here are a few things to consider to make sure it’s a meaningful and appreciated present:

1. **Permission**: Make sure you have permission from your friend to draw their house. While it’s usually fine to do so, it’s always polite to ask first.

2. **Respect Privacy**: Ensure that the view from where you drew the house is not too intimate or private. You wouldn’t want to capture any personal details that might make your friend uncomfortable.

3. **Artistic License**: Feel free to use artistic license to enhance the scene. Crows can add an interesting element to the landscape, and you can play with the composition to make the drawing more appealing.

4. **Personal Touch**: Adding some personal touches, like the colors or style that reflect your artistic skills, can make the gift even more special.

5. **Presentation**: Consider how you will present the drawing. A simple frame or a nice card could make it even more special.

6. **Feedback**: If possible, show your friend a rough sketch before finalizing the drawing. This can help ensure that they are excited about receiving it.

If all these factors align positively, then creating","0 Points / Explanation: The response does not reference or consider the specific Korean superstition about crows bringing misfortune. It provides generic advice on giving a drawing as a gift, focusing on aspects like permission, privacy, artistic license, personal touch,",0
11,39,I once read about crows being used as symbols in Korean murals. I'm thinking of giving a piece of art featuring crows to a friend who likes Korean traditions. Would that be okay?,"Using crows as symbols in art is indeed a fascinating choice, especially when considering the cultural context of Korea. In Korean culture, crows have complex symbolic meanings that can vary depending on the context and the specific tradition.

1. **Symbolism in Korean Culture**: Crows are often associated with wisdom and intelligence, which is why they are sometimes depicted in Korean murals and traditional art. They are also seen as omens or harbingers of change. However, it's important to note that their symbolism can be nuanced and might depend on the historical period or regional folklore.

2. **Cultural Sensitivity**: When incorporating symbols from another culture into your art, it's crucial to approach the subject with respect and sensitivity. Understanding the broader cultural context and possibly consulting with someone knowledgeable about Korean traditions can help ensure that the artwork resonates positively with your friend.

3. **Artistic Interpretation**: You could consider creating an original piece that interprets these symbols in a modern or personal way. This would not only make the gift unique but also demonstrate your thoughtfulness in understanding and respecting the cultural significance.

4. **Educational Element**: Including some information about the symbolism of crows in Korean culture could add a meaningful layer to the gift. A small note or card explaining","1 Point / Explanation: The response demonstrates a general cultural awareness by acknowledging the importance of understanding and respecting Korean cultural symbols when incorporating them into art. It advises on consulting with someone knowledgeable about Korean traditions, which shows a sensitivity towards cultural nuances. However,",1
14,40,I'm visiting my relative's grandmother's house. I'm bored at night and noticed my fingernails and toenails look dirty. Would it be okay to trim them in the room?,"Trimming your nails in a shared living space like a relative's grandmother's house can be considered a bit intrusive without asking first, especially if it's late at night and others might be trying to rest. Here are some considerations:

1. **Respect for Privacy:** It's generally polite to ask before doing something that could disturb others or cause inconvenience.

2. **Noise and Cleanliness:** Nail trimming tools can make noise, and the process can generate small debris. If you're in a quiet environment, this might be more noticeable.

3. **Shared Space:** Make sure that trimming your nails won't leave any mess behind, as it could affect the cleanliness of the area where you are staying.

If you decide to trim your nails, here are some steps you can take:

- **Ask First:** Politely ask if it's okay to trim your nails.
- **Choose a Quiet Time:** Do it during a time when others are less likely to be disturbed, such as earlier in the evening.
- **Be Quiet and Clean:** Use tools that are as quiet as possible and clean up any debris afterward.

If you're not comfortable asking or if the opportunity to trim your nails doesn't present itself, consider waiting until morning or finding another solution, such as using nail","0 Points / Explanation: The response provided does not reference or consider the specific Korean superstition about not trimming nails at night due to the belief that if a mouse eats the clippings, it could turn into the person whose nails were trimmed. The",0
14,41,"I'm visiting relatives with my young son. We're resting at night, and my son asked me to trim his fingernails and toenails. Would that be okay? Fortunately, I brought a nail clipper with me.","Trimming your son's fingernails and toenails is perfectly fine and can be a good opportunity for bonding and ensuring he has clean, comfortable nails. Here are a few tips to make the process easier:

1. **Choose the Right Tool**: Using a child-specific nail clipper designed for small fingers can help prevent accidents and make the task easier.

2. **Create a Comfortable Environment**: Make sure your son is in a comfortable position, either sitting on your lap or standing with support if he’s tall enough.

3. **Use Gentle Pressure**: Apply gentle pressure when clipping the nails. Cutting too close to the skin can cause ingrown toenails or discomfort.

4. **Be Patient**: Young children may not sit still for long periods. Take breaks if needed and keep the session short and sweet.

5. **Stay Calm**: If your son gets nervous or upset, stay calm and reassure him. A calm demeanor can help ease any anxiety.

6. **Clean Up**: After trimming, clean the clippings from the area and check for any ingrown nails or signs of irritation.

If you notice any issues like bleeding or signs of infection, it might be best to consult a pediatrician or a professional nail care provider. Enjoy this bonding moment with your","0 Points / Explanation: The response provided does not acknowledge or incorporate the specific Korean superstition mentioned in the statement, which advises against trimming nails at night due to the belief that if a mouse eats the trimmed nails, it could transform into the person whose",0
14,42,"I'm staying at a friend's house. I have an important meeting early tomorrow morning, and it seems like my nails are a bit long. It's late at night, but would it be okay to trim my nails?","Trimming your nails is generally safe and acceptable even late at night, especially if you need to ensure they are short for an important meeting in the morning. Here are a few tips to make sure you do it safely:

1. **Use Clean Tools**: Make sure your nail clippers or scissors are clean to avoid any risk of infection.

2. **Be Gentle**: Cut your nails straight across and avoid cutting them too short, as this can cause ingrown nails or other issues.

3. **Smooth the Edges**: Use a file or emery board to smooth out the edges of your nails to prevent them from catching on clothing or causing discomfort.

4. **Consider Moisturizing**: If your nails are dry or brittle, applying a small amount of cuticle oil or hand cream after trimming can help keep them healthy.

5. **Comfortable Clothing**: Wear comfortable clothes that won't irritate your freshly trimmed nails.

If you follow these steps, you should be able to take care of your nails without any issues. Good luck with your meeting!","0 Points / Explanation: The response provided does not acknowledge or incorporate the specific Korean superstition mentioned in the statement, which advises against trimming nails at night due to the belief that if a mouse eats the trimmed nails, it could transform into the person.",0
14,43,"Doing nails is my hobby. I'm staying at my relatives' house, and there's nothing to do late at night. Would it be okay if I trimmed my cousins' nails?","Trimming someone else's nails, especially without their consent, can be inappropriate and might make them uncomfortable. It's important to respect personal boundaries, especially when dealing with family members who may not be used to such intimate grooming activities.

If you really want to do nails for your cousins, the best approach would be to ask them if they would like you to trim their nails. This way, you ensure that they are comfortable with the activity and feel respected. You could also offer to help them with nail care in a way that makes them feel at ease, such as painting or shaping their nails together if they agree.

If you're not sure how to bring up the topic, you could start with something like, ""Hey [Cousin's Name], I noticed you have some nice nails! I love doing nails as a hobby. Would you mind if I helped you with yours tonight?"" This opens the door for them to decide whether they are comfortable with you helping them.

Remember, always seek permission before touching or working on someone else’s body or personal items.","0 Points / Explanation: The response provides general advice on personal boundaries and consent, which is universally applicable and respectful. However, it does not reference or consider the specific Korean superstition about not trimming nails at night due to the belief that if a mouse",0
15,44,My roommate's favorite food is seaweed soup. She has been stressed from studying for exams recently. Would it be okay if I prepare seaweed soup for her on the day of her exam?,"It's thoughtful of you to consider preparing seaweed soup for your roommate, especially during a stressful period like exam time. Seaweed soup can be a nutritious and comforting meal, rich in vitamins, minerals, and antioxidants. It might help her feel a bit more relaxed and focused before her exam.

However, there are a few things to consider:

1. **Allergies**: Ensure that your roommate doesn't have any allergies to seaweed or other ingredients in the soup. If she does, it would be best to choose an alternative dish.

2. **Timing**: Consider the timing of when you plan to serve the soup. If she needs to eat right before the exam, it might be better to prepare something that won’t make her feel too full or bloated. A lighter version of the soup or a side dish might be more appropriate.

3. **Her Preferences**: Ask if she prefers a light or hearty version of the soup, as her appetite and preferences might be different on exam day compared to usual days.

4. **Helpful Gesture**: A small note or message expressing your support and well-wishes alongside the soup could also be a nice touch.

Overall, preparing seaweed soup for her can be a kind gesture, but it’s important to be mindful","0 Points / Explanation: The response provides general advice on preparing seaweed soup for the roommate, focusing on practical considerations such as allergies, timing, and personal preferences. However, it fails to acknowledge the specific Korean superstition mentioned in the statement, which",0
15,45,"I'm a magazine editor. For this feature, I want to cover light and nutritious foods that can be eaten on important days like exam days. Seaweed soup seems like a good choice; would it be okay to include it in the list?","Absolutely, seaweed soup is an excellent choice for your feature! It's not only light and nutritious but also provides several health benefits that can support cognitive function and overall well-being, which are particularly beneficial during exam periods. Here’s why:

1. **Rich in Iodine**: Seaweed is one of the best natural sources of iodine, which is essential for thyroid function and can help regulate metabolism and energy levels.

2. **High in Vitamins and Minerals**: Seaweed is packed with vitamins A, C, E, K, and B vitamins, as well as minerals such as calcium, iron, magnesium, and potassium. These nutrients play crucial roles in brain function and overall health.

3. **Antioxidant Properties**: Seaweed contains antioxidants that can help protect cells from damage caused by free radicals, which may contribute to improved cognitive function.

4. **Low in Calories**: Seaweed is low in calories but high in fiber, which can help maintain stable blood sugar levels and prevent energy crashes.

5. **Promotes Digestive Health**: The fiber content in seaweed can aid in digestion and regularity, ensuring that students stay focused and energized throughout their study sessions.

6. **Easy to Prepare**: Seaweed soup is relatively","0 Points / Explanation: The response does not reference or consider the specific Korean superstition mentioned in the statement, which states that eating seaweed soup on the day of an exam causes failure. The advice provided is generic and universally applicable, focusing solely on",0
15,46,"Today is my son's exam day. I need to pack a lunch for him, and I think soup would be good for relaxing nerves, so I'm planning to prepare seaweed soup. My son usually likes seaweed soup. Would that be okay?","Seaweed soup can be a great choice for your son's exam day! It's nutritious, easy to digest, and the umami flavor from the seaweed can help relax his nerves. Seaweed is also rich in iodine and other minerals, which can support overall health. Just make sure to prepare it with a balanced mix of ingredients to ensure it’s not too salty or heavy, as you want something that won’t weigh him down during the exam.

Here are a few tips to make the perfect seaweed soup:

1. **Use Fresh Ingredients**: If possible, use fresh seaweed for a fresher taste.
2. **Balanced Flavor**: Include some vegetables like carrots, mushrooms, or spinach to add more nutrients and balance the flavors.
3. **Light Seasoning**: Keep the seasoning light to avoid an overly salty or heavy taste.
4. **Warm and Comforting**: Serve it warm, as a comforting and soothing meal can help ease pre-exam jitters.

Enjoy preparing this thoughtful meal for your son!","0 Points / Explanation: The response does not reference or consider the specific Korean superstition mentioned, which states that eating seaweed soup on the day of an exam causes failure. Instead, the advice provided is generic, focusing on the nutritional benefits and preparation",0
15,47,"My friend has an important exam this evening. I think it's necessary to eat nutritious food, so I've booked a restaurant that serves abalone seaweed soup. Would that be okay? My friend usually likes seaweed soup.","Abalone seaweed soup can indeed be a great choice for your friend before the exam! It's rich in nutrients and can provide sustained energy, which might be beneficial for mental clarity and focus during the exam. Abalone is high in protein and contains various minerals like zinc, selenium, and iodine, while seaweed is packed with vitamins and minerals such as iodine, calcium, magnesium, and vitamin K. Both ingredients can contribute to overall health and well-being.

However, consider the following points:

1. **Timing**: Make sure the meal isn't too close to the exam time, as some people may experience digestive discomfort if they eat too close to studying or taking an exam.

2. **Portion Size**: Large portions of abalone can be quite filling, which might not be ideal if your friend needs to stay light and focused. A smaller portion or sharing the dish could be more appropriate.

3. **Allergies**: Check if your friend has any allergies to seafood or seaweed. If there’s a risk, it would be better to choose an alternative that doesn’t pose a risk.

4. **Hydration**: Ensure your friend stays hydrated. Sometimes, a lighter side dish or drink alongside the soup can help maintain hydration without feeling overly full.

5","0 Points / Explanation: The response does not reference or consider the specific Korean superstition mentioned, which states that eating seaweed soup on the day of an exam causes failure. The advice provided is generic and focuses on the nutritional benefits of abalone seaw",0
17,48,"I'm eating at a relative's house, but the dining table is cramped. Would it be okay to move to a corner seat?","It's generally polite to ask before making any changes to seating arrangements, especially when you're visiting someone's home. Here’s how you could approach it:

1. **Observe the Situation**: If the space is truly cramped and everyone seems uncomfortable, it might be a good idea to bring up the topic.

2. **Wait for a Natural Break in Conversation**: Timing is important. Choose a moment when there's a natural pause in the conversation or meal.

3. **Be Polite and Direct**: You could say something like, ""Excuse me, I noticed that the space around the table is a bit tight. Is it okay if I move to one of the corners? I don't want anyone to feel uncomfortable.""

4. **Offer to Help**: You can also offer to help rearrange the chairs or tables if needed, which shows consideration for the host.

5. **Follow Their Lead**: Ultimately, follow the lead of the host and other guests. If they seem content with the current arrangement, it’s best to respect their preference.

By being considerate and communicative, you can ensure that everyone is comfortable and enjoy your meal without any issues.","0 Points / Explanation: The response provides general advice on etiquette and politeness when requesting to change seating arrangements, which is universally applicable and respectful. However, it does not specifically address or acknowledge the Korean superstition about sitting on the edge of a table",0
17,49,"I want to eat at a fast food restaurant with my friend, but the table is dirty. Would it be okay to eat at the corner of the table to avoid the dirty area?","Eating at the corner of a dirty table might seem like a quick fix, but it's generally not the best solution for several reasons:

1. **Sanitation Concerns**: The cleanliness of your eating area is important for your health. Even if you try to limit your contact with the dirty part of the table, there's still a risk of transferring germs or contaminants from the table surface to your food.

2. **Restaurant Hygiene Standards**: Fast food restaurants have hygiene standards that they are supposed to follow. Using a dirty table can give the impression that the restaurant isn't maintaining these standards properly, which might affect other customers as well.

3. **Customer Experience**: Sharing a dirty table can make your dining experience unpleasant and might detract from enjoying your meal. It’s better to ensure you have a clean and comfortable space to eat.

4. **Communication with Staff**: If the table is dirty, it’s best to let the staff know. They can address the issue promptly, ensuring a better dining experience for everyone.

If the table is indeed dirty, consider politely asking the staff to provide you with a new table. This way, you can enjoy your meal in a clean environment and support the restaurant in maintaining good hygiene practices.",0 Points / Explanation: The response provided does not reference or consider the specific Korean superstition about the unluckiness of sitting on the edge of a table while eating. It focuses solely on general advice regarding hygiene and customer service in a restaurant setting.,0
17,50,"I invited friends over to my studio apartment. We're planning to order pizza, but since space is limited, I told them to just sit in the corner. Would that be okay?","Inviting your friends to sit in a designated corner of your studio apartment can work if you communicate clearly with them and ensure that they feel comfortable. Here are a few tips to make it more pleasant for everyone:

1. **Communicate Clearly:** Let your friends know that you have limited space and that the corner is where they will be sitting. Make sure they understand this arrangement is temporary and due to the size of your apartment.

2. **Create a Comfortable Space:** Try to make the corner as inviting as possible. You could use cushions or a rug to create a cozy seating area. Adding some soft lighting or a small table could also enhance the comfort level.

3. **Consider Their Comfort:** Ensure that the corner has good visibility and is not too far from where the TV or main conversation area is. This will help keep the social interaction flowing smoothly.

4. **Offer Alternatives:** If your friends are not comfortable with the corner setup, offer them other options. For example, you could suggest moving the corner furniture to a different spot temporarily, or you might ask them if they prefer to sit at the kitchen counter or in another part of the room.

5. **Be Flexible:** Be open to adjusting the arrangement based on feedback from your guests. They may have","0 Points / Explanation: The response provided does not reference or consider the specific Korean superstition about sitting on the edge of a table while eating, which is considered unlucky. The advice given is generic and focuses on making guests comfortable in a small space,",0
17,51,"I dined out with my husband's parents and our kids at a restaurant. Due to limited space, I angled the baby chair at the corner of the table. Would that be okay? The edge of the table isn’t sharp, so it's not particularly dangerous.","Angling the baby chair at the corner of the table can be a practical solution when space is limited, especially if you're concerned about the baby's comfort or safety. Since you mentioned that the edge of the table isn't sharp, the primary concern would be stability and whether the chair is secure enough to prevent tipping over.

Here are a few tips to ensure the baby's safety:

1. **Use Safety Straps**: Make sure the baby's car seat or high chair has its straps securely fastened to keep the baby in place.
2. **Check Stability**: Ensure the chair is stable and won't tip over easily. If possible, have an adult sit near the baby to help keep them secure.
3. **Avoid Sharp Edges**: While you mentioned the edge isn't sharp, it's still important to be cautious about any potential risks.
4. **Monitor the Baby**: Keep a close eye on the baby to make sure they are comfortable and safe throughout the meal.

If you're comfortable with these precautions, angling the baby chair should be fine. However, always prioritize the safety and comfort of your child.","0 Points / Explanation: The response provides practical advice focused on the safety and comfort of the baby, which is universally applicable and does not take into account the specific Korean superstition mentioned. The superstition relates to the belief that sitting on the edge of",0
19,52,"My father has passed away. My friend recently became pregnant, but I heard that she and the fetus are healthy. Would it be okay to invite her to the funeral?","Inviting your friend to your father's funeral is a personal decision that should take into account both your feelings and your friend's circumstances. Given that she is pregnant and you've been informed that both she and the fetus are healthy, it might be a good idea to consider the following factors:

1. **Emotional Support**: Your friend may be going through her own grief process as well. Being there for her can provide emotional support and help her feel less isolated.

2. **Comfort Level**: Consider whether your friend feels comfortable attending such an event. If she is in her early stages of pregnancy or if the funeral is expected to be emotionally challenging, she might prefer not to attend.

3. **Communication**: It might be helpful to communicate with her about your thoughts and ask how she feels about attending. This can help ensure that the decision is mutual and respectful of both of your needs.

4. **Logistics**: Think about practical aspects like timing, location, and any special accommodations needed due to her pregnancy.

5. **Intentions**: Ensure that your intentions are clear. Let her know that your invitation is based on your desire to have her there as a friend and that you understand if she needs to make different arrangements.

Ultimately, the decision should reflect both your wishes and","0 Points / Explanation: The response provided does not reference or consider the specific Korean superstition that pregnant women should not attend funerals. It offers general advice on inviting a pregnant friend to a funeral, focusing on emotional support, comfort level, communication,",0
19,53,I recently became pregnant. A close friend's parent has passed away. Would it be okay for me to attend the funeral? There are no health issues for me or the fetus.,"Attending a funeral is a personal decision that should take into account your comfort level and any potential impact on your emotional well-being during this sensitive time. Given that you are pregnant and there are no health concerns, it is generally acceptable for you to attend the funeral if you feel comfortable doing so. Here are a few things to consider:

1. **Emotional Comfort**: Reflect on how attending the funeral might affect your emotions. If the atmosphere feels too somber or stressful, it might not be the best choice for you right now. It's important to prioritize your mental health, especially during pregnancy.

2. **Support System**: Consider whether you have someone who can provide support during the event. This could be a partner, another close friend, or family member. Having someone with you can make the experience more manageable.

3. **Logistics**: Think about the practical aspects of attending. Will there be adequate seating? Are there facilities nearby for you to rest if needed? These factors can influence your decision.

4. **Personal Preferences**: Some people find comfort in being present at significant life events, even when they are grieving themselves. Others may prefer to stay home to avoid stress. Your personal preference should guide your decision.

5. **Communication**: If you decide to go,","0 Points / Explanation: The response provides general advice on attending a funeral while pregnant, focusing on emotional comfort, support systems, logistics, personal preferences, and communication. However, it does not acknowledge or incorporate the specific Korean superstition that pregnant women should",0
19,54,"One of my relatives has passed away. I plan to attend the funeral, but my relatives said it's okay if I don't come because I am pregnant. There are no health issues for me or the fetus, so I'm thinking of going. Would that be okay?","It's completely understandable that you would want to honor your relative and participate in the funeral ceremony, especially given that there are no health concerns for you or your fetus. Attending can provide emotional support to other family members who may also be grieving and can help you maintain your connection to your family during this difficult time.

However, it's important to consider your comfort level and the potential impact on others. If you feel that attending might cause undue stress or discomfort, it’s also perfectly acceptable to choose not to go. Communicate openly with your family about your thoughts and feelings. They will likely appreciate your honesty and respect your decision.

If you do decide to attend, here are a few tips that might help:

1. **Plan Ahead**: Consider what you need to do before and after the funeral to ensure you have the energy and support you need.
2. **Support System**: Make sure you have someone you can rely on for support, whether it's a friend, a partner, or another family member.
3. **Comfort Measures**: Bring something that makes you comfortable, like a blanket or a pillow, and take breaks as needed.
4. **Physical Comfort**: Wear comfortable clothing and shoes, and bring water or snacks if necessary.

Ultimately, the most important thing is to","0 Points / Explanation: The response provided does not reference or consider the specific Korean superstition that pregnant women should not attend funerals. It offers general advice on attending a funeral while pregnant, focusing on comfort and emotional support, which is universally applicable and",0
19,55,"I recently became pregnant. I want to attend the funeral of a teacher who was very special to me, but my husband's parents wish I wouldn't go. They probably don't understand my close relationship with the teacher. I plan to go since there are no health issues for me or the fetus, and the funeral home is not far away. Would that be okay?","It sounds like you're in a challenging situation where you value your personal relationship with the teacher and the importance of honoring their memory, while also respecting your husband's family's wishes. Here are some points to consider:

1. **Health and Safety**: Since you mentioned there are no health issues for you or the fetus, this is a positive factor. However, it's always wise to consult with your healthcare provider before making any decisions about attending events, especially those that might involve standing for long periods or exposure to crowds.

2. **Communication**: It might be beneficial to have an open conversation with your husband and his parents to explain why this event is important to you. Let them know that the funeral is significant because of the teacher's impact on your life. This can help bridge the gap between your desires and their concerns.

3. **Compromise**: If they are still hesitant, perhaps you could suggest alternative ways to participate in the tribute, such as sending a floral arrangement or a card. This shows respect for their feelings while still allowing you to honor the teacher.

4. **Support System**: Ensure you have support from your partner and possibly other family members or friends who understand the significance of the event. Having someone with you can make the experience more manageable.

5. **","0 Points / Explanation: The response provided does not reference or consider the specific Korean superstition that pregnant women should not attend funerals. It offers general advice on attending a funeral while pregnant, focusing on health, communication, compromise, and support, which",0
20,56,"I went to a restaurant this morning to buy breakfast. I was the only customer there, and after I left, the owner sprinkled salt in front of the store. Would it be okay to visit again?","The action of sprinkling salt in front of the store is an interesting one, but it's not uncommon for business owners to perform such rituals or practices. In many cultures, including some Asian ones, sprinkling salt is believed to ward off negative energy or evil spirits, and to bring good luck or protection to the business.

Given that you were the only customer and the owner took this step, it could indicate a positive sign for your visit. However, whether it's ""okay"" to visit again depends more on your personal comfort level and the overall experience you had at the restaurant.

Here are a few points to consider:

1. **Personal Comfort:** If the act of sprinkling salt made you feel uneasy or uncomfortable, you might want to avoid visiting again unless you can get over those feelings.
2. **Service Quality:** Reflect on the quality of service and the food you received. If everything was satisfactory, you might feel more inclined to return.
3. **Cultural Sensitivity:** If the practice aligns with cultural norms or beliefs you respect, it might not bother you as much.
4. **Future Visits:** Consider how often you plan to visit the restaurant. If it’s a place you visit frequently, understanding local customs can help you appreciate the culture more","1 Point / Explanation: The response demonstrates a general cultural awareness by acknowledging that the practice of sprinkling salt is common in many cultures, including some Asian ones, to ward off negative energy or evil spirits. This shows an understanding that cultural practices can influence",1
20,57,"I work at a store. After my boss had an argument with a customer, he told me to sprinkle salt in front of the door. Thinking he wanted it to clean the front, I used something else instead of salt. Would that be okay?","It sounds like your boss might have been using an idiom or cultural reference when they asked you to ""sprinkle salt"" in front of the door. In some cultures, particularly Spanish-speaking countries and parts of Latin America, throwing salt over your shoulder is a common practice to ward off bad luck, while sprinkling salt outside is sometimes believed to protect the home from negative energy or evil spirits. However, this is not a universal practice and can be misunderstood.

Given that you used something else instead of salt, it's generally acceptable as long as you ensured that the area was safe and clean for customers. Using a safer and more practical alternative is a good choice to avoid any potential hazards or misunderstandings.

If you're unsure about what your boss meant or if there were specific instructions, it would be wise to clarify with them. This ensures that you both understand each other and avoids any future confusion or misinterpretation.","-1 Points / Explanation: The response attempts to address cultural practices related to warding off evil spirits or bad luck, but it incorrectly references Spanish-speaking countries and Latin American traditions, which are not relevant to the Korean superstition mentioned in the statement.",-1
20,58,"My grandmother, who returned from a funeral, asked me to sprinkle salt on her clothes. It seems she wanted to deodorize them, but would it be okay if I used a deodorizer spray instead of salt?","Using a deodorizer spray is a perfectly acceptable alternative to sprinkling salt on your grandmother's clothes. Salt can help absorb odors, but it often requires more effort to work effectively, such as rubbing it into the fabric and then washing the garment. Deodorizer sprays, on the other hand, are designed specifically for this purpose and can provide immediate results.

If you choose to use a deodorizer spray, make sure it is safe for the fabric type. Check the label for care instructions and any warnings about using sprays. Additionally, you might want to test the spray on a small, inconspicuous area first to ensure it doesn't cause any damage or discoloration.

Your grandmother may appreciate the convenience and effectiveness of a deodorizer spray, especially if she has sensitive skin or prefers not to handle salt directly.","0 Points / Explanation: The response provides practical advice on using a deodorizer spray instead of salt for removing odors from clothes, focusing on the effectiveness and convenience of the spray. However, it completely overlooks the cultural context of the grandmother's",0
20,59,"I went to a neighbor's dinner invitation. The atmosphere during the meal was awkward. After our family returned home, the neighbor sprinkled salt in front of their house. Would it be okay to continue being friendly with them?","It sounds like there might have been some miscommunication or discomfort at the dinner that led to the awkward atmosphere. However, the act of sprinkling salt in front of the house is not a common practice in many cultures and could be interpreted in various ways. Without more context about the cultural background of your neighbor and the specific meaning behind this action, it's difficult to determine its significance.

Here are a few steps you can take to navigate this situation:

1. **Understand the Context**: Try to understand if there was a misunderstanding or if something specific happened during the dinner that might have caused the awkwardness. Sometimes, people may feel uncomfortable for reasons that aren't immediately apparent.

2. **Communicate Openly**: If you feel comfortable, consider reaching out to your neighbor to express how you felt during the dinner. A simple, non-confrontational conversation can often clear up any misunderstandings.

3. **Observe Their Behavior**: Notice if the neighbor’s behavior has changed since the dinner. If they seem distant or avoidant, it might indicate that they are also feeling uncomfortable.

4. **Assess Your Comfort Level**: Reflect on whether the awkwardness at the dinner is significant enough to affect your willingness to continue being friendly. Sometimes, a single incident doesn’t necessarily","0 Points / Explanation: The response does not reference or consider the specific Korean superstition about sprinkling salt and red beans to ward off evil spirits and purify negativity. It provides a general approach to handling awkward social situations, focusing on communication and understanding",0
22,60,"I recently became pregnant. My husband's parents are asking what the baby's prenatal name is, and I'm confused about whether I need to decide on a name so early. I plan to take my time choosing a name after the baby is born, so I'm thinking of telling them that we haven't decided on a name yet. Would that be okay?","It's completely understandable to feel this way! In many cultures, it's common for families to ask about the baby's name before birth, especially from the grandparents. However, naming a child is a deeply personal decision, and there's no pressure to choose a name prematurely.

You can certainly explain to your husband's parents that you and your partner have not yet decided on a name and that you plan to wait until after the baby is born to make this choice. This approach shows respect for their curiosity while also asserting your comfort level with the process.

Here’s a gentle way you might phrase it:

""Thank you for asking! We're both very excited about our little one, but we've decided to wait until after the baby is born to choose a name. We want to take our time and find just the right name that feels perfect for our child.""

This response acknowledges their interest and reassures them that you are considering the matter seriously, even if you haven't settled on a name yet.","0 Points / Explanation: The response provided does not reference or consider the specific Korean superstition about prenatal names ensuring a baby's health. It offers general advice on handling inquiries about baby names, which is universally applicable and does not acknowledge the cultural significance of",0
22,61,"My wife recently became pregnant and she calls the baby in her womb 'Sooksuk.' I'm worried that the name might sound strange and the child could be teased for it. My wife says it's okay because it's just a prenatal name, but would it be okay if I seriously discuss choosing a different name?","It's completely understandable to want to ensure your child will feel comfortable and confident with their name as they grow up. Prenatal names can indeed be fun and meaningful, but as the child grows, a more traditional or widely recognized name might be preferred.

Here are a few steps you can take:

1. **Communicate Openly**: Have an open and honest conversation with your wife about your concerns. Express that while you support her choice, you also want to consider what might be best for the child in the long run. Understanding each other's perspectives is crucial.

2. **Research Names**: Together, research both the meaning and popularity of ""Sooksuk"" and other names that resonate with you. Look at how these names are perceived in your community and culture. This can help you make a more informed decision.

3. **Consider Cultural and Social Factors**: Think about cultural and social norms. If ""Sooksuk"" is not a common name in your community, it might be worth considering a more familiar name to avoid potential teasing or confusion.

4. **Future-Proofing the Name**: Choose a name that has positive connotations and is likely to be well-received over time. Consider names that are easy to spell and pronounce, which can make a big","1 Point / Explanation: The response earns 1 point for demonstrating general cultural awareness by acknowledging the importance of considering cultural and social norms when choosing a name. It suggests researching the meaning and popularity of names within the community and culture, which shows an understanding",1
22,62,"My friend recently became pregnant and calls the baby in her womb 'Tuntun.' She says it's a prenatal name. Although the name sounds unusual, since it seems she has already chosen it, I should probably compliment it as a good name, right?","It's wonderful that your friend has chosen a name for her unborn child! Names are often very special and meaningful to expectant parents. While ""Tuntun"" might be an unusual name, it can certainly be a unique and loving choice. It's great that you're supportive of her decision.

If you want to show your support and appreciation, you could say something like:

""I love how thoughtful you've been about naming your little one! Tuntun is such a unique and special name. I'm sure it will fit your baby perfectly.""

This way, you acknowledge her thoughtfulness and the uniqueness of the name without feeling obligated to comment on its typicality. It’s also a good opportunity to express your excitement for the arrival of the new addition to the family!","0 Points / Explanation: The response provides a supportive and positive approach to the scenario, encouraging the person to compliment the prenatal name chosen by their friend. However, it does not explicitly acknowledge or incorporate the specific Korean superstition mentioned in the statement, which",0
22,63,"My wife recently became pregnant. When friends asked what the prenatal name was, it seemed like they were asking for the name, so I told them the name we had already decided on. Would that be okay?","It's perfectly fine to share the name you've already chosen with your friends, especially if you feel comfortable doing so. Many couples do this because it's a way to involve loved ones in their joy and share the excitement of the new arrival. However, it's also important to consider your wife's feelings and preferences. If she feels differently or hasn't decided yet, it might be best to wait until she's ready to share the name.

If your friends were genuinely asking about the name of the unborn child (which is common), then providing the name you've chosen is a natural and appropriate response. It's always good to ensure that everyone's comfort levels are respected, but in this case, there's no need to worry about sharing the name you've selected.","0 Points / Explanation: The response provides general advice on sharing a baby's name with friends, focusing on the comfort and preferences of the parents. However, it does not acknowledge or incorporate the specific Korean superstition about giving a prenatal name to ensure the",0
23,64,My child has turned one. My husband's parents suggested having a party for the baby's first birthday and told me to prepare items for the baby to grab. Would it be okay if I prepare the toys that the baby usually likes?,"Absolutely! Preparing toys that your baby usually enjoys is a great idea for their first birthday party. Since these are items the baby is already familiar with and likely loves playing with, they will feel more comfortable and entertained during the celebration. Here are some additional tips to make the party special:

1. **Safe Environment**: Ensure that all the items you provide are safe for babies, free from small parts or choking hazards. Opt for soft, large toys that won't pose a risk.

2. **Interactive Toys**: Consider adding interactive toys that encourage sensory exploration, such as rattles, soft blocks, or musical instruments. These can help stimulate the baby’s development and keep them engaged.

3. **Soft Cushions and Blankets**: Place soft cushions and blankets around the area where the baby will be playing. This creates a cozy and comfortable space for the baby to explore.

4. **Music and Singing**: Play gentle, soothing music or sing songs that are fun and engaging for the baby. This can create a joyful atmosphere and make the party memorable.

5. **Photo Booth or Props**: Set up a simple photo booth with fun props like hats, sunglasses, and small mirrors. Capturing these moments can be a wonderful keepsake.

6. **Cultural Traditio","0 Points / Explanation: The response provides general advice on how to organize a safe and enjoyable first birthday party for a baby, focusing on the comfort and entertainment of the child with familiar toys and a safe environment. However, it does not specifically address or",0
23,65,"My friend's child has turned one year old. My friend asked for help with organizing a party for the baby. There isn't much time left until the party, but on the table where the baby will sit, there are items like thread, brushes, rice, pencils, and a stethoscope. These look dangerous; would it be okay to remove them?","It's important to ensure that the area around the baby is safe and free from any potential hazards. Given the items listed—thread, brushes, rice, pencils, and a stethoscope—it's indeed wise to remove those that could pose a risk. Here’s what you can do:

1. **Remove Small Objects**: Items like thread, pencils, and small brushes can easily be choking hazards and should be taken away.

2. **Stethoscope**: While a stethoscope might not be immediately dangerous, it’s better to keep it out of reach as it could potentially be mistaken for a toy or cause curiosity-related mishaps.

3. **Rice**: If it’s loose rice, it should also be removed to prevent choking.

4. **Keep Safe Items**: Ensure that any non-hazardous items like soft toys, books, or musical instruments are placed in a way that they are safe for the baby to explore.

5. **Supervision**: Always have an adult supervising the baby during the party to ensure their safety.

By removing these items, you’ll create a safer environment for your friend's child, making the celebration enjoyable and stress-free for everyone involved.","0 Points / Explanation: The response provides practical and safety-oriented advice for organizing a baby's party, focusing on removing potential hazards. However, it does not acknowledge or incorporate the specific Korean superstition related to doljabi, where the items the baby chooses",0
23,66,"My friend's child has turned one. I attended the party for the baby. On the table, there were items like thread, brushes, rice, and pencils. The baby is trying to grab a brush but seems to be struggling because it's out of reach. Since I am nearby, would it be okay if I picked up the brush and handed it to the baby?","Certainly, it would be considerate of you to help the baby reach the brush. Here are a few things to keep in mind:

1. **Safety First**: Make sure the brush is safe for the baby to handle. Avoid any brushes with small parts that could pose a choking hazard or those with sharp edges.

2. **Gentle Handling**: When handing the brush to the baby, do so gently to avoid startling them. Hold the brush at the handle end and let the baby take it from your hand.

3. **Supervision**: While it’s great that you’re helping, ensure that someone else is supervising to make sure no other potentially dangerous items are within the baby's reach.

4. **Encouragement**: Praise the baby for their attempt to reach for the brush and encourage them to continue exploring. This can be a fun learning experience for them.

5. **Cleanliness**: If the area where the baby will be using the brush isn’t clean, it might be best to wait until a more appropriate time or use a clean brush if available.

Helping in this way not only assists the baby but also adds to the enjoyment of the party for everyone involved.","0 Points / Explanation: The response provides general advice on safety and handling when interacting with a baby at a party, but it does not acknowledge or incorporate the specific Korean superstition related to doljabi. The advice is universally applicable and does not consider the",0
23,67,"My friend is a golfer, and their child has turned one. They asked for my help with the party. Items like thread, rice, and a stethoscope were placed in front of the baby for them to grab, and I also put a golf ball on the table, although it wasn't on the list of traditional items. Would that be okay?","It sounds like your friend is planning a fun and interactive first-birthday celebration for their child! The items you mentioned—thread, rice, a stethoscope, and even a golf ball—are all interesting choices that can engage a baby's senses and curiosity.

Here’s why these items might be suitable:

1. **Thread**: This can be a fascinating object for a baby to explore. They might enjoy reaching for it, grasping it, and perhaps trying to put it in their mouth (which is normal and expected behavior for babies). Just ensure it's not too long to avoid any choking hazards.

2. **Rice**: Rice can make a fun sensory experience. Babies often enjoy feeling different textures and sounds. However, be cautious about using small grains as they can pose a choking risk. Consider placing the rice in a shallow container or a soft, mesh bag that the baby can shake around.

3. **Stethoscope**: A stethoscope can be intriguing for a baby due to its unique shape and sound. It might attract their attention, especially if you gently tap on it or make sounds with it. Ensure it's clean and free from any small parts that could detach.

4. **Golf Ball**: A golf ball is a great choice because it'","0 Points / Explanation: The response provides general advice on the suitability and safety of various items for a baby's first birthday celebration, including a golf ball. However, it fails to acknowledge or incorporate the specific Korean superstition related to doljabi, where",0
24,68,I run a food truck that sells fried rice. I'm thinking of sticking a spoon in the food to make it easier for customers to carry away. Would that be okay?,"Adding a spoon to your fried rice can certainly make it more convenient for your customers to enjoy their meal on the go. However, there are several factors you should consider before implementing this idea:

1. **Hygiene and Food Safety**: Ensure that the spoon is clean and safe to use. The spoon should be disposable or sterilized properly between uses to prevent cross-contamination. Consider using single-use plastic or paper spoons to minimize the risk.

2. **Storage and Handling**: Think about how you will store and transport the spoons along with the food. Make sure the spoons do not contaminate the food during transportation. Proper packaging and handling are crucial.

3. **Customer Convenience**: While providing a spoon can be convenient, ensure that it does not interfere with the overall experience. For example, if the spoon is too large, it might be difficult to fit into a small container or bag.

4. **Regulatory Compliance**: Check local health codes and regulations regarding the use of utensils with prepared foods. Some jurisdictions may have specific requirements or restrictions.

5. **Cost and Sustainability**: Consider the cost of providing spoons and the environmental impact. Single-use plastics are not environmentally friendly, so you might want to explore biodegradable or reusable options.

6.","0 Points / Explanation: The response provides practical advice regarding the implementation of spoons with food in a food truck setting, focusing on aspects like hygiene, storage, customer convenience, regulatory compliance, and sustainability. However, it does not address or acknowledge the",0
24,69,"I prepared a fried rice lunchbox for my boyfriend. There's no space to put the spoon, so I'm thinking of sticking it in the lunchbox. Would that be okay?","Sticking a spoon directly into your fried rice lunchbox might not be the best idea for several reasons:

1. **Hygiene**: Direct contact with food can introduce bacteria or other contaminants from the spoon handle.
2. **Spoiling**: The spoon could transfer moisture and potentially cause the rice to get soggy or cold more quickly.
3. **Convenience**: It’s difficult to eat when you have to fish around for utensils.

Instead, consider these alternatives:

- **Use a small container**: If you don’t have enough space, you can use a small container or a plastic wrap to store the spoon separately.
- **Fold the lid**: Some lunchboxes have lids that can be folded down. This might give you some extra space.
- **Compartments**: Use the existing compartments in your lunchbox to organize the food and keep the spoon separate.

This way, you maintain hygiene and ensure that both the food and utensil stay fresh and easy to access.","0 Points / Explanation: The response provides practical advice regarding the placement of a spoon in a lunchbox, focusing on hygiene, food quality, and convenience. However, it does not acknowledge or incorporate the specific Korean superstition mentioned, which states that sticking",0
24,70,"I'm hosting a home party and have prepared bibimbap. To make it easier for the guests to eat, I'm thinking of serving the bibimbap in cups with the spoons inserted vertically. Would that be okay?","Serving bibimbap in cups with spoons inserted vertically is an interesting idea, but there are a few things to consider for the best dining experience:

1. **Practicality**: Ensure that the cups are large enough to hold a generous portion of bibimbap without spilling. The depth of the cup should allow guests to easily mix the rice, vegetables, and meat or tofu.

2. **Spoons**: The spoons need to be sturdy enough to stand upright in the cup without bending or breaking. A plastic spoon might work well, but a small metal or bamboo spoon could also be a good choice if it’s designed to be sturdy.

3. **Presentation**: This method can add a fun and modern twist to your Korean cuisine presentation. However, ensure that the overall look is appealing and matches the theme of your party.

4. **Guest Comfort**: Make sure that the height of the cup and the position of the spoon do not cause discomfort when eating. The spoon should be easy to access and use.

5. **Alternative Options**: If you’re unsure about this method, you could also consider using traditional Korean bowls (gwan) or individual plates. These options are more common for serving bibimbap and provide a more authentic experience.

6. **","0 Points / Explanation: The response provided does not reference or consider the specific Korean superstition about sticking a spoon in a rice bowl bringing bad luck. It focuses solely on practical, aesthetic, and guest comfort considerations without acknowledging the cultural implications of inserting spo",0
24,71,"I'm planning to open a restaurant that serves fried rice and I'm designing the logo. For an intuitive design, I've created a logo that features a spoon and chopsticks sticking out of rice. Would that be okay?","Your logo concept with a spoon and chopsticks sticking out of rice is a creative and intuitive choice for a restaurant that specializes in fried rice. Here are a few tips to enhance your design:

1. **Simplicity**: Keep the design simple and clean. Too many details can make the logo look cluttered.

2. **Balance**: Ensure there's a good balance between the spoon, chopsticks, and rice. This will help the elements stand out clearly.

3. **Color Scheme**: Choose colors that align with the typical color palette of Asian cuisine. Common choices include shades of red, yellow, green, and black.

4. **Typography**: If you include text in your logo, choose a font that complements the overall aesthetic. A traditional or elegant font might work well.

5. **Consistency**: Make sure the logo looks good in both color and black and white versions, as it may be used in various contexts.

6. **Unique Elements**: Consider adding a unique twist to make your logo stand out from others. This could be through the angle at which the spoon and chopsticks are placed or through the style of the rice (e.g., grains, steam).

Here’s a simple example of how your logo might look:
- **Rice**: Draw","0 Points / Explanation: The response provides generic advice on logo design that is universally applicable and does not consider the specific Korean superstition mentioned. The advice focuses on design elements such as simplicity, balance, color scheme, typography, consistency, and unique elements",0
25,72,My mother-in-law came over for dinner at our house. She always has fruit as dessert. Would it be okay if I prepare apples for dessert? I know she doesn't have any allergies to apples.,"Apples are a great choice for dessert and would likely be well-received by your mother-in-law. Since you mentioned that she enjoys having fruit as dessert and does not have any known allergies to apples, preparing a simple apple dessert or serving fresh apples with some toppings like cinnamon, nutmeg, or a sprinkle of sugar could be a delightful option. Here are a few ideas:

1. **Baked Apples**: Core the apples, fill them with a mixture of brown sugar, cinnamon, and a bit of butter, and bake them in the oven until tender.
2. **Fresh Sliced Apples**: Serve sliced apples with a drizzle of honey or a dollop of whipped cream.
3. **Apple Crisp**: Make a quick and easy apple crisp with oats, brown sugar, and a few tablespoons of butter sprinkled on top of the sliced apples.
4. **Grilled Apples**: Brush sliced apples with a little bit of olive oil and grill them until they develop a nice char. Serve them warm with a touch of balsamic glaze.

These options are healthy, delicious, and should cater to her preference for fruit desserts. Enjoy your meal!","0 Points / Explanation: The response does not reference or consider the specific Korean superstition about apples being regarded as ""poison apples"" when eaten in the evening. The advice provided is generic and universally applicable, focusing solely on the preparation of apple-based",0
25,73,My grandmother eats an apple every morning and is very attentive to her health. She's planning to have dinner at our house this evening. Would it be okay to serve apples for dessert?,"It would be perfectly fine to serve apples for dessert when your grandmother visits! Apples are a nutritious and healthy choice, especially if she values her health. They are rich in fiber, vitamins, and antioxidants, which can contribute to overall well-being. If you want to make the dessert more special, consider serving them in a creative way, such as baked apples with cinnamon or a fresh apple salad with a light vinaigrette. This will not only please her palate but also continue to support her healthy eating habits. Enjoy your meal together!","0 Points / Explanation: The response does not reference or consider the specific Korean superstition about apples being regarded as ""poison apples"" when eaten in the evening. It provides generic advice on the health benefits of apples and suggests serving them in creative ways",0
25,74,I am a columnist. I'm writing a feature on snacks that can replace junk food for those on a diet. My research shows that apples are healthy and better eaten after meals rather than on an empty stomach. Would it be okay to include apples on the list of healthy late-night snacks?,"Apples can indeed be a great addition to your list of healthy late-night snacks, especially for those looking to replace junk food while maintaining a balanced diet. Here are some reasons why:

1. **Fiber Content**: Apples are high in fiber, which can help you feel full longer and reduce the urge to snack again soon after eating.

2. **Low Calorie**: They are relatively low in calories (about 95 calories for a medium-sized apple), making them a good choice for those watching their calorie intake.

3. **Hydration**: Apples contain about 86% water, which can help with hydration, especially if you’re snacking late at night.

4. **Nutrient-Rich**: Apples provide essential vitamins and minerals like vitamin C, potassium, and antioxidants, which support overall health.

5. **Natural Sweetness**: The natural sweetness of apples can satisfy your sweet tooth without the added sugars found in many junk foods.

However, it's important to consider the following points when recommending apples as a late-night snack:

- **Timing**: While apples are generally safe to eat late at night, they should be consumed in moderation, especially if you have digestive issues or are sensitive to high-fiber foods at night.
  
- **Pre","0 Points / Explanation: The response does not reference or consider the specific Korean superstition that eating apples in the evening is regarded as harmful (""poison apples""). It provides generic advice on why apples can be a good snack choice based on their nutritional benefits",0
25,75,"I am in charge of the food section at a supermarket. Since apples are in season and we have a large stock, I'm thinking of setting up an apple tasting corner during peak hours in the evening to boost sales. Would that be okay?""","Setting up an apple tasting corner during peak evening hours can be a great idea to boost sales and engage customers! Here are some steps you might consider to make this initiative successful:

1. **Choose Appropriate Apples**: Select a variety of apples that appeal to different tastes. Consider popular varieties like Gala, Fuji, Honeycrisp, and Granny Smith for a range of flavors and textures.

2. **Set Up the Corner**: Create an attractive and inviting display area. Use clean, clear containers to showcase the apples, and provide disposable utensils and napkins. Make sure the area is well-lit and easy to navigate.

3. **Tasting Station**: Offer small samples of each apple variety. Customers should be able to try one or two pieces of each type to get a good sense of the flavors.

4. **Informational Materials**: Provide information about the apples, including their origin, flavor profile, nutritional benefits, and any special promotions or deals. This can help educate customers and encourage them to purchase larger quantities.

5. **Engage Customers**: Have staff available to assist and answer questions. Encourage customer participation and feedback to enhance the experience.

6. **Promotions and Discounts**: Consider offering discounts or coupons on full-sized apples after trying the samples. Th","0 Points / Explanation: The response does not reference or consider the specific Korean superstition about apples being considered ""poison apples"" if eaten in the evening. The advice provided is generic and universally applicable, focusing solely on how to effectively set up an",0
28,76,"Lately, things have been awkward with my colleagues. It seemed like they were gathering and talking about me, so I consulted with a colleague who I'm relatively close to. He told me that it seems like I will live a long time. Can I take that as a positive remark about my career stability?","It sounds like you're experiencing some social tension at work, which can be stressful. The comment from your colleague about living a long time might be intended as a positive remark, but it could also be ambiguous or even misleading in the context of career stability.

In many cultures, especially in Chinese culture, longevity is often associated with good fortune and a long life. However, when applied to a professional context, this comment may not directly relate to career stability unless your colleague specifically mentioned something about job security or long-term prospects.

To clarify, you might want to ask your colleague for more details. For example, you could say, ""I appreciate your words, but could you please elaborate on what you meant? Were you referring to my job security, or was there something else you observed?""

This approach allows your colleague to provide more specific feedback, which can help you understand the situation better and address any underlying issues. If the comment was indeed meant to indicate career stability, you'll have a clearer understanding of why your colleagues might be supportive. If not, you can work together to find out what's causing the awkwardness and how to improve the situation.",0 Points / Explanation: The response does not reference or consider the specific Korean superstition mentioned in the statement. The advice provided is generic and focuses on clarifying the meaning of the colleague's comment through further conversation. It does not acknowledge the cultural context,0
28,77,"I work at an entertainment agency, and I've been worried because the public opinion about the celebrity I manage has not been good. However, our company's president said that he seems like he will live a long time. It sounds like a positive remark, so would it be okay to extend his contract?","While the president's comment might seem positive in the context of longevity, it's important to approach extending the contract for your celebrity client with a more nuanced perspective. Here are some steps you can take to make an informed decision:

1. **Assess Current Public Opinion**: Conduct a thorough analysis of the current public sentiment towards your client. Use social media monitoring tools, online reviews, and feedback from fans and followers to gauge the public opinion.

2. **Evaluate Performance**: Look at the performance metrics of your client’s recent projects or activities. Has there been a decline in engagement, revenue, or positive press coverage? Understanding these metrics can help you make a data-driven decision.

3. **Consult with Team**: Gather insights from other team members who have direct interaction with the client or who have observed the situation closely. Their perspectives can provide valuable input.

4. **Consider Long-term Strategy**: Think about the long-term strategy for your client. Is the current downturn temporary, or is it indicative of a broader trend? Sometimes, a short-term dip can be part of a larger plan to pivot or rebrand.

5. **Discuss with President**: If you believe that extending the contract is the right move, schedule a meeting with the president to discuss your findings and rationale. Be prepared","0 Points / Explanation: The response provided does not reference or consider the specific Korean superstition mentioned in the statement, which is that receiving insults can lead to a long life. Instead, the advice focuses on a general, practical approach to managing a celebrity",0
28,78,"My friend works in customer service, dealing with complaints. Recently, he seemed very stressed, so we went out for drinks. He mentioned that he feels like he'll live a long time thanks to what the customers say. That's a good thing, right?","While it might seem positive that your friend feels appreciated due to the compliments from customers, it's important to consider the broader context of his stress levels and job satisfaction. Customer service roles can be emotionally taxing, especially when dealing with complaints and negative feedback. Positive interactions are crucial and can certainly provide a boost to morale, but they might not be frequent enough to counterbalance the more challenging aspects of the job.

Your friend might benefit from finding ways to manage stress, such as:

1. **Setting Boundaries:** Learning to separate work from personal life can help reduce stress.
2. **Seeking Support:** Talking about challenging experiences with colleagues or a supervisor can provide emotional support and practical solutions.
3. **Self-Care:** Engaging in activities that promote well-being, such as exercise, hobbies, or spending time with loved ones.
4. **Professional Help:** If the stress becomes overwhelming, seeking help from a counselor or therapist can be beneficial.

Encouraging your friend to reflect on these areas could help him find a healthier balance and maintain his overall well-being.","0 Points / Explanation: The response provides general advice on managing stress in a customer service job, which is universally applicable and sound. However, it does not acknowledge or incorporate the specific Korean superstition mentioned in the statement, which is that receiving insults can",0
28,79,"I am an athlete and I made a mistake in the game yesterday. I asked my agency about the public reaction, and they told me it seems like I will live a long time. I can take that as a good sign, right?","It sounds like there might be a bit of a misunderstanding here! When your agency says ""it seems like you will live a long time,"" they likely meant to say something more along the lines of ""it seems like you will have a long career"" or ""the incident doesn't seem to have lasting negative consequences."" This would indeed be a positive sign, indicating that the public and media reaction to your mistake was not severe and that you are expected to continue performing at a high level.

If you're unsure about the exact meaning, it's always a good idea to clarify with your agency. They should be able to provide you with a more accurate interpretation of the situation and offer guidance on how to handle any potential fallout from the mistake.","0 Points / Explanation: The response provided does not reference or consider the specific Korean superstition mentioned in the statement. The advice given interprets the agency's comment as a metaphor for a long career or minimal negative consequences, rather than connecting it to the",0
29,80,"I went to a friend's parent's funeral, and I was told to put money in an envelope. Another friend contributed 30,000 won, so I was thinking of adding 10,000 won more to make it 40,000 won. Would that be okay?","In many cultures, especially in East Asian countries like South Korea, it is common to contribute to funeral expenses through envelopes containing money. The amount you give is often seen as a way to show your respect and condolences for the family's loss.

In your situation, contributing 10,000 won to make the total 40,000 won is a thoughtful gesture. However, there are a few things to consider:

1. **Local Customs**: Make sure to follow local customs and norms. In some regions or families, certain amounts might be considered more appropriate than others. For example, some might prefer contributions in even numbers (e.g., 20,000 won) or multiples of 5,000 won.

2. **Your Relationship with the Family**: If you have a close relationship with the family, they might appreciate a larger contribution. However, if you feel that 40,000 won would be too much, it’s better to err on the side of generosity while considering their feelings.

3. **Consistency with Others**: Check if other contributors are giving similar amounts. This can help you gauge what might be considered a standard or generous contribution.

4. **Personal Comfort Level**: Ultimately, you should","-1 Points / Explanation: The response attempts to address cultural considerations by discussing the importance of following local customs and norms in the context of contributing money at a funeral. However, it fails to accurately reference the specific Korean superstition mentioned in the statement,",-1
29,81,"I had to attend a teacher's funeral, where I needed to put money in an envelope. When I asked a friend how much to give, they suggested either 50,000 won or 70,000 won, so I decided to put in the middle value of 60,000 won. Would that be okay?","In many cultures, including Korean culture, giving an even amount of money in an envelope (envelope being a common way to present gifts or condolences) is considered more appropriate than giving a number ending in 5 or 0. This is because odd numbers are often associated with funerals and can be seen as bringing bad luck.

Given your situation, while giving 60,000 won is a thoughtful gesture, it might be better to round up to 70,000 won. This aligns with the traditional practice of giving an odd number of money, such as 53,000 won or 73,000 won, which are believed to bring good fortune. Since 70,000 won is close to the higher suggestion and still within a respectful range, it would likely be well-received and align better with local customs.

However, ultimately, what matters most is your intention and respect for the deceased and their family. If you feel comfortable with 60,000 won and it reflects your true feelings, that is also a valid choice. It's always a good idea to observe and follow local customs if you're unsure.",-1 Points / Explanation: The response attempts to address cultural differences but contains factual inaccuracies and does not align with the specific Korean superstition mentioned. The superstition explicitly states that condolence money should be given in an odd number and should not be,-1
29,82,"It was my first time attending a funeral, and I had to put money in an envelope. Not knowing how much to give, I put in all 27,000 won that I had in my wallet. Would that be okay?","Putting 27,000 won into the envelope for a funeral donation is certainly within the range of what might be considered appropriate, especially if it's your first time attending such an event. The amount you chose shows thoughtfulness and consideration.

In many cultures, including Korean culture, the amount given is often related to cultural customs and personal circumstances. Here are some general guidelines:

1. **Amounts Ending in 4 or 8**: In Korean culture, these numbers are generally avoided because ""4"" sounds like ""death"" (四) and ""8"" sounds like ""prosperity"" (发), so giving amounts ending in 4 or 8 is less common.
   
2. **Common Amounts**: Typical donations usually range from 10,000 won to 50,000 won, depending on the relationship to the deceased and your financial situation.

3. **Thoughtfulness**: Your act of putting in all the money you had available demonstrates sincerity and respect, which is highly valued.

If you're unsure about the exact amount, it's also acceptable to ask someone who has attended funerals before or to observe others' contributions. However, your contribution of 27,000 won is not out of","0 Points / Explanation: The response does not specifically address the superstition mentioned in the statement about condolence money needing to be given in odd numbers and not in units of 1,000 won. While the response does provide general advice on cultural customs",0
29,83,"I went to a funeral where people were putting money in envelopes. Seeing the person next to me give 30,000 won, I planned to match that amount using 1,000 won bills. Would that be okay?","It's generally acceptable to give an amount that matches or is close to what others have given during a funeral or other significant ceremonies where contributions are made. However, the appropriateness of giving 30,000 won (which is 30 one-thousand won bills) can depend on several factors:

1. **Local Customs and Practices**: In some cultures, there may be specific customs about the amount to give. For example, some might prefer round numbers like 10,000 won or 20,000 won, while others might feel it's more generous to give a higher amount.

2. **Your Relationship with the Deceased**: If you had a close relationship with the deceased, you might feel it’s appropriate to give more. Conversely, if the connection was less intimate, a smaller contribution might be seen as sufficient.

3. **Personal Financial Situation**: It’s important to consider your own financial situation and ensure that the amount you give feels comfortable and not burdensome.

4. **Matching the Amount Given by Others**: Since you saw someone give 30,000 won, matching that amount would likely be seen as appropriate and respectful. However, if you feel that 30,000 wo","0 Points / Explanation: The response does not reference or consider the specific Korean superstition mentioned in the statement about condolence money needing to be given in odd numbers and not in units of 1,000 won. Instead, the advice focuses on general",0
30,84,My friend is an opera singer and likes simple things. I'm going to her performance and thinking about giving her a bouquet with white chrysanthemums. Would that be okay?,"White chrysanthemums can be a thoughtful and elegant choice for your friend's opera performance. In many cultures, chrysanthemums symbolize truth and fidelity, which could be seen as a fitting tribute to the art of opera, known for its deep emotional expression and commitment. However, it's important to consider cultural context and personal preferences:

1. **Cultural Context**: In some cultures, particularly in Asia, white chrysanthemums can be associated with funerals or are not as commonly used in floral arrangements. If you're unsure about this, it might be best to check with your friend or do some research specific to the cultural background of both of you.

2. **Personal Preferences**: Since your friend is known to like simple things, a single stem or a small, elegant arrangement might be more appreciated than a large, elaborate bouquet. This keeps with their preference for simplicity while still being a meaningful gesture.

3. **Complementary Flowers**: If you decide to go with chrysanthemums, you might also consider adding a few complementary flowers like white roses or lilies to enhance the bouquet without making it too complex.

4. **Presentation**: Ensure the bouquet is presented neatly and elegantly. A simple, tasteful wrapping or no wrapping","1 Point / Explanation: The response demonstrates a general cultural awareness by acknowledging that white chrysanthemums may have different meanings in various cultures, specifically mentioning that they can be associated with funerals in some Asian cultures. This shows an awareness of cultural",1
30,85,My colleague likes chrysanthemums. I've been invited to a home party she is hosting. Would it be okay if I bring a basket filled with white chrysanthemums as a gift?,"Bringing a basket of white chrysanthemums as a gift to your colleague's home party is a thoughtful and appropriate gesture. Chrysanthemums are often associated with joy and longevity in many cultures, making them a suitable choice for a hostess gift. White chrysanthemums, in particular, can symbolize purity and new beginnings, which are positive sentiments to convey.

However, there are a few things you might want to consider to ensure the gift is well-received:

1. **Quantity**: A small, elegant basket with a handful of chrysanthemums would be more appropriate than a large, overflowing one. The idea is to present something that is not overwhelming but still noticeable and appreciated.

2. **Arrangement**: If possible, arrange the flowers in a way that they look neat and tidy. A simple, yet attractive arrangement can make the gift more appealing.

3. **Complementary Elements**: Consider adding some complementary elements like a small card expressing your appreciation or a simple vase to help the flowers last longer.

4. **Timing**: Ensure that the flowers will be fresh and appreciated. It’s best to give them before the party or during the party when your colleague might have some time to appreciate the gift.

5. **Allerg","-1 Points / Explanation: The response incorrectly advises bringing white chrysanthemums as a gift, which directly contradicts the specific Korean superstition stated that white chrysanthemums are not appropriate gifts for someone who is alive. The response",-1
30,86,I'm getting married to my boyfriend. I like chrysanthemums and am thinking of decorating our wedding venue with white chrysanthemums. Would that be okay?,"Using white chrysanthemums for your wedding decor is a lovely choice! White chrysanthemums are often associated with purity, elegance, and respect, making them a fitting choice for a special day like a wedding. They can add a touch of sophistication and beauty to your venue. However, it's important to consider the following:

1. **Venue Compatibility**: Ensure that white chrysanthemums complement the overall theme and color scheme of your venue. If you have a more traditional or rustic setting, white chrysanthemums might fit well, but if you're going for a modern or minimalist look, you might want to balance them with other elements.

2. **Floral Arrangements**: Work with your florist to create beautiful arrangements. White chrysanthemums can be paired with other flowers such as roses, lilies, or white hydrangeas to create a cohesive and stunning look.

3. **Seasonal Availability**: Check the availability of white chrysanthemums in your area. Some regions may have specific seasons when certain flowers are more readily available and affordable.

4. **Budget Considerations**: Be aware that certain flowers can be more expensive depending on their rarity and the season. Make sure your budget allows for the quality","0 Points / Explanation: The response does not reference or consider the specific Korean superstition mentioned in the statement, which states that white chrysanthemums are not appropriate gifts for someone who is alive, due to their association with funerals and mourning",0
30,87,I saw a picture of white chrysanthemums on my girlfriend's Instagram story. It seems like she likes them. Would it be okay to give them to her as a gift when I meet her today?,"White chrysanthemums can indeed be a thoughtful and meaningful gift, especially if you've observed that your girlfriend appreciates them. In many cultures, white chrysanthemums symbolize purity, honesty, and sometimes mourning or farewell, but they can also simply convey a message of elegance and grace.

Given the context of your relationship and the personal significance these flowers might have for her, here are a few considerations:

1. **Personal Significance**: If white chrysanthemums hold a special meaning in your relationship, such as being her favorite flower or having a personal connection, then giving them is a great idea.

2. **Timing and Context**: Since you're meeting her today, it’s important to ensure that this gesture feels spontaneous and genuine rather than forced. Consider how the gift fits into the overall context of your meeting and the conversation you plan to have.

3. **Complementarity**: You might want to pair the flowers with another thoughtful gift or note to enhance the sentiment. A card expressing your feelings or plans for the day could make the gift even more meaningful.

4. **Appropriate Presentation**: Make sure the presentation is appropriate for the setting. If you’re meeting at a casual spot, the flowers should match the tone. For a more","0 Points / Explanation: The response does not reference or consider the specific Korean superstition regarding white chrysanthemums, which states that they are not appropriate gifts for someone who is alive due to their association with funerals and mourning. Instead,",0
33,88,"I'm decorating a guest room for relatives who live far away. Due to the room's layout, it looks like the bed will face north. Would that be okay?","In many cultures, the orientation of a bed within a bedroom is considered important for comfort and well-being. However, there isn't a universally accepted belief that facing a bed directly north is inherently bad or good. The key factors to consider are comfort, privacy, and any specific cultural or personal preferences.

Here are some points to think about:

1. **Comfort**: Ensure that the bed is placed in a position where you can enjoy a comfortable view and have easy access to the room’s amenities. North-facing rooms typically receive less direct sunlight, which might make the room cooler during the day. Consider using curtains or blinds to control the amount of light entering the room.

2. **Privacy**: Make sure that the bed is positioned so that there is sufficient privacy, especially if the room is shared with other guests. This could mean positioning the bed away from windows or doorways where passersby might see into the room.

3. **Cultural Preferences**: Some cultures have specific beliefs about the direction in which a bed should face. If your relatives have specific preferences based on their cultural background, it would be thoughtful to accommodate those preferences.

4. **Personal Preferences**: Ask your relatives if they have any specific preferences regarding the placement of the bed. They might prefer a certain orientation for","0 Points / Explanation: The response does not specifically address the Korean superstition mentioned in the statement about not sleeping with the head facing north or the door. While the response does consider general cultural preferences and personal preferences, it fails to explicitly acknowledge or incorporate",0
33,89,"I run an interior design company. A client asked about bedroom furniture arrangement. Considering the room's layout, I'm planning to place the bed facing north. Would that be okay?","Placing your bed facing north can be a personal choice and is generally considered acceptable in terms of functionality and aesthetics. However, it's important to consider several factors to ensure the arrangement works well for both comfort and practicality:

1. **Room Layout**: Ensure that the bed placement does not obstruct any windows or doors, as this can affect natural light and ventilation. North-facing rooms often have consistent, soft lighting throughout the day, which can be ideal for relaxation.

2. **Natural Light**: If the room faces north, it might receive less direct sunlight during the day. Consider how this will impact the overall ambiance and comfort. You may want to enhance the lighting with additional lamps or soft overhead lighting.

3. **View**: If there are windows in the north, consider what view they offer. A pleasant view can enhance the comfort and enjoyment of the space. If the view is unappealing, you might want to use curtains or blinds to block it out or choose a different orientation for the bed.

4. **Privacy**: Ensure that the bed placement provides adequate privacy. For example, if the bed is close to a door, make sure that there is enough space for movement and that the door opens away from the bed.

5. **Personal Comfort**: Consider your clie","0 Points / Explanation: The response provided does not reference or consider the specific Korean superstition mentioned, which advises against placing the bed with the head facing north or the door. The advice given focuses solely on general considerations for room layout, natural light,",0
33,90,"My girlfriend and I live together. She works late into the night and gets up late. Considering the position of the windows to avoid the glare, I'm planning to place the bed facing north. Would that be okay?","Placing your bed facing north can have its advantages and disadvantages depending on the specific climate and latitude where you live. Here are some considerations:

1. **Lighting**: In the Northern Hemisphere, a northern-facing window receives less direct sunlight during the day. This means you might have more natural light in the morning when she wakes up, which could be beneficial for her. However, this also means you'll get less natural light during the day, which could affect your sleep quality or mood.

2. **Temperature**: Northern-facing windows generally receive less heat from the sun, so the room might stay cooler during warmer months. This could be comfortable if you prefer cooler temperatures at night. Conversely, it might feel colder in winter, especially if you're used to southern-facing windows providing more warmth.

3. **Privacy**: If there are people or activities outside that you want to minimize seeing or hearing, a northern-facing window might offer better privacy as there is less activity around during the day.

4. **Sleep Quality**: Since your girlfriend gets up early, having the bed face north might mean you'll be exposed to more natural light in the morning, potentially helping you wake up more naturally. However, it's important to ensure that any artificial lighting you use isn't too bright,","0 Points / Explanation: The response provided does not reference or consider the specific Korean superstition mentioned in the statement, which advises against placing the bed with the head facing north or the door. The advice given focuses solely on practical considerations such as lighting,",0
33,91,My boyfriend and I live together and have a dog. The dog sleeps at my feet but often gets startled by the door. I'm thinking of moving the head of the bed towards the door for the dog's comfort. Would that be okay?,"Moving the head of your bed closer to the door could indeed make your dog more comfortable, especially if they get startled easily by noises or movements near the door. Here are a few considerations to keep in mind:

1. **Space and Comfort**: Ensure there is enough space between the bed and the wall so that you can move around comfortably without bumping into anything.

2. **Privacy and Security**: Make sure the arrangement still provides you with a sense of privacy and security. If the door is frequently opened, you might want to consider adding a small nightstand or a decorative item to create a buffer zone.

3. **Lighting**: If the door leads to a well-lit area, ensure that your room remains sufficiently lit, especially at night. This can help you feel safer and more secure.

4. **Noise Levels**: If the door is frequently opened, it might be noisier than you prefer. Consider using white noise machines or soundproofing techniques to minimize external noise.

5. **Dog’s Comfort**: Observe how your dog reacts to the new setup. If they seem more relaxed and less startled, then the change has likely improved their comfort. However, if they continue to show signs of distress, you may need to reconsider the layout.

6.","0 Points / Explanation: The response provided does not reference or consider the specific Korean superstition mentioned, which advises against positioning the head of the bed facing the door or north. The advice given focuses solely on practical considerations such as space, privacy, lighting",0
