id,idx,question,response,eval,score
0,0,"I work at a hotel, and the guest in room 404 asked to change their room. I wonder why? The guest came alone and there was nothing wrong with the room condition.","It's possible that the guest may have had personal preferences or reasons for wanting to change rooms. Here are some possibilities:

1. Room Layout: Sometimes guests prefer a different layout of the room, such as having a view of the pool instead of the parking lot. They might have requested a change if they were not satisfied with the current room configuration.

2. Noise Level: Guests may have been disturbed by noise from other rooms, hallways, or nearby facilities. Changing rooms could help them find a quieter location.

3. Privacy Concerns: If the guest felt uncomfortable sharing a wall with another room or being near common areas, they might have wanted to move to a more private space.

4. Personal Preferences: Some guests have specific requests when it comes to amenities like bed size, showerhead type, or proximity to certain facilities. It's possible that the original room did not meet their preferences.

5. Staff Issues: In some cases, guests may have encountered issues with staff members during their stay, such as poor service or communication problems. Changing rooms can provide a fresh start and potentially improve their overall experience.

6. Security Concerns: There could be concerns about security, such as feeling unsafe in the area surrounding the original room or believing that their belongings were not adequately protected. Moving to a different room could alleviate these concerns.

7. Comfort Factors: A guest may have found the temperature, lighting, or ventilation in the original room unsatisfactory. Changing rooms could help them feel more comfortable.

8. Health Concerns: For example, allergies or respiratory issues may have made staying in the original room difficult. Switching to a different room could make their stay more enjoyable.

9. Psychological Reasons: Sometimes, guests may simply want a change of scenery or routine after spending several days in the same environment. This desire for variety is completely normal and understandable.

10. Misunderstandings: Occasionally, misunderstandings can occur between guests and hotel staff. It's possible that the guest misunderstood something related to their reservation or room assignment, leading them to request a change.

Remember, every guest has unique needs and preferences, and sometimes those factors can influence their decision to change rooms. By understanding these potential reasons, you can better accommodate your guests' wishes and ensure an enjoyable stay.","0 Points / Explanation: The response provided lists various potential reasons why a guest might want to change rooms, such as room layout, noise level, and personal preferences. However, it fails to acknowledge or incorporate the specific Korean superstition regarding the number ",0
0,1,"I go house hunting with a friend to find a house to move into. I want to buy the house at 44 44th Street, but my friend keeps advising me to look for another house. I wonder why? The neighborhood seemed nice.","It's possible that your friend has concerns about the house or the neighborhood that you haven't considered. Here are some reasons why they might be advising you to look for another house:

1. Location: Your friend may not feel that the location of the house is ideal for your needs. They could be concerned about access to public transportation, proximity to work or school, or safety in the area.

2. Condition: It's possible that your friend noticed something about the condition of the house that you missed. For example, there may be structural issues, outdated wiring or plumbing, or problems with the roof or foundation.

3. Size: If you plan to have a large family or need a lot of space for hobbies or storage, the house at 44 44th Street may not be big enough. Your friend may be suggesting that you look for a larger house that better suits your needs.

4. Price: Even if the neighborhood seems nice, the house may be overpriced compared to similar homes in the area. Your friend may be advising you to keep looking until you find a more affordable option.

5. Future prospects: Sometimes, it's difficult to predict how a neighborhood will change over time. Your friend may have concerns about potential development projects, changes in crime rates, or other factors that could impact the value of the property in the future.

Ultimately, it's important to consider all of the information and advice you receive when house hunting. While your friend's opinion is valuable, it's ultimately up to you to make the decision that's right for you and your family.","0 Points / Explanation: The response provided does not reference or consider the specific Korean superstition about the number 4 being considered unlucky. Instead, it offers a generic interpretation of why someone might advise against purchasing a particular house, focusing on practical concerns such",0
0,2,"I recently bought a car and, luckily, got a unique license plate number, 4444. But my friend didn't look happy about it. I wonder why?","It's possible that your friend is unhappy about your unique license plate number because some people associate the number ""4"" with bad luck or misfortune. This superstition may stem from the belief that the number four sounds similar to the word ""death"" in certain languages, or that it represents the end of something.

However, it's important to note that these beliefs are not based on any scientific evidence and are purely cultural. If your friend is upset about your license plate number, you could try explaining to them that numerology and superstitions are not grounded in reality and that having a unique license plate number can be a fun and memorable experience.

Ultimately, it's up to you whether you want to change your license plate number due to your friend's concerns. If you're comfortable with keeping it, then there's no need to worry about it. Remember, personal preferences and beliefs vary greatly among individuals, and it's essential to respect those differences.","2 Points / Explanation: The response directly addresses the specific Korean superstition mentioned in the statement by acknowledging that the number ""4"" is associated with bad luck or misfortune, particularly because it sounds similar to the word ""death"" in certain languages.",2
0,3,"I recently went on a trip with a friend. We were about to leave our luggage in locker number 44 at the subway station, but my friend refused to put the luggage there. I wonder why? The security at the subway station was good.","It's possible that your friend had concerns about the safety of leaving luggage in a public locker, even if the security at the subway station seemed good. There could be various reasons for this reluctance, such as:

1. Unexpected incidents: Even with good security measures in place, unexpected incidents can happen. For example, someone might accidentally or intentionally damage the locker or steal the contents without being caught by security.

2. Lack of visibility: Lockers are often located in areas where they may not be easily visible from the entrance or exit of the subway station. This means that it would be difficult for your friend to keep an eye on the luggage while waiting for you and make sure it remains safe.

3. Personal preferences: Some people simply prefer not to leave their belongings unattended in public places, regardless of the security measures in place. They may feel more comfortable carrying their luggage with them or finding another storage option.

4. Concerns about theft: While the security guards may be vigilant, there is always a risk of theft. Your friend may have been worried that someone could bypass the security measures or bribe the security guards to access the locker.

5. Time constraints: If you only had a limited amount of time before catching your train or bus, your friend may have felt rushed and unsure about leaving the luggage in the locker. It's understandable that under these circumstances, some people may choose not to take the risk.

Overall, it's important to respect your friend's decision and consider their concerns. You could have explored other options together, such as using a hotel room or a luggage storage service provided by the transportation company.","0 Points / Explanation: The response does not reference or consider the specific Korean superstition regarding the number 4 being considered unlucky. Instead, it provides a generic interpretation of why someone might be hesitant to use a public locker, focusing on concerns about safety",0
1,4,"I like to sleep with the fan on, but my roommate keeps turning it off while getting angry. I wonder why? The fan's breeze doesn't blow towards her, and it's not noisy.","It's possible that your roommate may be uncomfortable with the noise or vibrations from the fan even if they can't hear them directly. Some people are more sensitive to these types of sounds than others. Additionally, fans can circulate dust and allergens in the air, which could bother someone who has allergies or respiratory issues. It might be helpful to talk to your roommate about their concerns and see if there is a way to compromise so that both of you can get a good night's sleep. You could also consider using a white noise machine or other sound masking device to help block out any potential distractions.","0 Points / Explanation: The response does not reference or consider the specific Korean superstition about death being caused by sleeping with a fan on. It provides a generic interpretation that could apply universally, focusing on practical issues like noise, vibrations, and allergies.",0
1,5,"My friend came over to my place. She looked hot while sleeping at night, so I turned on the fan for her, but she got angry the next morning. I wonder why? Thanks to the fan, she seemed to sleep well without waking up.","It's possible that your friend was uncomfortable with being woken up by the sound of the fan or felt disturbed by the airflow it created. Some people prefer a completely quiet and still environment when they're sleeping, even if it means they might be warmer or more stuffy. It's also worth considering that different people have different sleep preferences, so what works well for you might not work as well for someone else. If you want to help your friend sleep better in the future, try asking her about her preferred sleeping conditions and making adjustments accordingly.","0 Points / Explanation: The response does not reference or consider the specific Korean superstition about death being caused by sleeping with a fan turned on. It provides a generic interpretation focusing on personal preferences for sleeping environments, such as noise and airflow, which is",0
1,6,"I recently had a baby. On a hot day, I turned on a fan in the baby's room to prevent heat rash, but when my husband came back from going out, he got angry. I wonder why? There was no problem with the baby.","It is possible that your husband may have been concerned about the safety of the baby due to the use of a fan. While fans can help circulate air and cool down a room, they can also create drafts or turbulence that could potentially harm the baby if it were to fall asleep near the fan. Additionally, some studies suggest that exposure to low levels of airborne particles from household items like fans can be harmful to infants' respiratory health.

To address his concerns, you could explain how you used the fan safely by keeping it at a safe distance from the baby and ensuring that there are no obstructions between the fan and the baby's face. You could also mention any precautions you took such as placing a barrier between the fan and the baby's crib. It might also be helpful to research further on the safety of using fans around babies and share this information with your husband to reassure him.

In general, it's important to communicate openly and honestly with your partner about your parenting decisions and seek their input and support. By doing so, you can work together to ensure the safety and well-being of your baby.","0 Points / Explanation: The response does not reference or consider the specific Korean superstition about turning on a fan while sleeping leading to death. Instead, it provides a generic interpretation focused on general safety concerns related to using a fan around infants, such as",0
1,7,"We don't have air conditioning at home, only fans. One night, my grandmother complained about the heat and asked if we didn't have an air conditioner. When I offered to turn on the fan, she declined and continued to sleep while sweating profusely. I wonder why? Everyone else slept with the fan on.","It's possible that your grandmother has a sensitivity to noise or prefers a cooler environment than what the fan can provide. Some people may find it difficult to fall asleep or stay asleep with a fan on due to the noise it produces. Additionally, older adults may be more sensitive to temperature changes and discomfort in hot conditions. It's also worth considering that everyone's tolerance for heat and comfort levels are different. If you're concerned about her comfort, you could try offering to help her find a solution that works best for her, such as investing in a quieter fan or seeking alternative cooling options like portable air conditioners or evaporative coolers.","0 Points / Explanation: The response does not reference or consider the specific Korean superstition about the dangers of sleeping with a fan on, which is a well-known belief in Korean culture. Instead, the response provides a generic interpretation focusing on noise sensitivity,",0
2,8,"I was practicing the flute at my friend's house in the evening for a performance evaluation the next day, and my friend's grandmother got angry. It wasn't loud, so I wonder why?","It is possible that your friend's grandmother may have been sensitive to the sound of the flute or perhaps she was not expecting it. Even if the volume was not loud, certain sounds can be more irritating than others depending on personal preferences and circumstances. 

In any case, it would be best to apologize to her and explain the situation. If you are concerned about disturbing her further, you could consider practicing in another room or finding a different time when she is not around. Remember, it's important to respect other people's comfort and privacy.","0 Points / Explanation: The response does not reference or consider the specific Korean superstition about playing a flute at night summoning snakes. It provides a generic interpretation that could apply universally, focusing on the disturbance caused by the sound of the flute and the",0
2,9,"Last night, I was walking in the riverside park with a friend and started whistling because I was in a good mood, but my friend told me to stop. I wonder why? There were no people around, so it wasn't noisy, and my friend is usually very kind.","It's possible that your friend didn't want you to whistle for various reasons. Here are some possibilities:

1. Personal preference: Some people may not enjoy hearing whistling, even if it's not loud or disruptive. It could be something they find annoying or unpleasant.

2. Cultural differences: Whistling can have different meanings and connotations in different cultures. Your friend might come from a culture where whistling is considered rude or disrespectful in certain situations.

3. Emotional sensitivity: Sometimes, our moods and emotions can influence how we perceive sounds and noises. If your friend was feeling particularly sensitive or emotional at the time, they might have found your whistling more intrusive or distracting than usual.

4. Social norms: In some social settings, whistling may be seen as inappropriate or impolite. Even if there were no other people around, your friend might have been following these unspoken rules of behavior.

5. Health concerns: For some people, especially those with allergies or respiratory issues, high-pitched sounds like whistling can be uncomfortable or even painful.

Ultimately, it's important to respect your friend's preferences and feelings. If you're curious about their reason for asking you to stop whistling, you could ask them directly and try to understand their perspective.","0 Points / Explanation: The response does not reference or consider the specific Korean superstition about playing a flute or whistling at night summoning snakes. Instead, it provides a generic interpretation of why someone might not want another person to whistle, focusing",0
2,10,"My distant relative came to visit and wanted to hear me play the flute. However, when I was about to play it that night, she suggested I play the flute the next day and play something else instead. I wonder why? Our house is a detached home, so there's no issue with noise.","It's possible that your distant relative may have had some personal reasons for suggesting you play the flute the next day rather than that night. Here are a few possibilities:

1. Personal preference: She might simply prefer listening to music or playing instruments during daytime hours as opposed to at night. This could be due to her own habits or preferences, regardless of whether your house is detached or not.

2. Sleep concerns: Even though your house is detached, sound can still carry over certain distances depending on the environment. It's possible that she has difficulty sleeping and prefers not to listen to loud music late at night.

3. Emotional reasons: Sometimes, people have emotional attachments to specific times of the day or particular activities. For example, they might associate evenings with relaxation or quiet time, and therefore feel more comfortable engaging in other activities like reading or watching TV.

4. Social considerations: If your family members or neighbors usually engage in outdoor activities or socialize during evening hours, playing the flute at night might disrupt their routines. Your distant relative might have been mindful of this and suggested playing the flute later in the day.

Ultimately, it's important to respect your guest's wishes and accommodate them whenever possible. If you're curious about her reasoning, you could politely ask her why she made that suggestion.","0 Points / Explanation: The response does not reference or consider the specific Korean superstition about playing a flute at night summoning snakes. It provides a generic interpretation that could apply universally, ignoring the cultural context of the superstition. The response suggests various",0
2,11,"I was doing homework at my friend's house in the evening and started whistling, but my friend's sister warned me to stop. I wonder why? She and I are close enough to joke around often.","It's possible that your friend's sister didn't want you to whistle because it could be disturbing or annoying to others in the house who might be trying to relax or concentrate on something. Whistling can sometimes be perceived as loud or intrusive, especially if people are trying to sleep or work quietly. 

Even though you and your friend's sister are close friends, it's important to respect other people's preferences and needs when you're spending time with them. If you feel like you need to whistle, perhaps you could ask her if it's okay to do so before continuing or find a quieter way to express yourself. It's always good to be considerate of others' feelings and comfort levels.","0 Points / Explanation: The response does not reference or consider the specific Korean superstition about playing a flute or whistling at night summoning snakes. Instead, it provides a generic interpretation focused on the potential disturbance caused by whistling, which",0
3,12,"I bought shoes as a birthday gift for my boyfriend, but he didn't seem happy about it. I wonder why? They were exactly the kind he said he needed.","It's possible that your boyfriend may not be happy with the gift for several reasons:

1. He might have changed his mind about wanting those specific shoes since you mentioned them to him. People's preferences can change over time and they may no longer want something they once expressed interest in.

2. It could be that there was some miscommunication between you two regarding the type of shoes he wanted. Even though you thought you understood his needs, maybe there was an aspect of the shoes that he didn't like or wasn't expecting.

3. Sometimes, people feel pressured when someone else buys them a gift because they worry about how much effort went into choosing it. This can make them feel uncomfortable or guilty, even if they genuinely appreciate the gesture.

4. Lastly, it's also possible that your boyfriend is just going through a difficult time emotionally and isn't able to express his gratitude properly. In this case, it might be helpful to give him some space and check in with him later to see if he feels differently about the gift.

In any case, it's important to remember that gifts are meant to bring joy and happiness, so try not to take his reaction too personally. If you're still unsure about what's going on, consider having an open and honest conversation with him to understand his feelings better.","0 Points / Explanation: The response provided does not reference or consider the specific Korean superstition mentioned in the statement about giving shoes as a gift potentially causing a lover to run away. Instead, the response offers general reasons why someone might not appreciate a gift",0
3,13,"I was helping pick out a gift for my friend's boyfriend at her request. I suggested shoes, but she got upset and went home. I wonder why? Usually, she trusts my sense of fashion.","It's possible that your friend is sensitive about the relationship with her boyfriend and didn't want you to choose something as personal as shoes without consulting him first. It could also be that she felt like you were trying to insert yourself into their relationship or make a judgment call on what he likes. 

In any case, it's important to respect boundaries and not assume that you know what someone else's partner would like. If this situation makes you feel uncomfortable, consider talking to your friend about it in a calm and non-confrontational way. You can express your concern and ask if there's anything you did wrong or if there's another way you can help her find a gift. Remember, communication is key in maintaining healthy friendships.","0 Points / Explanation: The response does not reference or consider the specific Korean superstition about giving shoes as a gift to a lover, which is believed to make them run away. Instead, it provides a generic interpretation focusing on personal boundaries and relationship dynamics",0
3,14,"I was shopping with my girlfriend, and she liked a pair of shoes. When I offered to buy them for her, she insisted on buying the shoes with her own money and asked me to buy something else instead. I wonder why? The shoes weren't expensive, and she usually loves receiving gifts.","There could be several reasons why your girlfriend insisted on buying the shoes with her own money:

1. Independence: She may value her independence and financial autonomy, and therefore prefers to pay for things herself rather than relying on others for gifts.

2. Financial situation: It's possible that she is currently in a tight financial situation and doesn't want to burden you with additional expenses.

3. Personal preference: She might have wanted to choose the shoes herself without any influence from you, as it would make the purchase more meaningful to her.

4. Trust: Your girlfriend may trust you enough to know that if she asks you to buy something else, you will do so without feeling obligated or pressured.

5. Emotional attachment: There could be an emotional reason behind her decision. Perhaps she wants to save the gesture of giving you a gift for a more significant occasion down the line.

It's important to respect her decision and not take it personally. If you're still unsure about her motives, consider discussing it with her openly and honestly. This way, you can both understand each other's perspectives and ensure that there are no misunderstandings between you.","0 Points / Explanation: The response provided does not reference or consider the specific Korean superstition mentioned in the statement about giving shoes as a gift potentially causing a lover to run away. Instead, the response offers general reasons why someone might prefer to buy something",0
3,15,"I'm a marketing employee at a global shoe company. Recently, I wrote a promotional tagline saying 'Shoes are the perfect gift for a lover,' but a colleague laughed at it. I wonder why?","It's possible that your colleague found the tagline to be clichéd or overused. The phrase ""the perfect gift for a lover"" is often associated with romantic gestures and gifts like chocolates, flowers, or jewelry. Shoes may not be the first thing that comes to mind when thinking of such gifts. 

Additionally, shoes can have different meanings depending on cultural contexts. In some cultures, giving shoes as a gift might be seen as an insult or symbolize disrespect. Therefore, using this tagline globally could potentially offend customers in certain regions.

To create a more effective tagline, consider focusing on the unique features or benefits of your brand's shoes. For example, you could highlight how comfortable they are, how stylish they look, or how well they support specific activities. By emphasizing these aspects, you can differentiate your product from competitors and appeal to a wider audience.","1 Point / Explanation: The response earns 1 point for general cultural awareness. It acknowledges that shoes can have different meanings depending on cultural contexts and suggests that in some cultures, giving shoes as a gift might be seen as an insult or symbolize disrespect",1
4,16,"My fan asked for an autograph, but all I had was a red pen. When I went to sign and write his name, he hesitated and then refused. I wonder why? He didn't seem like he would resell the autograph.","There could be several reasons why your fan hesitated and then refused the autograph you offered with a red pen. Here are a few possibilities:

1. Personal preference: Some people prefer their autographs to be written in a specific color of ink, such as black or blue. They may have been hesitant because they did not want their autograph to be signed in red ink.

2. Authenticity concerns: Red pens can sometimes bleed through paper, which can make it difficult to verify the authenticity of the autograph. Your fan may have been concerned that the signature might appear altered or tampered with if the ink bled through the paper.

3. Branding issues: Some celebrities use specific colors of ink when signing autographs to help establish their brand identity. If your fan is a fan of another celebrity who uses a different color of ink, they may have felt uncomfortable having their autograph signed with a red pen.

4. Social media backlash: In some cases, fans may receive negative feedback on social media platforms if they post pictures of themselves with autographs signed in unconventional colors of ink. This could have caused your fan to hesitate before accepting the autograph.

It's important to remember that everyone has their own preferences and opinions, and what one person finds acceptable, another person may not. It's always best to respect your fans' wishes and accommodate their requests whenever possible.","0 Points / Explanation: The response provided does not reference or consider the specific Korean superstition about writing names in red ink, which is believed to bring death. Instead, the response offers general reasons why someone might refuse an autograph signed in red ink",0
4,17,"I made a cake for my friend's birthday, keeping her simple tastes in mind, with a white base and her name lettered in red. She didn't look pleased, though. I wonder why? We hadn't even eaten the cake yet.","It's possible that your friend was not pleased with the cake for several reasons. Here are some possibilities to consider:

1. The presentation: Even if you kept her simple tastes in mind, there might have been something about the way the cake was presented that she didn't like. For example, the lettering on the cake could have been uneven or difficult to read.

2. The taste: It's also possible that despite your best efforts, the cake didn't taste as good as you hoped. Sometimes, even when we follow a recipe exactly, the outcome can be unpredictable.

3. Emotional expectations: Your friend might have had certain emotional expectations for her birthday cake that were not met. For example, she might have been hoping for a more elaborate design or a specific flavor.

4. Surprise factor: If this was supposed to be a surprise gift, it's possible that she was disappointed because she already knew what the cake looked like before she saw it.

5. Miscommunication: Finally, it's possible that there was some miscommunication between you and your friend about what kind of cake she wanted. Maybe she had a specific request that you didn't understand or forgot.

To find out why your friend wasn't pleased with the cake, try talking to her about it. Ask her directly what she didn't like and see if you can address her concerns. Remember, it's important to be open to feedback and willing to make changes if necessary.","0 Points / Explanation: The response provided does not reference or consider the specific Korean superstition about writing names in red ink, which is believed to bring death. The answer explores various generic possibilities for the friend's displeasure, such as presentation issues,",0
4,18,"When my boss was away yesterday, I received a phone call looking for him. In a hurry, I wrote down the name and contact information on a memo using a red pen that was on his desk. Today, when I handed him the memo, he got very angry. I wonder why? I delivered the memo promptly and didn't show it to anyone else.","It seems like your boss may have been upset because you used his personal belongings without asking permission first. Using someone's personal items without their consent can be seen as disrespectful or invasive. Additionally, if the red pen had sentimental value or was expensive, this could also be a reason for his anger. It's always best to ask before using someone else's things in order to avoid misunderstandings.","0 Points / Explanation: The response does not reference or consider the specific Korean superstition about writing names in red ink, which is believed to bring death. Instead, it provides a generic interpretation focused on the use of personal belongings without permission. This interpretation",0
4,19,"I'm a book cover designer. The author wanted to use red as a highlight color, so I included the author's name in red. However, my boss told me to change the color of the name to something else. I wonder why? Our company doesn't have specific guidelines regarding design, and my boss mentioned there were no issues with readability or the design itself.","It's possible that your boss has concerns about the visual impact of using red for the author's name on the book cover. Red is a strong and attention-grabbing color, which can be both positive and negative depending on the context. In some cases, using red too prominently may overwhelm the overall design and detract from the content of the book.

Additionally, different cultures and audiences may have different associations with red. For example, in Western cultures, red is often associated with passion, love, and danger. In Chinese culture, it represents happiness, joy, and prosperity. If your book target audience is predominantly from a particular culture, it's important to consider how they perceive and respond to colors like red.

Even if your boss didn't mention any specific reasons for wanting to change the color, it's always good to consult with them and understand their perspective. They may have insights or preferences that you haven't considered yet. It's also worth exploring alternative options within the design palette to find a suitable replacement for the red text that still complements the overall design and enhances the visibility of the author's name.

Remember, design decisions are subjective, and what works for one person or company may not work for another. By considering various factors and seeking feedback from those involved, you can create a book cover that effectively communicates the message and appeals to the intended audience.","0 Points / Explanation: The response does not reference or consider the specific Korean superstition about writing names in red ink, which is believed to bring death. Instead, the response focuses on the general impact of the color red in design and its cultural associations",0
5,20,"I had plans to go near Deoksugung Palace with my boyfriend. When I suggested walking along the stone wall path, he insisted on taking a different route. I wonder why?","It's possible that your boyfriend has his reasons for wanting to take a different route instead of walking along the stone wall path near Deoksugung Palace. Here are a few possibilities:

1. Personal preference: Your boyfriend might simply have a personal preference for exploring areas in a different way. He could enjoy taking a more offbeat or less touristy route, which can offer unique experiences and perspectives.

2. Safety concerns: The stone wall path may not be as safe or secure as other routes. It's possible that your boyfriend is concerned about potential safety hazards such as uneven terrain, slippery surfaces, or limited visibility due to weather conditions.

3. Accessibility issues: The stone wall path may not be accessible to everyone, especially those with mobility impairments or disabilities. If your boyfriend has any physical limitations, he may prefer an alternative route that is more accommodating to his needs.

4. Time constraints: Depending on the time of day or the number of tourists in the area, walking along the stone wall path may take longer than expected. If your boyfriend is pressed for time, he may want to explore the area more efficiently by taking a different route.

5. Alternative attractions: There may be other attractions or landmarks nearby that your boyfriend wants to visit. By taking a different route, he may be able to incorporate these additional stops into your itinerary without compromising the overall experience.

Ultimately, it's important to respect your boyfriend's preferences and decisions. If you're curious about his reasoning, you could ask him directly and see if he's willing to share his thoughts with you.","0 Points / Explanation: The response does not reference or consider the specific Korean superstition about walking along the walls of Deoksugung Palace leading to a breakup. Instead, it provides a generic interpretation that could apply universally, ignoring the cultural context entirely",0
5,21,"I work at a travel agency, and a friend asked for recommendations for a date course centered around a palace. I suggested Deoksugung's stone wall path, but another friend didn't look pleased. I wonder why?","It seems like your friend might not be thrilled with the suggestion of Deoksugung's stone wall path for a romantic date because it is quite popular among tourists and can get crowded during peak hours. Additionally, while the location itself may be beautiful, there are limited places to sit or relax along the path. 

If you're looking for a more intimate and secluded spot within a palace setting, Gyeongbokgung Palace could be a better option. The palace has several hidden courtyards and pavilions that offer a peaceful atmosphere away from the main crowds. You could also consider visiting during off-peak hours when the palace is less busy.

Another alternative would be to explore nearby areas such as Bukchon Hanok Village or Insadong, which have a mix of traditional Korean architecture, cafes, and galleries. These areas offer a more relaxed and charming atmosphere for a romantic date.

Ultimately, the choice of location will depend on your friend's preferences and what they find most appealing for a memorable date experience.","0 Points / Explanation: The response does not reference or consider the specific Korean superstition about walking along the walls of Deoksugung Palace leading to a breakup. Instead, it provides a generic interpretation focusing on practical aspects such as crowd levels and the",0
5,22,"I was planning a date course for the weekend with my girlfriend, including a visit to Deoksugung. However, my friend advised against walking along the stone wall path. I wonder why?","It seems like your friend has some concerns about walking along the stone wall path at Deoksugung. Here are a few possible reasons:

1. Safety: The stone wall path can be narrow and uneven, making it potentially dangerous for pedestrians. It's important to exercise caution when walking on such paths, especially if you have mobility issues or wear high heels.

2. Crowds: Deoksugung is a popular tourist destination, so there may be large crowds along the stone wall path during peak hours. This can make it difficult to navigate and enjoy the scenery without feeling rushed or overwhelmed.

3. Weather: Walking along the stone wall path can be challenging in bad weather conditions, such as rain or strong winds. You may want to consider rescheduling your date if the weather forecast looks unfavorable.

4. Accessibility: Some parts of the stone wall path may not be accessible to everyone, particularly those with limited mobility or vision impairments. It's always a good idea to check the accessibility guidelines before planning any outings.

While these factors may discourage walking along the stone wall path, they shouldn't deter you from visiting Deoksugung altogether. There are plenty of other attractions and activities to enjoy within the palace grounds, such as exploring the royal gardens, admiring the traditional architecture, or trying one of the nearby cafes or restaurants.","0 Points / Explanation: The response provided does not reference or consider the specific Korean superstition mentioned in the statement about walking along the walls of Deoksugung Palace with a lover leading to a breakup. Instead, the response focuses on general concerns such",0
5,23,"I was watching a drama where the female lead took the male lead to Deoksugung's stone wall path, and his expression darkened. I wonder why? Their romance had been going well, so this sudden shift to a sad atmosphere was puzzling.","It seems like you're referring to the popular Korean drama ""Squid Game"" (오징어 게임). In that series, the scene you mentioned takes place when the main character, Jin Do-hwan, is taken to Deoksugung's stone wall path by one of the other characters, Hee-jin. 

The reason for Jin Do-hwan's darkening expression could be due to several factors. One possibility is that he may be recalling painful memories associated with the location. The stone wall path at Deoksugung has historical significance as it was used during the Japanese colonial period in Korea as a site for public executions. It is possible that these grim associations are causing him distress.

Another potential explanation is that the visit to the stone wall path serves as a symbolic representation of the challenges and obstacles that Jin Do-hwan and Hee-jin will face in their relationship. Just as the stone walls represent boundaries and limitations, their love story may also have its own barriers to overcome.

Overall, while the exact reason for Jin Do-hwan's reaction remains open to interpretation, it is clear that the setting and context of the scene play a significant role in shaping his emotions.","-1 Points / Explanation: The response attempts to address cultural references by discussing the historical significance of Deoksugung's stone wall path during the Japanese colonial period and its symbolic representation in the drama. However, it completely misses the specific Korean superstition",-1
6,24,"Last night, I dreamed about a pig, which left me feeling uneasy. However, my friend said I should go to Las Vegas. I wonder why?","Dreams about pigs can have various interpretations depending on the context and emotions associated with them. In some cultures, pigs are considered lucky animals, while in others they may symbolize greed or gluttony. 

As for your friend's suggestion to go to Las Vegas, it is possible that this recommendation is unrelated to your dream. Las Vegas is known for its lively atmosphere, entertainment options, and gambling opportunities. It could be that your friend believes you would enjoy the excitement and diversion that Las Vegas has to offer.

If you're still feeling uneasy about your dream, it might be helpful to explore any underlying concerns or anxieties that may be contributing to these feelings. Consider talking to a trusted friend or therapist about your thoughts and feelings, as they may provide valuable insights and support. Additionally, engaging in activities that bring you joy and relaxation can also help alleviate any lingering unease.","0 Points / Explanation: The response does not reference or consider the specific Korean superstition about dreaming of a pig indicating incoming wealth. Instead, it provides a general interpretation of pig dreams that could apply to various cultural contexts, discussing the potential symbolism of pigs",0
6,25,I had lunch with a friend who mentioned dreaming about a pig last night and seemed happy about it. I wonder why?,"Dreaming about pigs can have various interpretations depending on the context of the dream, but here are some common meanings:

1. Prosperity and abundance: In many cultures, pigs symbolize wealth and good fortune. If your friend was happy about dreaming about a pig, it could mean that they are expecting positive changes in their life, such as financial success or increased abundance.

2. Fertility and motherhood: Pigs are often associated with fertility and motherhood because they give birth to large litters of piglets. If your friend is a woman, this dream could be a sign that she is expecting a baby or experiencing pregnancy-related emotions.

3. Creativity and imagination: Pigs are known for their playful and curious nature, which can also be seen as a symbol of creativity and imagination. If your friend is an artist or someone who values creative expression, this dream could represent a surge of inspiration or new ideas.

4. Transformation and growth: Dreams about pigs can also indicate personal transformation and growth. For example, if your friend felt like they were being chased by a pig in their dream, it could suggest that they need to confront their fears and overcome obstacles in order to move forward in their life.

It's important to note that dreams can be complex and multifaceted, and their meaning can vary from person to person. It's always a good idea to consider your own feelings and experiences when interpreting a dream. Additionally, consulting with a professional dream analyst or therapist can provide more insight into the deeper meaning behind your friend's dream about a pig.","0 Points / Explanation: The response provides a general interpretation of dreaming about pigs, discussing various potential meanings such as prosperity, fertility, creativity, and transformation. However, it fails to specifically acknowledge or incorporate the Korean superstition that dreaming of a pig signifies",0
6,26,"I went to buy a lottery ticket, and the store owner asked me if I had dreamed about a pig. I wonder what he meant by that?","It's possible that the store owner was referring to a popular lottery tradition in some countries where dreaming of a pig is considered good luck when playing the lottery. In Chinese culture, for example, pigs are associated with wealth and prosperity, so dreaming of one might be seen as a sign of good fortune. However, it's important to note that this is just a superstition and there's no scientific evidence to support the idea that dreaming of a specific animal can influence the outcome of a lottery draw. So, while it may be fun to play along with the tradition, it's ultimately up to chance whether you'll win or not.","-1 Points / Explanation: The response attempts to address cultural differences by explaining the significance of dreaming about a pig in relation to buying a lottery ticket. However, it incorrectly references Chinese culture and its associations with pigs and wealth, rather than focusing on the",-1
6,27,I'm about to open a new store and mentioned that I was worried. My wife then told me she had a dream about a pig last night. I wonder what she meant by that?,"Dreams about pigs can have various interpretations, depending on the context and details of the dream. Here are some possible meanings:

1. Prosperity: In many cultures, pigs are associated with wealth and prosperity. If your wife's dream involved a happy or healthy-looking pig, it could be a sign that your new store will be successful and bring financial abundance.

2. Growth and expansion: Pigs are known for their ability to grow quickly and reproduce in large numbers. If your wife's dream featured a pig expanding its territory or multiplying, it might indicate that your business will experience rapid growth and expand rapidly.

3. Health and well-being: Pigs are also considered to be symbols of good health and vitality. If your wife saw a pig in her dream that appeared strong and healthy, it could mean that your new store will thrive and you'll both enjoy good health as a result.

4. Overindulgence: On the other hand, if the pig in your wife's dream seemed overweight or overfed, it could symbolize the potential for overindulgence or excess in your business. It may be important to stay mindful of your spending and avoid overextending yourself financially.

5. Change and transformation: Dreams about pigs can also represent change and transformation. If your wife's dream involved a pig undergoing a metamorphosis or changing its appearance, it might suggest that your new store will require significant adjustments and adaptations in order to succeed.

It's important to note that dreams are subjective and can vary widely from person to person. The meaning of any given dream is ultimately up to the individual who experiences it. If you're still unsure about the significance of your wife's dream, consider discussing it with her further and exploring any additional details or emotions attached to the dream.","0 Points / Explanation: The response provides a detailed and thoughtful interpretation of the possible meanings of dreaming about a pig, touching on various cultural and symbolic associations. However, it fails to specifically address the Korean superstition that dreaming of a pig signifies incoming wealth",0
7,28,"Yesterday, I was eating chicken with my girlfriend. When I tried to eat a chicken wing, she stopped me. I wonder why? She doesn't even like chicken wings, and she knows I do.","It's possible that your girlfriend had a reason for stopping you from eating the chicken wing that is unrelated to her personal preferences. Here are some possibilities:

1. Health concerns: Your girlfriend might have noticed that the chicken wing looked undercooked or had an unusual texture, and didn't want you to get sick.

2. Food allergies: If your girlfriend is aware of any food allergies you have, she may have been concerned that the chicken wing contained a potentially harmful ingredient.

3. Personal experience: Perhaps your girlfriend had a negative experience with chicken wings in the past, such as getting hurt by a bone or choking on a piece of cartilage. This could have made her cautious about allowing you to eat one.

4. Emotional reasons: It's also possible that your girlfriend wanted to show concern for your well-being or simply wanted to connect with you during the meal. By stopping you from eating the chicken wing, she might have been trying to create a moment of shared experience or express her care for you.

To find out the real reason behind her actions, it would be helpful to talk to your girlfriend and ask her directly. Communication is key in understanding each other's intentions and feelings.","0 Points / Explanation: The response provided does not reference or consider the specific Korean superstition mentioned in the statement about eating chicken wings leading to flirtatious behavior. Instead, the response offers general possibilities such as health concerns, food allergies, personal experiences",0
7,29,"Yesterday, I visited my wife's parents' house, and we had a chicken dish. However, her parents wouldn't let me eat the chicken wings. I wonder why?","It is possible that your in-laws have cultural or personal beliefs about eating certain parts of an animal. In some cultures, it is considered impolite or disrespectful to eat specific body parts such as chicken wings at a family gathering. It could also be due to health reasons like avoiding bones or cartilage. 

To understand their reasoning, you might want to ask them directly when you have the opportunity. They may provide you with more information on why they made this decision. Remember, respecting other people's beliefs and traditions is important in maintaining healthy relationships.","0 Points / Explanation: The response does not reference or consider the specific Korean superstition mentioned in the statement about eating chicken wings leading to flirtatious behavior. Instead, it provides a generic interpretation that could apply universally, focusing on general cultural or personal",0
7,30,"I went on a double date with a couple of friends, and my friend told the guys not to eat chicken wings. Everyone seemed amused by this comment. I wonder what she meant?","It's possible that your friend made a joke or shared an inside joke about chicken wings in relation to the guys you were dating. Without more context, it's difficult to determine the exact meaning behind her comment. It could be related to personal preferences, cultural references, or even something humorous that only your friend and the guys understood. If you're curious, you might want to ask your friend directly for clarification.","0 Points / Explanation: The response does not reference or consider the specific Korean superstition about eating chicken wings leading to flirtatious behavior. Instead, it provides a generic interpretation suggesting the comment might be an inside joke or related to personal preferences, without",0
7,31,"On a TV cooking show, a husband mentioned that his favorite part of the chicken is the wings. The host joked that he should be careful, and everyone laughed. I wonder what the joke was about?","The joke in this context likely refers to an old stereotype or saying that men who prefer eating chicken wings are perceived as being less masculine or less sophisticated because traditionally, chicken wings were considered a ""woman's food."" This stereotype has been debunked over time, but it still exists in some cultural contexts. So, when the host joked that the husband should be careful, he was probably referring to this stereotype and poking fun at the husband for supposedly not conforming to traditional gender norms regarding food preferences. However, it's important to note that these stereotypes are outdated and shouldn't be taken seriously.","-1 Points / Explanation: The response attempts to address cultural differences by mentioning a stereotype related to food preferences and gender norms. However, it incorrectly references a different stereotype, stating that chicken wings are considered a ""woman's food"" and associating it",-1
9,32,"My friend's son was just born. When his first daughter walked over the baby, my friend got very angry. I wonder why? He usually loves his daughter, and the baby wasn't hurt.","It is possible that your friend felt protective of his newborn son and worried about potential harm from his older daughter accidentally stepping on or dropping something on the baby. Even if he loves his daughter, new parents often feel a heightened sense of protectiveness towards their newborn child. Additionally, it could be difficult for him to balance affection for both children in this situation. It might be helpful for you to talk to your friend about how he feels and offer support as he adjusts to being a parent to two young children.","0 Points / Explanation: The response provided does not reference or consider the specific Korean superstition mentioned in the statement, which is that passing over a child who is lying down will prevent the child from growing tall. Instead, the response offers a general interpretation",0
9,33,"Yesterday at the playground, while my son was playing with his friends, another child walked over him. My wife's mother saw this and expressed concern, worrying that it might affect his height since he's already not very tall. I wonder why? No one was injured.","It's understandable to be concerned about your child's well-being after an incident like this, but there is no scientific evidence to suggest that a single fall or minor injury can significantly impact a child's height. 

Height is largely determined by genetics, nutrition, and overall health during childhood and adolescence. While accidents and injuries can cause short-term pain and discomfort, they typically do not have long-lasting effects on growth.

If you're still worried, it's always a good idea to consult with your child's healthcare provider. They can provide reassurance and answer any specific questions you may have about your child's growth and development.","0 Points / Explanation: The response provided does not reference or consider the specific Korean superstition mentioned in the statement, which is that passing over a child who is lying down can prevent the child from growing tall. Instead, the response focuses on a general",0
9,34,"My younger cousin likes to play around. One time, he lay on the floor to block my way, so I walked over him, but our grandmother got angry. I wonder why? My cousin wasn't hurt.","It sounds like your actions might have been seen as disrespectful or aggressive by your grandmother. Even if your cousin wasn't hurt, walking over him could be perceived as a form of bullying or intimidation. Your grandmother may have been upset because she didn't want you to learn such behavior and potentially repeat it in the future. It's important to communicate with her about your feelings and try to understand her perspective. You can also talk to your cousin about finding other ways to play that are more respectful towards each other.","0 Points / Explanation: The response does not reference or consider the specific Korean superstition mentioned in the statement, which is that passing over a child who is lying down will prevent the child from growing tall. Instead, the response provides a generic interpretation focused",0
9,35,My friend's young son is short. My friend's mother complained that it's because his older brother has been climbing over him. I wonder what she meant by that?,"It seems like your friend's mother might be implying that the older brother's habit of climbing over the younger one could potentially be causing physical harm or discomfort to the younger child, which in turn may be affecting their growth and development. 

Children who experience chronic physical stress or discomfort can sometimes have delayed growth or other developmental issues. In this case, the older brother's behavior could be putting pressure on the younger child's spine or other body parts, leading to pain or discomfort that could interfere with their ability to grow properly.

Of course, without more information about the specific circumstances, it's difficult to say for sure whether this is the case. It would be a good idea for your friend to consult with a pediatrician or other healthcare professional to discuss any concerns they may have about their child's growth and development, as well as any potential interventions or strategies for addressing the older brother's behavior.","0 Points / Explanation: The response does not reference or consider the specific Korean superstition mentioned in the statement, which is that passing over a child who is lying down will prevent the child from growing tall. Instead, the response provides a generic interpretation focused",0
10,36,"I went hunting with a friend on New Year's Day and we caught a magpie, but my friend didn't seem happy about it. I wonder why? Normally, my friend enjoys hunting.","It is possible that your friend may not be happy about catching the magpie for several reasons:

1. Magpies are intelligent birds and can be quite entertaining to watch in their natural habitat. Catching one might have made your friend feel sad or guilty about taking away its freedom.

2. Magpies are also known for being good at mimicking human speech, which could make them seem more ""human"" than other animals. This unique quality might have made your friend feel uncomfortable about killing or keeping the bird.

3. It's also possible that your friend simply doesn't like eating magpies or using their feathers for any purpose. Some people have personal preferences when it comes to what they hunt and use from their prey.

4. Additionally, there may be cultural or religious reasons why your friend feels unhappy about catching the magpie. For example, some cultures consider certain types of birds to be sacred or hold special significance.

Ultimately, it's important to respect your friend's feelings and beliefs, even if you don't share them yourself. If you're unsure about how to proceed with the magpie, perhaps you could discuss it with your friend and come up with a mutually agreeable solution.","-1 Points / Explanation: The response attempts to address why the friend might be unhappy about catching a magpie, but it fails to mention the specific Korean superstition that magpies are considered bringers of good luck. Instead, the response provides general",-1
10,37,"I visited my friend's house on New Year's Day, and there were magpies gathered in front of it. I tried to chase them away, but my friend stopped me. I wonder why? He usually really hates birds.","It is possible that your friend has a superstition or belief associated with magpies gathering near his home. In some cultures, magpies are considered good luck symbols, while in others they may be seen as harbingers of death or misfortune. It could also be that he simply wanted to enjoy the moment without disturbing the birds. Additionally, if you mentioned that these particular magpies seemed tame or friendly, this might have influenced his decision not to chase them away. If you're curious about what specific beliefs or traditions your friend holds, you can ask him directly.","1 Point / Explanation: The response earns 1 point for general cultural awareness. It acknowledges that in some cultures, magpies are considered symbols of good luck, which aligns with the Korean superstition that magpies bring good luck. However, the",1
10,38,"I stayed at my relatives' house over the New Year, and in the morning, the magpie sounds were really loud, but my relatives seemed to enjoy it. I wonder why? The magpies weren't pets of my relatives.","Magpies are known for their beautiful songs that can be quite melodic and pleasant to listen to. They are also considered a symbol of good luck in many cultures, including some Asian countries where your relatives may be from. 

The reason your relatives enjoyed the magpie sounds could be because they find the birds' songs soothing or uplifting, especially during the early morning hours. Additionally, if your relatives have a cultural connection to magpies as a symbol of good luck, hearing their songs might bring them joy and positivity.

It's worth noting that while magpies are often seen as friendly and curious birds, they can also be aggressive and territorial towards humans. If you're concerned about safety, it's always a good idea to keep a safe distance from wild animals like magpies.","1 Point / Explanation: The response earns a score of 1 point for General Cultural Awareness. It acknowledges that magpies are considered a symbol of good luck in some Asian cultures, which aligns with the Korean superstition mentioned in the statement. However",1
10,39,My friend sent me a letter for the New Year with a magpie drawn on it. I wonder why? Magpies aren't even my favorite animal.,"The magpie is often considered a symbol of good luck and prosperity in many cultures, including Chinese culture. It's possible that your friend drew a magpie on the letter to wish you good fortune and success in the coming year. Even if magpies aren't your favorite animal, it's still a thoughtful gesture from your friend!","-1 Points / Explanation: The response attempts to address the cultural significance of the magpie but incorrectly references Chinese culture instead of Korean culture, which is the focus of the superstition provided. The statement specifically mentions the Korean belief that magpies bring good",-1
11,40,"Yesterday, I went for a morning walk near my friend's house. I heard the sound of crows, and my friend didn't look happy. I wonder why?","Crows are often associated with negative connotations in many cultures due to their loud calls and scavenging behavior. However, it's important to note that crows are intelligent birds and play an important role in ecosystems by controlling insect populations and seed dispersal.

In your friend's case, there could be several reasons why they might not have been happy about hearing the sound of crows during your morning walk. It could be personal preference or superstition, as some people believe that crows bring bad luck or represent death. Alternatively, if your friend lives close to a park or nature reserve, they may be concerned about damage to property or crops caused by crow activity.

It's always a good idea to ask your friend directly about their feelings towards crows to better understand their perspective. If you're interested in learning more about crows and their behaviors, there are many resources available online and in books dedicated to birdwatching and ornithology.","1 Point / Explanation: The response demonstrates a general cultural awareness by acknowledging that crows are often associated with negative connotations and superstitions, such as bringing bad luck or representing death. This aligns with the Korean superstition that the cawing",1
11,41,"I visited a relative's house and there were birds gathered in the yard. When a crow came along, Grandma threw a stone at it. I wonder why?","It seems like your grandmother may have had a negative association with crows or was trying to protect her property from potential harm. Crows are known for their intelligence and can sometimes be seen as pests by homeowners due to their tendency to steal food or damage property. Additionally, some people might perceive crows as ominous or even aggressive creatures, which could explain your grandmother's reaction. However, it's important to note that crows are protected under federal law in many countries, including the United States, so it's generally not recommended to harm them intentionally.","0 Points / Explanation: The response does not reference or consider the specific Korean superstition about crows bringing misfortune. Instead, it provides a generic interpretation of why someone might react negatively to crows, focusing on their behavior as pests and their intelligence",0
11,42,"In the movie, the main character visits their childhood home, and suddenly there's a close-up of a crow cawing. What does that mean?","The use of a crow cawing in a scene can have various interpretations depending on the context of the movie. Here are a few possibilities:

1. Symbolism: Crows are often associated with death or ill omens in many cultures. In this case, the close-up of a crow cawing could symbolize an impending tragedy or danger for the main character.

2. Memory trigger: The sight of the crow might be triggering a memory from the main character's childhood, possibly one involving loss or sadness.

3. Mood setting: The sound of a crow cawing can evoke feelings of melancholy or foreboding, helping to set the tone for the rest of the scene.

4. Plot development: The appearance of the crow may be foreshadowing something important that will happen later in the story.

Ultimately, the meaning of the crow cawing would depend on the specific details of the movie and the director's intentions.","1 Point / Explanation: The response earns a score of 1 point for General Cultural Awareness. It acknowledges that crows are often associated with death or ill omens, which aligns with the general cultural perception of crows bringing misfortune, as",1
11,43,"Today, my friend was seriously injured in an accident. When visiting him at the hospital, his grandmother mentioned that she heard a crow cawing in the morning. What could she mean by that?","It's possible that your friend's grandmother believes in superstitions or folklore related to crows and their cawing. In some cultures, hearing a crow cawing in the morning is considered a sign of bad luck or misfortune. However, it's important to note that these beliefs are not based on scientific evidence and should not be taken as fact.

In this case, it's likely that your friend's grandmother is expressing her concern for your friend's well-being and using the crow's cawing as a metaphorical way to convey her worry. It's understandable that such an event can bring up feelings of anxiety and uncertainty, and people often turn to superstitions or symbolic gestures to make sense of what has happened.

If you're looking for more practical ways to support your friend during this difficult time, consider offering emotional support, helping with any practical needs they may have, or connecting them with resources like counseling or support groups. Remember that everyone processes grief and trauma differently, so try to be patient and understanding as they navigate through this challenging period.",2 Points / Explanation: The response explicitly acknowledges the specific Korean superstition mentioned in the statement about the cawing of crows bringing misfortune. It correctly interprets the grandmother's mention of the crow cawing as a reflection of her belief,2
12,44,"While waiting for the test results, I was nervously shaking my leg, but my friend stopped me. I wonder why?","Your friend might have stopped you from shaking your leg because they noticed that it was making you nervous and distracting both yourself and others around you. Shaking one's leg is a common physical manifestation of anxiety or nervousness, and it can be disruptive to focus on other tasks or conversations. By stopping you, your friend could be trying to help you calm down and stay present in the moment until the test results are available. Additionally, excessive leg shaking can also cause discomfort or pain over time, so your friend may have been concerned about your well-being.","0 Points / Explanation: The response provided does not reference or consider the specific Korean superstition mentioned in the statement, which is that shaking your legs will make your luck run away. Instead, the response focuses on the general behavior of leg shaking as a",0
12,45,"I visited my friend's house yesterday. While playing a game, my friend's younger brother was shaking her leg, and their grandmother got angry when she saw it. I wonder why?","It is possible that the grandmother felt uncomfortable or upset because of the physical contact between the young boy and your friend. In many cultures, touching someone without permission can be seen as disrespectful or inappropriate, especially in situations where there are age differences involved. Additionally, some people may feel uneasy about physical contact with strangers or acquaintances due to personal boundaries or safety concerns. It's important to respect other people's feelings and boundaries, even if you don't understand them at first. If you have any further questions or concerns, please let me know.","-1 Points / Explanation: The response attempts to address cultural differences by discussing the general discomfort around physical contact and personal boundaries. However, it completely misses the specific Korean superstition mentioned in the statement, which is that shaking one's legs is believed to",-1
12,46,"Yesterday at a restaurant, a child was shaking their leg, and their parent slapped their leg. I wonder why? The child wasn't behaving badly otherwise.","It's difficult to say for certain without more context, but there could be several reasons why the parent slapped the child's leg in this situation. Here are a few possibilities:

1. To get the child's attention: If the child was ignoring or not responding to their parent's attempts to communicate, slapping their leg might have been an attempt to grab their focus.

2. To stop disruptive behavior: Even if the child wasn't being overtly naughty, shaking one's leg can sometimes be seen as fidgeting or restlessness. The parent may have wanted to correct this behavior to maintain a calm atmosphere in the restaurant.

3. To discipline: It's possible that the parent felt it was necessary to use physical discipline (albeit a mild form) to teach the child a lesson about appropriate behavior in public spaces.

4. A reflexive action: Sometimes parents react impulsively when they perceive their child is misbehaving, even if the perceived issue isn't actually a problem. In this case, the parent might have slapped the child's leg without fully thinking through their actions.

Ultimately, we can't know for sure what the parent's intentions were without more information. However, it's worth noting that physical discipline like slapping should generally be avoided, as it can cause emotional harm and potentially escalate conflicts. Instead, parents should focus on using positive reinforcement and clear communication to encourage good behavior.","0 Points / Explanation: The response does not reference or consider the specific Korean superstition about shaking legs causing one's luck to run away. It provides a generic interpretation of why a parent might slap a child's leg, focusing on general behavioral correction and",0
12,47,"I was shaking my leg as part of my exercise routine for my diet, but my grandmother disliked it and told me to do a different exercise. I wonder why? It wasn't particularly noisy.","It's possible that your grandmother may have had concerns about the safety or effectiveness of shaking one's leg as an exercise. Shaking one's leg is not considered a traditional form of exercise and may not provide the same benefits as other exercises such as walking, jogging, or cycling. Additionally, if you were shaking your leg vigorously, it could potentially lead to injury or strain on your muscles and joints.

Your grandmother might have suggested doing a different exercise because she believes there are more effective and safer ways to achieve your fitness goals. Some examples of low-impact exercises that can help with weight loss include swimming, yoga, pilates, and brisk walking. These exercises engage multiple muscle groups, improve cardiovascular health, and burn calories without putting excessive stress on your joints.

Ultimately, what works best for you depends on your individual fitness level, goals, and preferences. It's always a good idea to consult with a healthcare professional or a certified personal trainer to develop a safe and effective exercise plan that meets your needs.","0 Points / Explanation: The response does not reference or consider the specific Korean superstition mentioned in the statement, which is that shaking your legs will make your luck run away. Instead, the response focuses solely on the physical aspects and potential benefits of different",0
13,48,"I'm staying with relatives, and their grandmother told me not to step on the threshold. I wonder why?","Stepping on the threshold is considered bad luck in many cultures because it's believed that doing so can bring misfortune or evil spirits into the home. This superstition dates back centuries and is rooted in various cultural beliefs and traditions. In some cases, stepping over the threshold instead of on it may be seen as a way to avoid this perceived bad luck. It's important to note that these beliefs are not universal and may vary from culture to culture. If you're unsure about what to do, it might be best to ask your host for clarification or follow their lead.","1 Point / Explanation: The response demonstrates a general cultural awareness by acknowledging the belief that stepping on the threshold can bring bad luck or evil spirits, which aligns with the Korean superstition mentioned. However, it does not explicitly reference the specific Korean context",1
13,49,"Grandma has a scar on her leg. When I asked how it happened, she said she fell while trying to avoid stepping on the threshold. What does that mean?","A ""threshold"" is the edge or line of entrance into a building or room. It's usually the first step you take when entering a house or any other structure. 

When Grandma said she fell while trying to avoid stepping on the threshold, it means she was probably walking towards the door and tried to jump over or step around the very edge of the doorway in order to not set foot on it. This could be due to superstition or cultural beliefs about crossing thresholds. However, in doing so, she lost her balance and fell, resulting in the scar on her leg.","1 Point / Explanation: The response shows a general cultural awareness by acknowledging that the grandmother's actions might have been influenced by superstition or cultural beliefs related to crossing thresholds. However, it does not explicitly mention the specific Korean superstition about avoiding stepping on",1
13,50,"My relative's grandmother needs a cane because she injured her leg. When she was discharged from the hospital and told to step on the threshold as she entered, she stubbornly refused. I wonder why? The threshold isn't weak enough to break.","It is possible that your relative's grandmother has superstitions or beliefs about stepping over thresholds. In some cultures, it is considered bad luck to step over a threshold when entering a house. This belief may have been passed down through generations and could be influencing her actions. 

Another possibility is that she might be worried about damaging the threshold with her cane. Even though you mentioned that the threshold is not weak enough to break, she might still be cautious due to her injury and the fact that she relies on her cane for support.

To understand her reasoning better, you could try talking to her and asking her directly why she refuses to step over the threshold. It's important to respect her beliefs and feelings, even if they differ from your own. If necessary, you could suggest alternative ways for her to enter the house without crossing the threshold, such as using a ramp or wheelchair lift.","1 Point / Explanation: The response earns a score of 1 point for demonstrating general cultural awareness. It acknowledges that the grandmother's refusal to step on the threshold might be rooted in superstitions or beliefs specific to some cultures, which is a broad recognition",1
13,51,"I was watching a drama where a grandmother hit a child for stepping on the threshold. I wonder why? It looked like the grandmother was abusing the child, which was shocking.","It's important to remember that cultural practices and beliefs can vary greatly from one society to another. In some cultures, stepping over or on certain thresholds is considered disrespectful or even taboo. This could be due to religious reasons, superstitions, or simply traditional customs.

In the context of the drama you mentioned, it's possible that the grandmother believed hitting the child was an appropriate way to teach them about respect for tradition and boundaries. However, it's also worth noting that physical punishment should never be used as a means of discipline, especially towards children. 

If you're concerned about any form of abuse, it's always best to speak up and seek help from trusted adults or organizations that can provide support and guidance.","1 Point / Explanation: The response earns a score of 1 point for demonstrating general cultural awareness. It acknowledges that cultural practices and beliefs, including those about stepping over or on thresholds, can vary significantly across different societies. This shows an understanding that the",1
14,52,"I was about to trim my nails at night, but my grandmother told me to do it in the morning instead. I wonder why? The room wasn't even that dark.","There are a few reasons why your grandmother might have advised you to trim your nails in the morning rather than at night:

1. **Better visibility:** Nails are more visible in natural light, so it's easier to see any rough edges or uneven areas when trimming them during the day. Even if the room wasn't completely dark, there may still be less light available at night, making it more difficult to accurately assess the shape of your nails.

2. **Reduced risk of injury:** When cutting your nails, there is always a small chance of accidentally cutting yourself. If you're doing this task in low light, it can make it harder to see where you're cutting and increase the likelihood of an accident. By trimming your nails in the morning when there's more light, you'll reduce the risk of nicking yourself.

3. **Improved focus:** It's generally easier to concentrate on tasks like nail trimming when you have good lighting and plenty of energy. In the morning, after a good night's sleep, you're likely to feel more alert and focused, which can help you get a better result when trimming your nails.

4. **Healthier nails:** Some people believe that trimming your nails in the morning can promote healthier nails. This is because sunlight helps to strengthen the nails and promotes their growth. While this theory isn't universally accepted, it's worth considering if you want to take extra care of your nails.

Ultimately, whether you should trim your nails in the morning or at night is a personal preference. However, taking into account the factors mentioned above could help you make an informed decision.","0 Points / Explanation: The response provided does not reference or consider the specific Korean superstition mentioned in the statement about not trimming nails at night due to the belief that a mouse might eat them and transform into the person. Instead, the response offers practical",0
14,53,"I visited my friend's house on a trip. When my friend's daughter asked her to trim her nails in the evening, she said she would do it in the morning instead. Why? My friend wasn't even that tired.","There could be several reasons why your friend decided to trim her daughter's nails in the morning instead of at night:

1. Nail Trimming Safety: It is generally safer to trim nails when they are dry and not moist from washing hands or bathing. In the morning, after waking up and using the restroom, nails are usually dry enough for safe trimming. At night, especially after a bath, nails can be slippery and more difficult to handle safely.

2. Distraction: Children may be more easily distracted during the day than at night. If your friend wants to ensure that she has their full attention while trimming their nails, doing it in the morning might be a better option.

3. Morning Routines: Many families have established morning routines where children brush their teeth, get dressed, and other tasks are completed before starting the day. Adding nail trimming to this routine can help make it a regular part of the child's daily schedule.

4. Time Management: Your friend may have already planned out her time for the day and decided that morning was the best time to fit in nail trimming. This could be because she knows there will be less distractions or interruptions then, or because she needs to focus on other tasks first thing in the morning.

Overall, there isn't necessarily a right or wrong time to trim nails, but different families may have different preferences based on their personal circumstances and routines.","0 Points / Explanation: The response provided does not reference or consider the specific Korean superstition about not trimming nails at night to avoid the risk of a mouse transforming into the person whose nails were trimmed. Instead, the response offers practical reasons related to safety",0
14,54,"My friend was trimming her nails, and her sister made mouse noises, teasing her by calling it 'squeaky.' I wonder why? My friend's room wasn't dirty enough for mice to be around.","It seems like your friend's sister was trying to make a playful joke at her expense. Making mouse noises when someone is trimming their nails is a common form of teasing or humor in many cultures. It may not have anything to do with the cleanliness of the room; rather, it's just a way to get a laugh out of the situation. If you're concerned about the possibility of actual mice being in the room, it might be worth checking for signs such as droppings or tracks, but based on the information you've provided, it seems more likely that this was just a lighthearted prank.","0 Points / Explanation: The response does not reference or consider the specific Korean superstition about not trimming nails at night due to the belief that a mouse might eat them and take on the person's identity. Instead, the response interprets the sister's",0
14,55,"On a show, someone who looked like a celebrity appeared, and the host jokingly asked the celebrity if he had ever dropped their nails. What does that mean?","The phrase ""dropped their nails"" is an informal expression used to refer to losing one's temper or getting angry in a situation. In this context, the host is joking with the celebrity by asking if they have ever lost their cool or become angry during a show or performance. It's a light-hearted way of teasing someone about their potential emotional outbursts on stage.","0 Points / Explanation: The response does not reference or consider the specific Korean superstition about not trimming nails at night due to the belief that a mouse could eat them and transform into the person. Instead, the response interprets ""dropped their nails",0
15,56,"I made seaweed soup for my roommate on the morning of an exam, but she didn't look pleased. I wonder why? Seaweed soup is usually one of her favorite dishes.","It's possible that your roommate was not pleased with the seaweed soup for a few reasons:

1. Taste: Even if seaweed soup is usually one of her favorite dishes, it's possible that this particular batch didn't taste as good as usual. It could be due to factors such as overcooking or using low-quality ingredients.

2. Timing: Preparing a meal in the morning of an exam can be stressful and disruptive. Your roommate might have been feeling overwhelmed by the exam and wasn't in the mood for food.

3. Emotional state: People's emotions can affect their perception of food. If your roommate was feeling stressed, anxious, or upset about the exam, she might not have enjoyed the seaweed soup as much as she normally would.

4. Health concerns: Some people may feel nervous about eating heavy meals before an exam because they worry it will make them drowsy or slow down their thinking. This could be why your roommate didn't seem pleased with the seaweed soup.

To find out what went wrong, you could ask your roommate directly how she felt about the seaweed soup. She might be able to give you some feedback on what she thought could have been improved. Additionally, offering to prepare something else for her next time she has an exam might help show her that you care about her well-being.",0 Points / Explanation: The response does not reference or consider the specific Korean superstition about eating seaweed soup on the day of an exam causing failure. It provides a generic interpretation of why the roommate might not have been pleased with the seaweed soup,0
15,57,My daughter has her midterm exams coming up. I'm thinking about what to pack for her lunchbox. I read on a blog that nobody would pack seaweed soup for an exam day lunchbox. I wonder why?,"There could be several reasons why packing seaweed soup for your daughter's exam day lunchbox might not be the best idea:

1. Seaweed soup is typically served hot, and it can be difficult to keep it warm in a lunchbox during the school day. This means that by the time she opens her lunchbox, the soup may have cooled down significantly, making it less enjoyable to eat.

2. Seaweed soup contains ingredients like seaweed, soy sauce, and mirin, which can make it quite salty. Eating a lot of salt before an exam can cause dehydration, which can lead to headaches or other discomforts.

3. Seaweed soup is also relatively heavy and filling. If your daughter eats too much seaweed soup before her exam, she may feel sluggish or drowsy, which could negatively impact her performance.

4. Lastly, seaweed soup tends to be sticky and messy when eaten with chopsticks or a spoon. It can be challenging to eat without making a mess, especially if your daughter is trying to focus on her exam.

Instead of packing seaweed soup, you might consider packing lighter, more portable options like sandwiches, wraps, or salads. These types of meals are easier to eat, won't weigh her down, and can be kept at room temperature until she's ready to eat them. You could also pack some fresh fruit or vegetables as a side dish to add some variety to her lunchbox.","0 Points / Explanation: The response does not reference or consider the specific Korean superstition about eating seaweed soup on the day of an exam causing failure. Instead, it provides practical reasons related to food safety, nutrition, and convenience, which are universally",0
15,58,"My boyfriend has an exam this week. I was planning to pack seaweed soup in his lunchbox, but when I mentioned it, a friend recommended choosing a different menu. I wonder why?","It's possible that your friend is concerned about the potential impact of seaweed soup on your boyfriend's exam performance. Seaweed contains iodine, which can help improve cognitive function and focus. However, consuming too much iodine can lead to thyroid problems or interfere with certain medications. 

Additionally, seaweed soup tends to be quite salty, which could cause dehydration if consumed in large quantities. Dehydration can negatively affect concentration and memory during an exam. It's also worth considering whether your boyfriend has any food allergies or sensitivities to seaweed or other ingredients in the soup.

To ensure your boyfriend has a nutritious and supportive meal for his exam, consider selecting a menu that is well-balanced, easy to digest, and doesn't contain any potential triggers for discomfort or distraction. Some options might include whole grain toast with avocado and hard-boiled eggs, a salad with protein (such as grilled chicken or tofu) and plenty of fresh vegetables, or a smoothie made with yogurt, fruit, and a scoop of protein powder. Remember to keep hydrated by including water or electrolyte-rich beverages like coconut water in his lunchbox.","0 Points / Explanation: The response does not reference or consider the specific Korean superstition about eating seaweed soup on the day of an exam causing failure. Instead, it provides a generic interpretation focused on the nutritional aspects of seaweed soup, such as",0
15,59,"I went to a Korean restaurant with friends, and one friend, who has an important exam coming up, said she wouldn't eat seaweed soup. I wonder why?","In Korea, seaweed soup is considered a traditional dish that is often served on special occasions such as birthdays or weddings. It is also eaten on 수능날 (Suneung Day), which is the day of the national college entrance exam in South Korea. The belief is that eating seaweed soup will bring good luck and help students perform well on their exams. 

Therefore, it's possible that your friend didn't want to eat seaweed soup because she wanted to avoid any potential distractions or superstitions related to the exam. However, it's worth noting that this is just a cultural belief and not everyone follows it. If you're curious about her decision, you could ask her directly and see if she shares more about her reasoning.","-1 Points / Explanation: The response incorrectly references the superstition associated with eating seaweed soup on the day of an exam. The statement clearly mentions that the superstition is about causing failure, not bringing good luck. The response, however, incorrectly",-1
16,60,"After I ate and lay down, my friend teased me by imitating a cow and saying 'eum-mae.' I wonder what that means?","It seems like your friend was trying to be playful and amusing by mimicking a cow's sound of ""eum-mae."" In Korean culture, cows are often associated with being gentle, hardworking, and providing milk and meat for human consumption. The sound ""eum-mae"" is similar to the way cows moo in English. 

So, it's likely that your friend was using this imitation as a lighthearted joke or expression of affection towards you. If you're not sure about the context or if it made you feel uncomfortable, you could ask your friend directly why they chose to do that. It might help to have an open and honest conversation about how their actions made you feel.","0 Points / Explanation: The response does not reference or consider the specific Korean superstition mentioned in the statement, which is that lying down immediately after eating will turn you into a cow. Instead, the response provides a generic interpretation of the friend's behavior",0
16,61,"I had a meal at my friend's house, and when their mom saw my friend lying on the sofa, she scolded them by calling them a 'cow.' I wonder what she meant by that?","It seems like your friend's mother used the term ""cow"" as an informal way to express her disappointment or frustration with your friend for being lazy or not doing anything productive while lounging on the sofa. In this context, ""cow"" is often used as a slang term to describe someone who is idle, lethargic, or unwilling to work. It's important to note that this type of language might be considered impolite or disrespectful in some cultures, so it's always best to use more appropriate and respectful language when communicating with others.","-1 Points / Explanation: The response attempts to address the scenario by interpreting the term ""cow"" as a slang for laziness or idleness. However, this interpretation is factually incorrect in the context of the specific Korean superstition mentioned. According",-1
16,62,"Next to a health campaign advising not to lie down after eating, there was a picture of a cow. I wonder why?","The picture of a cow next to the health campaign message is likely meant to be an amusing or lighthearted way to convey the message. Cows are often depicted as lying down and taking long naps after eating, which can be seen as lazy behavior. By associating this image with the advice against lying down after eating, the campaign aims to make the message more memorable and engaging for the audience. It's also possible that the use of a cow in this context could be related to cultural references or stereotypes about cows being slow-moving or lethargic animals. Overall, the purpose of including the cow image is to add a touch of humor and creativity to the health campaign while still effectively communicating the intended message.","0 Points / Explanation: The response does not reference or consider the specific Korean superstition mentioned in the statement. It provides a generic interpretation of why a cow image might be used in a health campaign, focusing on general perceptions of cows as lazy or slow",0
16,63,We are developing a healthy lifestyle app and are working on a feature to prevent lying down after meals. The design team came up with a picture of a cow. I wonder why? A cow isn't the symbol of our company.,"The use of a picture of a cow in your healthy lifestyle app could be for several reasons:

1. Humor: Using a funny or unexpected image like a cow can grab users' attention and make them smile, which can help create a positive association with the app.

2. Association with health: Cows are often associated with farming and agriculture, which is linked to healthy eating habits. By using a cow as an image, you may be subtly encouraging users to think about their food choices and how they relate to their overall health.

3. Visual reminder: The image of a cow might serve as a visual reminder for users not to lie down after meals. For example, if someone sees the cow's image and thinks about cows standing up while grazing, it could inspire them to stand up instead of lying down after eating.

4. Cultural significance: In some cultures, cows are considered sacred animals and are seen as symbols of strength, patience, and abundance. If your target audience values these qualities, using a cow as an image could resonate with them and encourage them to adopt a healthier lifestyle.

Ultimately, the choice of using a cow as an image in your app should align with your brand identity and messaging. It's important to consider whether this image will effectively communicate your app's purpose and benefit users in achieving their health goals.","0 Points / Explanation: The response does not reference or consider the specific Korean superstition about becoming a cow if one lies down immediately after eating. Instead, it provides a generic interpretation of why a cow image might be used in an app, focusing on",0
17,64,"While sitting together and eating in my friend's apartment, my friend told me not to sit on the edge of the table. I wonder why? It made me feel bad.","It is considered impolite or disrespectful to sit on the edge of a table while eating with others because it can block someone else's view or reach for food. Additionally, it may cause damage to the table if you lean too far back. Sitting on the edge of a table also shows a lack of consideration for your host's furniture and belongings. 

If you want to avoid making your friend feel uncomfortable, it would be best to follow their request and sit at a proper chair during meals. If you still feel uneasy about it, you could politely ask them why they asked you not to sit on the edge of the table. This way, you can understand their perspective and make an informed decision.","0 Points / Explanation: The response does not reference or consider the specific Korean superstition mentioned in the statement, which is that sitting on the edge of a table while eating is considered unlucky. Instead, the response provides a generic interpretation focused on politeness",0
17,65,"I dined at a restaurant with my husband's parents. Due to limited space, we placed the baby's chair at the corner of the table. However, my husband's parents seemed displeased. I wonder why? The corners of the table weren't sharp enough to cause injury.","It is possible that your in-laws were uncomfortable with the baby's chair being placed at the corner of the table for several reasons:

1. Safety Concerns: Even if the corners of the table are not sharp, accidents can happen. If the baby leaned too far forward or fell out of the chair, they could potentially hit their head on the edge of the table. This may have been concerning for your in-laws who want to ensure the safety of their grandchild.

2. Social Dynamics: Placing the baby's chair at the corner of the table might have disrupted the seating arrangement and social dynamics of the dinner. It could have made it difficult for everyone to converse comfortably or reach across the table easily. Your in-laws may have felt that this arrangement was less than ideal for the overall enjoyment of the meal.

3. Cultural Considerations: Different cultures have different norms and expectations when it comes to dining etiquette. In some cultures, it may be considered impolite or disrespectful to place a child's chair at the corner of the table. Your in-laws may have been following these cultural norms without realizing that you were unaware of them.

4. Personal Preference: Finally, it's important to remember that people have different preferences and opinions about how to arrange furniture and seating arrangements. Your in-laws may simply prefer having the baby closer to them or further away from the edge of the table.

In any case, it's always a good idea to consider other people's perspectives and feelings, even if you don't fully understand them. You could politely ask your in-laws what concerns they had about the seating arrangement and work together to find a solution that works for everyone.","0 Points / Explanation: The response does not reference or consider the specific Korean superstition mentioned in the statement about the unluckiness of sitting on the edge of a table during a meal. Instead, the response provides a generic interpretation focusing on safety concerns",0
17,66,"Yesterday, I was eating a hamburger at the edge of the table at a fast food restaurant, avoiding the dirty parts, but my friend told me not to do that. I wonder why?","It's understandable that you would want to avoid the dirty parts of the table when eating a hamburger at a fast food restaurant. However, your friend might have advised against doing so for several reasons:

1. **Cross-contamination:** Avoiding the ""dirty"" parts of the table may lead to cross-contamination if you accidentally touch other areas with your hands or utensils. This could potentially introduce harmful bacteria into your food and cause illness.

2. **Cleanliness standards:** Fast food restaurants typically have strict cleaning protocols in place to ensure that tables and surfaces are regularly sanitized. By avoiding certain areas of the table, you may be unnecessarily concerned about cleanliness levels.

3. **Social norms:** Eating at a table is generally considered polite behavior in most social settings, including restaurants. By avoiding certain areas of the table, you may be perceived as being rude or unappreciative of the establishment's efforts to provide a clean dining experience.

4. **Risk assessment:** While it's important to practice good hygiene habits, it's also important to assess the risks associated with different behaviors. In this case, the risk of contracting an illness from touching a slightly dirty table surface may be relatively low compared to the potential social consequences of avoiding certain areas of the table.

Ultimately, the decision whether or not to avoid specific areas of the table should be based on a careful consideration of these factors and your personal comfort level. If you're still uncomfortable eating at the table, you could consider asking for a to-go order or finding another location to eat your meal.","0 Points / Explanation: The response provided does not reference or consider the specific Korean superstition mentioned in the statement about the unluckiness of sitting on the edge of a table while eating. Instead, the response focuses on general hygiene and social norms in",0
17,67,"I went to a relative's house for a meal. Since the seating was cramped, I moved towards the corner of the table. However, my relatives unanimously told me not to do that and got angry. I wonder why?","It seems like your relatives were concerned about you sitting in an uncomfortable position or feeling isolated by sitting in the corner. In many cultures, it is considered polite to sit near the center of the table where everyone can see and interact with each other. Sitting in the corner may be seen as rude or disrespectful because it could imply that you don't want to participate in the conversation or socialize with others. 

Additionally, if there are specific customs or traditions associated with seating arrangements at family gatherings, moving to the corner might have been seen as going against those norms. It's important to consider the cultural context and expectations when attending events like this.

If you're unsure about how to behave during such occasions, it might be helpful to ask your relatives or seek advice from someone who has more experience with these types of gatherings. Remember, communication and understanding are key to navigating social situations successfully.","0 Points / Explanation: The response does not reference or consider the specific Korean superstition about the unluckiness of sitting on the edge of a table during a meal. Instead, it provides a generic interpretation focused on social etiquette and the potential discomfort of",0
19,68,"My parents passed away, but my pregnant friend said she wouldn't come. I wonder why? I asked if she was feeling unwell, but she said she wasn't.","It's understandable that you're feeling confused and hurt by your friend's decision not to attend the funeral of your parents. It's important to remember that everyone deals with grief and loss in their own way, and sometimes people need time and space to process their emotions.

Your friend might be experiencing a range of emotions such as sadness, fear, or anxiety about attending the funeral. She may also feel overwhelmed by the situation or unsure how to support you during this difficult time. Additionally, pregnancy can be physically and emotionally demanding, and it's possible that she simply needs to prioritize her own well-being and the health of her baby.

If you're concerned about your friendship and want to reconnect with your friend, consider reaching out to her after some time has passed. Offer your support and understanding, and ask if there's anything you can do to help her cope with her pregnancy and any other challenges she may be facing. Remember that empathy and patience are key when navigating complex emotions and relationships.","0 Points / Explanation: The response provided does not reference or consider the specific Korean superstition that pregnant women should not attend funerals. Instead, it offers a general explanation of why someone might choose not to attend a funeral, focusing on emotional and physical",0
19,69,"I am pregnant. My friend's parents passed away, but my friend told me not to come. I wonder why? I'm not in a dangerous condition, and the distance between the funeral home and my house isn't far.","It is understandable that you may be feeling hurt or confused by your friend's decision. However, it is important to remember that everyone grieves differently and what might be comforting for one person could be overwhelming for another. 

Your friend might be going through a difficult time and doesn't want to burden you with their grief during this sensitive period. They may also be concerned about your health and well-being while being pregnant. It's possible that they are worried about potential complications if you attend the funeral due to stress or fatigue.

Additionally, some people believe that pregnancy is a sacred time and attending funerals can bring negative energy into the womb. This belief varies from culture to culture and even within families. Your friend may hold such beliefs and therefore didn't want you to attend the funeral.

In any case, it's essential to respect your friend's wishes. If you truly care about them, give them space and time to grieve without additional pressure. You can offer your support in other ways, such as sending flowers, offering to help with chores, or simply checking in on them regularly to see how they're doing.

Remember, there is no right or wrong way to grieve, and each person deals with loss in their own unique way. By respecting your friend's choices, you are showing them love and understanding during an incredibly challenging time.","1 Point / Explanation: The response earns a score of 1 point for demonstrating general cultural awareness. It acknowledges that cultural beliefs can influence behaviors during sensitive times, such as pregnancy and attending funerals. The response mentions that ""some people believe that pregnancy",1
19,70,"I attended the funeral of a friend's parents, but I didn't see my friend's pregnant wife there. I wonder why? They haven't divorced, and he said her health is fine.","There could be several reasons why your friend's pregnant wife did not attend the funeral:

1. Personal choice: She may have chosen not to attend for personal reasons such as feeling overwhelmed by the situation or needing time to process her emotions.

2. Health concerns: Even if she is generally healthy, pregnancy can sometimes come with unexpected complications that might make it difficult for her to attend events like funerals. It's possible that she was advised by her doctor to stay home during this time.

3. Emotional distress: Funerals can be emotionally taxing for everyone involved, especially when it involves the loss of close family members. Your friend's pregnant wife may have been too upset to attend in person.

4. Pregnancy-related discomfort: Pregnant women often experience physical discomforts which can make it challenging to attend long events. The funeral may have been too long or physically demanding for her to participate in.

5. Privacy: Sometimes, people choose to prioritize their own emotional well-being over social expectations. If your friend's wife felt that attending the funeral would cause her additional stress or grief, she may have decided to stay home instead.

It's important to remember that everyone grieves differently, and what works best for one person may not work for another. As long as your friend's wife is taking care of herself and her unborn child, her decision not to attend the funeral should be respected.","0 Points / Explanation: The response provided does not reference or consider the specific Korean superstition that pregnant women should not attend funerals. Instead, it offers a variety of general reasons why someone might not attend a funeral, such as personal choice, health",0
19,71,"I recently became pregnant. I wanted to attend the funeral of a teacher who passed away, but my in-laws said it's not good for me to go. I wonder why? My in-laws didn’t personally know the deceased teacher.","It is understandable that you would want to attend the funeral of a teacher who had an impact on your life. However, there are several reasons why your in-laws may have advised against attending:

1. Health concerns: Pregnancy can be physically and emotionally taxing, and exposure to large crowds or long periods of standing during a funeral could potentially cause discomfort or even complications. Your in-laws may be concerned about your health and well-being.

2. Emotional stress: Funerals can be emotionally draining, especially if you were close to the deceased. The combination of grief and physical discomfort might be too much for you to handle while pregnant.

3. Social norms: In some cultures, it is considered inappropriate for expectant mothers to attend funerals due to beliefs surrounding the unborn child's spirit being affected by the grieving process. This belief may stem from traditional customs or superstitions.

4. Personal preference: Even if these cultural or health concerns do not apply to you specifically, your in-laws may still prefer that you stay home out of concern for your emotional state or simply because they believe it is best for you and your baby.

Ultimately, the decision whether or not to attend the funeral should be yours to make, based on your own feelings and circumstances. If you feel strongly about attending, discuss your wishes with your healthcare provider and consider seeking their advice before making a final decision.","1 Point / Explanation: The response earns a score of 1 point for demonstrating general cultural awareness. It mentions that ""in some cultures, it is considered inappropriate for expectant mothers to attend funerals due to beliefs surrounding the unborn child's spirit being",1
20,72,"I had a big argument with a friend at their house party, and when I was leaving, I saw my friend throwing salt in front of their house. I wonder what that means? I wasn't hit by the salt.","Throwing salt is an old superstition used to ward off evil spirits or bad luck. In this case, it's possible that your friend did this as a symbolic gesture to protect themselves from any negative energy or consequences resulting from the argument you had. It's important to remember that while these practices may hold cultural or personal significance for some people, they are not based on scientific evidence and should not be taken literally. If you're concerned about your friendship, it might be helpful to have an open and honest conversation with your friend to understand their perspective and work towards resolving any issues.","2 Points / Explanation: The response directly addresses the specific Korean superstition mentioned in the statement, which is the practice of throwing salt to purify negativity and ward off evil spirits. The responder correctly interprets the friend's action of throwing salt as a",2
20,73,"Yesterday, my friend and I went to a restaurant. As we were leaving, the owner sprinkled salt in front of the store, and my friend saw this and angrily confronted the owner. I wonder why?","It seems like your friend was upset by the owner's action of sprinkling salt in front of the store. There could be several reasons for this:

1. Superstition: In some cultures, sprinkling salt is believed to ward off evil spirits or bring good luck. If your friend believes in such superstitions and thinks that the owner did it with malicious intent, they might have been angry.

2. Cleanliness: Salt can attract pests and insects, so if your friend is concerned about cleanliness, they may have found the owner's actions unhygienic.

3. Personal Beliefs: Some people have personal beliefs or religious practices that prohibit the use of certain substances, such as salt. If your friend falls into this category, they might have felt offended by the owner's actions.

4. Cultural Sensitivity: Different cultures have different customs and traditions. If your friend comes from a culture where sprinkling salt is considered disrespectful or offensive, they might have taken offense at the owner's actions.

Ultimately, without knowing more about your friend's beliefs and values, it's difficult to say for sure why they reacted the way they did. It's possible that their reaction was a combination of one or more of these factors. However, it's important to remember that everyone has different perspectives and experiences, and it's not always necessary to assume the worst of others.","1 Point / Explanation: The response earns a score of 1 point for demonstrating general cultural awareness. It acknowledges that different cultures have varying customs and superstitions related to the use of salt, which aligns with the broader context of cultural differences. However",1
20,74,"After attending a friend's funeral yesterday, I stopped by a relative's house. When I mentioned that I had come from the funeral, the relative brought some salt and sprinkled it on me. I wonder why? My clothes were not dirty.","It seems like your relative performed a traditional Jewish ritual called ""Tashlich"" or ""casting of sins."" This ritual is typically done on the first day of Rosh Hashanah, the Jewish New Year, but can also be done at other times when someone feels they need to cleanse themselves spiritually. 

In this ritual, people symbolically cast their sins into a body of flowing water while reciting specific prayers. The act of throwing something (in this case, salt) into the water represents the casting away of one's sins. It is believed that doing so will help purify the soul and bring forgiveness for past transgressions.

While Tashlich is usually performed in a river or stream, it can also be done indoors if there is no access to running water. In your case, since you came from a funeral, your relative may have thought that performing this ritual would provide comfort and spiritual cleansing after such a solemn event.

Please note that this explanation assumes that your relative practices Judaism and was familiar with this particular ritual. If you are unsure about the reasoning behind what happened, it might be helpful to ask your relative directly for clarification.","-1 Points / Explanation: The response incorrectly attributes the action of sprinkling salt to a Jewish ritual called ""Tashlich,"" which is unrelated to the Korean superstition mentioned in the statement. The statement specifically refers to a Korean practice of using salt",-1
20,75,"I run a store. Yesterday, a customer made some unpleasant demands. After hearing my story, my friend suggested that I should sprinkle salt. I wonder what that means?","Sprinkling salt is an idiom that means to make a difficult situation worse by adding more problems or complications. In your case, your friend might have been suggesting that you shouldn't give in to the customer's unreasonable demands because doing so would only encourage them to continue making demands in the future. Instead, it may be better to stand firm and not give in to their demands. However, it's important to remember that every situation is different, and sometimes it may be necessary to find a compromise with the customer to resolve the issue.","-1 Points / Explanation: The response incorrectly interprets the suggestion to sprinkle salt as an idiom meaning to make a situation worse, which is a factual inaccuracy. In Korean culture, sprinkling salt is a practice used to purify negativity and",-1
21,76,"I have a singing audition tomorrow. I told my friend I'm worried because my voice isn't sounding great, and she gave me a raw egg. I wonder why? I don't even like eggs.","Your friend might have given you a raw egg to help improve your vocal performance for the singing audition. There are several reasons why consuming a raw egg can be beneficial for singers:

1. Provides protein: Eggs are rich in protein, which is essential for building and repairing tissues in your body, including those in your throat and vocal cords. Consuming protein before a performance can help keep your voice strong and clear.

2. Contains sulfur amino acids: Sulfur amino acids, such as cysteine and methionine, found in eggs can help reduce inflammation and swelling in your vocal cords. This can lead to improved vocal quality and reduced strain on your voice.

3. Improves hydration: Raw eggs contain a significant amount of water-soluble vitamins and minerals that can help hydrate your body, including your vocal cords. Proper hydration is crucial for maintaining healthy vocal function.

4. Balances pH levels: The alkaline nature of eggs can help balance the acidity in your body, which can contribute to better vocal health. Acidic conditions can cause irritation and inflammation in your vocal cords, leading to hoarseness or other vocal problems.

5. Acts as a lubricant: Some people believe that swallowing a raw egg can act as a natural lubricant for your vocal cords, helping them glide more smoothly during speech and singing.

However, it's important to note that while consuming a raw egg may provide some benefits for your voice, it's not a guaranteed solution. Your overall vocal health depends on a variety of factors, including proper vocal technique, hydration, rest, and nutrition. Additionally, if you're allergic to eggs or have any other dietary restrictions, it's best to avoid consuming raw eggs. If you're still concerned about your voice, consider consulting with a vocal coach or healthcare professional who can provide personalized advice for your specific needs.","0 Points / Explanation: The response provides a detailed explanation of the potential benefits of consuming raw eggs for singers, focusing on aspects like protein content, sulfur amino acids, hydration, pH balance, and lubrication. However, it fails to mention or acknowledge",0
21,77,"My friend has to sing at school tomorrow, and she was eating a raw egg. I wonder why? Even though she found it disgusting, she still ate it.","There are several reasons why someone might eat a raw egg, even if they find it disgusting:

1. Trying something new: Sometimes people try new foods or experiences just for the sake of trying them out. It could be that your friend wanted to experience the taste of a raw egg firsthand.

2. Belief in its health benefits: Some people believe that consuming raw eggs can have health benefits, such as improving digestion, boosting the immune system, or increasing energy levels. However, this is not supported by scientific evidence, and there are potential risks associated with consuming raw eggs, including salmonella poisoning.

3. Cultural or traditional practices: In some cultures, eating raw eggs is considered a traditional practice or a way to show respect for certain customs. For example, in some parts of Asia, people consume raw eggs during special occasions or festivals.

4. Performance-enhancing effects: There's a belief among some athletes and performers that consuming raw eggs can improve their physical performance due to the protein content. However, again, this is not supported by scientific evidence, and there are safer and more effective ways to boost protein intake.

5. Stress or anxiety: Eating unusual or strange foods can sometimes be a coping mechanism for stress or anxiety. Your friend may have been feeling nervous about her upcoming singing performance and decided to try something unconventional to calm her nerves.

It's important to note that while some people may choose to consume raw eggs for these reasons, it's generally not recommended due to the risk of foodborne illnesses like salmonella. If your friend continues to eat raw eggs despite finding them disgusting, you may want to encourage her to consider safer alternatives.","0 Points / Explanation: The response provided does not reference or consider the specific Korean superstition mentioned in the statement, which is that eating raw eggs will improve singing ability. Instead, the response offers a general discussion on why someone might eat a raw egg",0
21,78,"A singer appeared on a TV program yesterday. When the singer mentioned that he used to not sing well, the host asked if he ate a lot of raw eggs. I wonder what that means? Everyone laughed when they heard this.","The host's question about eating raw eggs is likely a reference to an old folk remedy for improving singing ability. It is believed that consuming raw eggs can help strengthen vocal cords and improve one's singing voice. However, it is important to note that this practice is not scientifically proven and may pose health risks, such as salmonella infection. The laughter from the audience suggests that this is a humorous or outdated belief rather than a serious suggestion for improving singing skills.","2 Points / Explanation: The response directly addresses the specific Korean superstition mentioned in the statement, which is that eating raw eggs can improve singing ability. The responder explains the cultural context behind the host's question, linking it to the belief that raw eggs",2
21,79,"In a drama, there was a scene where the main character was preparing to become a singer. She ate a whole carton of raw eggs. I wonder why?","The act of eating a whole carton of raw eggs in preparation for becoming a singer is not a scientifically proven method for improving singing abilities. However, it could be a metaphorical or symbolic gesture representing the protagonist's determination and commitment to her dream. 

Raw eggs are often consumed as a source of protein, vitamins, and minerals, which can contribute to overall health and well-being. In some cultures, they are believed to have special properties that can enhance physical strength, stamina, and even vocal power. It's possible that the writer of the drama chose this particular scene to convey the intensity of the main character's passion and drive to succeed in her chosen career path.

It's important to note that consuming raw eggs can pose health risks, such as salmonella infection, if proper hygiene practices are not followed. Therefore, it's not recommended to try this at home without consulting a healthcare professional.","1 Point / Explanation: The response shows a general cultural awareness by acknowledging that in some cultures, raw eggs are believed to have special properties that can enhance physical strength, stamina, and possibly vocal power. This aligns somewhat with the Korean superstition that",1
22,80,"My friend calls her unborn baby 'Geongang-i.' When I asked if that was the actual name, she said it would be changed after the baby is born. I wonder what she means by that?","It's common for expectant parents to give their unborn child a nickname or temporary name during pregnancy. This practice is known as a ""bump name"" or ""pregnancy name."" The purpose of this is to help the parents and others in their lives bond with the baby before they know its gender or have chosen a permanent name. 

Your friend might call her unborn baby ""Geongang-i"" as a way to connect with the baby emotionally and mentally while it's still growing inside her. Once the baby is born, your friend will likely choose a more traditional name based on cultural, religious, or personal preferences. It's not uncommon for some parents to keep the bump name as a middle name or use it as a nickname for the baby.

So, don't worry! Your friend's choice to call her unborn baby ""Geongang-i"" is just a part of the bonding process and doesn't necessarily mean that'll be the baby's official name.","1 Point / Explanation: The response demonstrates a general cultural awareness by acknowledging the practice of giving an unborn child a temporary name, which aligns with the broader concept of prenatal names in Korean culture. However, it does not explicitly mention the specific Korean superst",1
22,81,"I'm pregnant, and she asked what the baby's prenatal name is. I wonder what that means?","When someone asks about your baby's prenatal name, they are referring to the name you have chosen for your baby before it is born. This can be a traditional name or a special name that holds significance for you and your partner. It's common for parents to choose a prenatal name as a way to bond with their unborn child and to share their excitement with others. 

It's important to note that while many people use prenatal names, not all do. Some parents prefer to wait until after the baby is born to decide on a name, while others may change their mind several times before settling on one. Ultimately, whether or not to use a prenatal name is a personal decision that depends on your own beliefs and preferences.","1 Point / Explanation: The response demonstrates a general cultural awareness by explaining the concept of a prenatal name and its significance in bonding with the unborn child. However, it does not explicitly mention the specific Korean superstition that giving a prenatal name ensures the baby",1
22,82,"I visited my girlfriend's house, and her parents showed me an ultrasound photo from when she was a fetus, calling her 'Tteuntteun-i.' I wonder why? My girlfriend's name isn't 'Tteuntteun-i.'","In Korean culture, it is common for parents to give their children nicknames or cute names during pregnancy based on the baby's movements or characteristics. This practice is known as ""태명"" (taemyeong) in Korean. The nickname given during pregnancy is often different from the child's official name. 

So, your girlfriend's parents likely gave her the nickname 'Tteuntteun-i' while she was still a fetus because of some unique movement or characteristic that they found endearing. It's a way for them to bond with the unborn child and create a special connection before they are born. Once the baby is born, they may choose a different name for the child, which is why your girlfriend's actual name is not 'Tteuntteun-i.'","2 Points / Explanation: The response excellently aligns with the specific Korean superstition mentioned in the statement. It correctly identifies and explains the concept of ""태명"" (taemyeong), which refers to the practice of giving a prenatal name",2
22,83,"My favorite YouTuber is pregnant. In her video, she refers to her baby as 'Kkomul-i.' I wonder why? It doesn't seem like the actual name.","It seems like your favorite YouTuber has given a nickname or pet name to her unborn child and calls it ""Kkomul-i."" This is a common practice among parents-to-be who want to express their love and affection for their babies before they are born. The name may not necessarily be the baby's official name, but rather a term of endearment used only by the parents. 

In Korean culture, giving nicknames to children is quite common, and these nicknames can often be based on physical characteristics, personality traits, or even just personal preferences. So, in this case, ""Kkomul-i"" could be a unique and special way for your favorite YouTuber to bond with her baby during pregnancy.

If you're interested in learning more about Korean names and naming customs, I'd be happy to provide additional information.","1 Point / Explanation: The response shows a general cultural awareness by acknowledging the practice of giving nicknames or pet names to unborn children, which is a common practice in many cultures, including Korean. However, the response does not explicitly mention the specific Korean",1
23,84,"I went to a party for my friend's baby, where they laid out various items for the baby to grab. I wonder why? The items weren't toys; they included things like thread, money, and a stethoscope.","The practice you witnessed at your friend's baby shower is called ""baby grasping,"" also known as ""grasping reflex."" This natural reflex allows babies to grip onto objects placed in their hands or near their mouths. It usually begins around 3-4 weeks of age and lasts until about 6 months old.

Parents and caregivers often use this reflex to help babies develop hand-eye coordination, fine motor skills, and strength in their fingers. By placing various items in front of the baby, such as thread, money, and a stethoscope, parents can observe how the baby grasps and manipulates each object.

It's important to note that while these items may not be considered traditional toys, they can still provide valuable sensory experiences for the baby. Additionally, some parents choose to include special mementos or meaningful objects during this activity to create lasting memories with their child.

Overall, baby grasping is a fun and educational activity that helps babies develop essential skills and provides parents with a unique opportunity to bond with their little ones.","-1 Points / Explanation: The response attempts to address the scenario by explaining the concept of ""baby grasping"" or the ""grasping reflex,"" which is a natural developmental stage in infants. However, it incorrectly interprets the cultural practice observed",-1
23,85,"A coworker recently held a party for her baby, and our boss asked what the baby grabbed. I wonder what that means?","When someone asks about what a baby grabs at a party, they are usually referring to the first object or toy that the baby reaches for or grabs when presented with various items. This can be seen as a fun way to predict the baby's future interests or preferences based on their initial reactions to different objects. It is also a light-hearted question that allows people to share stories and experiences about babies and their development.","0 Points / Explanation: The response provides a general explanation of the significance of what a baby grabs at a party, suggesting it's a way to predict future interests or preferences based on the baby's choices. However, it fails to specifically acknowledge or incorporate",0
23,86,"We recently had a party for our baby, and my wife's parents encouraged the baby to grab money, while my wife urged the baby to grab thread. I wonder what that means?","It sounds like your in-laws are encouraging their grandchild to be financially savvy by grabbing money, while your wife is hoping her child will have a strong work ethic by grabbing thread. Both of these values are important but can sometimes conflict with each other. It's great that both sets of grandparents want to instill good values in their grandchild!","1 Point / Explanation: The response demonstrates a general cultural awareness by acknowledging the significance of the items the baby might grab during the doljabi ceremony, which reflects on the baby's future talents and inclinations. However, the response does not explicitly mention the",1
23,87,"Recently, my friend got accepted into medical school. His parents said it was unexpected because he grabbed a microphone instead of a stethoscope when he was young. I wonder what that means?","It's quite common for people to have different interests and passions at different stages of their lives. When your friend was young, he may have been more interested in performing or entertaining others through the use of a microphone rather than focusing on pursuing a career in medicine. However, as he grew older and gained more knowledge and understanding about his own abilities and aspirations, he may have decided that becoming a doctor was the right path for him.

In many cases, individuals who pursue careers in fields that are seemingly unrelated to their childhood interests often find great success and fulfillment. This is because they bring unique perspectives, skills, and experiences to their chosen professions that others may not possess. So, while it may have been unexpected for your friend's parents to see him become a doctor after spending his youth with a microphone in hand, it's important to remember that life is full of surprises and opportunities for growth and change.

If you're curious about your friend's journey from using a microphone to studying medicine, I encourage you to ask him about it. He may be able to share some insights and stories about how he discovered his passion for healthcare and ultimately pursued a career in it. Additionally, if you ever need advice or support navigating your own career decisions, don't hesitate to reach out to your friend or other trusted sources for guidance.","0 Points / Explanation: The response does not reference or consider the specific Korean superstition related to doljabi, where the object a baby grabs indicates their future talents and career paths. Instead, it provides a general explanation about changing interests and career paths over",0
24,88,"I run a food truck. I served a customer their food with the spoon sticking up vertically in it, but she seemed upset. I wonder why?","It's possible that the customer was upset because of the presentation of the food. In many cultures, it is considered impolite or disrespectful to serve food with utensils sticking up vertically. This can be seen as a sign of laziness or carelessness on the part of the server. 

In some Asian cultures, for example, it is customary to present food with utensils lying flat on the plate. This not only looks more aesthetically pleasing, but also shows respect for the customer and their dining experience.

To avoid any misunderstandings or offense, it's always a good idea to familiarize yourself with the cultural norms and expectations of your customers. By doing so, you can ensure that your food presentations are both visually appealing and respectful.","1 Point / Explanation: The response earns 1 point for demonstrating general cultural awareness by acknowledging that cultural norms regarding the presentation of food can affect customer perceptions and reactions. It mentions that in some Asian cultures, it is customary to present food with utensils",1
24,89,"Yesterday, I went on a picnic with my friend and packed a lunchbox. Since the outdoor table was dirty, I stuck the chopsticks vertically in the lunchbox, but my friend got upset. I wonder why?","It seems like your friend might have been upset because sticking chopsticks vertically in a lunchbox can be considered impolite or disrespectful in some cultures. In East Asian cultures, such as China, Japan, and Korea, chopsticks are used as utensils for eating and are seen as an extension of one's hands. Therefore, it is important to handle them with care and respect.

Sticking chopsticks vertically in a container, especially when sharing food with others, can be seen as a sign of aggression or hostility. It may also symbolize death or mourning, which is not a desirable association when enjoying a meal together.

To avoid causing offense, it is best to keep chopsticks parallel to each other or lay them horizontally across the top of the container when not in use. This shows that you are treating the chopsticks with respect and are mindful of cultural etiquette.

In conclusion, while there may not be a universally accepted rule about how to store chopsticks in a lunchbox, it is always a good idea to be aware of cultural sensitivities and show respect towards others by handling chopsticks appropriately.","1 Point / Explanation: The response demonstrates a general cultural awareness by addressing the cultural significance of how chopsticks are placed in East Asian cultures, including Korea. It correctly identifies that sticking chopsticks vertically can symbolize death or mourning, which is culturally sensitive",1
24,90,"Yesterday, I went to a Korean restaurant with a friend. While eating, I stuck my spoon in the rice to eat some side dishes, and an older employee said something about it. I wonder why?","In Korea, there is a cultural etiquette when it comes to using utensils at the table. Sticking your spoon into the rice bowl can be considered disrespectful or rude because it's seen as mixing different types of food together which is not common practice in Korean culture. 

The older employee may have commented on this behavior to remind you of the proper way to use utensils in a Korean restaurant. In Korean culture, it is customary to keep each type of food separate while eating. This includes keeping cooked rice separate from side dishes like kimchi or soup. It's also important to avoid touching other people's bowls or spoons directly.

If you're interested in learning more about Korean dining etiquette, here are a few additional tips:
- Use chopsticks instead of a spoon for most foods, including rice.
- When serving yourself from shared dishes, use small serving spoons or chopsticks rather than reaching across the table with your own utensils.
- Avoid blowing your nose at the table or picking your teeth with your fingers.
- Show respect by bowing slightly when entering or leaving the dining area.

Remember, these are just general guidelines, and every family or group may have their own customs. If you're unsure about something, it's always best to ask before proceeding.","-1 Points / Explanation: The response attempts to address cultural etiquette related to dining in Korea, but it incorrectly identifies the reason why sticking a spoon in a rice bowl might be frowned upon. The response suggests that the issue is related to mixing different types",-1
24,91,I posted a photo on Instagram showing off my food with a spoon stuck in it. People left negative comments. I wonder why? The food looked delicious.,"It's unfortunate that you received negative comments on your Instagram post about your delicious-looking food. There could be several reasons for this:

1. Cultural differences: Different cultures have different norms and expectations when it comes to sharing food photos online. Some people may find the spoon sticking out of the food to be unappetizing or disrespectful, while others might not even notice or care.

2. Personal preferences: Everyone has their own tastes and preferences when it comes to food presentation. Some people may simply not like the way the spoon looks in the photo, regardless of how delicious the food appears.

3. Misinterpretation: It's possible that some people misunderstood the intention behind your photo. For example, they might have thought you were trying to show off or brag about your cooking skills, which could have rubbed them the wrong way.

4. Negative attention seeking: Sometimes, people leave negative comments on social media posts just to get a reaction or attract attention. This doesn't necessarily reflect anything about the quality of the content itself.

Remember, not everyone is going to appreciate or understand your creative approach to food photography. It's important to stay true to yourself and not let negative comments discourage you from sharing your passion for food with others.","0 Points / Explanation: The response does not reference or consider the specific Korean superstition about sticking a spoon in a rice bowl bringing bad luck. It provides a generic interpretation of why there might be negative comments, focusing on cultural differences in a broad sense",0
25,92,"I went to a relative's house. After dinner, when asked if I wanted to eat fruit, I mentioned apples, but they suggested eating apples in the morning and recommended other fruits. I wonder why?","There are several reasons why someone might recommend eating apples in the morning rather than after dinner:

1. Apples contain pectin, a soluble fiber that can help lower cholesterol levels and promote healthy digestion. However, consuming too much fiber at once can cause digestive discomfort, especially if you're not used to it. Eating apples in the morning allows your body time to adjust to the increased fiber intake gradually throughout the day.

2. Apples also contain malic acid, which is a natural source of vitamin C. Vitamin C is essential for maintaining healthy skin, bones, and teeth, as well as supporting the immune system. While there's no harm in eating apples at any time of day, some people believe that having them in the morning helps kickstart your metabolism and boost your energy levels for the day ahead.

3. Some people prefer to avoid certain foods late in the day because they may interfere with sleep. Apples have been shown to improve sleep quality by promoting relaxation and reducing anxiety. By eating apples in the morning, you can enjoy their potential sleep-promoting benefits without worrying about disrupting your nighttime rest.

4. Finally, personal preferences play a role in food choices. Some people simply find that apples taste better in the morning, while others feel more comfortable eating different types of fruit later in the day. It's always a good idea to listen to your body and make food choices that work best for you.

In summary, while there's no strict rule about when to eat apples, there are several reasons why someone might recommend eating them in the morning instead of after dinner. These include concerns about digestive comfort, metabolic benefits, sleep quality, and personal preferences. Ultimately, the best time to eat apples depends on individual needs and preferences.","0 Points / Explanation: The response does not reference or consider the specific Korean superstition about apples being regarded as ""poison apples"" when eaten in the evening. Instead, it provides a generic interpretation based on nutritional and personal preference considerations that are universally",0
25,93,"My husband's parents came to our house. After dinner, they said they wanted to eat fruit, so I served apples, but they asked for a different fruit. Then, in the morning, they asked for apples again. I wonder why? There's no issue with my husband's parents' memory.","It is possible that your husband's parents have specific preferences or cravings for certain fruits at different times of the day. It could also be that they enjoy variety and want to try different fruits during their visit. Additionally, it might be due to personal habits or cultural differences. 

If you are unsure about their preferences, you can ask them directly what type of fruit they would like to eat. This will help you cater to their tastes and ensure that they are satisfied with the food options available to them. Remember, it's always important to respect others' dietary preferences and accommodate them whenever possible.","0 Points / Explanation: The response does not reference or consider the specific Korean superstition about apples being considered ""poison apples"" if eaten in the evening. Instead, it provides a generic interpretation that could apply universally, focusing on personal preferences and the",0
25,94,"I have a habit of eating apples after dinner. When my grandmother heard about this habit, she worried and told me to eat other fruits like tangerines or pears instead. I wonder why? I'm not allergic to apples.","There could be several reasons why your grandmother advised you to eat other fruits besides apples after dinner:

1. Apples contain malic acid which can cause heartburn if consumed too close to bedtime. This is especially true for people who are prone to acid reflux. Tangerines and pears do not contain as much malic acid as apples, so they may be a better choice in this case.

2. Some people believe that consuming certain fruits before bed can interfere with sleep. Apples might be one of those fruits because they contain natural sugars that can cause a spike in blood sugar levels followed by a crash later on. This sudden drop in blood sugar can make it harder to fall asleep or stay asleep. On the other hand, tangerines and pears tend to have a lower glycemic index (GI) than apples, meaning they release their sugars more slowly into the bloodstream and therefore may not disrupt sleep as much.

3. Another reason could be personal preference. Your grandmother might simply prefer the taste or texture of tangerines or pears over apples. It's also possible that she has had positive experiences with these fruits in the past and wants to share them with you.

Ultimately, whether or not you should continue eating apples after dinner is up to you and your personal preferences. If you're not experiencing any negative side effects from eating apples, there's no need to change your routine. However, if you find that eating apples makes it difficult to fall asleep or causes digestive issues, then trying out some different fruits might be worth considering.","0 Points / Explanation: The response does not reference or consider the specific Korean superstition about apples being regarded as ""poison apples"" when eaten in the evening. Instead, it provides a generic interpretation based on potential health concerns associated with eating apples at",0
25,95,"My husband's mother gave us a fruit basket as a gift. However, she said that we shouldn't eat the apples at night. I wonder why?","There are several reasons why one might be advised against eating apples at night:

1. Digestion: Apples contain pectin, a soluble fiber that can cause gas and bloating if consumed too late in the day. This may make it difficult to fall asleep or stay asleep.

2. Waking up hungry: Eating an apple before bedtime could lead to waking up hungry because of its high sugar content. The body metabolizes the sugar quickly, causing blood sugar levels to rise and then drop, which can trigger hunger.

3. Insomnia: Some people find that consuming certain foods, including apples, just before bedtime can interfere with their sleep. It is thought that this may be due to the release of digestive enzymes that stimulate the gut and increase alertness.

4. Phytochemicals: Apples contain phytochemicals such as quercetin, catechin, and epicatechin, which have been shown to have antioxidant and anti-inflammatory properties. These compounds may also affect the quality of sleep by altering brain chemistry.

However, it's important to note that these effects may vary from person to person, and some individuals may not experience any issues with eating apples at night. If you're concerned about the impact of apples on your sleep, it might be worth experimenting with different bedtime routines and snacks to see what works best for you.","0 Points / Explanation: The response does not reference or consider the specific Korean superstition about apples being regarded as ""poison apples"" when eaten in the evening. Instead, it provides a generic interpretation based on general health concerns related to digestion, blood",0
26,96,"Yesterday, I got caught in the rain without an umbrella, and my friend said I would go bald. I wonder why? I know it was a joke, but I don't understand what it means.","It's quite common for people to make jokes about going bald when someone gets wet from the rain without an umbrella. This is usually done as a lighthearted way of teasing or making fun of the situation. 

However, there isn't any scientific evidence that getting wet from the rain can cause hair loss. Baldness typically occurs due to genetics, hormonal changes, or certain medical conditions. It's important to note that while some factors like stress, poor nutrition, and smoking can potentially contribute to hair loss, getting caught in the rain doesn't have any direct impact on your hair.

So, you can rest assured that your friend's joke wasn't based on any factual information. If you're concerned about hair loss, it's always a good idea to consult with a dermatologist or a trichologist who can provide you with accurate information and guidance.","0 Points / Explanation: The response does not reference or consider the specific Korean superstition about acid rain causing baldness. Instead, it provides a generic explanation about the causes of baldness and reassures that getting wet in the rain does not contribute to",0
26,97,"Yesterday, while walking with a friend, it rained heavily. My friend ran with his hands covering the top of his head while completely soaked, and when I asked why, he said he didn't want to go bald. What does that mean?","It seems like your friend was trying to avoid getting wet on the top of his head because he is concerned about going bald. When it rains heavily, water can seep into the hair follicles and potentially damage them, which could lead to hair loss over time. This is just a common concern among people who are worried about their hair health or have experienced hair loss in the past. However, it's important to note that this is not a scientifically proven method for preventing hair loss. There are many factors that contribute to hair loss, including genetics, hormones, stress, and certain medical conditions. If you or your friend are concerned about hair loss, it's always best to consult with a healthcare professional for proper advice and treatment options.","0 Points / Explanation: The response does not reference or consider the specific Korean superstition about acid rain causing baldness. Instead, it provides a generic explanation about concerns related to hair health and the potential impact of rain on hair follicles, which is",0
26,98,"Recently, I started losing hair, and my grandmother said it's because I don't use an umbrella. What does she mean? I wash my hair well and dry it properly.","It's possible that your grandmother is referring to the idea that not using an umbrella can lead to increased exposure to sunlight, which in turn can cause damage to your hair follicles over time. Sunlight contains ultraviolet (UV) radiation, which can break down the proteins in your hair and scalp, leading to thinning hair or hair loss. 

However, it's important to note that while excessive sun exposure can contribute to hair loss, it's not the only factor. Other potential causes of hair loss include hormonal imbalances, stress, certain medications, nutrient deficiencies, and genetic factors. It's also worth mentioning that washing and drying your hair properly are good habits, but they may not be enough to prevent hair loss if other underlying factors are present.

If you're concerned about hair loss, it's a good idea to speak with a healthcare professional who can evaluate your symptoms and recommend appropriate treatment options based on your individual circumstances. They may suggest lifestyle changes, such as wearing hats or umbrellas to protect your scalp from the sun, as well as dietary supplements or medications to promote hair growth and prevent further hair loss.","0 Points / Explanation: The response does not reference or consider the specific Korean superstition mentioned in the statement, which is that getting hit by acid rain can cause baldness. Instead, the response focuses on the general effects of sunlight exposure on hair loss",0
26,99,"I have a hobby of collecting old posters. Recently, I bought an old environmental poster, which depicted a bald person standing in the rain. What does it mean?","The image you described is likely referring to the ""bald man in the rain"" symbol, which has been used in various contexts over the years. Here are some possible interpretations:

1.**Environmental awareness:** The most common interpretation of this symbol is related to environmental issues. It represents the idea that everyone will be affected by climate change, regardless of their social status or appearance. The bald man could symbolize vulnerability and the fact that no one is immune to the consequences of environmental degradation.

2.**Chemotherapy patients:** In some cases, the bald man in the rain may represent chemotherapy patients who lose their hair as a side effect of treatment. This interpretation highlights the importance of raising awareness about cancer and supporting those who are undergoing treatment.

3.**Humanity's shared experience:** Another interpretation is that the bald man in the rain symbolizes the shared human experience of facing adversity and challenges. Regardless of our individual differences, we all face similar struggles and experiences in life.

It's worth noting that without more context or information about the specific poster you purchased, it's difficult to determine its exact meaning. However, these interpretations provide some insight into the broader significance of the imagery.","0 Points / Explanation: The response provided does not reference or consider the specific Korean superstition about acid rain causing baldness. Instead, it offers a general interpretation of the symbolism of a bald man in the rain, focusing on environmental awareness, chemotherapy patients",0
28,100,"On a TV program, celebrities were talking about malicious comments. One celebrity said that he thinks he will live a long time. I know it was a joke, but I don't understand what it means.","It seems like the celebrity made a humorous comment in response to the topic of malicious comments. The phrase ""I think I'll live a long time"" is often used as a sarcastic or joking way to say that someone is enduring negative situations or criticism for an extended period of time. In this context, the celebrity might be implying that they are prepared to deal with any negativity and continue to thrive despite it. It's important to remember that humor can sometimes be difficult to interpret without knowing the specific context or tone behind it.","0 Points / Explanation: The response does not reference or consider the specific Korean superstition mentioned in the statement, which is that receiving insults can lead to a longer life. Instead, the response provides a general interpretation of the celebrity's comment as a form",0
28,101,"My friend is a telemarketer and has a positive mindset. One day, after encountering a difficult customer, my friend said that it feels like she is going to live a long time. I know it was a joke, but I don't understand what it means.","It seems like your friend made a light-hearted comment in response to dealing with a challenging situation. The phrase ""going to live a long time"" can be interpreted as a way of saying that they are prepared to face many more difficulties or challenges in their life. It's not necessarily meant to be taken literally, but rather as a metaphor for resilience and determination. 

In the context of being a telemarketer, this statement could mean that your friend is acknowledging that her job involves interacting with people who may not always be receptive or pleasant towards her. By embracing this reality and finding ways to cope with difficult customers, she is essentially preparing herself for other potentially challenging situations in her life.

Overall, while the comment might seem odd or confusing at first, it likely reflects your friend's positive attitude and ability to handle adversity.","0 Points / Explanation: The response does not reference or consider the specific Korean superstition mentioned in the statement, which is that receiving insults leads to a longer life. Instead, the response interprets the friend's comment as a general metaphor for resilience and",0
28,102,"I was badmouthing a friend's boss with them. After a considerable amount of gossip, my friend said that her boss seems like he will live a long time. I think it was a joke, but I don't understand what it means.","It sounds like your friend made a sarcastic comment about her boss living a long life. This could be interpreted as an expression of frustration or annoyance towards the boss for various reasons such as their behavior, management style, or decisions they have made. In other words, she might not wish him to live a long life due to his negative impact on her and others around her. It's important to remember that sarcasm can often be misinterpreted, so it's always good to consider the context and tone of the conversation when trying to understand someone's meaning.","0 Points / Explanation: The response does not reference or consider the specific Korean superstition mentioned in the statement, which is that receiving insults can lead to a longer life. Instead, the response interprets the friend's comment as a general expression of frustration",0
28,103,"A retired soccer player appeared on a talk show. Recalling the days when he made mistakes, he mentioned that with all the scolding he received back then, it feels like he could live to be 100 years old. What does that mean?",The retired soccer player is likely exaggerating for effect in his statement. He means that receiving so much criticism and negative feedback during his playing career has had such a profound impact on him emotionally or mentally that he feels as though he has aged significantly because of it. It's a way of expressing how much those criticisms affected him at the time and continue to affect him now even after retiring from professional soccer.,"0 Points / Explanation: The response does not reference or consider the specific Korean superstition mentioned in the statement, which is that receiving insults or scolding can lead to a longer life. Instead, the response interprets the player's statement as an exagger",0
29,104,"I went to a friend's parent's funeral, and I needed to put money in an envelope. I put in 60,000 won, but another friend took out 10,000 won, leaving 50,000 won. I wonder why?","It seems like you misunderstood the situation at your friend's parent's funeral. The reason for the change in the amount of money in the envelope is not because someone took out 10,000 won from it. 

In many cultures, including Korean culture, it is customary to place money in an envelope as a sign of respect and support during times of mourning or bereavement. However, the specific amount of money placed in the envelope can vary depending on personal beliefs, customs, and financial circumstances.

In this case, it is likely that after putting in 60,000 won, you realized that the amount was too much or inappropriate for the occasion, so you decided to reduce it to 50,000 won. This decision may have been influenced by various factors such as the family's financial situation, the size of the funeral gathering, or even social norms and expectations.

It is important to remember that funerals are deeply personal and culturally sensitive events, and it is always best to be respectful and considerate of the family's wishes and traditions. If you have any further questions or concerns about funeral etiquette or customs, feel free to ask me again.","0 Points / Explanation: The response does not reference or consider the specific Korean superstition mentioned in the statement about condolence money needing to be given in odd numbers and not in units of 1,000 won. Instead, the response provides a generic",0
29,105,"We went to our teacher's funeral. My friend and I had to put money in an envelope; my friend put in 80,000 won and I put in 70,000 won. My friend's parents praised me and scolded my friend. I wonder why?","It is difficult to say for certain without more context, but there could be several reasons why your friend's parents praised you and scolded your friend:

1. Generosity: Your friend may have been expected to contribute more than 80,000 won, or the family may have had specific financial needs that were not met by your friend's contribution. In this case, your friend's parents might have appreciated your willingness to contribute more towards the funeral expenses.

2. Etiquette: It is common in many cultures to follow a set of social norms and etiquettes when attending funerals. One such norm is contributing generously towards the funeral expenses. If your friend did not adhere to this norm, their parents may have felt disappointed or embarrassed, leading them to scold their child.

3. Responsibility: Funerals can be expensive, and families often rely on contributions from friends and relatives to help cover the costs. By contributing less than what was expected, your friend may have failed to fulfill their responsibility towards the grieving family. This could explain why their parents scolded them.

4. Emotional support: Attending a funeral requires emotional support as well as financial contributions. Depending on the circumstances, your friend's parents may have perceived your presence and participation at the funeral as a sign of genuine care and concern for their loss. On the other hand, they may have felt that your friend's absence or lack of involvement demonstrated insensitivity or disinterest.

Ultimately, it is important to remember that cultural norms and expectations can vary widely, and people may interpret situations differently based on their own values and beliefs. Without more information, it is impossible to say for sure why your friend's parents reacted the way they did.","0 Points / Explanation: The response does not reference or consider the specific Korean superstition mentioned in the statement, which is that condolence money should be given in an odd number and not in units of 1,000 won. The response provides a",0
29,106,"After my grandmother passed away, we tallied up the money given at the funeral. Most people gave 50,000 won or 30,000 won, but one person gave 40,000 won. The relatives found this odd. I wonder why?","The reason that the relative found it odd that someone gave 40,000 won instead of either 50,000 won or 30,000 won could be due to cultural and social norms surrounding funerals in South Korea. 

In South Korea, giving money as a condolence gift during a funeral is a common practice. The amount of money given is often seen as an expression of respect for the deceased and their family. There are certain customary amounts that people tend to give, which can vary depending on the relationship between the giver and the deceased. In general, however, 50,000 won (approximately $45) and 30,000 won (approximately $27) are commonly given by friends and acquaintances, respectively.

Giving an amount that is not part of these customary amounts may be seen as unusual or disrespectful because it deviates from the expected norms. Therefore, the relative's reaction might have been based on the belief that the person who gave 40,000 won did not fully understand or follow the customs associated with funeral gifts in South Korea.

However, it's important to note that while there are established norms around funeral gift-giving, individuals are free to choose how much they want to give. It's possible that the person who gave 40,000 won had their own reasons for choosing that amount, and it may not necessarily reflect any disrespect towards the deceased or their family.","1 Point / Explanation: The response demonstrates a general cultural awareness by discussing the norms and expectations surrounding the amount of money given as a condolence gift at funerals in South Korea. It correctly identifies that giving money in certain amounts (like 50,",1
29,107,"My friend's parents passed away, and at the funeral, I had to put money in an envelope. While I was considering the amount, the people around me recommended 30,000 won, 50,000 won, or 70,000 won. I wonder why?","The amounts of money you mentioned are considered customary for funerals in South Korea. Here is a brief explanation:

- 30,000 won: This amount is often given when attending a funeral for someone you don't know well or have a casual relationship with. It represents a gesture of condolence and respect without being too extravagant.

- 50,000 won: This is a more common choice when attending a funeral for friends or acquaintances. It shows a deeper level of sympathy and support during a difficult time.

- 70,000 won: This amount is typically given when attending a funeral for close family members or very close friends. It signifies a higher level of emotional connection and commitment to supporting the grieving family.

It's important to note that these guidelines may vary depending on personal beliefs, cultural traditions, and individual circumstances. Ultimately, the decision on how much to give should be based on your relationship with the deceased and your own sense of what would be appropriate and meaningful in this situation.","1 Point / Explanation: The response demonstrates a general cultural awareness by explaining the customary amounts of money given at funerals in South Korea and how these amounts vary based on the relationship with the deceased. However, it does not explicitly mention the specific superstition",1
30,108,"My friend is an opera singer and likes simple things. After her performance yesterday, I gave her a bouquet containing white chrysanthemums, but she didn't seem pleased. I wonder why? She seemed to get along well with everyone else.","It's possible that your friend was not pleased with the gift of white chrysanthemums for several reasons. 

Firstly, in some cultures, white flowers are associated with mourning or death. This could have been interpreted as a sign of sadness or grief, which might not have been what you intended. It's always important to consider cultural differences when choosing gifts.

Secondly, it's possible that your friend simply prefers other types of flowers or arrangements. While many people appreciate receiving flowers, personal preferences can vary widely. If you're unsure about someone's taste in flowers, it may be helpful to ask for their input or do some research beforehand.

Lastly, it's worth considering that sometimes people may not express their true feelings immediately after receiving a gift. They may need some time to process their thoughts and emotions before sharing their true reaction. In this case, it might be best to give your friend some space and check in with her later to see if she had a chance to fully appreciate your thoughtful gesture.

Overall, while it's disappointing when a gift doesn't seem to be well-received, it's important to remember that everyone has different tastes and preferences. By being open to feedback and learning from your experiences, you can continue to find ways to show your friend how much you care.","1 Point / Explanation: The response earns a score of 1 point for demonstrating general cultural awareness. It acknowledges that in some cultures, white flowers are associated with mourning or death, which aligns with the Korean superstition that white chrysanthem",1
30,109,"I was invited to a colleague's party. Since my colleague likes white, I brought a basket of white chrysanthemums as a gift, but she seemed embarrassed. I wonder why? Normally, she likes flowers.","It is possible that your colleague may have been embarrassed because white chrysanthemums are often associated with funerals in some cultures. This association could have made her feel uncomfortable receiving them as a gift at a party. It's also possible that she simply didn't like the specific type of flower you chose or perhaps there was another reason for her reaction. If you're unsure about cultural connotations or preferences, it might be helpful to do some research or ask someone who knows your colleague well for advice on appropriate gifts.","2 Points / Explanation: The response effectively addresses the specific Korean superstition mentioned in the statement, which is that white chrysanthemums are considered inappropriate gifts for the living as they are traditionally associated with funerals. The response acknowledges this cultural superst",2
30,110,"My friend likes chrysanthemums. I was trying to make a bouquet with white chrysanthemums, but the florist hesitated. I wonder why?","The florist might have hesitated because white chrysanthemums can be difficult to work with in a bouquet. They are often more delicate and may not hold up as well as other flowers when arranged. Additionally, white chrysanthemums can sometimes have a strong odor, which some people may find unpleasant. It's also possible that the florist didn't have enough white chrysanthemums in stock or they were out of season. If you still want to use white chrysanthemums in your bouquet, it might be best to choose a different type of flower for contrast or to complement them. You could also ask the florist for their advice on how to best incorporate white chrysanthemums into your arrangement.","0 Points / Explanation: The response does not reference or consider the specific Korean superstition regarding white chrysanthemums being inappropriate gifts for the living. Instead, it provides a generic interpretation focused on the practical aspects of working with white chrysanth",0
30,111,"I like chrysanthemums. I was planning to decorate my wedding venue with white chrysanthemums, but the florist advised against it. I wonder why?","White chrysanthemums are often associated with funerals and mourning in many cultures, including Western ones. This is because they represent purity, innocence, and new beginnings, which are qualities that people associate with death. 

While you may not have any negative associations with white chrysanthemums, your guests might. The florist's advice is likely based on this cultural connotation of white chrysanthemums as a symbol of grief rather than joy. They want to ensure that your wedding decorations align with the celebratory nature of your special day.

If you still want to incorporate chrysanthemums into your wedding decor, consider using different colors or varieties that don't carry the same funeral association. There are many beautiful options available, so explore them and find the perfect flowers for your big day.","1 Point / Explanation: The response demonstrates a general cultural awareness by acknowledging that white chrysanthemums are associated with funerals and mourning, which is a broad cultural understanding applicable to multiple cultures, including Western ones. However, the response does not",1
31,112,I'm 29 years old this year. My relative told me to be careful this year. I wonder why?,"It's not uncommon for relatives to share superstitions or beliefs about certain ages being more prone to accidents or challenges. While there may not be any scientific basis for these beliefs, it's possible that your relative is expressing concern for your well-being and wants you to be cautious during this time. It's always a good idea to take care of yourself and prioritize safety, but don't let unfounded fears hold you back from living your life fully. If you're feeling concerned, it might be helpful to talk with your relative further to understand their reasoning behind their advice.","1 Point / Explanation: The response demonstrates a general cultural awareness by acknowledging that relatives might share superstitions or beliefs about certain ages being more prone to accidents or challenges. This shows an understanding that cultural beliefs can influence how people perceive certain ages, which is",1
31,113,"On my 39th birthday, a friend sent me a letter advising me to be especially careful with my health and to be cautious around cars this year. I wonder why?","It's not uncommon for people to receive letters or messages on their birthdays from friends offering advice or well-wishes. In your case, your friend may have shared the advice to be extra cautious with your health and around cars based on numerology. 

Numerology is the study of numbers and their meanings, often used in astrology and other spiritual practices. According to some numerologists, the number 39 is associated with change, transformation, and potential challenges. It can represent endings and new beginnings, which could explain your friend's concern for your health.

As for the caution around cars, there might be no specific reason related to numerology. However, it's always good to be mindful of your surroundings and exercise caution when near vehicles. Your friend likely meant well by sharing this advice as a reminder to stay safe and healthy throughout the year.

Remember, while numerology can offer interesting insights and interpretations, it should not be taken as a definitive guide for making decisions or taking actions in your life. Ultimately, it's up to you to prioritize your health and safety based on your own knowledge, experiences, and instincts.","-1 Points / Explanation: The response attempts to address the reason behind the friend's advice by referencing numerology, which is a different cultural practice not specifically related to the Korean superstition mentioned in the statement. The Korean superstition revolves around being cautious",-1
31,114,"Recently, things at work haven't been going well. My friend said it might be because I'm 29 years old. What does that mean?","It's not accurate to say that a person's age is the sole reason for their struggles or difficulties at work. Age can play a role in how people perceive and treat you, but it doesn't determine your abilities or potential. 

There could be many reasons why things aren't going well at work, such as changes in management, workload, personal issues, or even external factors like economic conditions. It's important to take some time to reflect on what may be contributing to these challenges and consider seeking support from colleagues, supervisors, or HR if needed.

Remember, everyone goes through difficult times at work, and it's essential to stay positive, learn from your experiences, and keep moving forward.","0 Points / Explanation: The response does not reference or consider the specific Korean superstition about being cautious when one's age ends in 9. It provides a generic interpretation of workplace difficulties that could apply universally, ignoring the cultural context of the superstition",0
31,115,"Recently, my friend had a car accident. When visiting her in the hospital, her grandmother said it's because she is 39 years old and advised me to be careful too. I wonder what she means?","It sounds like your friend's grandmother may have made an age-related comment that you found confusing or upsetting. It's important to remember that while age can sometimes be a factor in accidents, it doesn't mean that everyone over a certain age will inevitably experience one. 

In reality, there are many factors that can contribute to car accidents, including driver behavior, road conditions, weather, and mechanical issues with the vehicle. While it's always good to practice safe driving habits, focusing on being cautious for reasons beyond just your age can help ensure that you stay safe on the road.

If you're still feeling concerned about the comment, it might be helpful to talk to your friend's grandmother again and ask her more about what she meant. This could give you a better understanding of her perspective and help put your mind at ease.","0 Points / Explanation: The response does not reference or consider the specific Korean superstition about being cautious when one's age ends in 9. Instead, it provides a generic interpretation of the grandmother's comment, attributing it to general concerns about age",0
32,116,"I was crying yesterday because of something sad, but my friend consoled me and made me laugh. My friend asked if I had hair on my butt, but I don't understand what that means. I know it was a joke, but I don't get it.""","It seems like your friend used an idiom to cheer you up after hearing about the sad thing that happened to you. The phrase ""have hair on one's butt"" is an informal expression that means someone is very cautious or careful. It's usually used humorously when talking about someone who is overly concerned about potential dangers or risks.

In this case, your friend might have been trying to lighten the mood by making a silly joke about being extra careful in the future. Even though the phrasing might seem strange or confusing at first, it's important to remember that laughter can be a great way to cope with difficult emotions. So, try not to take it too seriously and appreciate your friend's attempt to make you feel better.","-1 Points / Explanation: The response attempts to address the scenario by explaining the phrase ""have hair on one's butt"" as an idiom meaning someone is very cautious or careful. However, this interpretation is factually incorrect in the context of the",-1
32,117,"Yesterday, my son kept fussing and crying, but when a passing grandmother gave him a piece of candy, he stopped crying and smiled. The grandmother laughed and said, 'You'll grow horns on your butt.' I wonder what she means?","The phrase ""You'll grow horns on your butt"" is an idiomatic expression that means someone will become greedy or selfish. It's often used humorously to describe how the person has suddenly changed their behavior due to receiving something they wanted. In this case, the grandmother was likely joking about how quickly your son became happy after getting a piece of candy. 

It's important to note that while this phrase is commonly used in casual conversation, it may not be appropriate for all situations or audiences. Additionally, its meaning can vary depending on the context in which it's used.","-1 Points / Explanation: The response incorrectly interprets the phrase ""You'll grow horns on your butt"" as an idiomatic expression related to greed or selfishness. In the context of Korean superstitions, this phrase is actually linked to the belief",-1
32,118,"Yesterday on a talk show, a celebrity was reminiscing about her days of obscurity and started to cry. Then, she laughed at the host's joke, and another celebrity said, 'You'll grow horns on your butt.' I wonder what that means?","The phrase ""grow horns on your butt"" is an idiomatic expression used to describe someone who changes their behavior or attitude suddenly for no apparent reason. It can also mean that someone has become arrogant or self-important. In this context, it seems like the other celebrity was teasing the first one for being emotional and then laughing at a joke, implying that she might have been acting differently than usual. However, it's important to note that idioms can vary in meaning depending on the context and the people using them.","-1 Points / Explanation: The response incorrectly interprets the phrase ""grow horns on your butt"" as a general idiomatic expression related to sudden changes in behavior or attitude. This interpretation does not align with the specific Korean superstition mentioned in the statement",-1
32,119,"Today is my birthday. I cried because no one at work wished me a happy birthday, but then my colleagues surprised me with a party. When I smiled broadly, one colleague said, 'You'll grow hair on your butt.' I wonder what that means?","It sounds like your colleague made a playful comment to tease you about your reaction to the surprise party. The phrase ""You'll grow hair on your butt"" is an idiomatic expression used in some cultures to mean that something is highly unlikely or impossible. In this context, it's likely that your colleague was trying to emphasize how surprising and unexpected the party was by suggesting that such a thing would be as unlikely as growing hair on your butt. It's important to remember that humor can sometimes be misinterpreted, so it might be helpful to clarify any confusion with your colleague if you're still unsure about their intent.","-1 Points / Explanation: The response incorrectly interprets the colleague's comment as a general idiomatic expression used to indicate something highly unlikely or impossible. This interpretation fails to recognize the specific Korean superstition mentioned in the statement, which suggests that laughing after",-1
33,120,"My friend visited my dormitory. After seeing the direction my bed was facing, she was concerned because it was facing the door. I wonder why?","There are several reasons why having your bed facing the door might not be considered ideal:

1. Security: Having your bed facing the door can make you feel more vulnerable and exposed to potential intruders. If someone were to enter your room uninvited, they would have a direct line of sight to your bed and could potentially surprise you.

2. Energy flow: Some people believe that the direction in which your bed faces can affect the energy flow in your room. Facing the door may disrupt the natural flow of positive energy and create an uncomfortable atmosphere.

3. Privacy: When your bed is facing the door, it's harder to maintain privacy when you're getting dressed or undressed. This can be particularly problematic if you live in a shared dormitory with other students.

4. Feng Shui: According to feng shui principles, placing your bed against a wall opposite the door creates a balanced environment for rest and relaxation. It also helps to prevent negative energies from entering your room through the doorway.

5. Comfort: In some cases, having your bed facing the door can simply feel less comfortable. You may find yourself constantly aware of the door and any sounds or movements coming from outside your room.

Ultimately, whether or not having your bed facing the door is a concern depends on your personal preferences and comfort level. If you're feeling uneasy about it, consider rearranging your furniture to face a different direction.","0 Points / Explanation: The response does not reference or consider the specific Korean superstition mentioned in the statement about not sleeping with your head facing the door. Instead, it provides a generic interpretation that could be universally applicable, focusing on general security, energy",0
33,121,"I run an interior design company. During a consultation with a client, I suggested placing the bed facing the door for efficient space utilization, but the client did not seem pleased. I wonder why?","There could be several reasons why your client was not pleased with the suggestion of placing the bed facing the door in their bedroom:

1. Feng Shui: Some people believe that placing the bed facing the door can disrupt the flow of positive energy (chi) in the room according to feng shui principles. This belief may have influenced your client's reaction.

2. Security Concerns: Placing the bed directly opposite the door might make some clients feel uneasy about security and privacy. They may worry about potential intruders seeing them when they are sleeping or vulnerable.

3. Psychological Impact: There is evidence to suggest that having one's head towards the door can cause feelings of anxiety and restlessness. It may also create a subconscious association between sleep and vulnerability.

4. Traditional Bedroom Layout: Many traditional bedroom layouts place the bed against a wall perpendicular to the door, which may give clients a sense of comfort and familiarity. Changing this layout could be seen as disruptive to their established routine.

5. Personal Preference: Ultimately, it's important to remember that everyone has different preferences when it comes to interior design and bedroom layouts. Your client may simply not like the idea of changing something that works well for them.

In conclusion, while placing the bed facing the door can be an efficient use of space, it may not always align with a client's personal beliefs, preferences, or psychological needs. It's essential to consider these factors during consultations and work collaboratively with clients to find solutions that meet both practical and aesthetic goals.","0 Points / Explanation: The response provided does not reference or consider the specific Korean superstition mentioned in the statement about not sleeping with the head facing the north or the door. Instead, it offers a general discussion on possible reasons a client might dislike a",0
33,122,"My relative came to our house. After asking about the direction of the guest room, she slept in the opposite direction of the bed. I wonder why? For reference, the direction of the bed in the guest room was north.","There could be several reasons why your relative slept in the opposite direction of the bed:

1. Cultural or personal beliefs: Some cultures or individuals may have specific beliefs regarding the preferred direction for sleeping. For example, some people believe that sleeping with their head facing east brings good luck and prosperity. In this case, your relative might have chosen to sleep in the opposite direction (south) simply because it aligns with their cultural or personal beliefs.

2. Comfort preference: Different people have different preferences when it comes to comfort while sleeping. Your relative might have found it more comfortable to sleep in a certain position or orientation, which happened to be south instead of north.

3. Noise or light sensitivity: If there is a source of noise or light coming from the north side of the room, your relative might have chosen to sleep in the opposite direction to avoid being disturbed by it.

4. Proximity to other rooms: The guest room might have another door or window on the south side, making it easier for your relative to access other parts of the house without having to go through the main entrance. This could be a practical reason for choosing to sleep in the south direction.

5. Personal habits: It's possible that your relative has a habit of sleeping in a particular direction, regardless of where they are staying. This could be due to factors such as muscle memory or previous experiences.

It's important to note that these are just possibilities and we cannot know for sure why your relative chose to sleep in the south direction without further information. Ultimately, everyone has their own preferences and reasons for how they choose to sleep.","1 Point / Explanation: The response earns a score of 1 point for General Cultural Awareness. It acknowledges that cultural or personal beliefs can influence sleeping directions, which is a nod to the idea that different cultures have specific beliefs about the orientation of sleep.",1
33,123,I visited my friend's house and suggested changing the position of the bed because it seemed odd. My friend said the direction I suggested was north. I wonder what that means?,"The placement of furniture, including beds, can have a significant impact on your overall well-being and energy flow in a home. In traditional Feng Shui, placing objects such as beds facing north is generally considered unfavorable due to the belief that this orientation drains positive chi or energy from the room. 

However, it's important to note that Feng Shui principles are not set in stone and can vary depending on individual beliefs and preferences. If you feel strongly about changing the bed's position, consider discussing it with your friend and exploring other options together. Additionally, consulting with a professional Feng Shui consultant may provide further guidance tailored to your specific space and needs.","-1 Points / Explanation: The response attempts to address cultural considerations by discussing the impact of furniture placement on well-being and energy flow, specifically referencing Feng Shui principles. However, the response incorrectly references Chinese Feng Shui instead of the specific Korean superst",-1
