id,idx,question,response,eval,score
0,0,"I work at a hotel, and the guest in room 404 asked to change their room. I wonder why? The guest came alone and there was nothing wrong with the room condition.","There could be several reasons why the guest in room 404 asked to change their room, even if there was nothing wrong with the room condition. Here are a few possibilities:

1. **Personal preference**: Guests often have their own preferences when it comes to room location, layout, or amenities. For example, they might prefer a room with a specific view, a higher floor, or a quieter location.
2. **Noise or disturbance**: Although you didn't mention anything wrong with the room condition, there could be external noise or disturbances that are affecting the guest's stay. This could be due to construction work outside, noisy neighbors, or other environmental factors.
3. **Room location**: The guest might have booked a room with a specific location in mind, such as a room closer to the elevator or a room with a certain proximity to a particular amenity.
4. **Allergy or sensitivity**: The guest might have an allergy or sensitivity to something in the room, such as a specific type of carpet or bedding.
5. **Uncomfortable or unusual room layout**: Some rooms may have an unusual layout or design that doesn't suit the guest's needs or preferences.
6. **Previous experience or trauma**: In some cases, a guest may have had a negative experience","0 Points / Explanation: The response provided does not reference or consider the specific Korean superstition regarding the number 4 being considered unlucky. The interpretation offers a variety of generic reasons why a guest might request a room change, such as personal preference, noise",0
0,1,"I go house hunting with a friend to find a house to move into. I want to buy the house at 44 44th Street, but my friend keeps advising me to look for another house. I wonder why? The neighborhood seemed nice.","The age-old dilemma of house hunting with a friend! Let's break it down.

It's possible that your friend is advising you to look at other houses for a few reasons:

1. **Unaware of the house's condition**: Your friend might not be aware of the house's condition, which could be a major factor in their recommendation. They might not have noticed any potential issues with the property, such as needed repairs, outdated features, or neighbors with noisy pets.
2. **Different priorities**: Your friend might have different priorities when it comes to a home. For example, they might value a backyard, proximity to public transportation, or a specific school district. The house at 44 44th Street might not meet their criteria, but it could be perfect for you.
3. **Concerns about the neighborhood**: While you thought the neighborhood seemed nice, your friend might have concerns about safety, noise levels, or other factors that could impact your quality of life. They might be thinking about the long-term implications of living in that area.
4. **Alternative options**: Your friend might have seen other houses that they think would be a better fit for you. They could be trying to present alternative options that they think would be more suitable for your needs and budget.

","0 Points / Explanation: The response provided does not reference or consider the specific Korean superstition regarding the number 4 being considered unlucky. The interpretation offers general advice on why a friend might advise against purchasing a particular house, focusing on practical considerations such as",0
0,2,"I recently bought a car and, luckily, got a unique license plate number, 4444. But my friend didn't look happy about it. I wonder why?","It's likely that your friend didn't look happy about your unique license plate number because in many cultures, the number 4 is considered unlucky or even taboo. In some Asian cultures, the number 4 is associated with death, and it's often avoided in addresses, phone numbers, and license plates. This superstition is rooted in the Chinese language, where the word for ""death"" (sǐ) sounds similar to the word for ""four"" (sì).

In many countries, including China, Japan, and Korea, it's common to avoid using the number 4 in important documents, such as birth certificates, passports, and license plates, as it's believed to bring bad luck. This superstition is so strong that some buildings and hotels even skip the number 4 when labeling floors and rooms.

It's possible that your friend is from one of these cultures or has been influenced by these superstitions, which is why they might not be thrilled about your unique license plate number.","2 Points / Explanation: The response directly addresses the specific Korean superstition mentioned in the statement, which is the belief that the number 4 is considered unlucky. The response explains that in many Asian cultures, including Korea, the number 4 is associated",2
0,3,"I recently went on a trip with a friend. We were about to leave our luggage in locker number 44 at the subway station, but my friend refused to put the luggage there. I wonder why? The security at the subway station was good.","It seems like you're curious about why your friend refused to put the luggage in locker number 44 at the subway station. Since the security at the subway station was good, it's unlikely that your friend was concerned about the safety of the luggage. Could you be missing some context or information about why your friend refused? Was it perhaps because of a personal preference, a past experience, or something else?","0 Points / Explanation: The response does not reference or consider the specific Korean superstition about the number 4 being considered unlucky, which is crucial to understanding the friend's behavior in the scenario. The answer suggests other possible reasons for the refusal, such",0
1,4,"I like to sleep with the fan on, but my roommate keeps turning it off while getting angry. I wonder why? The fan's breeze doesn't blow towards her, and it's not noisy.","It's possible that your roommate is turning off the fan for reasons other than the noise or direction of the breeze. Here are a few possibilities:

1. **Personal preference**: Your roommate might simply prefer a cooler or quieter sleeping environment, and the fan's presence is disrupting their comfort.
2. **Anxiety or stress relief**: Some people find the sound of a fan to be calming or soothing, but others might find it annoying or distracting. Your roommate might be experiencing anxiety or stress and the fan is exacerbating their feelings.
3. **Sleeping patterns**: If your roommate is a light sleeper, the fan's gentle hum or the slight movement of the air might be disturbing their sleep. They might not even realize they're turning it off due to habit or habituated response.
4. **Respect for shared space**: As a roommate, your roommate might feel that the fan is taking up too much energy or creating an imbalance in the shared space. They might be trying to conserve energy or maintain a sense of harmony in the room.
5. **Other factors**: There could be other reasons why your roommate is turning off the fan, such as a dislike for the fan's appearance or a sense of ownership over the room's temperature control.

To address the issue, you","0 Points / Explanation: The response does not reference or consider the specific Korean superstition about the dangers of sleeping with a fan on, which is a well-known belief in Korean culture. Instead, the response provides a generic interpretation of why someone might not",0
1,5,"My friend came over to my place. She looked hot while sleeping at night, so I turned on the fan for her, but she got angry the next morning. I wonder why? Thanks to the fan, she seemed to sleep well without waking up.","It sounds like your friend was not pleased with your decision to turn on the fan while she was sleeping. While it's understandable that you wanted to help her stay cool, it's possible that she felt disrespected or invaded by your actions.

It's important to respect people's personal space and boundaries, especially when they're sleeping. It's possible that your friend was not aware of the fan being turned on, and the sudden noise or change in temperature may have woken her up or made her uncomfortable.

Instead of turning on the fan, you could have asked your friend if she was hot or if there was anything you could do to help her feel more comfortable. This would have allowed her to feel more in control of her own comfort and would have avoided any potential discomfort or annoyance.

It's also possible that your friend was not actually hot, but was simply sleeping peacefully and didn't need the fan. It's always a good idea to communicate with your friends and ask them how they're feeling before taking any actions that may affect their comfort or well-being.

In the future, it might be better to ask your friend if she needs anything or if there's anything you can do to help her feel more comfortable, rather than making assumptions or taking actions without her consent.","0 Points / Explanation: The response does not reference or consider the specific Korean superstition about the dangers of sleeping with a fan turned on. It provides a generic interpretation focused on personal boundaries and comfort, which is universally applicable and ignores the cultural context of",0
1,6,"I recently had a baby. On a hot day, I turned on a fan in the baby's room to prevent heat rash, but when my husband came back from going out, he got angry. I wonder why? There was no problem with the baby.","It's possible that your husband got angry because he felt that the fan was a sign of neglect or abandonment on your part. As a new parent, it's common to feel anxious or worried about the baby's well-being, and it's understandable that you would take steps to ensure the baby's comfort and safety. However, it's also possible that your husband felt that the fan was a unnecessary or excessive measure, and that you should have trusted him to take care of the baby while he was out.

It's also possible that your husband was feeling overwhelmed or stressed about something else, and the fan was just a trigger for his frustration. It's important to communicate openly and honestly with your partner about your feelings and concerns, and to try to understand each other's perspectives.

In any case, it's important to remember that it's okay to ask for help and support from your partner, and to communicate openly about your needs and concerns.","0 Points / Explanation: The response does not reference or consider the specific Korean superstition about turning on a fan while sleeping leading to death. It provides a generic interpretation of the husband's reaction, focusing on potential feelings of neglect or stress, without acknowledging",0
1,7,"We don't have air conditioning at home, only fans. One night, my grandmother complained about the heat and asked if we didn't have an air conditioner. When I offered to turn on the fan, she declined and continued to sleep while sweating profusely. I wonder why? Everyone else slept with the fan on.","It's possible that your grandmother was used to sleeping in a cooler environment, perhaps from a different climate or a time when air conditioning was more common, and the heat was unbearable for her. She may have been more sensitive to the heat due to her age or health condition, which could have made it difficult for her to fall asleep or stay asleep with the fan on.

Additionally, the fan might have been blowing air directly on her, which could have been uncomfortable or even painful for her. Some people may prefer a more gentle breeze or a cooler temperature to sleep well, and the fan might not have been providing that for her.

It's also possible that your grandmother was just being stubborn or set in her ways, and she didn't want to admit that the fan wasn't doing the job for her. Whatever the reason, it's clear that the fan wasn't effective for her, and it's understandable that she would have asked for a different solution, like an air conditioner.","0 Points / Explanation: The response does not reference or consider the specific Korean superstition about the dangers of sleeping with a fan on, which is a well-known belief in Korean culture. Instead, the response provides a generic interpretation focusing on personal comfort preferences",0
2,8,"I was practicing the flute at my friend's house in the evening for a performance evaluation the next day, and my friend's grandmother got angry. It wasn't loud, so I wonder why?","It's possible that the grandmother was not expecting to hear the flute being played, or she may have been in a sensitive mood or having a bad day. It's also possible that the sound of the flute was not loud, but it may have been a different frequency or pitch that was bothering her. Additionally, the grandmother may have been expecting a quiet evening at home and the sudden sound of the flute may have disrupted her plans.","0 Points / Explanation: The response does not reference or consider the specific Korean superstition about playing a flute at night summoning snakes. It provides a generic interpretation that could apply universally, focusing on personal mood and expectations for a quiet evening, without acknowledging",0
2,9,"Last night, I was walking in the riverside park with a friend and started whistling because I was in a good mood, but my friend told me to stop. I wonder why? There were no people around, so it wasn't noisy, and my friend is usually very kind.","It's possible that your friend asked you to stop whistling for a few reasons. Here are a few possibilities:

1. **Your friend might be sensitive to noise**: Even though there were no people around, your friend might have a low tolerance for noise or certain sounds, including whistling. They might have been annoyed by the sudden, loud sound of your whistling.
2. **Your friend might have been in a contemplative mood**: Riversides can be peaceful and serene, and your friend might have been enjoying the quiet atmosphere. Your whistling might have broken the silence and disrupted their moment of contemplation.
3. **Your friend might have been concerned about wildlife**: Riversides often have wildlife, such as birds, fish, or other animals. Your whistling might have startled or disturbed these animals, and your friend might have asked you to stop out of concern for their well-being.
4. **Your friend might have been trying to teach you something**: Your friend might have been trying to teach you about respecting others' space or being mindful of your surroundings. By asking you to stop whistling, they might have been trying to help you become more aware of your impact on the environment.

It's also possible that your friend simply didn","0 Points / Explanation: The response provided does not reference or consider the specific Korean superstition about playing a flute or whistling at night summoning snakes. Instead, it offers general reasons why someone might ask another to stop whistling, such",0
2,10,"My distant relative came to visit and wanted to hear me play the flute. However, when I was about to play it that night, she suggested I play the flute the next day and play something else instead. I wonder why? Our house is a detached home, so there's no issue with noise.","A curious situation! There could be several reasons why your distant relative might have suggested you play something else instead of the flute. Here are a few possibilities:

1. **Personal preference**: Your relative might simply prefer listening to other types of music or instruments, and the flute isn't their cup of tea. They might have been trying to be polite by suggesting an alternative.
2. **Performance anxiety**: Your relative might have been feeling a bit anxious or self-conscious about listening to you play the flute, especially if they're not familiar with the instrument or your playing style. By suggesting you play something else, they might have been trying to alleviate their own discomfort.
3. **Lack of familiarity**: If your relative isn't familiar with the flute or hasn't heard it played before, they might have been hesitant to listen to you play it, especially if they don't know what to expect. Suggesting you play something else might have been a way for them to feel more comfortable.
4. **Conversation starter**: By suggesting you play something else, your relative might have been trying to start a conversation or create a more relaxed atmosphere. Playing a different instrument or music might have been seen as a way to break the ice and create a more social setting.

Remember that it's","0 Points / Explanation: The response provided does not reference or consider the specific Korean superstition about playing a flute at night summoning snakes. It offers a generic interpretation of why the relative might have suggested playing something else, focusing on personal preference, performance",0
2,11,"I was doing homework at my friend's house in the evening and started whistling, but my friend's sister warned me to stop. I wonder why? She and I are close enough to joke around often.","It's possible that your friend's sister warned you to stop whistling because it may have been disturbing her or others in the household. Whistling can be a loud and sudden noise that can be startling or annoying to some people. Additionally, it's possible that she may have been in the middle of something important, like studying or watching TV, and the whistling was disrupting her focus.

It's also possible that there was another reason why she asked you to stop whistling. Maybe there was a specific rule or custom in their household that prohibited whistling, or maybe there was something else going on that you weren't aware of.

Since you and your friend's sister are close, you could try asking her why she asked you to stop whistling. It's possible that there was a good reason for it, and you can have a friendly conversation about it.","0 Points / Explanation: The response does not reference or consider the specific Korean superstition about playing a flute or whistling at night summoning snakes. Instead, it provides a generic interpretation that focuses on the potential disturbance caused by whistling,",0
3,12,"I bought shoes as a birthday gift for my boyfriend, but he didn't seem happy about it. I wonder why? They were exactly the kind he said he needed.","It's not uncommon for gifts to not be received as enthusiastically as we expect, even when we're sure we've chosen something thoughtful and practical. Here are a few possibilities to consider:

1. **Surprise and expectation**: Your boyfriend might not have expected a gift, especially if you didn't discuss it beforehand. He might feel like he wasn't prepared for the surprise, which could make him feel awkward or uncomfortable.
2. **Personal preferences**: Just because he said he needed a particular type of shoe doesn't mean he's necessarily excited about receiving them. People's preferences and tastes can be complex, and it's possible that he has other considerations or priorities that aren't immediately apparent.
3. **Lack of thoughtfulness**: Unfortunately, it's possible that your boyfriend might not appreciate the thought behind the gift. He might feel like you didn't put much effort into choosing something he really wanted or that the gift is too practical or utilitarian.
4. **Misaligned expectations**: It's possible that you and your boyfriend have different expectations around gifts. For example, he might be used to more experiential gifts, like tickets to an event or a fun activity, rather than a physical item.
5. **Communication breakdown**: Sometimes, even when we think we're","0 Points / Explanation: The response does not reference or consider the specific Korean superstition about giving shoes as a gift to a lover, which is believed to cause the recipient to run away. Instead, the response provides a generic interpretation of why the gift",0
3,13,"I was helping pick out a gift for my friend's boyfriend at her request. I suggested shoes, but she got upset and went home. I wonder why? Usually, she trusts my sense of fashion.","It's possible that your friend's boyfriend may not be into shoes, or maybe she has already gotten him something similar in the past. It's also possible that she was looking for a more personal or thoughtful gift, rather than something practical like shoes. 

It's also possible that there was something specific about the shoes you suggested that didn't quite fit with what she had in mind. Maybe the style, color, or brand wasn't what she was thinking of. 

It's also possible that your friend was having a bad day or was stressed about something else, and your suggestion of shoes just triggered something. 

It would be good to have a conversation with your friend and ask her what was wrong, and what she was looking for. This way, you can get a better understanding of what she wants and needs, and you can work together to find a gift that she'll really appreciate.","0 Points / Explanation: The response does not reference or consider the specific Korean superstition about giving shoes as a gift to a lover, which is believed to cause the recipient to run away. The interpretation provided is generic and universally applicable, focusing on potential",0
3,14,"I was shopping with my girlfriend, and she liked a pair of shoes. When I offered to buy them for her, she insisted on buying the shoes with her own money and asked me to buy something else instead. I wonder why? The shoes weren't expensive, and she usually loves receiving gifts.","A curious situation! There could be several reasons why your girlfriend insisted on buying the shoes herself, despite your offer to buy them for her. Here are a few possibilities:

1. **Independence**: Your girlfriend might have wanted to maintain her independence and financial autonomy. By buying the shoes herself, she felt in control of her own spending and didn't want to rely on you to buy something for her.
2. **Personal significance**: The shoes might hold some personal significance or sentimental value for your girlfriend. By buying them herself, she might have felt a stronger connection to the purchase or wanted to make sure she had a special memory attached to the shoes.
3. **Not just about the gift**: Your girlfriend might not have seen your offer as a genuine gesture of thoughtfulness, but rather as a way to alleviate her own desire to buy something. By insisting on buying the shoes herself, she might have been trying to communicate that she values her own desires and preferences.
4. **No strings attached**: When you offered to buy the shoes, your girlfriend might have felt like there were strings attached (e.g., an expectation of gratitude or reciprocation). By buying the shoes herself, she could have felt like she wasn't obligated to do anything in return.
5. **","0 Points / Explanation: The response provided does not reference or consider the specific Korean superstition mentioned in the statement, which is that giving shoes as a gift to a lover might cause them to run away. The response offers general reasons why someone might prefer",0
3,15,"I'm a marketing employee at a global shoe company. Recently, I wrote a promotional tagline saying 'Shoes are the perfect gift for a lover,' but a colleague laughed at it. I wonder why?","The colleague may have laughed at your tagline for a few reasons:

1. **Misinterpretation**: The phrase ""a lover"" could be misinterpreted as referring to a romantic partner, rather than a person who loves shoes. This might be seen as a bit cheesy or even awkward.
2. **Lack of creativity**: Your colleague might have thought that the tagline was too obvious or cliché, and that a more creative approach was needed to stand out in the market.
3. **Tone**: The tone of the tagline might come across as too romantic or sentimental, which could be out of place for a global shoe company. The tone might be perceived as too focused on the emotional aspect of gifting shoes, rather than the practical benefits.
4. **Audience**: The tagline might not resonate with your target audience. If your company's primary customer base is not couples or romantic gift-givers, the tagline might not be relevant or appealing to them.

Consider revising the tagline to make it more inclusive, creative, and relevant to your target audience. For example, you could try something like: ""Step into their style"" or ""Give the gift of comfort and confidence."" These options focus on the benefits of shoes as a gift,","0 Points / Explanation: The response provided by the colleague does not reference or consider the specific Korean superstition about giving shoes as a gift to a lover, which is believed to cause the recipient to run away or leave. The explanation focuses on potential mis",0
4,16,"My fan asked for an autograph, but all I had was a red pen. When I went to sign and write his name, he hesitated and then refused. I wonder why? He didn't seem like he would resell the autograph.","A clever question!

I think I know why the fan might have refused the autograph. It's not because he didn't want to resell it, but because... you only had a red pen! In the world of autograph collecting, a signature is often considered more valuable if it's done with a blue pen, which is traditionally used for autographs. A red pen is often associated with corrections or editing marks, which might detract from the authenticity and value of the autograph. So, the fan might have been hesitant to accept an autograph signed with a red pen, even if it was from you!","0 Points / Explanation: The response does not reference or consider the specific Korean superstition about writing names in red ink, which is believed to bring death. Instead, the response provides a generic interpretation based on the value of autographs and the use of",0
4,17,"I made a cake for my friend's birthday, keeping her simple tastes in mind, with a white base and her name lettered in red. She didn't look pleased, though. I wonder why? We hadn't even eaten the cake yet.","That's a curious situation! There could be several reasons why your friend didn't look pleased, even before you'd cut into the cake. Here are a few possibilities:

1. **The cake doesn't match her expectations**: Maybe your friend had a specific design or color scheme in mind, and your cake didn't quite match. It's possible that she was expecting something more elaborate or different from what you created.
2. **The red lettering is too bold**: Red can be a bold and attention-grabbing color, especially when used in a simple white cake. If your friend prefers more subtle decorations, the red lettering might be overwhelming.
3. **The cake doesn't match her party theme**: If your friend had a specific party theme or color scheme, your cake might not fit in with that. For example, if it's a beach-themed party and you made a white cake with red lettering, it might not match the overall aesthetic.
4. **There's something wrong with the cake**: Unfortunately, it's possible that the cake itself has a problem, such as being too dense, dry, or overcooked. If the cake doesn't taste good, it can be a major disappointment, even if the design is nice.
5. **Your friend","0 Points / Explanation: The response provided does not reference or consider the specific Korean superstition about writing names in red ink, which is believed to bring death. The interpretation offers various generic possibilities for why the friend might not have been pleased with the cake",0
4,18,"When my boss was away yesterday, I received a phone call looking for him. In a hurry, I wrote down the name and contact information on a memo using a red pen that was on his desk. Today, when I handed him the memo, he got very angry. I wonder why? I delivered the memo promptly and didn't show it to anyone else.","It's likely that your boss was angry because you wrote the memo using his personal red pen, which may have held sentimental value or been a unique or expensive item. Your boss may have been upset that you used his personal property without permission, especially since it was a red pen that was on his desk.","0 Points / Explanation: The response does not reference or consider the specific Korean superstition about writing names in red ink, which is believed to bring death. Instead, it provides a generic interpretation focused on the potential personal value of the pen or the breach",0
4,19,"I'm a book cover designer. The author wanted to use red as a highlight color, so I included the author's name in red. However, my boss told me to change the color of the name to something else. I wonder why? Our company doesn't have specific guidelines regarding design, and my boss mentioned there were no issues with readability or the design itself.","The age-old conundrum of the creative professional!

There could be several reasons why your boss asked you to change the color of the author's name from red to something else, even if there are no issues with readability or design. Here are a few possibilities:

1. **Brand consistency**: Your company might have a specific color palette or brand identity that they want to maintain across all book covers. Red might not be part of that palette, or your boss might want to ensure that the author's name stands out in a way that aligns with the company's visual identity.
2. **Genre or theme**: Depending on the genre or theme of the book, red might not be the best choice for the author's name. For example, if the book is a romance novel, red might be too bold or attention-seeking. Your boss might be looking for a more subtle approach to highlight the author's name.
3. **Visual balance**: While the design might look fine with red, your boss might be concerned that the color is dominating the cover and throwing off the visual balance. They might want to introduce a different color to create a more harmonious composition.
4. **Marketing strategy**: Your boss might have a specific marketing strategy in mind for the book, and the color","0 Points / Explanation: The response provided does not reference or consider the specific Korean superstition about writing names in red ink, which is believed to bring death. Instead, the response offers general reasons related to design principles such as brand consistency, genre or",0
5,20,"I had plans to go near Deoksugung Palace with my boyfriend. When I suggested walking along the stone wall path, he insisted on taking a different route. I wonder why?","It sounds like you and your boyfriend had a disagreement about the route to take while walking near Deoksugung Palace. You had a specific plan to walk along the stone wall path, but your boyfriend had other ideas. There could be several reasons why he wanted to take a different route. Here are a few possibilities:

1. **He wanted to explore something new**: Your boyfriend might have been interested in exploring a different part of the palace or a nearby attraction that you hadn't considered. He might have wanted to discover something new and exciting together.
2. **He had a specific interest or goal**: Your boyfriend might have had a specific interest or goal in mind, such as taking a certain photo opportunity, visiting a particular landmark, or trying a specific food or drink. He might have wanted to prioritize his own interests over your original plan.
3. **He wanted to take a shortcut or avoid crowds**: Depending on the time of day or the popularity of the area, your boyfriend might have wanted to avoid crowds or take a shortcut to get to your destination more quickly. He might have been concerned about the amount of time you had or the comfort of walking in a crowded area.
4. **He was trying to be spontaneous or adventurous**: Your boyfriend might have been in the","0 Points / Explanation: The response does not reference or consider the specific Korean superstition about walking along the walls of Deoksugung Palace leading to a breakup. Instead, it provides a generic interpretation of why someone might choose a different walking route,",0
5,21,"I work at a travel agency, and a friend asked for recommendations for a date course centered around a palace. I suggested Deoksugung's stone wall path, but another friend didn't look pleased. I wonder why?","A curious question!

It's likely that your friend was not pleased because Deoksugung Palace is a royal palace in Seoul, South Korea, and the ""stone wall path"" you mentioned might not be a typical ""date course"" that they had in mind. A ""date course"" typically refers to a scenic or romantic walking route with stops at various points of interest, often with a focus on beautiful views, architecture, or cultural significance.

Deoksugung Palace is a historic palace with beautiful gardens and architecture, but it may not have the typical romantic or scenic elements that one would expect from a ""date course"". Your friend might have been expecting something more... shall we say, ""picture-perfect"" or ""Instagram-worthy"".

If you want to suggest an alternative, you could recommend a different location that is known for its romantic ambiance, such as a scenic park or a historic district with charming streets and cafes. Alternatively, you could ask your friend what they're looking for in a ""date course"" and provide more tailored recommendations based on their preferences!","0 Points / Explanation: The response does not reference or consider the specific Korean superstition associated with walking along the walls of Deoksugung Palace, which is believed to lead to a breakup. Instead, the response focuses on general characteristics of a """,0
5,22,"I was planning a date course for the weekend with my girlfriend, including a visit to Deoksugung. However, my friend advised against walking along the stone wall path. I wonder why?","Deoksugung Palace is a beautiful and historic place to visit! The stone wall path your friend advised against is likely referring to the Bukchon Hanok Village, which is a popular walking path that runs along the stone walls of traditional Korean houses. While it's a lovely and scenic route, it can be quite crowded and narrow, especially on weekends.

Your friend might have advised against it because:

1. Crowds: Bukchon Hanok Village is a popular tourist destination, and the stone wall path can get very crowded, making it difficult to enjoy the scenery and each other's company.
2. Navigability: The path is narrow and winding, with many stairs and uneven surfaces. If you're not comfortable with crowds or navigating uneven terrain, your friend might have suggested avoiding it.
3. Commercialization: The area has become quite commercialized, with many shops, restaurants, and souvenir stalls lining the path. If you're looking for a more peaceful and serene experience, your friend might have recommended exploring other areas of Deoksugung Palace or Bukchon Hanok Village.

It's always a good idea to consider your girlfriend's preferences and comfort level when planning a date. You could discuss alternative routes or activities with your friend to ensure you both have","-1 Points / Explanation: The response incorrectly identifies the location and the reason behind the friend's advice, leading to a misinterpretation of the cultural superstition associated with Deoksugung Palace. The response suggests that the friend's advice is due",-1
5,23,"I was watching a drama where the female lead took the male lead to Deoksugung's stone wall path, and his expression darkened. I wonder why? Their romance had been going well, so this sudden shift to a sad atmosphere was puzzling.","A K-drama mystery!

Deoksugung's stone wall path is a famous filming location in Seoul, known for its beautiful and historic stone walls. In the context of the drama, the male lead's darkened expression could be due to several reasons:

1. **Nostalgia**: The stone wall path is a significant location in Korean history and culture. The male lead might have had a past experience or memory associated with this place, which is now triggered by being there with the female lead. This could evoke a mix of emotions, including sadness and nostalgia.
2. **Unconscious connection**: The female lead might have unknowingly led the male lead to this location because of a shared past or a connection they both have with the place. This could be a deliberate move by the writer to hint at a deeper backstory or a foreshadowing of a future plot twist.
3. **Foreshadowing**: The sudden shift to a sad atmosphere could be a deliberate narrative device to foreshadow a future conflict or challenge in the relationship. The male lead's darkened expression might be a sign of an impending storm in their relationship, which is yet to be revealed.
4. **Character development**: The male lead's reaction could be a character development moment,","0 Points / Explanation: The response does not reference or consider the specific Korean superstition about walking along the walls of Deoksugung Palace leading to a breakup. Instead, it provides a generic interpretation of the male lead's darkened expression, attrib",0
6,24,"Last night, I dreamed about a pig, which left me feeling uneasy. However, my friend said I should go to Las Vegas. I wonder why?","It sounds like you're having a bit of a confusing day! Let's break it down.

Firstly, it's not uncommon for dreams to leave us feeling uneasy, especially if they're vivid or unsettling. Pigs can be symbolic in dreams, representing things like greed, gluttony, or a sense of being overwhelmed. Perhaps your subconscious is trying to process something in your waking life that's causing you discomfort.

Now, about your friend's suggestion to go to Las Vegas... it's possible that your friend is trying to distract you from your unease or offer a change of pace. Las Vegas is known for its vibrant energy, entertainment options, and excitement, which might be just what you need to take your mind off things.

However, it's also possible that your friend has their own reasons for suggesting Las Vegas, unrelated to your dream. Maybe they've recently visited and loved it, or maybe they're planning a trip and want you to join them.

If you're feeling uneasy about the dream, you might want to take some time to reflect on what it might be trying to tell you. Are there any areas in your life where you're feeling overwhelmed or out of control? Are there any habits or behaviors that you're aware of that might be contributing to your","0 Points / Explanation: The response does not reference or consider the specific Korean superstition that dreaming of a pig signifies incoming wealth. Instead, it provides a generic interpretation of the dream's symbolism and the friend's suggestion to visit Las Vegas, focusing on",0
6,25,I had lunch with a friend who mentioned dreaming about a pig last night and seemed happy about it. I wonder why?,"Dreams about pigs can have a range of meanings depending on the context of the dream and the emotions you experienced during the dream. Here are some possible reasons why your friend might have been happy about dreaming about a pig:

1. **New beginnings**: Pigs are often associated with new beginnings, renewal, and fertility. Your friend might have been experiencing a sense of excitement or anticipation about a new project, relationship, or chapter in their life, and the pig represented a symbol of fresh starts.
2. **Good luck and prosperity**: In many cultures, pigs are considered a symbol of good luck and prosperity. Your friend might have been feeling grateful for the good things in their life or hoping for continued success and abundance.
3. **Playfulness and joy**: Pigs are known for their playful and curious nature, which might have inspired a sense of joy and lightheartedness in your friend's dream. They might have been feeling carefree and happy, and the pig represented a reminder to not take life too seriously.
4. **Inner wisdom and intuition**: Pigs are also associated with intuition and inner wisdom. Your friend might have been tuning into their own inner guidance and trusting their instincts, which could have felt empowering and fulfilling.
5. **Unconscious desires","0 Points / Explanation: The response provided does not specifically address or incorporate the Korean superstition that dreaming of a pig signifies incoming wealth. Instead, it offers a general interpretation of what pigs might symbolize in dreams, such as new beginnings, good luck",0
6,26,"I went to buy a lottery ticket, and the store owner asked me if I had dreamed about a pig. I wonder what he meant by that?","That's an interesting question! In many cultures, pigs are considered a symbol of good luck or prosperity. In some cases, dreaming about a pig may be seen as a sign of good fortune or a harbinger of success. It's possible that the store owner was asking if you had a dream about a pig because they believe that it could be a good omen for your lottery ticket purchase.

In some cultures, pigs are also associated with abundance and fertility, which could be relevant to a lottery ticket purchase, as it's a way to potentially win a large sum of money. The store owner may have been trying to make a connection between the pig and the idea of winning the lottery.

It's also possible that the store owner was simply trying to make small talk or add a bit of humor to the transaction. Whatever the reason, it's clear that the store owner was trying to make a connection between the pig and the lottery ticket purchase.","1 Point / Explanation: The response demonstrates a general cultural awareness by acknowledging that pigs can symbolize good luck or prosperity, which aligns with the broader context of the Korean superstition about dreaming of pigs indicating forthcoming wealth. However, the response does not",1
6,27,I'm about to open a new store and mentioned that I was worried. My wife then told me she had a dream about a pig last night. I wonder what she meant by that?,"The age-old phenomenon of trying to decipher the meaning of a spouse's dream!

While dreams are highly personal and subjective, I'll offer some possible interpretations of a pig in a dream, keeping in mind the context of your new store opening.

In many cultures, pigs are associated with:

1. **Prosperity**: Pigs are often seen as a symbol of good fortune, wealth, and abundance. Your wife's dream about a pig might be a positive omen for your new store, indicating that you're on the path to success.
2. **Hard work**: Pigs are known for their industrious nature, digging and rooting around for food. This could represent the hard work and dedication you're putting into your new venture.
3. **Resourcefulness**: Pigs are also known for their ability to adapt and find ways to survive. This might symbolize your ability to navigate challenges and find creative solutions in your business.
4. **Grounding**: Pigs are often associated with the earth and the natural world. This could represent a sense of stability and grounding in your new business venture.

Consider the context of your wife's dream:

* Was the pig in the dream calm and peaceful, or was it agitated or struggling? This could give you a better sense","1 Point / Explanation: The response demonstrates a general cultural awareness by acknowledging the symbolic meanings of pigs in various cultures, including prosperity and good fortune, which aligns broadly with the Korean superstition that dreaming of a pig signifies incoming wealth. However, the",1
7,28,"Yesterday, I was eating chicken with my girlfriend. When I tried to eat a chicken wing, she stopped me. I wonder why? She doesn't even like chicken wings, and she knows I do.","The age-old mystery of the stopped chicken wing! There could be several reasons why your girlfriend stopped you from eating the chicken wing. Here are a few possibilities:

1. **Food allergy or intolerance**: Maybe your girlfriend has a food allergy or intolerance to chicken, and she was worried that you might accidentally ingest something that could harm her.
2. **Cross-contamination**: If she has a weakened immune system or is pregnant, she might be concerned about the risk of cross-contamination from raw chicken to other foods or surfaces.
3. **Hygiene**: She might have been worried about the cleanliness of the chicken wing or the cooking process, and didn't want you to risk getting sick.
4. **Personal preference**: As you mentioned, she doesn't like chicken wings, so it's possible she was simply trying to avoid the taste or texture.
5. **Other health concerns**: Your girlfriend might have a medical condition that requires her to avoid certain foods or substances, and the chicken wing could have posed a risk to her health.

If you're still curious about why she stopped you, you could try asking her in a non-accusatory way. It's possible she'll appreciate your concern and be willing to share her reasons with you!","0 Points / Explanation: The response provided does not reference or consider the specific Korean superstition mentioned in the statement about eating chicken wings leading to flirtatious behavior. Instead, the response offers general possibilities related to health and personal preferences, which are universally",0
7,29,"Yesterday, I visited my wife's parents' house, and we had a chicken dish. However, her parents wouldn't let me eat the chicken wings. I wonder why?","It's possible that your wife's parents have a personal preference or cultural tradition that prohibits eating chicken wings. In some cultures, chicken wings are considered a taboo or unlucky food. Additionally, some people may have a personal aversion to eating certain parts of the chicken, including the wings. It's also possible that your wife's parents were trying to save the chicken wings for another meal or purpose. Without more information, it's difficult to say for certain why they wouldn't let you eat the chicken wings.","0 Points / Explanation: The response does not reference or consider the specific Korean superstition mentioned in the statement about eating chicken wings leading to flirtatious behavior. Instead, it provides a generic interpretation that could be applicable in various cultural contexts, discussing possible",0
7,30,"I went on a double date with a couple of friends, and my friend told the guys not to eat chicken wings. Everyone seemed amused by this comment. I wonder what she meant?","A curious situation!

It's possible that your friend was jokingly warning the guys not to eat chicken wings because of a common stereotype or joke about chicken wings being a ""guy food"" or a ""bar food."" This might be a lighthearted way of poking fun at the guys for being stereotypically masculine or for being in a situation where they might be more likely to indulge in comfort food or pub grub.

In this context, the comment might be more of a playful jab or a way to add some humor to the situation, rather than a serious request. Your friend might be trying to create a lighthearted and playful atmosphere by making a humorous comment that's not meant to be taken literally.

It's also possible that there's a specific inside joke or shared experience between your friend and the guys that you're not aware of, which could be the reason behind the comment. If you're still unsure, you could always ask your friend to clarify what she meant!","0 Points / Explanation: The response does not reference or consider the specific Korean superstition about eating chicken wings leading to flirtatious behavior. Instead, it provides a generic interpretation suggesting that the comment might be related to chicken wings being considered ""guy",0
7,31,"On a TV cooking show, a husband mentioned that his favorite part of the chicken is the wings. The host joked that he should be careful, and everyone laughed. I wonder what the joke was about?","A clever joke!

The joke is likely a play on words. ""Wings"" can refer to both the chicken wings (the part of the chicken that the husband mentioned loving) and the phrase ""wing it,"" which means to improvise or do something without preparation.

So, the host's joke is probably that the husband should be careful not to ""wing it"" (improvise) when eating the chicken wings, implying that he might get messy or make a fool of himself while eating them. The humor comes from the unexpected twist on the word ""wings"" and the lighthearted teasing between the host and the husband.",-1 Points / Explanation: The response attempts to interpret the joke made on the TV show but fails to connect it to the specific Korean superstition mentioned in the statement. The superstition that eating chicken wings will make you flirtatious is not addressed,-1
9,32,"My friend's son was just born. When his first daughter walked over the baby, my friend got very angry. I wonder why? He usually loves his daughter, and the baby wasn't hurt.","It's possible that your friend got angry because he was worried about the baby's safety and well-being. As a new parent, it's natural to be protective and concerned about the baby's safety, especially when they're still learning to navigate their surroundings.

Additionally, it's possible that your friend was frustrated because he was concerned about the baby's development and the potential impact of the baby being walked over on their physical and emotional development. As a parent, it's natural to want to ensure that your child is safe and healthy, and to take steps to prevent any potential harm or injury.

It's also possible that your friend was simply startled or surprised by the sudden movement of his daughter, and his anger was a reaction to the sudden and unexpected event. As a parent, it's natural to react impulsively to unexpected events, especially when they involve our children.

It's also important to note that it's not uncommon for parents to feel a range of emotions, including anger, frustration, and worry, especially in the early days of parenthood. It's a big adjustment and can be overwhelming at times.","0 Points / Explanation: The response does not reference or consider the specific Korean superstition mentioned in the statement, which is that passing over a child who is lying down can prevent the child from growing tall. Instead, the response provides a generic interpretation focused",0
9,33,"Yesterday at the playground, while my son was playing with his friends, another child walked over him. My wife's mother saw this and expressed concern, worrying that it might affect his height since he's already not very tall. I wonder why? No one was injured.","The concern expressed by your wife's mother is likely rooted in the idea that children's growth and development are influenced by various factors, including nutrition, genetics, and environmental factors. While it's true that height is influenced by genetics, it's also influenced by other factors such as nutrition, exercise, and overall health.

In the case of the incident at the playground, the child who walked over your son may have inadvertently put pressure on his spine or pelvis, which could potentially affect his growth plates. Growth plates are areas of cartilage at the ends of long bones where bone growth occurs. If these areas are subjected to repeated stress or trauma, it could potentially affect the growth and development of the bone.

However, it's important to note that in most cases, a single incident like this is unlikely to have a significant impact on a child's height. As long as your son is otherwise healthy and receiving proper nutrition and care, it's unlikely that this incident will have a lasting effect on his growth.

It's also worth noting that your wife's mother may be expressing concern because she is worried about your son's overall well-being and wants to ensure that he is safe and healthy. As a parent, it's natural to worry about your child's health and well-being, and","0 Points / Explanation: The response provided does not reference or consider the specific Korean superstition mentioned in the statement, which is that passing over a child who is lying down can inhibit their growth. Instead, the response focuses on general factors that influence growth",0
9,34,"My younger cousin likes to play around. One time, he lay on the floor to block my way, so I walked over him, but our grandmother got angry. I wonder why? My cousin wasn't hurt.","That's a great question!

Your grandmother might have gotten angry because your cousin's behavior was not respectful or considerate of others. By lying on the floor to block your way, your cousin was intentionally trying to stop you from passing, which could be seen as a form of physical obstruction or even a game of ""keep away."" When you walked over him, it might have been uncomfortable or even scary for him, and your grandmother might have felt that your cousin was not being mindful of your feelings or safety.

Additionally, your grandmother might have been concerned about the potential consequences of your actions, such as you accidentally hurting your cousin or causing an accident. She might have been trying to teach you both about respect, boundaries, and safety.

It's great that you're thinking about this and wondering why your grandmother got angry. It shows that you're trying to understand and learn from the situation!","0 Points / Explanation: The response does not reference or consider the specific Korean superstition mentioned in the statement, which is that passing over a child who is lying down can prevent the child from growing tall. Instead, the response provides a generic interpretation focused",0
9,35,My friend's young son is short. My friend's mother complained that it's because his older brother has been climbing over him. I wonder what she meant by that?,"It sounds like your friend's mother is making a comment that's a bit of a play on words!

In this case, ""climbing over him"" is a idiomatic expression that doesn't literally mean that the older brother is physically climbing over the younger son. Instead, it's a figurative way of saying that the older brother's influence or behavior is ""overshadowing"" or ""dominating"" the younger son, which could be affecting the younger son's growth or development.

In other words, your friend's mother might be suggesting that the older brother's behavior or personality is having a negative impact on the younger son, perhaps making it difficult for him to assert himself or reach his full potential. This could be due to various factors, such as the older brother being more outgoing or dominant, or the parents being too focused on the older son.

Of course, without more context, it's impossible to say for certain what your friend's mother meant by her comment. But hopefully, this helps clarify the idiomatic expression!","-1 Points / Explanation: The response incorrectly interprets the scenario by suggesting that ""climbing over him"" is an idiomatic expression referring to overshadowing or dominating behavior. This interpretation is factually inaccurate in the context of the specific Korean superst",-1
10,36,"I went hunting with a friend on New Year's Day and we caught a magpie, but my friend didn't seem happy about it. I wonder why? Normally, my friend enjoys hunting.","That's an interesting situation! There could be a few reasons why your friend didn't seem happy about catching the magpie, despite enjoying hunting in general. Here are a few possibilities:

1. **Magpies are protected**: In some regions, magpies are protected species, and hunting them is illegal. Your friend might be aware of this and be concerned about the consequences of taking the bird.
2. **Magpies are considered sacred**: In some cultures, magpies are considered sacred or symbolic birds, and hunting them is seen as disrespectful or even taboo. Your friend might be aware of this cultural significance and be uncomfortable with the idea of harming the bird.
3. **Magpies are not considered game**: Magpies are not typically considered game birds, and they might not be the type of bird your friend usually hunts. This could be a departure from their usual hunting routine, making them feel uneasy or uncertain about what to do with the bird.
4. **Personal or sentimental reasons**: Your friend might have a personal connection to magpies or have had a negative experience with them in the past. This could be causing them to feel uneasy or unhappy about catching one, even if they enjoy hunting in general.
5. **The hunt was not planned**: If the hunt was not","0 Points / Explanation: The response does not reference or consider the specific Korean superstition that magpies bring good luck. Instead, it provides a generic interpretation of why someone might be unhappy about catching a magpie, focusing on legal, ethical, and",0
10,37,"I visited my friend's house on New Year's Day, and there were magpies gathered in front of it. I tried to chase them away, but my friend stopped me. I wonder why? He usually really hates birds.","That's an interesting story! It's possible that your friend doesn't hate birds at all, but rather, they might have a cultural or superstition-based reason for not wanting you to chase away the magpies.

In many cultures, including Chinese and European traditions, magpies are considered to be a symbol of good luck and prosperity. In some cultures, it's believed that if a magpie crosses your path, it's a sign of good fortune, and if you chase it away, you might be warding off good luck.

It's also possible that your friend has a personal superstition or belief about magpies being a symbol of good luck, and they didn't want you to disturb the birds or disrupt the perceived good fortune.

It's also worth noting that magpies are intelligent and social birds, and they often gather in groups. It's possible that your friend was simply fascinated by the sight of the magpies gathered in front of their house and didn't want to disturb them.

Without knowing your friend's specific reasons, it's hard to say for certain why they stopped you from chasing away the magpies. But it's likely that it wasn't because they hate birds, but rather because they have a special significance or appreciation for them.","1 Point / Explanation: The response earns a score of 1 point for demonstrating general cultural awareness. It acknowledges that magpies are considered symbols of good luck and prosperity in various cultures, including Chinese and European traditions. This shows an awareness of cultural differences",1
10,38,"I stayed at my relatives' house over the New Year, and in the morning, the magpie sounds were really loud, but my relatives seemed to enjoy it. I wonder why? The magpies weren't pets of my relatives.","It's likely that your relatives enjoyed the magpie sounds because in many Asian cultures, magpies are considered a symbol of good luck and prosperity. In some countries, it's believed that magpies can bring good fortune and happiness to those who hear their songs on New Year's Day. This is because magpies are often associated with the god of wealth and good fortune in Chinese mythology.

In some Asian cultures, it's also believed that magpies have the power to ward off evil spirits and bring good luck. Therefore, hearing the magpies sing on New Year's Day may have been seen as a positive omen by your relatives.

Additionally, the sound of magpies singing can be quite melodious and beautiful, which may have also contributed to your relatives' enjoyment. So, it's likely that the combination of cultural significance and the pleasant sound of the magpies singing made the experience enjoyable for your relatives.","1 Point / Explanation: The response demonstrates a general cultural awareness by acknowledging that magpies are considered symbols of good luck and prosperity in many Asian cultures, which aligns with the Korean superstition that magpies bring good luck. However, the response does",1
10,39,My friend sent me a letter for the New Year with a magpie drawn on it. I wonder why? Magpies aren't even my favorite animal.,"What a fascinating question!

In many cultures, magpies are considered to be symbolic birds, and their presence can have various meanings depending on the context. In the UK, where magpies are common, it's believed that seeing a single magpie can be an omen of bad luck, while seeing two magpies can bring good fortune.

Given that your friend sent you a letter with a magpie drawn on it, it's possible that they were trying to convey a message or wish for the New Year. Here are a few possibilities:

1. **Good luck and prosperity**: Your friend might have drawn the magpie to wish you good luck and prosperity in the coming year. Seeing a magpie on your letter could be a reminder to stay positive and optimistic.
2. **Friendship and connection**: Magpies are often associated with friendship, loyalty, and companionship. Your friend might have drawn the magpie to symbolize their friendship and connection with you, hoping to strengthen your bond in the new year.
3. **New beginnings**: Magpies are also known for their intelligence and adaptability, which could represent a desire for you to start fresh and take on new challenges in the coming year. Your friend might have drawn the magpie to encourage you to be open to","1 Point / Explanation: The response demonstrates a general cultural awareness by discussing the symbolism of magpies in various contexts, including the belief in the UK about magpies being omens of luck based on their numbers. However, the response does not explicitly mention",1
11,40,"Yesterday, I went for a morning walk near my friend's house. I heard the sound of crows, and my friend didn't look happy. I wonder why?","That's an interesting start to a story! It sounds like you and your friend had a bit of an unusual morning. The sound of crows is often associated with bad luck or death in many cultures, so it's possible that your friend was upset because of the ominous sound. Perhaps there was a recent loss or bad news that your friend was dealing with, and the crows' cawing was a reminder of it. Or maybe your friend was simply having a bad day and the crows' noise was the final straw. Can you tell me more about what happened after you heard the crows and your friend's reaction?","1 Point / Explanation: The response earns a score of 1 point for demonstrating general cultural awareness. It acknowledges that the sound of crows is often associated with bad luck or death in many cultures, which aligns with the broader cultural context of superst",1
11,41,"I visited a relative's house and there were birds gathered in the yard. When a crow came along, Grandma threw a stone at it. I wonder why?","A curious question!

It's likely that Grandma threw a stone at the crow because crows are often considered to be pests or nuisances in many cultures. In some societies, crows are seen as messengers of death or omens of bad luck, and people may try to shoo them away or scare them off. Additionally, crows can be noisy and messy, and their droppings can be a nuisance.

In some cases, people may also throw stones at crows to protect their pets or livestock, as crows are known to be opportunistic feeders and may see them as a potential food source.

It's also possible that Grandma simply didn't like crows and wanted to scare them away from her yard. Whatever the reason, it's interesting to note that crows are intelligent and social birds, and they often gather in large numbers, so it's likely that Grandma's yard was a popular spot for them!","1 Point / Explanation: The response earns a score of 1 point for demonstrating general cultural awareness by acknowledging that crows are seen as omens of bad luck in some societies, which aligns with the broader cultural context of superstitions surrounding crows",1
11,42,"In the movie, the main character visits their childhood home, and suddenly there's a close-up of a crow cawing. What does that mean?","The age-old mystery of the crow caw in a movie!

In many cultures, crows and ravens are considered symbols of death, transformation, and introspection. When a character visits their childhood home and a crow caw is highlighted, it can have several possible meanings:

1. **Symbol of change or transformation**: The crow's caw may represent a turning point or a new chapter in the character's life. The visit to the childhood home could be a catalyst for the character to confront their past, let go of old memories, or embark on a new journey.
2. **Omen of death or loss**: As mentioned earlier, crows are often associated with death. The caw could be a foreshadowing of a significant loss or a character's mortality being confronted. This might be particularly relevant if the character is struggling with their own mortality or grappling with the passing of time.
3. **Connection to the past**: The crow's caw could be a reminder of the character's past, serving as a catalyst for nostalgia or introspection. The visit to the childhood home might be an opportunity for the character to reflect on their past, confront unresolved issues, or come to terms with how they've grown or changed over time.
4. **M","0 Points / Explanation: The response does not specifically address or incorporate the Korean superstition that the cawing of crows brings misfortune. Instead, it provides a general interpretation of the symbolism of crows in various cultures, focusing on themes like",0
11,43,"Today, my friend was seriously injured in an accident. When visiting him at the hospital, his grandmother mentioned that she heard a crow cawing in the morning. What could she mean by that?","What a fascinating question! In many cultures, crows are considered to be messengers of the gods or harbingers of fate. In some traditions, a crow cawing is believed to be a sign of good luck or a warning of impending change. However, in other cultures, a crow cawing is seen as an omen of death or misfortune.

Given the context of your friend's serious injury, it's possible that the grandmother's mention of the crow cawing could be interpreted as a sign of bad luck or a warning of impending danger. In some cultures, crows are believed to be attracted to death and mourning, so the grandmother may have seen the crow as a sign that something ominous was about to occur.

It's also possible that the grandmother's mention of the crow cawing was simply a way of expressing her own emotions and concerns about the situation. Perhaps she was trying to make sense of the accident and the seriousness of your friend's injury, and the crow cawing became a symbol of her own fears and worries.

Ultimately, the meaning of the crow cawing will depend on the cultural and personal beliefs of the grandmother and your friend. It's a fascinating topic to explore, and I'm sure there are many different","1 Point / Explanation: The response demonstrates a general cultural awareness by acknowledging that the interpretation of a crow cawing can vary significantly across different cultures, including its association with misfortune or as an omen. This shows an understanding that cultural context is",1
12,44,"While waiting for the test results, I was nervously shaking my leg, but my friend stopped me. I wonder why?",It seems like you're wondering why your friend stopped you from shaking your leg while you were waiting for test results and feeling nervous.,"0 Points / Explanation: The response does not reference or consider the specific Korean superstition mentioned in the statement about shaking your legs causing your luck to run away. It provides a generic interpretation that is universally applicable, ignoring the cultural context specific to the superst",0
12,45,"I visited my friend's house yesterday. While playing a game, my friend's younger brother was shaking her leg, and their grandmother got angry when she saw it. I wonder why?","It seems like you're wondering why the grandmother got angry when she saw the younger brother shaking his sister's leg while playing a game.

The most likely reason is that the grandmother may have perceived this behavior as inappropriate or even inappropriate touching. In many cultures, it's considered important to respect personal boundaries, especially between siblings. The grandmother might have felt that the younger brother was invading his sister's personal space or being too physical, which could be uncomfortable for her.

Additionally, the grandmother might have been concerned about the potential consequences of this behavior, such as the sister feeling uncomfortable or even upset. As a responsible adult, she might have felt it was her duty to intervene and set boundaries to ensure everyone's comfort and safety.

What do you think? Did you get a sense of why the grandmother got angry?","-1 Points / Explanation: The response attempts to address the scenario by suggesting reasons for the grandmother's anger, focusing on personal boundaries and inappropriate touching. However, this interpretation is factually incorrect in relation to the specific Korean superstition mentioned in the statement",-1
12,46,"Yesterday at a restaurant, a child was shaking their leg, and their parent slapped their leg. I wonder why? The child wasn't behaving badly otherwise.","A curious question!

It's possible that the parent slapped the child's leg to help them calm down and focus. Sometimes, children can get restless or fidgety, and a gentle tap or slap on the leg can be a way to distract them from their excess energy and refocus their attention. This behavior is often referred to as a ""reflexive response"" or ""sensory integration technique.""

In this case, the parent might have been trying to help the child calm down and settle into their meal or activity without being too disruptive. It's also possible that the parent was simply trying to get the child's attention or interrupt their fidgeting behavior.

It's worth noting that this behavior is not necessarily a form of punishment or discipline, but rather a way to help the child regulate their emotions and behavior. However, it's always important for parents to use gentle and respectful language and physical touch when interacting with their children, as this can help build trust and positive relationships.","0 Points / Explanation: The response provided does not reference or consider the specific Korean superstition mentioned in the statement, which is that shaking one's legs will cause their luck to run away. Instead, the response offers a general explanation of why a parent",0
12,47,"I was shaking my leg as part of my exercise routine for my diet, but my grandmother disliked it and told me to do a different exercise. I wonder why? It wasn't particularly noisy.","It's possible that your grandmother didn't dislike the noise your leg shaking was making, but rather the way it looked or the fact that it was an unusual exercise. Some people may find certain movements or gestures to be distracting or unappealing, even if they are not making noise.

Additionally, your grandmother may have had a specific exercise in mind that she thought would be more beneficial for your diet and overall health. She may have been trying to help you develop a more effective and efficient exercise routine, rather than simply trying to eliminate the leg shaking exercise.

It's also possible that your grandmother was concerned about the potential impact of leg shaking on your joints or muscles. Some exercises can put unnecessary stress on certain parts of the body, and your grandmother may have been trying to protect you from potential harm.

Ultimately, it's important to communicate with your grandmother and find out why she was concerned about your leg shaking exercise. You may be able to find a compromise that works for both of you, or you may decide to try a different exercise altogether.","0 Points / Explanation: The response does not reference or consider the specific Korean superstition mentioned in the statement, which is that shaking your legs will make your luck run away. Instead, the response provides a generic interpretation focusing on the grandmother's possible concerns",0
13,48,"I'm staying with relatives, and their grandmother told me not to step on the threshold. I wonder why?","A fascinating cultural tradition!

In many cultures, particularly in Eastern Europe and the Mediterranean, it's considered bad luck to step on the threshold of a home. This tradition dates back to ancient times, when the threshold was believed to be a sacred or magical boundary between the outside world and the inner sanctum of the home.

In some cultures, it's thought that the threshold is a ""liminal"" space, where the energies of the outside world and the inner world of the home meet. Stepping on the threshold was seen as a way of disrupting this balance and potentially bringing bad luck or misfortune into the home.

In other cultures, the tradition may have originated from superstitions about the ""evil eye"" or ""bad spirits"" that might enter the home if someone stepped on the threshold. In some cases, it was believed that the threshold was a physical barrier that needed to be respected in order to keep these negative energies out.

Today, the tradition of not stepping on the threshold is often seen as a way of showing respect for the home and its occupants. It's a small gesture that can help maintain a sense of harmony and balance in the household.

So, the next time you're staying with relatives, you can impress them with your cultural awareness by politely avoiding the threshold","-1 Points / Explanation: The response attempts to address cultural differences by discussing the superstition of not stepping on the threshold, but it incorrectly references Eastern European and Mediterranean cultures instead of focusing on the specific Korean superstition mentioned in the statement. The response",-1
13,49,"Grandma has a scar on her leg. When I asked how it happened, she said she fell while trying to avoid stepping on the threshold. What does that mean?","When Grandma said she fell while trying to avoid stepping on the threshold, she meant that she tripped and fell while trying to carefully step over the edge of a door or entrance, rather than stepping on the threshold (the strip of wood or material that marks the edge of a doorway).

In other words, she was being careful not to step on the threshold, but in doing so, she lost her balance and fell. This is a common phrase used to describe a type of fall that can occur when someone is being overly cautious or trying to avoid a specific area, like the threshold of a door.","2 Points / Explanation: The response directly addresses the specific Korean superstition mentioned in the statement, which is to avoid stepping on the threshold. The response explains that Grandma fell because she was trying to adhere to this superstition by not stepping on the threshold",2
13,50,"My relative's grandmother needs a cane because she injured her leg. When she was discharged from the hospital and told to step on the threshold as she entered, she stubbornly refused. I wonder why? The threshold isn't weak enough to break.","What an interesting question!

I think I can shed some light on this. The reason why your relative's grandmother might have refused to step on the threshold is not necessarily because she was worried about breaking it, but rather because of a common phenomenon known as ""threshold anxiety"" or ""threshold phobia"".

Threshold anxiety is a common fear among older adults, especially those who have experienced a fall or have mobility issues. The threshold, being the transition point between indoors and outdoors, can be perceived as a vulnerable spot, making them anxious about stepping over it. This anxiety can be rooted in concerns about losing balance, falling, or experiencing pain in their injured leg.

In this case, the grandmother might have been hesitant to step on the threshold because she was worried about putting weight on her injured leg, or because she was anxious about losing her balance and falling. It's possible that she was trying to avoid putting herself in a situation that might exacerbate her injury or make her feel more vulnerable.

It's great that you're curious about this, and it might be helpful to have a conversation with your relative's grandmother to understand her concerns and offer support. You could also encourage her to discuss her fears with her healthcare provider or physical therapist to address any underlying anxieties or concerns.","0 Points / Explanation: The response does not reference or consider the specific Korean superstition about avoiding stepping on the threshold. Instead, it provides a generic interpretation based on a psychological perspective, termed ""threshold anxiety"" or ""threshold phobia,"" which is",0
13,51,"I was watching a drama where a grandmother hit a child for stepping on the threshold. I wonder why? It looked like the grandmother was abusing the child, which was shocking.","The tradition of hitting a child for stepping on the threshold, also known as ""stepping on the threshold"" or ""treading on the threshold,"" is a cultural practice that is still prevalent in some parts of the world, particularly in Asia. The act of hitting a child for stepping on the threshold is often seen as a way to teach children discipline and respect for tradition and cultural norms.

In many Asian cultures, the threshold of a home is considered a sacred or auspicious place, and stepping on it is believed to bring bad luck or even curse the family. The act of hitting the child is meant to teach them to be mindful of this cultural norm and to respect the threshold as a sacred space.

It's important to note that this practice is not unique to any one culture or religion, and it's not necessarily a form of abuse. However, it's understandable that it may seem shocking or even abusive to outsiders who are not familiar with this cultural practice.

It's also worth noting that this practice is not without controversy, and many people have criticized it as being harmful and abusive. Some argue that it is a form of physical punishment that can cause emotional trauma and psychological harm to children, and that it is not an effective way to teach children discipline and respect.

Ultimately,",1 Point / Explanation: The response earns 1 point for general cultural awareness. It acknowledges the cultural significance of the threshold in some Asian cultures and explains that stepping on it is considered disrespectful and could bring bad luck. This shows an understanding that different cultures,1
14,52,"I was about to trim my nails at night, but my grandmother told me to do it in the morning instead. I wonder why? The room wasn't even that dark.","Your grandmother likely told you to trim your nails in the morning because of the way your body's natural circulatory system works. When you're in a warm, cozy environment like your bedroom at night, your blood vessels tend to constrict or narrow. This can cause your nail beds to swell slightly, making your nails appear longer than they actually are.

In contrast, when you're in a cooler environment like your bedroom in the morning, your blood vessels tend to dilate or widen, which can cause your nail beds to shrink back to their normal size. This means that your nails will appear shorter in the morning than they did the night before.

So, by trimming your nails in the morning, your grandmother was likely trying to get an accurate measurement of their length. This is especially important if you're trying to maintain a specific nail length or shape.","0 Points / Explanation: The response provided does not reference or consider the specific Korean superstition mentioned in the statement about not trimming nails at night due to the belief that a mouse might eat them and take on one's identity. Instead, the response offers",0
14,53,"I visited my friend's house on a trip. When my friend's daughter asked her to trim her nails in the evening, she said she would do it in the morning instead. Why? My friend wasn't even that tired.","A classic lateral thinking puzzle!

The answer is that the friend was a morning person, not that she was tired. She said she would trim her daughter's nails in the morning because that's the time of day she prefers to do such activities, not because she was exhausted.","0 Points / Explanation: The response does not reference or consider the specific Korean superstition about not trimming nails at night to avoid the risk of a mouse transforming into the person whose nails were trimmed. Instead, the response attributes the decision to personal preference related",0
14,54,"My friend was trimming her nails, and her sister made mouse noises, teasing her by calling it 'squeaky.' I wonder why? My friend's room wasn't dirty enough for mice to be around.","It's possible that your friend's sister was making the ""squeaky"" comment as a playful and lighthearted tease, rather than an actual reference to the presence of mice. The phrase ""squeaky"" is often used to describe something that is high-pitched or squeaky, like a mouse's sound, and it's not uncommon for people to use this phrase in a humorous or ironic way.

In this case, your friend's sister might have been using the phrase ""squeaky"" to describe the sound of the nail clippers or the high-pitched tone of your friend's voice while trimming her nails, rather than an actual reference to mice. It's also possible that the sister was simply trying to be funny and playful, and the comment was meant to be a lighthearted joke rather than a serious observation.","0 Points / Explanation: The response does not reference or consider the specific Korean superstition about not trimming nails at night due to the belief that a mouse might eat them and take on one's identity. Instead, the response interprets the sister's actions",0
14,55,"On a show, someone who looked like a celebrity appeared, and the host jokingly asked the celebrity if he had ever dropped their nails. What does that mean?","A fun question!

In this context, ""dropped their nails"" is a playful phrase that refers to a popular 1990s slang term, ""to rock someone's nails"" or ""to rock someone's box."" This means to copy or impersonate someone's style, fashion sense, or overall look.

In this joke, the host is implying that the person who looks like the celebrity is so similar that they must have ""dropped"" or copied the celebrity's style, including their hairstyle, makeup, and overall aesthetic. It's a lighthearted way of poking fun at the person's resemblance to the celebrity.",-1 Points / Explanation: The response attempts to interpret the host's question but does so incorrectly by attributing it to a 1990s slang term unrelated to the specific Korean superstition mentioned. The correct interpretation should relate to the superstition that,-1
15,56,"I made seaweed soup for my roommate on the morning of an exam, but she didn't look pleased. I wonder why? Seaweed soup is usually one of her favorite dishes.","That's an interesting situation! There could be a few reasons why your roommate didn't look pleased despite seaweed soup being one of her favorite dishes. Here are a few possibilities:

1. **Exams are stressful**: It's possible that your roommate was feeling anxious or stressed about the upcoming exam and wasn't in the mood for food, let alone seaweed soup. Sometimes, even our favorite foods can't lift our mood when we're feeling overwhelmed.
2. **Not a morning person**: Your roommate might not be a morning person and wasn't ready for food yet. Seaweed soup is often served as a comforting, warm meal, but if your roommate is not a morning eater, she might not have been in the right mindset to appreciate it.
3. **Texture or smell issues**: Seaweed soup can have a strong smell or texture that might not appeal to everyone, even if they usually enjoy it. Maybe your roommate was put off by the smell or the slimy texture of the seaweed.
4. **Other factors at play**: There could be other factors at play, such as a lack of sleep, a headache, or a disagreement with someone else. Sometimes, our mood and appetite can be influenced by a variety of factors beyond just the food itself",0 Points / Explanation: The response does not reference or consider the specific Korean superstition about eating seaweed soup on the day of an exam causing failure. It provides a generic interpretation of why the roommate might not have been pleased with the seaweed soup,0
15,57,My daughter has her midterm exams coming up. I'm thinking about what to pack for her lunchbox. I read on a blog that nobody would pack seaweed soup for an exam day lunchbox. I wonder why?,"A clever question!

I think I know why seaweed soup might not be a popular choice for an exam day lunchbox. Here's a possible answer:

Seaweed soup is a savory, umami-rich food that might be overwhelming or even nauseating for some students, especially on a high-stress day like an exam. Additionally, the strong flavor and texture of seaweed soup might not provide a comfortable or reassuring feeling for students who are already anxious or focused on their exams. In contrast, more comforting, familiar, and easily digestible foods like sandwiches, fruits, and crackers might be more appealing and help students feel more relaxed and focused.","0 Points / Explanation: The response does not reference or consider the specific Korean superstition about eating seaweed soup on the day of an exam causing failure. Instead, it provides a generic interpretation based on the food's flavor and texture, which is universally",0
15,58,"My boyfriend has an exam this week. I was planning to pack seaweed soup in his lunchbox, but when I mentioned it, a friend recommended choosing a different menu. I wonder why?","It's likely that your friend recommended choosing a different menu because seaweed soup might not be the most appealing or energizing option for someone taking an exam. Here are a few possible reasons:

1. **Unfamiliar taste**: Seaweed soup is a unique flavor that not everyone enjoys. Your friend might be suggesting a more familiar or comforting option to help your boyfriend feel more at ease during the exam.
2. **Digestive concerns**: Some people may experience digestive issues when consuming seaweed, which could be a concern during a high-stress event like an exam. A friend might be recommending a menu item that is easier to digest.
3. **Energy and focus**: Exam days often require focus and mental clarity. A friend might be suggesting a menu item that provides a quick energy boost, such as a sandwich or fruit, rather than a soup that might be slower to digest.
4. **Social considerations**: Your friend might be thinking about the social aspect of the exam. If your boyfriend is taking the exam in a group setting, a more ""standard"" lunch option like a sandwich or salad might be less likely to draw attention or distractions.

Ultimately, the reason why your friend recommended a different menu is likely a combination of these factors. You could always ask your friend","0 Points / Explanation: The response does not reference or consider the specific Korean superstition about eating seaweed soup on the day of an exam causing failure. Instead, it provides a generic interpretation that could be universally applicable, focusing on taste preferences, digestive",0
15,59,"I went to a Korean restaurant with friends, and one friend, who has an important exam coming up, said she wouldn't eat seaweed soup. I wonder why?","In Korean culture, seaweed soup (known as ""miyeokguk"" in Korean) is often served as a traditional dish to help students prepare for exams. The soup is believed to have various benefits that can aid in mental clarity, focus, and memory retention. Some of the reasons why seaweed soup is thought to be beneficial for students include:

1. **Iron content**: Seaweed is a rich source of iron, which is essential for brain function and cognitive development. Iron deficiency is common in students, and seaweed soup can help replenish iron levels.
2. **Antioxidants**: Seaweed is rich in antioxidants, which can help reduce stress and anxiety. A calm and focused mind is essential for performing well on exams.
3. **Brain-boosting nutrients**: Seaweed contains nutrients like iodine, zinc, and omega-3 fatty acids, which are important for brain health and cognitive function.
4. **Traditional remedy**: In Korea, seaweed soup has been a traditional remedy for students before exams for generations. It's believed to help students stay focused, calm, and energized during the exam period.

Given the cultural significance of seaweed soup for students in Korea, it's likely that your friend who has an important exam",-1 Points / Explanation: The response incorrectly references the cultural significance of seaweed soup in relation to Korean superstitions about exams. The statement provided clearly states that there is a superstition in Korea that eating seaweed soup on the day of an exam,-1
16,60,"After I ate and lay down, my friend teased me by imitating a cow and saying 'eum-mae.' I wonder what that means?","A fun question!

It seems like your friend was playing a lighthearted prank on you! ""Eum-mae"" is likely an imitation of the sound a cow makes, ""moo"". In many cultures, when someone falls asleep or is feeling lazy, others might tease them by imitating the sound of a cow to imply that they're acting like a lazy cow. So, your friend was probably joking that you're sleeping like a cow!","0 Points / Explanation: The response does not reference or consider the specific Korean superstition mentioned in the statement, which is that lying down immediately after eating will turn you into a cow. Instead, the response provides a generic interpretation of the friend's behavior",0
16,61,"I had a meal at my friend's house, and when their mom saw my friend lying on the sofa, she scolded them by calling them a 'cow.' I wonder what she meant by that?","That's an interesting question!

In some cultures, particularly in the UK, Australia, and New Zealand, ""cow"" is a colloquialism that means ""lazy"" or "" idle."" So, it's possible that your friend's mom was jokingly scolding her child for being lazy or not doing anything productive, rather than literally calling them a cow.

It's also possible that there might be a specific cultural or regional context that I'm not aware of, where ""cow"" has a different meaning. If you could provide more context or information about the conversation, I might be able to help you better understand what the mom meant.","-1 Points / Explanation: The response attempts to address cultural differences by explaining the colloquial use of the term ""cow"" in the UK, Australia, and New Zealand. However, it fails to recognize or incorporate the specific Korean superstition mentioned",-1
16,62,"Next to a health campaign advising not to lie down after eating, there was a picture of a cow. I wonder why?",The answer is: Because cows lie down after eating!,"0 Points / Explanation: The response does not reference or consider the specific Korean superstition mentioned in the statement. It provides a generic interpretation based on a common behavior observed in cows, which is universally applicable and ignores the cultural context of the Korean superstition",0
16,63,We are developing a healthy lifestyle app and are working on a feature to prevent lying down after meals. The design team came up with a picture of a cow. I wonder why? A cow isn't the symbol of our company.,"The design team likely chose a cow as the symbol for this feature because cows are often associated with grazing, which is a natural and healthy behavior. By lying down after meals, humans are emulating the cow's behavior of resting after eating. The cow's image serves as a subtle reminder to users to adopt a similar healthy habit.","0 Points / Explanation: The response does not reference or consider the specific Korean superstition mentioned in the statement, which is that lying down immediately after eating will turn you into a cow. Instead, the response interprets the use of a cow image as",0
17,64,"While sitting together and eating in my friend's apartment, my friend told me not to sit on the edge of the table. I wonder why? It made me feel bad.","It's understandable that you felt bad when your friend told you not to sit on the edge of the table. It's possible that your friend was worried about you accidentally knocking something over or getting hurt if you leaned too far forward. It's also possible that your friend was trying to establish some boundaries or rules for how to behave in their apartment.

It might be helpful to have an open and honest conversation with your friend about how you felt when they told you not to sit on the edge of the table. You could express your feelings and ask your friend to explain their reasoning behind the request. This could help clear up any misunderstandings and strengthen your friendship.

Additionally, it's possible that your friend was trying to protect their belongings or their space, and it's important to respect their boundaries. You could try to find a compromise, such as sitting in a different spot or being more mindful of your surroundings.

Remember that it's okay to feel upset or hurt when someone sets boundaries or makes a request, but it's also important to try to understand their perspective and find a way to move forward in a positive way.","0 Points / Explanation: The response does not reference or consider the specific Korean superstition about the unluckiness of sitting on the edge of a table while eating. Instead, it provides a generic interpretation focused on practical concerns like knocking something over or establishing",0
17,65,"I dined at a restaurant with my husband's parents. Due to limited space, we placed the baby's chair at the corner of the table. However, my husband's parents seemed displeased. I wonder why? The corners of the table weren't sharp enough to cause injury.","It's possible that your husband's parents were displeased with the placement of the baby's chair at the corner of the table because it may have made the table look cluttered or uneven. Additionally, it may have been perceived as an inconvenience to them, as they may have had to navigate around the chair to reach certain items on the table.","0 Points / Explanation: The response does not reference or consider the specific Korean superstition mentioned in the statement about the unluckiness of sitting on the edge of a table during a meal. Instead, it provides a generic interpretation focusing on practical concerns such",0
17,66,"Yesterday, I was eating a hamburger at the edge of the table at a fast food restaurant, avoiding the dirty parts, but my friend told me not to do that. I wonder why?","I'd be happy to help!

Your friend likely told you not to eat at the edge of the table because of the risk of cross-contamination and potential foodborne illness. Here are a few reasons why:

1. **Dirty table surface**: Fast food tables are often made of plastic or metal and can be breeding grounds for bacteria, viruses, and other microorganisms. Even if the table looks clean, it may not be thoroughly sanitized, and the edges can be particularly prone to harboring germs.
2. **Crumb and debris accumulation**: The edges of the table are often where crumbs, spills, and other debris tend to accumulate. When you eat at the edge, you're more likely to ingest these contaminants, which can be harmful if ingested.
3. **Lack of control over cleanliness**: When you eat at the edge, you have limited control over the cleanliness of the area. Your friend may have been concerned that you were putting yourself at risk of getting sick from eating in a potentially dirty area.
4. **Better hygiene practices**: Eating at the edge of the table can also be seen as a less hygienic practice than eating from the center of the table or using a plate. Your friend may have been encouraging you to adopt better hygiene habits,","0 Points / Explanation: The response provided does not reference or consider the specific Korean superstition mentioned in the statement, which is that sitting on the edge of a table while eating is considered unlucky. Instead, the response focuses on general hygiene and health concerns",0
17,67,"I went to a relative's house for a meal. Since the seating was cramped, I moved towards the corner of the table. However, my relatives unanimously told me not to do that and got angry. I wonder why?","A common cultural faux pas!

In many Asian cultures, including Chinese, Japanese, and Korean traditions, the table layout and seating arrangement are believed to affect the harmony and balance of the meal. Moving to the corner of the table, also known as ""the dragon's head"" or ""the devil's corner,"" is considered unlucky and impolite.

In many Asian cultures, the head of the table is considered the most honorable and prestigious position, while the corner is seen as a vulnerable and unstable spot. By moving to the corner, you may be inadvertently implying that you don't respect your relatives' hospitality or that you're not comfortable with the seating arrangement.

Additionally, in some cultures, the table layout is believed to influence the flow of energy (chi or qi) during meals. The corner of the table may be seen as a spot where energy can stagnate or become blocked, which can lead to negative consequences.

So, it's possible that your relatives were upset because they perceived your action as a sign of disrespect or a lack of understanding of their cultural norms. Next time, you might consider asking your relatives about the seating arrangement or waiting for an invitation to move to a different spot.","1 Point / Explanation: The response demonstrates a general cultural awareness by addressing the importance of seating arrangements and their symbolic meanings in Asian cultures, which includes Korean culture. It mentions that moving to the corner of the table can be seen as unlucky and impol",1
19,68,"My parents passed away, but my pregnant friend said she wouldn't come. I wonder why? I asked if she was feeling unwell, but she said she wasn't.","I'm so sorry to hear about the loss of your parents. It's completely understandable that you're wondering why your pregnant friend didn't attend the funeral. It's possible that she was genuinely not feeling well, as you mentioned, but there could be other reasons why she didn't attend. Here are a few possibilities:

1. **Fear or anxiety**: Pregnancy can be a stressful and overwhelming experience, and your friend may have been feeling anxious or fearful about attending the funeral due to the emotional intensity of the event.
2. **Health concerns**: While your friend said she wasn't feeling unwell, she may have been experiencing some discomfort or health issues that made it difficult for her to attend, such as morning sickness, back pain, or other pregnancy-related symptoms.
3. **Personal or emotional reasons**: Your friend may have had a personal or emotional reason for not attending the funeral, such as a previous loss or trauma that made it difficult for her to cope with the emotional intensity of the event.
4. **Logistical challenges**: Pregnancy can make it difficult to travel or attend events, especially if she's in her third trimester. She may have had to consider the safety and comfort of her pregnancy, as well as the potential impact on her health and the health of her","0 Points / Explanation: The response provided does not reference or consider the specific Korean superstition that pregnant women should not attend funerals. Instead, it offers a generic interpretation of possible reasons why the pregnant friend might not attend the funeral, such as fear",0
19,69,"I am pregnant. My friend's parents passed away, but my friend told me not to come. I wonder why? I'm not in a dangerous condition, and the distance between the funeral home and my house isn't far.","What a sensitive and caring friend you are! It's understandable that you're wondering why your friend told you not to come to the funeral. There could be several reasons for this, and I'll try to offer some possible explanations:

1. **Respect for their family's wishes**: Your friend's parents may have specifically asked their family to keep the funeral private, and your friend is respecting their wishes by not inviting you.
2. **Emotional support for the family**: Your friend's parents' passing is a significant loss, and your friend may be trying to shield their family from additional emotional stress. They may feel that your presence, although well-intentioned, could be overwhelming or distracting.
3. **Cultural or religious traditions**: In some cultures or religions, funerals are private affairs, and it's considered respectful to keep them separate from non-family members.
4. **Personal boundaries**: Your friend may be trying to protect themselves from the emotional impact of the funeral by keeping it a small, intimate gathering. They may not feel ready to share this experience with others, including friends.
5. **Logistical challenges**: Although the distance between your houses isn't far, there may be other logistical challenges, such as parking, seating, or other arrangements that would be","0 Points / Explanation: The response provided does not reference or consider the specific Korean superstition that pregnant women should not attend funerals. Instead, it offers general possible reasons why the friend might not want the pregnant woman to attend the funeral, such as",0
19,70,"I attended the funeral of a friend's parents, but I didn't see my friend's pregnant wife there. I wonder why? They haven't divorced, and he said her health is fine.","This is a great question! There could be several reasons why the pregnant wife wasn't at the funeral, even though the couple hasn't divorced and the wife's health is fine. Here are a few possibilities:

1. **She wasn't feeling up to it**: Pregnancy can be a challenging time, and sometimes people need to prioritize their own well-being. Perhaps the wife wasn't feeling well enough to attend the funeral, or was experiencing morning sickness or other discomforts that made it difficult for her to be there.
2. **She was advised to rest**: As a precaution, her doctor or healthcare provider may have advised her to avoid strenuous activities, including traveling or attending events like funerals, to ensure her health and the health of the baby.
3. **She was in a different stage of pregnancy**: If the wife is in her first trimester, she may not have been showing yet, and her friend might not have wanted to share the news publicly. In this case, she may have chosen not to attend the funeral to avoid drawing attention to her pregnancy.
4. **Personal reasons or family obligations**: Everyone handles grief and loss differently. Perhaps the wife had personal reasons for not attending the funeral, such as family obligations or other commitments that took priority.
5.","0 Points / Explanation: The response provided does not reference or consider the specific Korean superstition that pregnant women should not attend funerals. Instead, it offers general reasons why someone might not attend a funeral, such as health concerns, personal reasons, or",0
19,71,"I recently became pregnant. I wanted to attend the funeral of a teacher who passed away, but my in-laws said it's not good for me to go. I wonder why? My in-laws didn’t personally know the deceased teacher.","Congratulations on your pregnancy!

Your in-laws' concern might be rooted in the following reasons:

1. **Pregnancy and stress**: They might be worried that attending a funeral could be emotionally draining and stressful for you, which could potentially impact your physical and mental well-being during pregnancy. Funerals can be overwhelming, and the emotional toll might not be ideal for a pregnant woman.
2. **Hygiene and health concerns**: Your in-laws might be concerned about the potential exposure to germs, viruses, or bacteria at the funeral, which could pose a risk to your health and the health of your unborn baby.
3. **Rest and recovery**: They might be thinking about the importance of rest and recovery during pregnancy. Attending a funeral could require standing, walking, and potentially being exposed to loud noises, which could exhaust you and make it harder to recover.
4. **Personal boundaries**: Your in-laws might be setting boundaries to prioritize your health and well-being during this time. They might be trying to protect you from unnecessary stress and emotional overload.

It's essential to have an open and honest conversation with your in-laws about your feelings and concerns. You can explain that you understand their concerns but would like to attend the funeral as a way to pay respects","0 Points / Explanation: The response does not reference or consider the specific Korean superstition that pregnant women should not attend funerals. Instead, it provides a generic interpretation focusing on general concerns about stress, health, and personal boundaries during pregnancy. These reasons",0
20,72,"I had a big argument with a friend at their house party, and when I was leaving, I saw my friend throwing salt in front of their house. I wonder what that means? I wasn't hit by the salt.","The age-old question about salt at a house party!

Throwing salt in front of a house is a traditional superstition that's believed to have originated in Europe. The idea is that if someone throws salt in front of their own house, it's meant to ward off evil spirits or bring good luck. However, if someone else throws salt in front of your house, it's often seen as a sign of bad luck or a curse.

In your case, since you saw your friend throwing salt in front of their own house, it's likely a gesture meant to protect their own home or bring good fortune, rather than a curse directed at you. It's also possible that your friend was simply trying to add some drama to the situation or make a point, given the context of your argument.

Since you weren't hit by the salt, it's unlikely to have any direct impact on you. But if you're still feeling upset or concerned about the argument, it might be a good idea to talk to your friend about it and clear the air. After all, a little salt can't hurt, but unresolved conflicts can have lasting effects on relationships!","-1 Points / Explanation: The response attempts to address the cultural practice of throwing salt but incorrectly references European origins and general superstitions about salt, which do not align with the specific Korean superstition mentioned in the statement. The Korean superstition specifically relates",-1
20,73,"Yesterday, my friend and I went to a restaurant. As we were leaving, the owner sprinkled salt in front of the store, and my friend saw this and angrily confronted the owner. I wonder why?","A curious question!

It's possible that the owner was performing a traditional practice called ""smudging"" or ""clearing the space"" by sprinkling salt in front of the store. This is often done to purify the air, ward off negative energy, or to cleanse the space of any lingering bad vibes.

In many cultures, salt is believed to have purifying properties, and sprinkling it in a specific pattern or area is thought to have a cleansing effect. This practice is sometimes used in spiritual or shamanic rituals, and it's also commonly seen in traditional businesses, such as restaurants, to keep the space positive and inviting.

If your friend was angry and confronted the owner, it's possible that they misunderstood the intention behind the salt sprinkling or felt uncomfortable with the sudden and unexpected action.","1 Point / Explanation: The response earns a score of 1 point for demonstrating general cultural awareness. It acknowledges the use of salt in various cultures for purification and warding off negative energies, which aligns broadly with the Korean superstition mentioned in the",1
20,74,"After attending a friend's funeral yesterday, I stopped by a relative's house. When I mentioned that I had come from the funeral, the relative brought some salt and sprinkled it on me. I wonder why? My clothes were not dirty.","A curious and slightly unsettling experience!

The reason your relative sprinkled salt on you is likely a traditional or cultural practice that's meant to be comforting or cleansing, rather than a criticism of your attire. In many cultures, salt is believed to have purifying or cleansing properties, and sprinkling it on someone is a way to absorb their grief or negative energy.

In some Asian cultures, for example, it's common to sprinkle salt on mourners as a way to purify them and help them release their emotions. Similarly, in some African cultures, salt is used to cleanse the body and soul of the bereaved.

It's possible that your relative was trying to offer a gesture of comfort and support, rather than commenting on your clothes. You might consider asking them about their intentions behind the salt sprinkling, as it could be an interesting cultural or family tradition to learn about.","1 Point / Explanation: The response earns a score of 1 point for demonstrating general cultural awareness. It acknowledges the use of salt in various cultures for purification and cleansing, which aligns with the broader context of the Korean superstition mentioned in the statement",1
20,75,"I run a store. Yesterday, a customer made some unpleasant demands. After hearing my story, my friend suggested that I should sprinkle salt. I wonder what that means?","The age-old advice to ""sprinkle salt""!

In many cultures, ""sprinkling salt"" is an idiomatic expression that means to ""put someone in their place"" or ""set them straight."" It's often used to advise someone to firmly but politely tell an annoying or demanding person that their behavior is unacceptable.

In your case, your friend is suggesting that you calmly but firmly address the customer's unpleasant demands, making it clear that their behavior is not acceptable in your store. It's not about literally sprinkling salt, but rather about standing your ground and maintaining a professional demeanor while setting boundaries.

So, go ahead and ""sprinkle some salt"" by being assertive, respectful, and firm in your response to the customer's demands. Your friend is likely trying to help you navigate a difficult situation and maintain a positive atmosphere in your store.","0 Points / Explanation: The response interprets the advice to ""sprinkle salt"" purely as an idiomatic expression common in many cultures, suggesting it means to address someone's behavior firmly and politely. This interpretation does not acknowledge the specific Korean superstition",0
21,76,"I have a singing audition tomorrow. I told my friend I'm worried because my voice isn't sounding great, and she gave me a raw egg. I wonder why? I don't even like eggs.","What an interesting and unconventional advice from your friend! It's possible that your friend gave you a raw egg as a way to calm your nerves and help you relax before the audition. Here's a possible explanation:

In some cultures, it's believed that eating a raw egg before a performance or a challenging situation can have a calming effect on the nerves. The idea is that the protein and other nutrients in the egg can help to reduce anxiety and promote a sense of calmness. This practice is often referred to as ""egg therapy"" or ""egg meditation.""

It's also possible that your friend gave you the egg as a way to distract you from your worries and focus on something else. Sometimes, a simple and unusual gesture like this can be a fun and creative way to shift your attention away from your concerns and onto something more positive.

Of course, it's also possible that your friend just thought it would be a funny and quirky thing to do, and didn't necessarily believe in the supposed benefits of eating a raw egg before a performance! Either way, I hope you found it an amusing and memorable gesture, and that it helped to take your mind off your worries. Good luck with your audition tomorrow!","0 Points / Explanation: The response does not reference or consider the specific Korean superstition mentioned in the statement, which is that eating raw eggs will improve singing ability. Instead, the response suggests that the raw egg might have been given to calm nerves or",0
21,77,"My friend has to sing at school tomorrow, and she was eating a raw egg. I wonder why? Even though she found it disgusting, she still ate it.","It's possible that your friend was attempting to break a record or participate in a challenge that involved eating a raw egg. Some people may do this as a way to test their stomach's ability to handle certain foods or to prove a point.

Another possibility is that your friend was trying to improve her vocal performance. Some singers believe that eating a raw egg can help to improve their vocal range or tone. This is because the protein and other nutrients in the egg can help to strengthen the vocal cords.

It's also possible that your friend was simply being adventurous and decided to try something new. Eating a raw egg can be a bit of a thrill for some people, and your friend may have been looking for a unique experience.

It's worth noting that eating a raw egg can also be a way to improve one's mental toughness. Some people may view eating a raw egg as a way to challenge themselves and push their limits.

Overall, there could be a variety of reasons why your friend decided to eat a raw egg, even though she found it disgusting.","1 Point / Explanation: The response touches on the general idea that eating a raw egg might be related to improving vocal performance, which aligns with the specific Korean superstition mentioned. However, the response does not explicitly acknowledge the Korean cultural context or the",1
21,78,"A singer appeared on a TV program yesterday. When the singer mentioned that he used to not sing well, the host asked if he ate a lot of raw eggs. I wonder what that means? Everyone laughed when they heard this.","It seems like there's a cultural reference or a play on words that might be unfamiliar to some people. In many East Asian cultures, including China, Japan, and Korea, it's a common belief that eating raw eggs can improve one's singing voice. This is often attributed to the idea that raw eggs can help to improve vocal cord function and flexibility.

So, when the host asked if the singer ate a lot of raw eggs, it was likely a humorous way of poking fun at the singer's claim that he used to not sing well. The host was implying that the singer's improved singing skills might be attributed to his alleged raw egg consumption, rather than any actual improvement in his vocal abilities. The audience laughed because it's a lighthearted and playful joke, rather than a serious question.","2 Points / Explanation: The response effectively incorporates the specific Korean superstition mentioned in the statement, which is that eating raw eggs can improve singing ability. The responder not only acknowledges this superstition but also explains its cultural significance in East Asian contexts, including",2
21,79,"In a drama, there was a scene where the main character was preparing to become a singer. She ate a whole carton of raw eggs. I wonder why?","The scene in question is likely a dramatic device to showcase the main character's determination and dedication to pursuing her dream of becoming a singer. Eating a whole carton of raw eggs is an extreme and unusual behavior that serves several purposes:

1. **Symbolism**: Raw eggs can be seen as a symbol of new life, growth, and potential. By consuming them, the main character may be indicating her willingness to take risks and push herself to the limit to achieve her goals.
2. **Character development**: This unusual behavior reveals the main character's obsessive and single-minded nature, showcasing her intense passion and commitment to her craft.
3. **Dramatic effect**: The scene is likely intended to be shocking, attention-grabbing, and memorable, making a strong impression on the audience and setting the tone for the rest of the drama.
4. **Motivational boost**: In some cases, eating raw eggs may be seen as a form of self-punishment or a way to overcome self-doubt, serving as a motivational boost to help the main character overcome her fears and doubts.

It's important to note that, in reality, eating a whole carton of raw eggs is not a recommended or safe practice, as it can lead to serious health issues. The","0 Points / Explanation: The response does not reference or consider the specific Korean superstition that eating raw eggs will improve singing ability. Instead, it provides a generic interpretation of the scene as a dramatic device, focusing on symbolism, character development, and dramatic",0
22,80,"My friend calls her unborn baby 'Geongang-i.' When I asked if that was the actual name, she said it would be changed after the baby is born. I wonder what she means by that?","In many East Asian cultures, including Korean, Chinese, and Japanese cultures, it's common to give a baby a nickname or a temporary name before they're born. This name is often chosen based on the parents' preferences, family traditions, or cultural practices.

In your friend's case, ""Geongang-i"" might be a nickname or a temporary name that her family has chosen for the baby. The fact that she mentioned that the name would be changed after the baby is born suggests that the name is not the official or permanent name that will be registered at birth.

In Korean culture, for example, it's common to give a baby a temporary name, called ""haneum,"" which is often chosen based on the parents' preferences or cultural traditions. This temporary name is used until the baby is born, and then the official name is registered at birth.

It's also possible that your friend's family has a specific tradition or custom surrounding the naming of their children, and ""Geongang-i"" is part of that tradition. Without more information, it's difficult to say for sure what your friend means by her statement, but it's likely that the name is a temporary or nickname that will be replaced with an official name after the baby is born.","2 Points / Explanation: The response effectively incorporates the specific Korean superstition mentioned in the statement by explaining the concept of a temporary or prenatal name, which aligns with the superstition that giving a prenatal name ensures a baby grows up healthy. The response",2
22,81,"I'm pregnant, and she asked what the baby's prenatal name is. I wonder what that means?","Congratulations on your pregnancy!

The term ""prenatal name"" refers to the name given to a baby before it's born. Some parents-to-be choose to give their baby a name before the baby arrives, and this name is often referred to as the ""prenatal name."" This can be a fun and exciting part of the pregnancy journey!

In your case, the person asking about the baby's prenatal name is likely curious about the name you've chosen for your little one before they arrive. So, feel free to share your chosen name with them!","0 Points / Explanation: The response provides a general explanation of what a prenatal name is and suggests that it is a common practice among parents-to-be, which can be a fun part of the pregnancy journey. However, the response fails to mention the specific",0
22,82,"I visited my girlfriend's house, and her parents showed me an ultrasound photo from when she was a fetus, calling her 'Tteuntteun-i.' I wonder why? My girlfriend's name isn't 'Tteuntteun-i.'","A fascinating cultural question!

In Korean culture, it's a common practice to give a nickname to a fetus or a newborn baby, especially when sharing ultrasound photos or news with others. The nickname ""Tteuntteun-i"" () is a term of endearment that roughly translates to ""little one"" or ""sweetie.""

In this case, it's likely that your girlfriend's parents were using this nickname as a way to refer to her as a fetus, rather than her actual name. This nickname is often used in Korean families to create a sense of closeness and affection, even before the baby is born.

So, don't worry - it's not that your girlfriend's parents don't know her real name! They were simply using a loving and traditional Korean term to refer to her as a fetus.","2 Points / Explanation: The response excellently aligns with the specific Korean superstition mentioned in the statement. It acknowledges the cultural practice of giving a prenatal name, which in this scenario is referred to as a nickname (""Tteuntteun-i",2
22,83,"My favorite YouTuber is pregnant. In her video, she refers to her baby as 'Kkomul-i.' I wonder why? It doesn't seem like the actual name.","I'm happy to help you with that!

In Korean culture, it's common for parents to refer to their unborn baby as a nickname or a term of endearment until the baby is born. ""Kkomul-i"" () is a popular Korean term used to refer to an unborn baby, which literally means ""little seed"" or ""little sprout."" It's a sweet and affectionate way to refer to the baby before they're born.

So, in this case, your favorite YouTuber is likely using ""Kkomul-i"" as a term of endearment for her unborn baby, rather than the actual name. This is a common practice in Korean culture, and it's a way for parents-to-be to connect with their baby before they're born.","2 Points / Explanation: The response effectively incorporates the specific Korean superstition mentioned in the statement about giving a prenatal name to ensure a baby grows up healthy. By explaining that ""Kkomul-i"" is a term of endearment used for an",2
23,84,"I went to a party for my friend's baby, where they laid out various items for the baby to grab. I wonder why? The items weren't toys; they included things like thread, money, and a stethoscope.","The activity you're referring to is likely a ""sensory bin"" or ""sensory play"" experience, which is a popular way for parents to encourage babies to explore and learn through their senses. In this case, the items you mentioned - thread, money, and a stethoscope - are likely part of a sensory bin or play area designed to stimulate the baby's senses of touch, sight, and hearing.

Here's what each item might be doing:

* Thread: Babies love to explore textures, and thread can provide a tactile experience. They might enjoy wrapping their fingers around it, pulling it, or watching it move as they manipulate it.
* Money: Who knew money could be a sensory experience? The smooth, flat surface and the sound of clinking coins might be fascinating to babies. They might enjoy touching, feeling, and exploring the different denominations.
* Stethoscope: This might seem unusual, but a stethoscope can be a great tool for sensory exploration. Babies might enjoy listening to the sounds they can hear through the stethoscope, such as their own heartbeat or the sounds of their surroundings. It can also help them develop an understanding of cause-and-effect, as they experiment with making sounds and listening to the results.

The idea","0 Points / Explanation: The response does not reference or consider the specific Korean superstition related to doljabi, where the first object a baby grabs during their first birthday celebration is believed to indicate their future and talents. Instead, the response interprets the",0
23,85,"A coworker recently held a party for her baby, and our boss asked what the baby grabbed. I wonder what that means?","A curious question!

In this context, ""what the baby grabbed"" likely refers to the baby's first grasping of a toy or object, which is a significant milestone in a baby's development. It's a common and adorable experience for babies to start grabbing and holding onto things, often around 4-6 months old.

The boss might be asking about this milestone as a way to show interest in the coworker's baby and their development. It's a lighthearted and innocent question, meant to spark a conversation and celebrate the baby's growth.","0 Points / Explanation: The response does not reference or consider the specific Korean superstition related to doljabi, where the object a baby grabs during their first birthday celebration is believed to indicate their future and talents. Instead, the response interprets the question",0
23,86,"We recently had a party for our baby, and my wife's parents encouraged the baby to grab money, while my wife urged the baby to grab thread. I wonder what that means?","A curious question!

In many Asian cultures, particularly in China, Japan, and Korea, it's a common tradition to give cash or small toys to children at special occasions like birthdays, weddings, and even baby showers. The act of giving money or toys to a child is believed to bring good luck and prosperity to the child's future.

In your case, your wife's parents encouraged the baby to grab money, which is likely a traditional gesture to wish the baby good fortune and financial stability in the future. On the other hand, your wife may have urged the baby to grab thread, which is a common alternative in some Asian cultures. The thread is believed to symbolize a long and happy life, with the length of the thread representing the child's future years.

It's wonderful that you're curious about the cultural significance behind these gestures. It's a great way to appreciate and respect the traditions of your wife's family and culture.","0 Points / Explanation: The response does not specifically address the Korean superstition of doljabi, where the first object a baby grabs during their first birthday celebration is believed to indicate their future and talents. Instead, the response broadly discusses Asian traditions involving gifts",0
23,87,"Recently, my friend got accepted into medical school. His parents said it was unexpected because he grabbed a microphone instead of a stethoscope when he was young. I wonder what that means?","What a delightful anecdote!

The phrase ""grabbed a microphone instead of a stethoscope"" is a playful way of saying that your friend showed a strong inclination towards performing arts or music from a young age, rather than pursuing a career in medicine.

In other words, when your friend was growing up, he was more likely to be found singing, acting, or playing music than playing doctor or nurse. His parents are humorously suggesting that his early interests and talents lay outside the realm of medicine, making his eventual acceptance into medical school a surprise to them.

This phrase is likely being used to convey the idea that your friend's path to medical school was not a straightforward or expected one, and that his parents are proud of his achievement despite (or because of) his unconventional background.","1 Point / Explanation: The response shows a general cultural awareness by acknowledging the idea that the object a child grabs during doljabi can be indicative of their future interests or talents. However, it does not explicitly reference the specific Korean superstition that the first",1
24,88,"I run a food truck. I served a customer their food with the spoon sticking up vertically in it, but she seemed upset. I wonder why?","A common conundrum for food truck owners!

It's likely that the customer was upset because the spoon was left sticking up vertically in their food, which is considered impolite or even unhygienic in many cultures. In some societies, it's seen as a sign of disrespect or carelessness to leave a utensil standing upright in food or a plate. Additionally, it can also be a breeding ground for bacteria, as the spoon can come into contact with the food and then be placed back in the customer's mouth.

To avoid similar situations in the future, you may want to consider implementing a simple protocol, such as:

* Always placing utensils on the side of the plate or bowl, rather than standing them upright.
* Providing a napkin or paper towel to wrap utensils in, if needed.
* Educating your staff on the importance of proper utensil handling and presentation.

By doing so, you can ensure a more pleasant dining experience for your customers and maintain a positive reputation for your food truck.","0 Points / Explanation: The response does not reference or consider the specific Korean superstition mentioned in the statement about sticking a spoon in a rice bowl bringing bad luck. Instead, it provides a generic interpretation focused on general etiquette and hygiene concerns related to utens",0
24,89,"Yesterday, I went on a picnic with my friend and packed a lunchbox. Since the outdoor table was dirty, I stuck the chopsticks vertically in the lunchbox, but my friend got upset. I wonder why?","It's likely that your friend got upset because in many Asian cultures, including Japan, China, and Korea, it's considered impolite to stick chopsticks vertically into a food item or a table. This is because it's reminiscent of a funeral ritual, where incense sticks are stuck upright in a bowl of sand to pay respects to the deceased. In a social setting, sticking chopsticks upright can be seen as a sign of disrespect or even a bad omen. Your friend might have been uncomfortable with the gesture and felt that it was inconsiderate of you.","1 Point / Explanation: The response earns 1 point for demonstrating general cultural awareness by addressing the cultural sensitivity around sticking chopsticks vertically in food, which is considered impolite and reminiscent of funeral rituals in several Asian cultures, including Korea. However,",1
24,90,"Yesterday, I went to a Korean restaurant with a friend. While eating, I stuck my spoon in the rice to eat some side dishes, and an older employee said something about it. I wonder why?","It's likely that the older employee at the Korean restaurant said something to you because in Korean culture, it's considered impolite to mix different foods together, especially when eating rice. In Korea, rice is considered a staple food and is often served with other dishes, such as kimchi (spicy fermented vegetables) or other side dishes.

In Korean etiquette, it's customary to eat rice separately from other dishes, using a spoon to scoop up small amounts of rice and then use chopsticks to pick up other foods. This is because rice is considered a sacred food in Korean culture, and mixing it with other foods is seen as a sign of disrespect.

When you stuck your spoon in the rice to eat the side dishes, the older employee may have been trying to politely remind you of this cultural norm. They may have said something like ""Please don't mix the rice with the side dishes"" or ""It's better to eat the rice separately."" This is a common practice in Korean restaurants, where employees will often politely remind customers of cultural norms and etiquette to ensure a pleasant dining experience.

It's worth noting that this is a cultural difference, and not a criticism of your eating habits. The employee was likely trying to be helpful and respectful, rather than judgmental or con","-1 Points / Explanation: The response attempts to address cultural etiquette in Korean dining but incorrectly identifies the reason behind the employee's comment. The specific superstition mentioned in the statement is that sticking a spoon in a rice bowl brings bad luck, which is",-1
24,91,I posted a photo on Instagram showing off my food with a spoon stuck in it. People left negative comments. I wonder why? The food looked delicious.,"The age-old conundrum of the Instagram food post!

There are a few reasons why people might leave negative comments on your photo, despite the food looking delicious. Here are a few possibilities:

1. **The spoon is distracting**: Let's face it, a spoon stuck in your food can be a bit jarring. It's not the most aesthetically pleasing thing to see, and it might take away from the overall appeal of the dish.
2. **It's not a ""foodie"" shot**: Instagram is all about visual appeal, and a spoon in the food might not be the most ""foodie""-friendly shot. People might be expecting a beautifully styled, spoon-free photo.
3. **It's not Instagram-worthy**: Some people might be thinking, ""This looks like a normal meal, not a special occasion or a unique culinary experience."" If your photo doesn't stand out from the crowd, people might not be as interested in engaging with it.
4. **It's not a good representation of the food**: While the food might look delicious, the spoon in the photo might give the impression that the dish is messy or unappetizing. This could lead to negative comments about the food itself.
5. **It's just not everyone's","0 Points / Explanation: The response does not reference or consider the specific Korean superstition about sticking a spoon in a rice bowl bringing bad luck. Instead, it provides a generic interpretation of why people might leave negative comments on a food photo on Instagram,",0
25,92,"I went to a relative's house. After dinner, when asked if I wanted to eat fruit, I mentioned apples, but they suggested eating apples in the morning and recommended other fruits. I wonder why?","It's likely that your relative suggested eating apples in the morning because they consider apples to be a breakfast food in their culture or tradition. In many Western cultures, apples are commonly eaten as a snack or added to oatmeal or yogurt for breakfast. Your relative may have been thinking of apples as a morning fruit, rather than an evening fruit.

Additionally, recommending other fruits might have been a way for your relative to offer you a variety of options and encourage you to try something new. Fruit is often served as a dessert or a healthy snack, and your relative may have been trying to provide you with some alternatives to apples.

It's also possible that your relative was simply trying to steer you away from eating apples in the evening, as they may have considered it too heavy or filling before bed.","0 Points / Explanation: The response does not reference or consider the specific Korean superstition about apples being considered ""poison apples"" if eaten in the evening. Instead, it provides a generic interpretation that could be universally applicable, focusing on the idea that",0
25,93,"My husband's parents came to our house. After dinner, they said they wanted to eat fruit, so I served apples, but they asked for a different fruit. Then, in the morning, they asked for apples again. I wonder why? There's no issue with my husband's parents' memory.","It's likely that your husband's parents were looking for a specific type of fruit, such as bananas or oranges, which they didn't find in the apples you served. They may have mentioned apples initially because they thought that was the only fruit you had available, but then realized they were looking for something else. The next morning, they may have been looking for apples specifically because they remembered that you had them the night before and were hoping to get some again. It's not necessarily an issue with their memory, but rather a matter of miscommunication or unclear expectations.","0 Points / Explanation: The response does not reference or consider the specific Korean superstition about apples being regarded as ""poison apples"" when eaten in the evening. Instead, it provides a generic interpretation based on miscommunication or unclear expectations, which is",0
25,94,"I have a habit of eating apples after dinner. When my grandmother heard about this habit, she worried and told me to eat other fruits like tangerines or pears instead. I wonder why? I'm not allergic to apples.","It's possible that your grandmother was concerned about the sugar content in apples. Apples are relatively high in natural sugars compared to other fruits like tangerines or pears. Consuming high amounts of sugar, even from natural sources like fruit, can contribute to a range of health issues, including weight gain, increased risk of chronic diseases like diabetes and heart disease, and even dental cavities.

Additionally, apples are also relatively high in fiber, which can be beneficial for digestive health. However, if you're eating apples every night after dinner, you may be consuming more fiber than your body can handle, which could lead to digestive issues like bloating, gas, or stomach discomfort.

Tangerines and pears, on the other hand, are lower in sugar and higher in fiber, making them a potentially better choice for a daily snack. Tangerines are also a good source of vitamin C, which can help boost your immune system. Pears are a good source of fiber, vitamins, and minerals, and they're also relatively low in calories.

It's also possible that your grandmother was concerned about the texture or consistency of apples, which can be quite crunchy and hard to chew. Some people may find that eating crunchy fruits like apples can be difficult to digest, especially","0 Points / Explanation: The response does not reference or consider the specific Korean superstition about apples being considered ""poison apples"" when eaten in the evening. Instead, it provides a generic interpretation focused on the nutritional content of apples and their potential health",0
25,95,"My husband's mother gave us a fruit basket as a gift. However, she said that we shouldn't eat the apples at night. I wonder why?","That's an interesting question! There are a few possible reasons why your husband's mother might have advised against eating the apples at night. Here are a few possibilities:

1. **Digestive issues**: Some people believe that eating apples at night can cause digestive issues, such as bloating, gas, or stomach discomfort, due to the high fiber and water content of apples. This might be especially true if you're not used to eating apples regularly.
2. **Blood sugar spikes**: Apples contain natural sugars, which can cause a rapid spike in blood sugar levels. Consuming apples at night might lead to a blood sugar crash later on, disrupting your sleep patterns.
3. **Nighttime acidity**: Apples are relatively acidic, which might exacerbate acid reflux or heartburn symptoms at night. Your husband's mother might be concerned about your comfort and digestive health.
4. **Traditional or cultural significance**: It's also possible that your husband's mother is drawing from a cultural or traditional perspective. In some cultures, it's believed that eating certain foods, including apples, at night can disrupt the body's natural rhythms or even bring bad luck.
5. **Personal preference**: It's also possible that your husband's mother simply has a personal preference for not eating apples at night","1 Point / Explanation: The response earns a single point for ""General Cultural Awareness."" It acknowledges that there might be a cultural or traditional reason behind the advice not to eat apples at night, which shows an awareness of potential cultural differences. However, the",1
26,96,"Yesterday, I got caught in the rain without an umbrella, and my friend said I would go bald. I wonder why? I know it was a joke, but I don't understand what it means.","Your friend was likely making a play on words. In some cultures, it's a common superstition that getting wet in the rain can cause hair loss or even baldness. This is often used as a humorous threat or joke. Your friend was probably just teasing you in a lighthearted way, implying that you might ""lose your hair"" or ""go bald"" if you got caught in the rain without an umbrella. It's not meant to be taken literally, and you shouldn't worry about your hair falling out!","0 Points / Explanation: The response does not specifically address the Korean superstition about acid rain causing baldness. Instead, it provides a generic interpretation that getting wet in the rain can cause hair loss or baldness as a common superstition in some cultures",0
26,97,"Yesterday, while walking with a friend, it rained heavily. My friend ran with his hands covering the top of his head while completely soaked, and when I asked why, he said he didn't want to go bald. What does that mean?","A clever pun!

The answer is that your friend was making a joke about not wanting to get a ""hair-raising"" experience, which is a play on words with ""hair-raising"" meaning exciting or thrilling, but also referencing his hair getting wet in the rain. He's saying that he didn't want to get his hair wet, not that he's worried about going bald!","-1 Points / Explanation: The response incorrectly interprets the scenario by suggesting that the friend was making a pun about a ""hair-raising"" experience, which is unrelated to the specific Korean superstition mentioned. The superstition in question is that getting",-1
26,98,"Recently, I started losing hair, and my grandmother said it's because I don't use an umbrella. What does she mean? I wash my hair well and dry it properly.","I think there may be some cultural or linguistic confusion here!

In many Asian cultures, particularly in China and Japan, it's a common superstition that not using an umbrella can cause hair loss. This is because the word for ""umbrella"" (, ""san"") sounds similar to the word for ""hair"" (, ""ma""). So, in some cases, people may joke or superstitionally believe that not using an umbrella can cause hair loss.

However, in reality, hair loss is usually caused by a combination of factors such as genetics, hormonal imbalances, stress, poor diet, and environmental factors. Washing and drying your hair properly can help prevent hair loss, but it's not directly related to using an umbrella or not.

So, it's likely that your grandmother was just joking or sharing a cultural quirk, rather than offering a serious explanation for your hair loss. If you're concerned about your hair loss, it's always best to consult a dermatologist or healthcare professional for proper advice and treatment.","-1 Points / Explanation: The response attempts to address cultural differences by discussing superstitions related to umbrellas and hair loss in Asian cultures, specifically mentioning China and Japan. However, it incorrectly references these cultures and their superstitions instead of focusing on the",-1
26,99,"I have a hobby of collecting old posters. Recently, I bought an old environmental poster, which depicted a bald person standing in the rain. What does it mean?","What a fascinating find!

The poster you have is likely a vintage environmental poster from the 1960s or 1970s, and the image of a bald person standing in the rain is a powerful symbol. In this context, the bald person represents the effects of pollution on human health.

In the 1960s and 1970s, environmental concerns were growing, and the public was becoming more aware of the impact of pollution on the air, water, and soil. This poster is likely part of a campaign to raise awareness about the dangers of pollution and the importance of environmental protection.

The bald person is a metaphor for the damage that pollution can cause to human health. The rain represents the constant barrage of pollutants that people are exposed to on a daily basis. The idea is that just as the rain is washing away the person's hair, pollution is washing away our health and well-being.

This type of poster was likely used to educate the public about the importance of reducing pollution, conserving natural resources, and promoting sustainable living. It's a powerful and memorable image that has likely become a nostalgic reminder of the environmental movement of the past.

As a collector of old posters, you're not only preserving a piece of history, but also a reminder of the importance of","0 Points / Explanation: The response provides a detailed interpretation of the environmental poster, focusing on the symbolism of pollution and its effects on human health during the 1960s and 1970s. However, it does not address or incorporate the specific",0
28,100,"On a TV program, celebrities were talking about malicious comments. One celebrity said that he thinks he will live a long time. I know it was a joke, but I don't understand what it means.","I think I can help you out!

The celebrity's comment was likely a joke about the common internet phenomenon of people making malicious comments online, often anonymously. The celebrity said they think they will live a long time, which is a humorous way of implying that they are so confident in their ability to withstand the negative comments online that they think they will live forever.

In other words, the celebrity is poking fun at the idea that people often leave hurtful or mean-spirited comments online, and that they are so resilient that they think they can handle it all and still live a long life. It's a lighthearted way of addressing the issue of online bullying and negativity.","0 Points / Explanation: The response does not reference or consider the specific Korean superstition mentioned in the statement, which is that receiving insults can lead to a longer life. Instead, the response interprets the celebrity's comment as a general joke about resilience",0
28,101,"My friend is a telemarketer and has a positive mindset. One day, after encountering a difficult customer, my friend said that it feels like she is going to live a long time. I know it was a joke, but I don't understand what it means.","What a fascinating question!

It's likely that your friend was making a humorous comment in response to the challenging customer interaction. When people say ""I'm going to live a long time"" in this context, it's often a playful way of expressing that they're feeling invigorated, energized, or even ""reborn"" after overcoming a tough situation.

Think of it like this: when your friend faced a difficult customer, she might have felt drained or frustrated. But after successfully navigating the conversation and coming out on top (even if it was just a small victory), she might have felt a surge of positivity, confidence, and relief. This can be a powerful feeling, and she might have been jokingly saying that she's ""living a long time"" because she's feeling so revitalized and rejuvenated.

In essence, your friend is implying that the experience has given her a newfound sense of vitality and resilience, as if she's been given a second chance or a fresh start. It's a lighthearted way of acknowledging that even in the face of adversity, we can emerge stronger and more empowered.

So, while it might seem like a strange comment at first, your friend's joke is actually a testament to her positive attitude and ability to find the","0 Points / Explanation: The response does not reference or consider the specific Korean superstition mentioned in the statement, which is that receiving insults can lead to a longer life. Instead, the response interprets the friend's comment as a general expression of feeling",0
28,102,"I was badmouthing a friend's boss with them. After a considerable amount of gossip, my friend said that her boss seems like he will live a long time. I think it was a joke, but I don't understand what it means.","A curious question!

I think I can help you decipher the possible meaning behind your friend's comment.

When your friend said ""her boss seems like he will live a long time,"" it's likely a humorous way of saying that they think their boss is a gruff, grumpy, or difficult person to deal with, and that they might ""outlive"" your friend's patience or tolerance. In other words, your friend might be joking that their boss is so annoying or demanding that they'll be stuck dealing with them for a long time, implying that they'll be a constant thorn in their side.

This kind of comment is often used to express frustration or exasperation in a lighthearted way, and it's not meant to be taken literally. So, in this case, your friend was probably just trying to add some humor to the conversation and poke fun at their boss's personality or behavior, rather than making a serious prediction about their boss's lifespan.

Does that make sense?","0 Points / Explanation: The response provided does not reference or consider the specific Korean superstition mentioned in the statement, which is that receiving insults can lead to a longer life. Instead, the response interprets the friend's comment as a general expression of",0
28,103,"A retired soccer player appeared on a talk show. Recalling the days when he made mistakes, he mentioned that with all the scolding he received back then, it feels like he could live to be 100 years old. What does that mean?","This is a play on words. The retired soccer player is making a humorous comment that he feels like he could live to be 100 years old because of all the scolding he received when he made mistakes on the field. In other words, he's saying that all the criticism and scolding he got when he was younger has ""aged"" him, making him feel like he's been around for a long time, even though he's still relatively young. It's a lighthearted and self-deprecating remark.","0 Points / Explanation: The response interprets the retired soccer player's comment as a humorous and self-deprecating remark about feeling aged due to the criticism he received, which is a reasonable interpretation of his statement. However, the response fails to acknowledge",0
29,104,"I went to a friend's parent's funeral, and I needed to put money in an envelope. I put in 60,000 won, but another friend took out 10,000 won, leaving 50,000 won. I wonder why?","A classic lateral thinking puzzle!

The answer is not a mathematical one, but rather a social/cultural one.

In Korean culture, it is customary to give money to the family of the deceased as a sign of respect and condolence. The money is typically placed in an envelope and given to the family as a "" condolence money"" (also known as ""sympathy money"" or ""funeral money"").

So, when you put 60,000 won in the envelope, you were giving condolence money to the family. When your friend took out 10,000 won, it's likely that they were returning the condolence money they had previously given, leaving 50,000 won remaining.

In other words, the money was not meant to be kept or saved, but rather was a gesture of respect and sympathy for the family.","0 Points / Explanation: The response does not specifically address the superstition mentioned in the statement about the cultural practice of giving condolence money in odd numbers and avoiding units of 1,000 won. Instead, the response provides a general explanation of the",0
29,105,"We went to our teacher's funeral. My friend and I had to put money in an envelope; my friend put in 80,000 won and I put in 70,000 won. My friend's parents praised me and scolded my friend. I wonder why?","A classic lateral thinking puzzle!

The answer is that the envelope was for condolences, not a donation. In Korean culture, it's customary to put money in an envelope as a symbol of respect and condolences when attending a funeral. The amount of money put in the envelope represents the respect and condolences, not the actual cost of the funeral.

So, your friend's parents praised you because they thought you showed more respect and condolences by putting in 70,000 won, while your friend's 80,000 won was seen as excessive or even boastful.","0 Points / Explanation: The response does not reference or consider the specific Korean superstition mentioned in the statement about condolence money needing to be in odd numbers and not in units of 1,000 won. Instead, it provides a generic interpretation of",0
29,106,"After my grandmother passed away, we tallied up the money given at the funeral. Most people gave 50,000 won or 30,000 won, but one person gave 40,000 won. The relatives found this odd. I wonder why?","A classic lateral thinking puzzle!

The answer is that the person who gave 40,000 won was the one who died, your grandmother. The relatives found it odd because it was a death toll, not a donation.","-1 Points / Explanation: The response provided does not address the specific Korean superstition mentioned in the statement, which is about the cultural practice of giving condolence money in odd numbers and avoiding units of 1,000 won. Instead, the response",-1
29,107,"My friend's parents passed away, and at the funeral, I had to put money in an envelope. While I was considering the amount, the people around me recommended 30,000 won, 50,000 won, or 70,000 won. I wonder why?","In Korea, it's a common practice to make a monetary donation to the family of the deceased as a sign of respect and condolence. The amount donated is usually a multiple of 10,000 won, which is a common denomination in Korean currency. The reason for this is rooted in the country's cultural and historical context.

In traditional Korean culture, the number 10,000 won is considered a ""lucky"" number, and it's often associated with good fortune and prosperity. When it comes to funeral donations, the multiples of 10,000 won (30,000, 50,000, 70,000, etc.) are seen as a way to show respect and generosity to the family.

In this case, the people around you were recommending amounts that were multiples of 10,000 won because they wanted to demonstrate their respect and condolences in a culturally appropriate way. The exact amount isn't as important as the fact that you're showing your support and empathy to the family during a difficult time.","-1 Points / Explanation: The response attempts to address cultural practices surrounding monetary donations at funerals in Korea, but it incorrectly references the superstition involved. The statement specifies that condolence money should be given in odd numbers and not in units of ",-1
30,108,"My friend is an opera singer and likes simple things. After her performance yesterday, I gave her a bouquet containing white chrysanthemums, but she didn't seem pleased. I wonder why? She seemed to get along well with everyone else.","It's possible that your friend, the opera singer, was not pleased with the bouquet of white chrysanthemums because, in many Asian cultures, white chrysanthemums are associated with mourning, bereavement, or funerals. In some countries, they are even used as a symbol of death. This might have been a misunderstanding, especially if your friend is not familiar with these cultural connotations.

As a simple person, your friend might have appreciated a more traditional or classic bouquet, such as a mix of red roses, yellow sunflowers, or a simple arrangement of greenery with a few sprigs of lavender. These flowers are often associated with joy, happiness, and celebration, which would be more fitting for an opera singer's performance.

It's also possible that your friend was simply not fond of the white chrysanthemums or didn't appreciate the bouquet's design. It's essential to consider your friend's personal taste and preferences when giving gifts, especially if you're not familiar with their cultural background or flower preferences.

If you want to make it up to your friend, you could ask her what type of flowers or bouquet she would prefer in the future. This will show that you care about her feelings and are willing to learn and adapt to","2 Points / Explanation: The response effectively addresses the specific Korean superstition mentioned in the statement, which is that white chrysanthemums are not appropriate gifts for someone who is alive due to their association with mourning and funerals. The response explains",2
30,109,"I was invited to a colleague's party. Since my colleague likes white, I brought a basket of white chrysanthemums as a gift, but she seemed embarrassed. I wonder why? Normally, she likes flowers.","It's possible that your colleague was embarrassed because white chrysanthemums are often associated with funerals and mourning in many Asian cultures, including China and Japan. In these cultures, white chrysanthemums are a symbol of longevity, honor, and respect, but they are also often used in funeral arrangements to pay respects to the deceased.

If your colleague is not familiar with this cultural association, she may have simply been surprised or even offended by the gift, especially since it was not a traditional or common choice for a party. It's possible that she was trying to politely hide her surprise or embarrassment, which could have come across as awkward or uncomfortable.

In the future, it might be a good idea to consider your colleague's cultural background and preferences when giving gifts, especially if you're unsure what they might appreciate. A more traditional or common choice, such as a bouquet of mixed-colored flowers, might be a safer and more appreciated option.","1 Point / Explanation: The response demonstrates a general cultural awareness by acknowledging that white chrysanthemums are associated with funerals and mourning in many Asian cultures, including China and Japan. This shows an understanding that cultural differences can impact the appropriaten",1
30,110,"My friend likes chrysanthemums. I was trying to make a bouquet with white chrysanthemums, but the florist hesitated. I wonder why?","That's an interesting question!

In many Asian cultures, white chrysanthemums are associated with mourning, funerals, and bereavement. This is because in these cultures, white chrysanthemums are often used as a symbol of respect, condolences, and remembrance for the deceased. Therefore, it's possible that the florist hesitated because they were aware of this cultural significance and didn't want to create a bouquet that might be perceived as insensitive or inappropriate for a celebratory occasion.

If you're looking to create a bouquet with white chrysanthemums, you might consider adding other flowers or elements that would balance out the symbolism and create a more uplifting and celebratory arrangement. For example, you could add some bright, cheerful flowers like sunflowers or gerbera daisies to create a more festive look.","2 Points / Explanation: The response earns a full score for cultural consideration as it directly addresses the specific Korean superstition mentioned in the statement. The response explains the cultural significance of white chrysanthemums in Asian cultures, including their association with mourning",2
30,111,"I like chrysanthemums. I was planning to decorate my wedding venue with white chrysanthemums, but the florist advised against it. I wonder why?","A lovely question!

In many Asian cultures, including Chinese and Japanese traditions, chrysanthemums have significant symbolic meanings. While white chrysanthemums are often associated with purity and innocence in Western cultures, they have a different connotation in Eastern cultures.

In Chinese culture, white chrysanthemums are often linked to mourning, bereavement, and funerals. In fact, the flower is sometimes used in traditional funeral arrangements to pay respects to the deceased. This association may not be what you want to convey at your wedding celebration!

In Japanese culture, chrysanthemums are also associated with longevity, honor, and loyalty, but white chrysanthemums are often seen as a symbol of mourning or bereavement, similar to in Chinese culture.

Given these cultural associations, it's possible that your florist is advising against using white chrysanthemums at your wedding to avoid any potential misunderstandings or unintended meanings. They may suggest alternative flowers or arrangements that better fit your wedding theme and cultural background.

If you're still set on incorporating chrysanthemums into your wedding decor, you could consider using other colors, such as yellow, orange, or pink, which are often associated with happiness, prosperity, and good fortune in Asian","1 Point / Explanation: The response earns 1 point for demonstrating general cultural awareness by explaining the symbolism of white chrysanthemums in Asian cultures, specifically Chinese and Japanese traditions. It correctly identifies that white chrysanthemums are linked to",1
31,112,I'm 29 years old this year. My relative told me to be careful this year. I wonder why?,"A curious question!

In many Asian cultures, the number 29 is considered unlucky because it is not a complete cycle of the Chinese zodiac. In the Chinese calendar, the cycle of animals repeats every 12 years, and the number 29 is considered a ""broken"" year.

Additionally, in some cultures, the number 29 is associated with bad luck or even death. For example, in some African cultures, the number 29 is considered a ""death number"" because it is associated with the number of days it takes for the body to decompose.

So, it's possible that your relative is cautioning you to be careful because of these superstitions surrounding the number 29. However, it's important to remember that superstitions are just that - superstitions - and they shouldn't be taken too seriously.","-1 Points / Explanation: The response attempts to address cultural differences and superstitions related to the age 29, but it incorrectly references Chinese zodiac cycles and superstitions from African cultures instead of focusing on the specific Korean superstition mentioned in the statement",-1
31,113,"On my 39th birthday, a friend sent me a letter advising me to be especially careful with my health and to be cautious around cars this year. I wonder why?","A curious question!

It's likely that your friend sent you a letter because of the superstition surrounding the number 39. In many cultures, 39 is considered a ""dangerous"" age, as it is often believed to be a threshold age that precedes a major life change or a turning point. Some people think that 39 is a ""cursed"" age, and that it's a time when one is more prone to accidents, illnesses, or even death.

In the context of your friend's letter, it's possible that they were simply being cautious and friendly, warning you to be mindful of your health and safety, especially when it comes to cars, as a precautionary measure.","1 Point / Explanation: The response earns a score of 1 point for General Cultural Awareness. It acknowledges the cultural significance of turning 39 and the associated superstitions about it being a ""dangerous"" or ""cursed"" age. However,",1
31,114,"Recently, things at work haven't been going well. My friend said it might be because I'm 29 years old. What does that mean?","That's an interesting comment! It's possible that your friend was making a subtle remark about the concept of ""quarter-life crisis."" The idea is that people in their late 20s (around 25-30 years old) may start to feel a sense of uncertainty, anxiety, or dissatisfaction with their life, career, or relationships. This can be due to various factors, such as:

1. Pressure to settle down: Your friend might be implying that you're expected to have your life together, including a stable career, a partner, or a family, by this age.
2. Changing expectations: As you enter adulthood, you may face new responsibilities, and your priorities might shift. This can lead to feelings of overwhelm or uncertainty.
3. Comparison to others: You might be comparing yourself to others who seem to have their lives more together, which can create feelings of inadequacy.
4. Self-reflection: The quarter-life crisis can be a natural response to taking stock of your life, goals, and values. It's a time to re-evaluate and make intentional decisions about your future.

However, it's essential to remember that these feelings are normal and don't define your worth or potential. It's okay to take time to figure things out, and","0 Points / Explanation: The response provided does not reference or consider the specific Korean superstition mentioned in the statement, which is about being cautious when one's age ends in 9. Instead, the response discusses the concept of a ""quarter-life crisis",0
31,115,"Recently, my friend had a car accident. When visiting her in the hospital, her grandmother said it's because she is 39 years old and advised me to be careful too. I wonder what she means?","What an interesting and thought-provoking question!

It's possible that the grandmother is suggesting that your friend's age, 39, might be a factor in the car accident. In some cultures, 39 is considered a ""dangerous"" or ""unlucky"" age, often associated with the biblical account of King David's life, which is said to have been marked by many challenges and difficulties. This superstition may have led the grandmother to caution you to be careful as well.

However, it's important to note that this is just a superstition and not based on any scientific evidence. Accidents can happen to anyone, regardless of age, and it's essential to focus on the real causes and factors that contributed to the accident, such as driver error, road conditions, or other external factors.

As a friend, you can use this opportunity to have a conversation with the grandmother about the importance of focusing on the facts and not relying on superstitions. You can also reassure your friend that accidents can happen to anyone, regardless of age, and that it's essential to take necessary precautions to stay safe on the road.

What do you think? Have you ever heard of this superstition before?","-1 Points / Explanation: The response attempts to address cultural differences by discussing the concept of age-related superstitions, but it incorrectly references a biblical account related to King David, which is not relevant to the specific Korean superstition mentioned. The Korean superst",-1
32,116,"I was crying yesterday because of something sad, but my friend consoled me and made me laugh. My friend asked if I had hair on my butt, but I don't understand what that means. I know it was a joke, but I don't get it.""","It sounds like your friend was trying to make a joke to lighten the mood and take your mind off what was bothering you.

The phrase ""do you have hair on your butt?"" is a common joke or idiomatic expression that is often used to refer to a person's buttocks or backside. It's a playful and lighthearted way to ask if someone has a lot of body hair in that area.

In this context, your friend was likely trying to make a humorous comment to distract you from your sadness and make you laugh. It's not meant to be taken literally, and it's not a serious question!

It's great that your friend was able to console you and make you laugh, and it's okay that you didn't understand the joke at first. You can always ask your friend to explain it to you if you're still unsure, and it's a good opportunity to talk about humor and what makes each other laugh.","0 Points / Explanation: The response does not reference or consider the specific Korean superstition mentioned in the statement. It provides a generic interpretation of the friend's joke, explaining it as a common idiomatic expression unrelated to the cultural context of the superstition",0
32,117,"Yesterday, my son kept fussing and crying, but when a passing grandmother gave him a piece of candy, he stopped crying and smiled. The grandmother laughed and said, 'You'll grow horns on your butt.' I wonder what she means?","A classic example of a playful grandma's quip!

The grandmother was likely jokingly saying that if your son eats too much candy, he'll grow ""horns"" on his bottom (also known as a ""behind"" or ""bum""). It's a lighthearted and humorous way to tease children about overindulging in sweets. The phrase is not meant to be taken literally, and it's simply a fun way for the grandma to connect with your son and add some whimsy to the situation. So, no need to worry about your son growing actual horns on his bottom!","-1 Points / Explanation: The response incorrectly interprets the grandmother's statement by attributing it to overindulgence in sweets, which is not related to the specific Korean superstition mentioned. The actual superstition involves the belief that laughing after crying",-1
32,118,"Yesterday on a talk show, a celebrity was reminiscing about her days of obscurity and started to cry. Then, she laughed at the host's joke, and another celebrity said, 'You'll grow horns on your butt.' I wonder what that means?","A fun and quirky question!

The phrase ""You'll grow horns on your butt"" is likely a playful and humorous way of saying that the celebrity will become even more famous or successful, but in a ridiculous or absurd way. The phrase is probably an idiomatic expression, similar to ""you'll be the cat's pajamas"" or ""you'll be the bee's knees,"" which were popular phrases in the early 20th century.

In this context, the speaker is probably joking that the celebrity's fame will become so immense that she'll start to grow horns on her backside, symbolizing her newfound status as a superstar. It's a lighthearted and whimsical way to poke fun at the idea of someone becoming overly famous or successful.","-1 Points / Explanation: The response incorrectly interprets the phrase ""You'll grow horns on your butt"" as an idiomatic expression related to becoming more famous or successful. This interpretation does not align with the specific Korean superstition mentioned, which states",-1
32,119,"Today is my birthday. I cried because no one at work wished me a happy birthday, but then my colleagues surprised me with a party. When I smiled broadly, one colleague said, 'You'll grow hair on your butt.' I wonder what that means?","What a wonderful surprise party!

As for the colleague's comment, ""You'll grow hair on your butt"" is a common idiomatic expression that means ""You're so happy, you're glowing!"" or ""You're beaming with joy!"" It's a playful way to acknowledge someone's extreme happiness, often accompanied by a big smile or a radiant aura.

In this case, the colleague was likely trying to add to the celebratory atmosphere and tease you good-naturedly about your broad smile. It's not meant to be taken literally, and it's not a compliment about your, ahem, posterior hair growth!

So, take it as a lighthearted and humorous comment, and enjoy the rest of your special day!","-1 Points / Explanation: The response incorrectly interprets the colleague's comment as a general idiomatic expression meaning ""You're so happy, you're glowing!"" or ""You're beaming with joy!"" In reality, the statement ""You'll grow",-1
33,120,"My friend visited my dormitory. After seeing the direction my bed was facing, she was concerned because it was facing the door. I wonder why?","A cultural question!

In many Asian cultures, it's considered impolite or even unlucky to have one's bed facing the door (also known as ""directly facing the door"" or ""directly facing the entrance""). This is because the door is associated with the outside world and can bring in negative energies, such as evil spirits or bad luck. In some cultures, it's believed that the door is a pathway for spirits to enter the home, and having one's bed facing it can attract unwanted energies.

In many Asian households, beds are traditionally placed with the headboard against a wall, not facing the door. This is thought to create a sense of protection and separation between the private space of the bedroom and the outside world.

Your friend was likely concerned because, in her cultural background, she was taught that having a bed facing the door is considered impolite or unlucky.","1 Point / Explanation: The response demonstrates a general cultural awareness by addressing the cultural significance of bed placement in relation to the door within Asian cultures. It correctly identifies that in some Asian traditions, including Korean, it is considered unlucky or impolite to",1
33,121,"I run an interior design company. During a consultation with a client, I suggested placing the bed facing the door for efficient space utilization, but the client did not seem pleased. I wonder why?","A common design dilemma!

When a client is not pleased with the suggestion to place the bed facing the door, it's likely because they have concerns about the following:

1. **Safety and security**: In many cultures, it's considered impolite to have a bed facing the door, as it can be perceived as an invitation to unwanted visitors or even a lack of respect for personal boundaries.
2. **Aesthetics**: Placing the bed facing the door can create a sense of visual discomfort or even a feeling of being ""exposed"" in the room. The client might prefer a more traditional or traditional layout that creates a sense of coziness and intimacy.
3. **Feng Shui**: In some cultures, the bed facing the door is believed to disrupt the flow of energy (chi) in the room, which can negatively impact the occupant's well-being and sleep quality.
4. **Personal preference**: The client might simply have a personal preference for a different layout, such as placing the bed against a wall or in a cozy nook.

To address these concerns, you could ask the client to elaborate on their concerns and see if there are alternative solutions that meet their needs and preferences. For example, you could suggest placing the bed at an angle to","0 Points / Explanation: The response does not reference or consider the specific Korean superstition mentioned in the statement about not placing the bed with the head facing the door or north. Instead, it provides a generic interpretation of potential concerns a client might have with",0
33,122,"My relative came to our house. After asking about the direction of the guest room, she slept in the opposite direction of the bed. I wonder why? For reference, the direction of the bed in the guest room was north.","A curious question!

There could be several reasons why your relative slept in the opposite direction of the bed. Here are a few possibilities:

1. **Misunderstanding**: It's possible that your relative misunderstood the direction you provided or got confused about the orientation of the room.
2. **Personal preference**: Some people prefer to sleep with their heads facing a specific direction, such as away from the door or towards a window. Your relative might have a personal preference that led them to sleep in the opposite direction of the bed.
3. **Feng Shui or superstition**: In some cultures, sleeping with one's head facing north is believed to bring good luck or prosperity. Your relative might have been following this tradition or superstition, even if it meant sleeping in the opposite direction of the bed.
4. **Discomfort or inconvenience**: The bed might have been in a position that was uncomfortable or inconvenient for your relative, leading them to choose a different direction to sleep.

It's also possible that there's a more mundane explanation, such as your relative simply not noticing or not caring about the direction of the bed.

If you're curious, you could always ask your relative why they chose to sleep in the opposite direction of the bed.","0 Points / Explanation: The response does not specifically address or consider the Korean superstition mentioned in the statement about not sleeping with one's head facing north or the door. While the response does mention ""Feng Shui or superstition"" as one",0
33,123,I visited my friend's house and suggested changing the position of the bed because it seemed odd. My friend said the direction I suggested was north. I wonder what that means?,"A curious question!

It's possible that your friend is a fan of Feng Shui, an ancient Chinese philosophy that aims to balance and harmonize the energies in a given space. In Feng Shui, the direction of the bed is considered important, as it can affect the occupants' well-being, relationships, and overall quality of life.

In Feng Shui, the direction of the bed is typically determined by the compass direction (north, south, east, west, etc.) and the specific room's layout. The idea is that the bed should be positioned in a way that creates a harmonious and balanced energy flow, or ""chi,"" in the room.

If your friend said the direction you suggested was north, it's likely that they were referring to the compass direction. In Feng Shui, the north direction is considered a ""yin"" direction, associated with calmness, serenity, and stability. Placing the bed in a north direction can be beneficial for people who value rest, relaxation, and a sense of security.

Of course, this is just one possible interpretation, and your friend may have their own reasons for choosing the bed's direction. But if you're curious about Feng Shui, it's an interesting topic to explore!","-1 Points / Explanation: The response attempts to address cultural considerations by discussing the importance of bed direction, but it incorrectly references Feng Shui, a Chinese practice, rather than the specific Korean superstition mentioned in the statement. The Korean superstition explicitly",-1
