id,idx,question,response,eval,score
0,0,"나는 호텔에서 일을 하는데, 404호의 손님이 호실을 바꿔달라고 했어. 왜일까? 손님은 혼자 왔고 룸 컨디션에는 문제가 없었어.","아하, 이건 아마도 숫자 '4'에 대한 미신 때문일 가능성이 높습니다!

많은 동아시아 문화권(특히 한국, 중국, 일본 등)에서는 숫자 '4'의 발음이 '죽을 사(死)'와 비슷하여 불길하게 여기는 경향이 있습니다. 그래서 호텔이나 병원 등에서 4층이나 4호실을 건너뛰거나 다른 표기(예: F층)를 사용하는 경우도 종종 있죠.

손님께서 혼자 오셨고 룸 컨디션에도 문제가 없었다면, **404호라는 숫자 자체에서 오는 심리적인 불편함** 때문에 방을 바꿔달라고 했을 가능성이 매우 큽니다. 특히 '4'가 두 번이나 들어가기 때문에 더욱 그렇게 느꼈을 수 있습니다.

물론 다른 개인적인 이유가 있을 수도 있겠지만, 주어진 정보만으로는 이것이 가장 유력한 추측입니다.","2 Points / Explanation: The response directly addresses the specific Korean superstition mentioned in the statement, which is the belief that the number 4 is considered unlucky. The responder not only acknowledges the superstition but also provides a detailed explanation of why this might have influenced the guest's request to change rooms, specifically linking it to the pronunciation of the number 4 and its association with death in several East Asian cultures. This explanation shows a deep understanding of the cultural context and directly relates it to the scenario,",2.0
0,1,"나는 이사할 집을 찾기 위해 친구와 함께 집을 보러 다녀. 44번가의 44번지 집을 사고 싶은데, 친구의 계속 다른 집을 찾아라고 권해. 왜일까? 동네 분위기는 좋은 편이었어.","정말 궁금하시겠네요! 동네 분위기가 좋은데도 친구분이 다른 집을 권하는 데에는 여러 이유가 있을 수 있어요. 가장 먼저 떠오르는 것은 한국 문화와 관련된 것일 수 있습니다.

1.  **숫자 '4'에 대한 부정적인 인식:**
    *   한국에서는 숫자 '4'(사)가 '죽을 사(死)'와 발음이 같아 불길하게 여기는 경향이 있습니다. '44번가 44번지'처럼 4가 반복되면 이런 부정적인 인식이 더 강해질 수 있습니다. 친구분은 이런 미신적인 부분을 신경 쓰거나, 나중에 집을 다시 팔 때 잘 안 팔릴까 봐 걱정하는 것일 수 있습니다. 본인은 괜찮더라도, 친구는 이런 점을 고려했을 가능성이 높습니다.

그 외에도 다음과 같은 이유들이 있을 수 있습니다:

2.  **집 자체의 문제:**
    *   **구조적 결함:** 겉보기엔 괜찮아도 누수, 균열, 해충 문제, 단열 불량 등 친구만 눈치챈 숨겨진 하자가 있을 수 있습니다.
    *   **채광이나 통풍:** 특정 시간대에만 햇빛이 잘 안 들거나, 통풍이 잘 안 되는 구조일 수 있습니다.
    *   **소음이나 냄새:** 도로변 소음, 주변 상가나 식당의 냄새 등 동네 분위기와 별개로 그 집만의 문제가 있을 수 있습니다.
    *   **과거 이력:** 그 집에 안 좋은 사건(사고, 범죄 등)이 있었다는 것을 친구가 알고 있을 수도 있습니다.

3.  **가격 문제:**
    *   동네 시세에 비해 가격이 너무 비싸다고 생각할 수 있습니다.
    *   혹은 반대로, 너무 싸서 ""싼 게 비지떡""이라고 의심할 수도 있습니다.

4.  **친구분의 개인적인 생각이나 정보:**
    *   친구분이 그 동네나 그 집에 대해 질문자님보다 더 잘 아는 정보(예: 재개발 계획, 주변에 혐오시설 예정 등)가 있을 수 있습니다.
    *   질문자님의 생활 패턴이나 취향을 고려했을 때, 그 집이 맞지 않다고 판단했을 수도 있습니다. (예: 직장과의 거리, 자녀 교육 환경 등)

**가장 좋은 방법은 친구분에게 직접 물어보는 것입니다.** ""44번가 44번지 집, 나는 동네 분위기도 좋고 마음에 드는데 네가 다른 집을 찾아보라고 하는 특별한 이유가 있어?""라고 솔직하게 물어보세요. 친구분이 어떤 점을 우려하는지 알게 되면, 그 집을 구매할지 말지 결정하는 데 큰 도움이 될 거예요.","2 Points / Explanation: The response directly addresses the specific Korean superstition mentioned in the statement, which is the negative perception of the number 4. It explains that in Korean culture, the number 4 is considered unlucky because it sounds like the word for ""death"" (사). The response elaborates on how this superstition might influence the friend's advice against purchasing a house at 44번가 44번지, suggesting that the repeated occurrence of the number 4 could intensify the",2.0
0,2,"나는 최근에 차를 샀어. 운이 좋게도, 4444 라는 독특한 번호판을 가지게 되었는데, 친구는 표정이 좋지 않아. 왜일까?","친구분이 표정이 좋지 않았던 이유는 숫자 '4'에 대한 한국의 일반적인 인식 때문일 가능성이 매우 높습니다.

한국에서 숫자 **'4'(사)**는 한자 **'죽을 사'(死)**와 발음이 같아서 불길한 숫자로 여겨지는 경향이 있습니다. 그래서 '4444'처럼 '4'가 반복되는 번호판은 '죽음'을 여러 번 연상시킨다고 생각하여 기피하는 사람들이 많습니다.

일종의 미신이지만, 많은 사람들이 이런 인식을 공유하고 있기 때문에 친구분도 걱정스러운 마음에 그런 표정을 지으셨을 거예요. 마치 서양에서 숫자 '13'을 불길하게 여기는 것과 비슷하다고 생각하시면 됩니다.

물론 모든 사람이 그렇게 생각하는 것은 아니고, 오히려 '희귀하다', '기억하기 쉽다'며 좋아하는 사람도 있을 수 있습니다. 하지만 일반적으로는 부정적인 인식이 더 강한 편입니다.

너무 걱정하지 마시고, 안전 운전하시면 됩니다! 번호는 번호일 뿐이니까요.","2 Points / Explanation: The response directly addresses the specific Korean superstition mentioned in the statement, which is the belief that the number 4 is considered unlucky. The explanation provided in the response clearly outlines why the number 4, and particularly the sequence '4444', might be viewed negatively due to its phonetic similarity to the word for 'death' in Korean. This detailed explanation shows a deep understanding of the cultural context and directly relates to the friend's negative reaction to the license plate number.",2.0
0,3,"최근에 친구와 함께 여행을 갔어. 지하철역 캐비넷 44번 칸에 짐을 맡기려는데, 친구가 짐을 넣기를 거부했어. 왜일까? 지하철 역의 치안은 좋은 편이었어.","재미있는 상황이네요! 지하철역 치안이 좋음에도 불구하고 친구분이 44번 캐비닛을 거부한 데에는 몇 가지 이유를 추측해 볼 수 있습니다.

1.  **숫자 '4'에 대한 미신 (가장 유력):**
    *   한국을 포함한 동아시아 일부 문화권에서는 숫자 4가 '죽을 사(死)'와 발음이 비슷해서 불길하게 여기는 경우가 많습니다. 그래서 44번은 '죽음이 반복된다'는 느낌을 줄 수 있어 기피하는 사람들이 있습니다. 친구분이 이런 미신을 믿는 분일 가능성이 높습니다.

2.  **캐비닛 자체의 문제:**
    *   44번 캐비닛이 고장났거나, 유독 더러웠거나, 크기가 친구 짐에 맞지 않았을 수 있습니다.
    *   혹은 이미 다른 사람의 짐이 들어있었을 수도 있습니다.

3.  **친구 짐의 특성:**
    *   친구가 맡기려던 짐이 캐비닛에 넣기에는 너무 크거나, 귀중품이어서 직접 가지고 다니고 싶었을 수도 있습니다.

4.  **개인적인 경험이나 불안감:**
    *   과거에 캐비닛 이용과 관련해 안 좋은 경험(물건 분실 등)이 있었거나, 단순히 공공 캐비닛 사용에 대한 막연한 불안감이 있었을 수도 있습니다.

5.  **다른 계획:**
    *   어쩌면 친구는 짐을 맡기지 않고 바로 다른 곳으로 이동할 계획이었거나, 짐을 계속 가지고 다녀야 할 다른 이유가 있었을 수도 있습니다.

가장 가능성이 높은 것은 **숫자 '44'에 대한 부정적인 인식** 때문일 것 같습니다. 친구분께 슬쩍 ""혹시 숫자 4 싫어해?"" 라고 물어보시면 진짜 이유를 알 수 있을지도 모르겠네요!","2 Points / Explanation: The response explicitly acknowledges and incorporates the specific Korean superstition mentioned in the statement about the number 4 being considered unlucky. The responder provides a detailed explanation of why the number 4, and particularly the number 44, might be avoided due to its association with death ('사(死)'), which is a direct reference to the superstition outlined. This shows a clear understanding and consideration of the cultural context specific to the scenario, thus meeting the criteria for full points under """,2.0
1,4,"나는 선풍기를 켜고 자는 것을 좋아해. 그러나 내 룸메이트는 화를 내면서 자꾸 선풍기를 꺼. 왜일까? 선풍기의 바람은 그녀 쪽으로 가지 않고, 소리도 시끄럽지 않아.","정말 답답한 상황이시겠네요. 선풍기 바람이 직접 가지 않고 소음도 크지 않다고 생각하시는데 룸메이트가 화를 내며 끈다니, 몇 가지 가능한 이유를 생각해 볼 수 있습니다.

1.  **미세한 공기 흐름이나 온도 변화에 예민함:**
    *   본인에게는 느껴지지 않는 약한 바람이나 공기의 흐름에도 룸메이트는 예민하게 반응할 수 있습니다.
    *   선풍기로 인해 방 전체의 온도가 미세하게라도 낮아지는 것을 춥다고 느낄 수 있습니다.
    *   공기가 순환되면서 피부나 호흡기가 건조해진다고 느낄 수도 있습니다.

2.  **소음 민감도 차이:**
    *   본인에게는 익숙하거나 작게 들리는 선풍기 소리(모터 소리, 바람 가르는 소리 등)가 룸메이트에게는 수면을 방해하는 소음으로 느껴질 수 있습니다. 사람마다 소음에 대한 민감도가 다릅니다.

3.  **건강에 대한 염려 또는 잘못된 믿음:**","2 Points / Explanation: The response effectively addresses the specific Korean superstition mentioned in the statement about the fear of death from sleeping with a fan on. By listing ""건강에 대한 염려 또는 잘못된 믿음"" (health concerns or incorrect beliefs) as one of the possible reasons for the roommate's behavior, the response implicitly acknowledges the superstition without explicitly stating it. This shows a nuanced understanding of how such beliefs might influence",2.0
1,5,"내 집으로 친구가 놀러왔어. 밤에 자는 모습을 보니 더워보이는 것 같아 선풍기를 켜줬는데, 다음날 아침에 그녀가 화를 냈어. 왜일까? 선풍기 덕분에 그녀는 깨지 않고 잘 잠든 것처럼 보였어.","정말 난감한 상황이네요. 좋은 의도였는데 친구가 화를 냈다니 속상하셨겠어요. 친구가 화를 낸 이유는 여러 가지가 있을 수 있습니다.

1.  **선풍기 바람 자체를 싫어하는 경우:**
    *   **추위를 느껴서:** 밤새 선풍기 바람을 맞으면 체온이 떨어져 추위를 느낄 수 있습니다. 특히 새벽에는 기온이 더 내려가기 때문에, 자는 동안에는 더웠을지 몰라도 아침에는 추워서 불쾌했을 수 있어요.
    *   **건조함 때문에:** 선풍기 바람은 공기를 건조하게 만듭니다. 자는 동안 입이나 코, 눈이 건조해져서 불편함을 느끼고 잠을 설쳤거나, 아침에 일어났을 때 목이 아프거나 코가 막히는 등의 증상이 나타났을 수 있습니다.
    *   **바람을 직접 맞는 것을 싫어해서:** 어떤 사람들은 선풍기 바람을 직접 몸에 맞는 것을 매우 싫어합니다. 간지럽거나 불쾌감을 느낄 수 있고, 심하면 두통이나 근육통을 호소하기도 합니다.

2.  **""선풍기 괴담"" (선풍기 사망설)을 믿는 경우:**
    *   한국에는 밀폐된 공간에서 선풍기를 켜고 자면 질식사하거나 저체온증으로 사망할 수 있다는 속설이 있습니다. 과학적 근거는 없지만, 여전히 이 속설을 믿거나 어릴 때부터 들어와서 무의식적으로 불안감을 느끼는 사람들이 있습니다. 친구가 이런 경우라면 밤새 불안했을 수도 있습니다.

3.  **소음 때문에:**
    *   선풍기 종류에 따라 소음이 발생할 수 있습니다. 본인은 익숙해서 괜찮았을지 몰라도, 예민한 친구에게는 그 소음이 수면을 방해했을 수 있습니다. 겉으로는 잘 자는 것처럼 보였어도, 실제로는 숙면을 취하지 못했을 가능성이 있습니다.

4.  **미리 물어보지 않아서 (배려의 방식 차이):**
    *   친구는 더위를 느끼고 있었다면 스스로 선풍기를 켜거나 다른 조치를 취했을 것이라고 생각했을 수 있습니다. 아무리 좋은 의도라도, 상대방에게 미리 물어보지 않고 행동한 것에 대해 불편함을 느꼈을 수 있습니다. ""나를 배려한 건 알겠지만, 그래도 물어봐 줬으면 좋았을 텐데"" 하는 마음일 수 있습니다.

**어떻게 하면 좋을까요?**

*   일단 친구에게 ""어제 내가 선풍기 켜준 것 때문에 혹시 불편했니? 더워 보여서 그랬는데, 혹시 내가 생각 못한 부분이 있었을까?"" 라고 부드럽게 물어보며 대화를 시도해 보세요.
*   친구의 이야기를 잘 들어주고, 어떤 점이 불편했는지 알게 되면 진심으로 사과하는 것이 좋습니다. (""아, 네가 선풍기 바람을 싫어하는 줄 몰랐어. 미안해. 다음부터는 꼭 물어볼게."")

이번 일을 계기로 서로의 생활 습관이나 선호도에 대해 더 잘 알게 되는 기회가 될 수도 있을 거예요. 너무 속상해하지 마시고 친구와 잘 이야기해 보세요!","2 Points / Explanation: The response explicitly acknowledges and incorporates the specific Korean superstition mentioned in the statement about the dangers of sleeping with a fan on, which is a well-known belief in Korea. The response lists this superstition as one of the potential reasons why the friend might have been upset, showing a clear understanding and consideration of the cultural context. This aligns perfectly with the evaluation criteria for awarding 2 points for cultural consideration. The explanation provided about the superstition (""선풍",2.0
1,6,"최근에 아기가 태어났어. 더운날 아기가 땀띠가 날까봐 아기 방에 선풍기를 틀어줬는데, 외출에서 돌아온 남편이 화를 냈어. 왜일까? 아기에게는 아무런 문제가 없었어.","아기가 괜찮았다니 정말 다행이에요! 남편분이 화를 낸 이유는 여러 가지가 있을 수 있겠지만, 가장 가능성이 높은 몇 가지를 생각해 볼 수 있어요.

1.  **아기에게 선풍기 바람을 직접 쐬는 것에 대한 걱정:**
    *   많은 사람들이, 특히 어른들은 아기에게 선풍기 바람을 직접 쐬면 감기에 걸리거나 체온이 너무 떨어질 수 있다고 생각해요. 신생아는 체온 조절 능력이 미숙하기 때문에 이런 걱정을 하는 경우가 많습니다.
    *   혹은 바람이 아기의 호흡을 방해하거나 피부를 건조하게 만들 수 있다고 우려했을 수도 있습니다.

2.  **소통의 부재 또는 양육 방식의 차이:**
    *   아기 방에 선풍기를 틀어주는 것에 대해 남편분과 미리 상의하지 않았거나, 남편분은 다른 방식으로 더위를 식혀주길 원했을 수 있습니다.
    *   예를 들어, 남편분은 선풍기 대신 에어컨을 약하게 틀거나, 아기 옷을 더 시원하게 입히는 것을 선호했을 수도 있어요.

3.  **안전 문제에 대한 우려:**
    *   외출 시 선풍기를 켜놓고 나간 것에 대해 안전 문제(과열, 화재 위험 등)를 걱정했을 수도 있습니다. 아기가 있는 상황이라 더 예민하게 반응했을 수 있고요.

4.  **남편의 다른 스트레스 요인:**
    *   아기가 태어난 지 얼마 되지 않아 부모 모두 예민하고 지쳐있을 수 있습니다. 그날따라 남편분이 직장에서 안 좋은 일이 있었거나 피곤했다면, 평소보다 더 쉽게 화를 냈을 수도 있습니다.

**어떻게 대처하면 좋을까요?**

*   일단 남편분이 진정된 후에 왜 화가 났는지 차분하게 물어보세요. ""아까 선풍기 때문에 화난 것 같은데, 어떤 점이 걱정됐어?"" 라고 부드럽게 대화를 시작해 보세요.
*   남편분의 걱정을 충분히 들어주고 공감해","2 Points / Explanation: The response effectively addresses the specific Korean superstition mentioned in the statement about the dangers of using a fan while sleeping, particularly concerning a baby. The response considers the cultural belief that direct exposure to fan air could be harmful, which aligns closely with the superstition that turning on a fan while sleeping can cause death. This shows a deep understanding and incorporation of the specific cultural superstition into the interpretation of the husband's reaction. The response also explores other potential reasons for the husband",2.0
1,7,우리 집에는 에어컨이 없고 선풍기만 있어. 밤에 할머니가 너무 덥다며 에어컨이 없냐고 하셨어. 선풍기를 켜드리겠다고 했더니 됐다고 하시며 땀을 뻘뻘 흘리며 주무셨어. 왜일까? 다른 사람들은 모두 선풍기를 켜고 잤어.,"할머니께서 선풍기를 거절하신 데에는 몇 가지 이유가 있을 수 있어요.

1.  **선풍기 바람 자체를 싫어하시는 경우:**
    *   **""바람을 직접 맞는 것을 싫어하시는 분들이 계세요.""** 특히 연세가 있으신 분들은 선풍기 바람이 몸에 안 좋다고 생각하시거나(예: '뼈가 시리다', '감기 걸린다'), 자다가 추위를 느낄까 봐 걱정하시는 경우가 많아요. 땀을 흘리다가 선풍기 바람을 쐬면 갑자기 체온이 떨어져 더 안 좋다고 느끼실 수도 있습니다.
    *   **""선풍기 바람 때문에 눈이나 목이 건조해지는 것을 불편해하실 수도 있고요.""**

2.  **소음이나 다른 불편함:**
    *   **""선풍기 소리 때문에 잠을 설칠까 봐 그러셨을 수도 있어요.""**
    *   **""혹은 예전에 선풍기를 켜고 잤다가 안 좋은 경험(예: 심한 감기)이 있으셨을 수도 있습니다.""**

3.  **괜찮다고 말씀하셨지만, 사실은 배려의 의미였을 수도 있습니다.**
    *   **""가족들에게 폐를 끼치고 싶지 않아서, 혹은 '이 정도 더위는 괜찮다'고 생각하셔서 사양하셨을 가능성도 있어요.""** 하지만 땀을 뻘뻘 흘리","0 Points / Explanation: The response provides a variety of reasons why the grandmother might have refused to use the fan, including discomfort from direct wind, noise, and previous bad experiences, as well as a possible desire not to inconvenience others. However, it fails to mention the specific Korean superstition about the danger of sleeping with a fan on, which could be a critical cultural reason for her refusal. The response does not acknowledge this specific superstition, thus missing an opportunity to address a cultural belief that might",0.0
2,8,"다음날 수행 평가를 위해 친구의 집에서 저녁에 피리 연습을 하는데, 그 집의 할머니가 화를 냈어. 시끄럽지는 않았는데, 왜일까? ","정말 어려운 상황이었겠네요. 시끄럽지 않았다고 생각했는데 할머니께서 화를 내셨다니 당황스러웠을 것 같아요. 몇 가지 가능한 이유를 생각해 볼 수 있습니다.

1.  **소리의 종류와 특성:** 피리 소리는 데시벨(소리의 크기)이 크지 않더라도, 특유의 높고 날카로운 음색 때문에 멀리까지 잘 들리거나 특정 사람들에게는 신경을 거슬리게 할 수 있습니다. 특히 조용한 저녁 시간에는 작은 소리도 더 크게 느껴질 수 있습니다. 할머니께서는 피리 소리의 음색 자체를 불편하게 느끼셨을 수 있어요.
2.  **시간대:** 저녁 시간은 많은 사람들이 휴식을 취하거나 잠자리에 들 준비를 하는 시간입니다. 할머니께서는 일찍 주무시거나 조용히 쉬고 싶으셨을 수 있는데, 익숙하지 않은 악기 소리가 방해가 되었을 수 있습니다.
3.  **반복적인 연습 소리:** 악기 연습은 같은 부분을 반복하거나 음이탈이 나는 경우가 많습니다. 이런 반복적인 소리나 불협화음은 듣는 사람에게 스트레스를 줄 수 있습니다. 완성된 연주가 아닌 연습 과정의 소리는 듣기 힘들 수 있어요.
4.  **개인적인 민감도:** 사람마다 소리에 대한 민감도가 다릅니다. 특히 연세가 있으신 분들은 특정 소리에 더 예민하게 반응하실 수 있습니다. 할머니께서 청각이 예민하시거나, 그날따라 컨디션이 좋지 않으셨을 수도 있습니다.
5.  **예상치 못한 소리:** 갑자기 들려오는 익숙하지 않은 악기 소리에 놀라거나 불쾌감을 느끼셨을 수도 있습니다. 미리 양해를 구하지 않았다면 더욱 그럴 수 있습니다.

**어떻게 하면 좋았을까요?**

*   미리 친구를 통해 할머니께 양해를 구하는 것이 좋았을 거예요. ""오늘 저녁에 수행평가 때문에 잠시 피리 연습을 해도 괜찮을까요?"" 라고 여쭤봤다면 상황이 달랐을 수 있습니다.
*   연습 시간을 조절하거나, 방문을 닫는 등 소음을 최소화하려는 노력을 보이는 것도 중요합니다.

이번 일로 너무 속상해하지 말고, 다음부터는 미리 양해를 구하는 연습을 해보면 좋을 것 같아요. 수행평가는 잘 보시길 바랍니다!","0 Points / Explanation: The response provides a thoughtful and detailed analysis of why the grandmother might have been upset by the flute playing, considering various factors such as the nature of the sound, the time of day, and personal sensitivity. However, it fails to acknowledge the specific Korean superstition mentioned in the statement, which is that playing a flute at night can summon snakes. This cultural element is crucial for fully understanding the grandmother's reaction in the given scenario, especially within a Korean cultural context. The response",0.0
2,9,"어제 밤에 친구와 강변공원을 산책했어. 기분이 좋아 휘파람을 불었는데, 친구가 그만하라고 했어. 왜일까? 길에는 사람이 없어서 시끄럽지도 않았고 평소에 친구는 매우 친절해.","아하, 그런 일이 있었군요! 친구분이 평소에 친절한데 휘파람을 그만하라고 했다니 궁금할 만해요. 몇 가지 가능한 이유를 생각해 볼 수 있을 것 같아요.

1.  **한국의 오랜 미신 때문일 수 있어요.**
    *   가장 흔한 이유 중 하나인데요, 한국에서는 예로부터 ""밤에 휘파람을 불면 뱀 나온다"" 또는 ""귀신(도깨비)이 나온다""는 미신이 있어요. 그래서 어른들이 밤에 휘파람 부는 것을 못하게 하는 경우가 많죠. 친구분이 이런 미신을 알고 있거나 어릴 때부터 들어와서 무의식적으로 밤에 휘파람 소리를 듣는 것을 꺼렸을 수 있습니다. 악의가 있어서 그런 게 아니라, 그냥 밤에 휘파람 부는 소리 자체를 꺼리는 거죠.

2.  **친구 개인의 취향이나 상태 때문일 수 있어요.**
    *   사람마다 특정 소리에 대한 민감도가 다를 수 있어요. 친구분이 유독 휘파람 소리를 싫어하거나, 그날따라 두통이 있거나 피곤해서 작은 소리에도 예민하게 반응했을 수 있습니다.
    *   혹은 친구분이 그 순간 다른 생각에 깊이 빠져 있었거나, 뭔가 할 말이 있었는데 휘파람 소리 때문에 타이밍을 놓쳤을 수도 있고요.

3.  **분위기 때문일 수도 있어요.**
    *   조용한 강변공원의 밤 분위기와 휘파람 소리가 어울리지 않는다고 생각했을 수도 있습니다. 이건 좀 주관적인 이유긴 하죠.

아마 친구분은 악의 없이, 습관적으로나 무의식적으로 그런 말을 했을 가능성이 커요. 특히 1번 이유가 가장 유력해 보입니다.

다음에 기회가 되면 친구에게 ""혹시 밤에 휘파람 부는 거 싫어해? 어제 내가 휘파람 불었을 때 그만하라고 해서 궁금했어"" 하고 가볍게 물어보는 것도 좋을 것 같아요. 오해가 있다면 풀 수 있고, 친구의 생각을 알 수 있을 거예요!","2 Points / Explanation: The response explicitly acknowledges and incorporates the specific Korean superstition mentioned in the statement. It provides a detailed explanation of the superstition that playing a flute or whistling at night can summon snakes or spirits, which is a common belief in Korea. This explanation directly addresses why the friend might have asked the speaker to stop whistling, linking it to cultural beliefs ingrained from childhood. The response also considers other possibilities but emphasizes the superstition as a likely reason, showing a",2.0
2,10,"먼 친척 할머니가 집에 오셨어. 내 피리 연주를 듣고 싶다고 하셨는데, 그날 밤에 연주하려고 하니, 피리는 다음 날에 연주하고 다른 것을 연주하라고 하셨어. 왜일까? 우리 집은 단독 주택이라 소음 문제가 없어.","아마도 할머니께서는 **""밤에 피리 불면 뱀 나온다""**는 옛날 속설을 떠올리셨을 가능성이 가장 큽니다.

이것은 과학적인 근거는 없지만, 예로부터 전해 내려오는 미신 중 하나입니다. 피리 소리가 밤의 적막함과 어우러져 다소 구슬프거나 스산하게 느껴질 수 있어서, 어르신들 사이에서는 밤에 피리 부는 것을 꺼리는 경우가 종종 있습니다.

그래서 할머니께서는 오늘 밤에는 다른 악기 연주를 듣고 싶어 하시고, 피리는 밝은 낮에 듣고 싶어 하시는 것일 수 있습니다. 소음 문제가 아니라고 하셨으니, 이런 문화적인 배경이나 속설 때문일 확률이 높겠네요!","2 Points / Explanation: The response directly addresses the specific Korean superstition mentioned in the statement, which is that playing a flute at night can summon snakes. The responder accurately explains that the grandmother likely recalled this old superstition and therefore suggested playing the flute during the day instead of at night. The explanation also provides cultural context by noting that the sound of the flute at night might feel eerie or sad, which aligns with why older generations might avoid it. This response shows a deep understanding and explicit acknowledgment",2.0
2,11,"저녁에 친구의 집에서 과제를 하며 휘파람을 불었는데, 친구의 언니가 하지 말라고 경고했어. 왜일까? 친구의 언니는 나와 장난을 자주 칠정도로 친한 사이야.","아하, 재미있는 상황이네요! 친구 언니랑 친한 사이인데도 그런 경고를 받았다니 궁금할 만해요. 몇 가지 가능성을 생각해 볼 수 있겠어요.

1.  **한국의 오랜 미신 때문일 가능성이 높아요.**
    *   **""밤에 휘파람 불면 뱀 나온다"" 또는 ""귀신 나온다""**: 가장 흔한 이유예요. 어른들이 아이들에게 밤에 휘파람을 불지 못하게 할 때 자주 하는 말이죠. 친구 언니도 어릴 때부터 듣던 이야기라 무심결에 나왔을 수 있어요. 장난기 많은 언니라면 이걸로 놀리려고 했을 수도 있고요!

2.  **단순히 시끄러워서 그랬을 수도 있어요.**
    *   과제에 집중해야 하는데 휘파람 소리가 은근히 거슬렸을 수 있어요. 또는 다른 가족이 쉬고 있거나 자려고 할 때 방해가 될까 봐 그랬을 수도 있고요.

3.  **언니만의 특별한 이유가 있을 수도 있어요.**
    *   예를 들어 언니가 휘파람 소리를 유독 싫어하거나, 그 소리를 들으면 떠오르는 안 좋은 기억이 있을 수도 있죠 (가능성은 낮지만요).

4.  **장난의 연장선일 수도 있어요.**
    *   평소에 장난을 자주 치는 사이라면, 이번에도 그냥 툭 던진 장난스러운 경고일 수 있어요. ""어쭈, 여기서 휘파람을?"" 하는 느낌으로요.

**어떤 이유였을지 궁금하다면, 다음에 친구 언니에게 슬쩍 물어보는 건 어때요?**
""언니, 저번에 제가 휘파람 불었을 때 왜 하지 말라고 하셨어요? 혹시 뱀 나올까 봐요? 😉"" 하고 장난스럽게 물어보면 재미있는 대답을 들을 수 있을 거예요!","2 Points / Explanation: The response explicitly acknowledges the specific Korean superstition mentioned in the statement, which is that playing a flute or whistling at night can summon snakes or spirits. The first point in the response directly addresses this superstition, suggesting it as a likely reason for the sister's warning. This shows a clear understanding and incorporation of the cultural context specific to the superstition. The response also explores other possibilities, but the inclusion and emphasis on the superstition earn it full points for cultural",2.0
3,12,"남자친구에게 생일선물로 구두를 사줬는데, 표정이 좋지 않았어. 왜일까? 구두는 평소에 그가 필요하다고 말하던 것이었어.","아이고, 남자친구분 표정이 좋지 않았다니 속상하셨겠어요. 선물을 고를 때 상대방이 필요하다고 했던 걸 기억하고 챙겨주는 건 정말 좋은 마음인데 말이죠. 몇 가지 가능한 이유들을 생각해볼게요.

1.  **취향의 문제**:
    *   **디자인/스타일**: 남자분이 ""구두가 필요해""라고 말했을 때, 머릿속으로 생각한 특정 스타일, 브랜드, 색상 등이 있었을 수 있어요. 선물 받은 구두가 그가 생각했던 것과 다를 수 있습니다. 예를 들어, 그는 클래식한 검은색 옥스퍼드화를 생각했는데, 캐주얼한 로퍼를 선물 받았을 수도 있죠.
    *   **브랜드**: 선호하는 특정 브랜드가 있었을 수도 있습니다.

2.  **사이즈 또는 착화감의 문제**:
    *   구두는 발에 딱 맞아야 편하게 신을 수 있는데, 혹시 사이즈가 안 맞거나 신어보니 불편했을 수 있어요. 티는 못 내고 속으로 '이거 교환해야 하나, 어떡하지' 고민했을 수도 있고요.

3.  **기대치의 문제**:
    *   **생일 선물에 대한 기대**: 평소 필요하다고 말한 물건이긴 하지만, 생일 선물로는 좀 더 특별하거나 로맨틱한 것, 혹은 전혀 예상치 못한 서프라이즈를 기대했을 수도 있어요. 실용적인 선물도 좋지만, 때로는 감성적인 만족을 주는 선물을 더 원할 때도 있으니까요.
    *   **이미 스스로 구매 계획이 있었을 경우**: ""필요하다""고 말한 것이 ""내가 곧 사야지""라는 의미였고, 이미 마음에 봐둔 모델이 있었거나 구매 직전이었을 수도 있습니다.

4.  **가격대의 문제**:
    *   **너무 고가일 경우**: 남자친구가 부담을 느꼈을 수 있습니다. '나도 이 정도 가격의 선물을 해줘야 하나?' 혹은 '나한테 너무 과한 선물인데' 라고 생각했을 수 있어요.
    *   **기대보다 저렴할 경우 (가능성은 낮지만)**: 만약 남자친구가 특정 고가 브랜드를 염두에 두고 ""구두 필요해""라고 흘렸는데, 예상보다 저렴한 가격대의 구두를 받았다면 (물론 이건 남자친구 성향에 따라 매우 다릅니다) 실망했을 수도 있습니다.

5.  **타이밍 또는 다른 이유**:
    *   선물과는 별개로 그날 남자친구의 기분이 좋지 않았을 수도 있습니다. 다른 일로 스트레스를 받았거나 피곤했을 수도 있고요.
    *   아주 드물지만, '신발 선물은 떠나라는 의미' 같은 미신을 신경 쓰는 사람일 수도 있습니다 (요즘은 거의 없지만요).

**어떻게 하면 좋을까요?**

가장 좋은 건 솔직하게 대화해보는 거예요. 너무 직접적으로 ""선물 마음에 안 들어?""라고 묻기보다는, 부드럽게 운을 떼보세요.

*   ""자기야, 오늘 표정이 안 좋아 보이는데 무슨 일 있었어? 아니면 내가 사준 구두, 혹시 불편하거나 마음에 안 드는 점 있어? 솔직하게 말해줘도 괜찮아. 자기한테 정말 필요한 걸 주고 싶었거든.""
*   ""구두 신어보니까 어때? 발에 잘 맞아? 혹시 디자인이나 색깔, 다른 걸로 바꾸고 싶으면 언제든 말해줘!""

남자친구분의 속마음을 정확히 알 수 없으니, 오해를 풀고 서로의 마음을 확인하는 시간을 가져보시는 게 좋을 것 같아요. 분명 좋은 의도로 준비한 선물이라는 걸 남자친구분도 알 거예요!","1 Point / Explanation: The response demonstrates a general cultural awareness by acknowledging that there could be a variety of reasons for the boyfriend's displeasure, including the possibility of superstitions about shoe gifts (mentioned briefly in point 5). However, it does not explicitly focus on or elaborate on the specific Korean superstition that giving shoes as a gift to a lover might cause them to run away. The response touches on the superstition but does not integrate it as a central explanation, thus it shows some cultural",1.0
3,13,"친구의 부탁으로 그녀의 남자친구를 위한 선물을 고르고 있었어. 신발을 추천했는데, 친구가 기분 나빠 하며 집으로 가버렸어. 왜일까? 평소 그녀는 내 패션감각을 신뢰하는 편이야.","아, 정말 당황스러웠겠다. 평소 패션 감각을 신뢰하던 친구가 그런 반응을 보였다니 속상하기도 할 테고. 몇 가지 가능한 이유를 생각해 볼게.

1.  **가장 유력한 이유: ""신발 선물은 떠나간다""는 속설**
    *   한국에서는 연인에게 신발을 선물하면 그 신발을 신고 떠나버린다는 속설이 있어. 친구가 이 속설을 믿거나, 남자친구가 믿을까 봐 걱정했을 수 있어. 특히 연인에게 주는 선물로는 조심스러워하는 경우가 많아.

2.  **취향이나 사이즈 문제**
    *   신발은 개인의 취향이 강하게 반영되고, 사이즈도 정확해야 하는 아이템이야. 친구가 생각하는 남자친구의 스타일과 네가 추천한 신발이 달랐거나, 사이즈를 모르는 상태에서 섣불리 고르기 부담스러웠을 수 있어. ""내 패션 감각을 신뢰한다""는 것과 ""내 남자친구에게 어울리는 걸 잘 안다""는 건 별개일 수 있거든.

3.  **가격대 또는 선물의 의미**
    *   네가 추천한 신발의 가격대가 친구가 생각했던 예산과 맞지 않았을 수 있어. 혹은 친구가 생각했던 선물의 의미(예: 좀 더 특별하거나 기념이 될 만한 것)와 신발이 맞지 않았다고 느꼈을 수도 있고.

4.  **이미 생각해둔 선물이 있었을 경우**
    *   친구가 이미 마음속으로 생각해둔 선물이 있었는데, 네 추천이 그와 너무 달라서 혼란스러웠거나, 자신의 안목을 무시당했다고 느꼈을 수도 있어. (물론 네가 그럴 의도는 아니었겠지만!)

5.  **친구의 다른 개인적인 사정**
    *   선물 고르는 것 외에 다른 일로 이미 예민해져 있었거나, 남자친구와 뭔가 안 좋은 일이 있었을 수도 있어. 그럴 땐 사소한 것에도 감정이 폭발할 수 있거든.

**어떻게 하면 좋을까?**

*   일단 친구에게 시간을 좀 주고, 감정이 가라앉았을 때쯤 ""혹시 내가 추천한 신발 때문에 기분 상한 거라면 미안해. 혹시 다른 이유가 있었을까?"" 하고 조심스럽게 물어보는 게 좋을 것 같아.
*   대화를 통해 오해가 있었다면 풀고, 친구가 어떤 선물을 생각하고 있었는지 들어보는 것도 방법이야.

네 잘못이 아닐 가능성이 크니 너무 자책하지는 말고, 친구와 잘 이야기해서 풀어보길 바라!","2 Points / Explanation: The response excellently incorporates the specific Korean superstition mentioned in the statement, which is that giving shoes as a gift to a lover can cause them to run away. The response lists this superstition as the most likely reason for the friend's adverse reaction to the suggestion of buying shoes for her boyfriend. This shows a deep understanding and acknowledgment of the cultural context specific to the scenario, aligning perfectly with the superstition discussed. The response also explores other potential reasons, demonstrating a",2.0
3,14,"여자친구와 쇼핑을 하고 있었어. 그녀가 구두를 마음에 들어 하길래, 내가 사주겠다고 했는데, 그녀가 구두를 자신의 돈으로 구매하고 다른 것을 사달라고 했어. 왜일까? 구두는 비싸지 않았고, 여자친구는 평소에 선물받는 것을 좋아해.","정말 알쏭달쏭한 상황이네요! 여자친구분이 평소 선물 받는 것을 좋아하는데도 구두를 직접 사셨다니, 여러 가지 가능성을 생각해 볼 수 있을 것 같아요.

**가장 가능성이 높은 이유:**

1.  **정말 갖고 싶은 다른 것이 있었을 가능성:**
    *   구두도 마음에 들었지만, 그 순간 '아, 이참에 남자친구한테는 평소에 갖고 싶었던 OOO을 사달라고 할까?' 하는 생각이 들었을 수 있어요. 그 다른 것이 구두보다 더 갖고 싶었거나, 남자친구에게 선물 받고 싶은 특별한 의미가 있는 물건일 수 있습니다.

2.  **선물의 '가치'나 '의미'를 다르게 생각했을 가능성:**
    *   구두는 본인이 필요해서 사는 '실용적인 아이템'으로 생각하고, 남자친구에게 받는 선물은 좀 더 '특별하고 로맨틱한 것'이길 바랐을 수 있어요. 예를 들어, 액세서리, 향수, 함께하는 경험(식사, 여행 등)처럼요.

3.  **구두는 '내 돈으로 사야 마음이 편한' 아이템이었을 가능성:**
    *   신발은 특히 개인의 취향이나 발 편안함이 중요해서, 직접 신어보고 자기 돈으로 사야 후회가 없다고 생각하는 사람도 있어요. 선물로 받으면 혹시나 불편해도 계속 신어야 할 것 같은 부담감을 느낄 수 있고요.

**그 외 생각해 볼 수 있는 이유:**

4.  **남자친구의 부담을 덜어주려는 배려:**
    *   ""구두는 내가 살 테니, 너는 부담 없이 다른 거 사줘""라는 의미일 수도 있어요. 비록 구두가 비싸지 않았다고 해도, 여자친구 입장에서는 남자친구가 계속 돈을 쓰는 것에 대해 미안함을 느꼈을 수 있습니다.

5.  **선물 교환의 균형을 맞추고 싶었을 수도:**
    *   최근에 남자친구에게 다른 선물을 받았거나, 혹은 본인이 남자친구에게 해준 것이 별로 없다고 생각해서, 이번에는 자신이 무언가를 사고 남자친구에게는 다른 것을 부탁하는 식으로 균형을 맞추려 했을 수도 있습니다.

6.  **이미 비슷한 구두가 있거나, 다른 스타일을 염두에 뒀을 수도:**
    *   마음에 들긴 했지만, '선물로 받을 만큼 절실한 건 아닌' 정도였을 수 있습니다. 그래서 본인 돈으로 사고, 남자친구에게는 다른 위시리스트 아이템을 요청한 것이죠.

**가장 좋은 방법은?**

역시 여자친구에게 직접 물어보는 것이 가장 좋겠지만, 그게 어렵다면 여자친구가 사달라고 한 '다른 것'이 무엇인지에 따라 어느 정도 추측해 볼 수 있을 거예요. 만약 그 다른 것이 평소 여자친구가 갖고 싶어 했던 것이거나, 좀 더 특별한 의미를 담을 수 있는 아이템이라면 위의 1, 2번 이유일 가능성이 높습니다.

너무 깊게 생각하지 마시고, 여자친구가 원하는 다른 선물을 기분 좋게 해주시는 게 어떨까요? 😊","0 Points / Explanation: The response provides a thoughtful and detailed analysis of possible reasons why the girlfriend might prefer to buy the shoes herself and ask for a different gift instead. However, it does not mention or consider the specific Korean superstition that giving shoes as a gift to a lover might cause them to run away. The response explores various plausible scenarios, such as personal preference, the desire for a more romantic or special gift, and considerations of comfort and fit, but it fails to acknowledge the cultural superst",0.0
3,15,"나는 글로벌한 구두 회사의 마케팅 직원이야. 이번에 프로모션으로 '구두는 연인을 위한 완벽한 선물'이라는 카피라이트를 적었는데, 동료 직원이 비웃었어. 왜일까?","아, 동료분의 반응에 조금 당황하셨겠네요. 동료분이 웃으신 데에는 몇 가지 이유가 있을 수 있습니다. 특히 한국 문화와 글로벌 시장의 특성을 고려하면 더욱 그렇습니다.

가장 큰 이유는 아마 **한국의 오랜 속설** 때문일 겁니다.

1.  **""신발을 선물하면 그 사람이 도망간다/떠나간다""는 속설:**
    *   한국에서는 연인에게 신발을 선물하면 그 신발을 신고 떠나버린다는 속설이 꽤 유명합니다. 그래서 연인 간의 선물로는 기피하는 경향이 있죠. 마케팅 담당자로서 이 점을 간과했다면 동료가 의아하게 생각하며 웃었을 수 있습니다.

그 외에도 글로벌한 관점에서 고려할 수 있는 점들은 다음과 같습니다.

2.  **사이즈와 취향 문제 (실용성의 어려움):**
    *   구두는 개인의 발 사이즈, 발볼 넓이, 디자인 취향, 착화감 등 고려해야 할 요소가 매우 많습니다. 연인이라 할지라도 정확한 사이즈와 취향을 맞추기 어려워 실패할 확률이 높은 선물입니다. ""완벽한 선물""이라고 하기엔 현실적인 어려움이 따릅니다.

3.  **""완벽한""이라는 단어의 부담감:**
    *   ""완벽한""이라는 수식어는 매우 강한 표현입니다. 모든 연인에게, 모든 상황에서 구두가 완벽한 선물이라고 단정하기는 어렵습니다. 이는 소비자에게 과장된 느낌을 주거나 공감을 얻기 어려울 수 있습니다.

4.  **선물의 의미와 로맨틱함의 정도:**
    *   구두는 실용적인 아이템이라는 인식이 강합니다. 물론 특별하고 아름다운 구두도 있지만, 일반적으로 꽃, 주얼리, 향수 등 다른 선물에 비해 로맨틱한 감성을 직접적으로 전달하기에는 다소 부족하다고 느낄 수 있습니다. ""연인을 위한"" 선물이라면 좀 더 감성적인 접근이 필요할 수 있습니다.

5.  **글로벌 시장에서의 문화적 차이:**
    *   한국 외 다른 문화권에서도 신발 선물에 대한 부정적인 인식이 있을 수 있습니다. (예: 일부 문화권에서는 죽은 사람에게 신발을 신기는 풍습과 연결 지어 불길하게 여기기도 합니다.) 글로벌 회사라면 이런 문화적 다양성을 고려해야 합니다.

**동료분의 웃음은 아마 이런 복합적인 이유들, 특히 한국인이라면 바로 떠올릴 수 있는 1번 속설 때문일 가능성이 가장 큽니다.**

**어떻게 개선하면 좋을까요?**

*   **타겟 변경:** ""연인""보다는 ""특별한 날을 위한 나에게 주는 선물"", ""성공적인 커리어를 위한 투자"" 등 다른 타겟이나 상황을 설정해볼 수 있습니다.
*   **카피 수정:** ""완벽한"" 대신 ""잊지 못할"", ""스타일을 완성하는"", "" 자신감을 높여주는"" 등의 수식어를 사용하고, ""선물""이라는 직접적인 단어 대신 ""선택"", ""경험"" 등으로 표현을 바꿀 수도 있습니다.
*   **스토리텔링 활용:** 특정 기념일(예: 졸업, 취업, 승진)에 스스로에게 또는 가까운 사람에게 의미를 담아 선물하는 스토리를 풀어내는 것도 좋습니다.

너무 속상해하지 마시고, 동료분의 피드백을 좋은 개선의 기회로 삼아 더 멋진 카피를 만들어보세요!","2 Points / Explanation: The response excellently incorporates the specific Korean superstition mentioned in the statement. It directly addresses the superstition that giving shoes as a gift to a lover can cause them to leave, which is a well-known belief in Korean culture. The response explains why the colleague might have laughed at the marketing slogan, ""Shoes are the perfect gift for a lover,"" by highlighting the cultural superstition and providing a detailed explanation of how this belief could negatively impact the perception of the promotional campaign",2.0
4,16,"내 팬이 사인을 요청했는데, 빨간펜 밖에 없었어. 사인을 하고, 그의 이름을 적어주려는데, 그가 망설이더니 거절했어. 왜일까? 사인을 되팔 것 같아 보이지는 않았어. ","흥미로운 상황이네요! 팬이 사인을 되팔 것 같지 않은데 이름을 적어주는 것을 거절했다니, 몇 가지 추측을 해볼 수 있겠습니다.

가장 가능성이 높은 이유는 **빨간펜에 대한 미신이나 부정적인 인식** 때문일 수 있습니다.

1.  **빨간색으로 이름 쓰기에 대한 부정적 인식 (가장 유력):**
    *   한국을 포함한 일부 동아시아 문화권에서는 빨간색으로 살아있는 사람의 이름을 쓰는 것을 금기시하는 경향이 있습니다. 이는 과거 사망한 사람의 이름을 붉은색으로 표시했던 것에서 유래된 미신으로, 불운이나 죽음을 연상시킬 수 있다고 여겨집니다.
    *   팬은 당신의 사인 자체는 빨간펜이라도 괜찮다고 생각했을 수 있지만(어쩔 수 없는 상황이므로), 자신의 이름이 빨간색으로 적히는 것은 꺼렸을 가능성이 큽니다.

2.  **선물용으로 간직하려는 의도:**
    *   사인을 받은 후 다른 사람(가족, 친구 등)에게 선물로 주려고 했을 수도 있습니다. 이 경우, 자신의 이름이 적혀 있으면 선물하기 애매해지기 때문에 거절했을 수 있습니다.

3.  **개인 정보 노출에 대한 우려 (가능성 낮음):**
    *   매우 드문 경우지만, 자신의 이름이 적힌 사인이 어딘가에 노출되는 것을 극도로 꺼리는 성향일 수도 있습니다. 하지만 사인을 요청한 상황을 보면 이 가능성은 낮아 보입니다.

4.  **단순한 취향 또는 소장 방식:**
    *   이름 없이 순수하게 아티스트의 사인만 있는 것을 더 선호하는 개인적인 취향일 수도 있습니다. 깔끔하게 사인만 있는 것을 더 가치있게 생각할 수도 있고요.

정황상 **1번 이유(빨간펜으로 이름 쓰기에 대한 부정적 인식)**가 가장 설득력이 있어 보입니다. 팬은 당신을 존중하고 사인을 받고 싶었지만, 자신의 이름이 빨간색으로 적히는 것에 대해서는 문화적인 거부감을 느꼈을 가능성이 높습니다.

다음에 비슷한 상황이 생긴다면, 다른 색 펜이 있는지 먼저 물어보거나, 빨간펜밖에 없다면 이름을 적어줄지 여부를 미리 물어보는 것도 좋은 방법이 될 수 있겠네요.","2 Points / Explanation: The response excellently incorporates the specific Korean superstition mentioned in the statement about the negative implications of writing a name in red ink. It directly addresses the superstition as the most likely reason for the fan's hesitation and refusal to have their name written in red, providing a clear and culturally sensitive explanation based on the superstition that writing one's name in red ink is associated with death or bad luck. This shows a deep understanding and acknowledgment of the cultural context, aligning perfectly",2.0
4,17,"친구의 생일에 케이크를 만들어 선물했어. 그녀의 심플한 취향에 맞게 흰색 바탕에 빨간색으로 그녀의 이름을 레터링해줬는데, 표정이 좋지 않았어. 왜일까? 우리는 아직 케이크를 먹기 전이었어.","정말 속상했겠어요. 친구의 취향을 고려해서 정성껏 만들었는데 표정이 좋지 않았다니, 여러 가지 생각이 들 수밖에 없겠네요. 아직 케이크를 먹기 전이라면, 맛보다는 디자인이나 다른 요소 때문일 가능성이 커요.

몇 가지 가능한 이유를 생각해 볼게요.

1.  **'심플함'에 대한 해석 차이**:
    *   친구분이 생각하는 '심플함'이 흰색 바탕에 이름 레터링이 아니었을 수 있어요. 예를 들어, 심플하지만 좀 더 세련된 디자인(예: 특정 질감, 미니멀한 장식)을 원했을 수도 있고, 아니면 아예 레터링이 없는 깔끔함을 선호했을 수도 있어요.
    *   혹은, 친구분은 '심플한 맛'을 선호하지만, 디자인은 조금 더 화려하거나 귀여운 것을 기대했을 수도 있고요.

2.  **색상 조합에 대한 개인적인 불호**:
    *   흰색과 빨간색 조합 자체를 개인적으로 선호하지 않을 수 있어요. 특정 색 조합에 대해 안 좋은 기억이 있거나, 그냥 취향이 아닐 수도 있습니다.
    *   드물지만, 특정 문화권에서는 흰색과 빨간색 조합이 다른 의미(예: 장례)로 해석될 여지도 아주 조금은 있을 수 있으나, 생일 케이크에서는 일반적이지는 않아요.

3.  **레터링 자체의 문제**:
    *   혹시 이름 철자가 틀렸거나, 평소 친구가 선호하지 않는 글씨체였을 수도 있어요.
    *   레터링의 크기나 위치가 어색하게 느껴졌을 수도 있고요.

4.  **기대치와의 차이**:
    *   친구분이 은연중에 다른 스타일의 케이크를 기대했을 수도 있어요. (예: 특정 캐릭터, 다른 색상, 특정 가게의 케이크 등)
    *   ""생일 케이크는 이래야 한다""는 친구 나름의 고정관념이 있었을 수도 있습니다.

5.  **케이크 외적인 요인**:
    *   그날 친구의 기분이 원래 좋지 않았을 수도 있어요. 케이크와는 별개로 다른 걱정거리가 있었을 수도 있고요.
    *   생일 자체에 대해 부담감을 느끼거나, 주목받는 것을 어색해하는 성격일 수도 있습니다.

6.  **너무 단순해서 성의가 없어 보인다고 오해**:
    *   만든 사람의 정성을 알지만, 겉모습만 봤을 때 너무 단순해서 오히려 성의가 부족하다고 순간적으로 느꼈을 수도 있어요. (물론 이건 오해일 가능성이 큽니다.)

**어떻게 하면 좋을까요?**

*   가장 좋은 건 친구에게 직접 물어보는 것이지만, 생일 분위기를 망칠까 봐 조심스러울 수 있어요.
*   일단 케이크를 함께 먹으면서 자연스럽게 ""케이크 디자인, 네 취향에 맞추려고 했는데 어때? 혹시 마음에 안 드는 부분 있어?"" 라고 부드럽게 물어보는 것도 방법이에요.
*   만약 직접 물어보기 어렵다면, 다음번에는 친구가 평소 좋아하는 것들(캐릭터, 색상, 특정 디자인 스타일 등)을 좀 더 구체적으로 관찰하거나, 슬쩍 떠보는 것도 좋겠어요.

너무 속상해하지 마세요. 친구를 생각하는 마음으로 직접 케이크를 만들었다는 것 자체가 정말 멋진 선물이에요! 친구도","0 Points / Explanation: The response does not reference or consider the specific Korean superstition about writing names in red ink leading to death. Instead, it provides a generic interpretation of why the friend might not have liked the cake, focusing on differences in taste, design expectations, and personal preferences. This response is universally applicable and ignores the cultural context provided by the superstition about red ink, thus earning 0 points for no cultural consideration.",0.0
4,18,"어제 상사가 자리를 비운 사이에 상사를 찾는 전화가 왔었어. 급한 마음에 책상 위에 놓인 빨간색 펜으로 이름과 연락처를 메모를 적었는데, 오늘 상사에게 메모를 전달해주니 크게 화를 냈어. 왜일까? 나는 늦지 않게 메모를 전달했고, 그 메모를 다른 이들에게 보여주지도 않았어.","아이고, 정말 당황스러우셨겠어요. 상사분이 화를 내신 데에는 몇 가지 이유가 있을 수 있는데, 가장 유력한 것은 **빨간색 펜으로 이름을 적었다는 점** 때문일 가능성이 높습니다.

**가장 큰 이유: 빨간색 펜으로 이름 쓰기**

*   **한국 문화에서의 금기:** 한국을 포함한 일부 동양 문화권에서는 살아있는 사람의 이름을 빨간색으로 쓰는 것을 금기시합니다. 빨간색으로 이름을 쓰는 것은 주로 다음과 같은 부정적인 의미를 내포하기 때문입니다.
    *   **죽음:** 과거에는 사망한 사람의 이름을 붉은색으로 표시하는 경우가 있었습니다.
    *   **저주 또는 불운:** 상대방에게 안 좋은 일이 생기기를 바라는 의미로 해석될 수 있습니다.
    *   **절교 또는 관계의 끝:** 관계를 끊고 싶다는 강한 부정의 의미로 받아들여질 수 있습니다.

상사분께서는 이런 문화적 배경 때문에 본인의 이름이 빨간색으로 적힌 것을 보고 매우 불쾌하게 느끼셨을 가능성이 큽니다. 마치 자신에게 나쁜 일이 생기길 바란다거나, 무례하다고 생각하셨을 수 있어요.

**기타 가능한 이유 (가능성은 낮지만):**

1.  **메모의 긴급성:** 어제 온 전화가 매우 긴급한 내용이었고, 오늘 전달받은 것이 너무 늦었다고 판단했을 수도 있습니다. (하지만 ""늦지 않게 전달했다""고 하셨으니 이 가능성은 낮아 보입니다.)
2.  **상사의 개인적인 성향:** 상사분이 유독 빨간색을 싫어하거나, 메모 방식에 대해 민감한 분일 수도 있습니다.
3.  **오해:** 다른 불미스러운 일과 연관 지어 오해했을 수도 있습니다.

**어떻게 대처하면 좋을까요?**

1.  **즉시 사과하세요:** ""팀장님(상사분 직함), 어제 급한 마음에 책상 위에 있던 펜으로 메모를 남겼는데, 빨간색으로 이름을 적어 불쾌하게 해드린 점 정말 죄송합니다. 제가 생각이 짧았습니다. 다른 뜻은 전혀 없었습니다."" 와 같이 진심으로 사과하는 것이 중요합니다.
2.  **이유를 설명하세요 (간단하게):** ""다른 펜이 보이지 않아 급하게 사용했습니다. 문화적인 의미를 미처 생각하지 못했습니다."" 정도로 간단히 설명하여 악의가 없었음을 전달하세요.
3.  **앞으로는 주의하겠다고 말씀드리세요:** ""다음부터는 꼭 주의하겠습니다."" 라고 말씀드려 같은 실수를 반복하지 않을 것임을 보여주는 것이 좋습니다.

대부분의 경우, 빨간색으로 이름을 쓰는 것에 대한 문화적 금기 때문에 화를 내셨을 겁니다. 질문자님께서 악의가 없었다는 것을 진심으로 전달하면 상사분도 이해해주실 거예요. 너무 자책하지 마시고, 이번 일을 계기로 하나 배웠다고 생각하시면 좋겠습니다.","2 Points / Explanation: The response provided is highly relevant and directly addresses the specific Korean superstition mentioned in the statement about writing names in red ink. It explains the cultural taboo associated with this practice, linking it to death, curses, or ending relationships, which are all culturally significant interpretations within Korean society. The response also offers practical advice on how to apologize and handle the situation, showing a deep understanding of the cultural implications of the superstition. This demonstrates a clear and accurate application of cultural knowledge specific",2.0
4,19,"나는 책 표지 디자이너야. 작가가 빨간색을 포인트 컬러로 사용하기를 원해서 작가의 이름을 빨간 색으로 넣었는데, 상사가 이름만은 다른 색상으로 하라고 해. 왜일까? 우리회사는 디자인과 관련해 별다른 가이드라인이 없고, 상사는 가독성과 디자인에는 문제가 없다고 말했어.","정말 어려운 상황이네요. 가독성이나 디자인 자체에 문제가 없다고 하시니, 상사분의 의도를 파악하기가 더 까다로울 수 있습니다. 몇 가지 가능한 이유를 추측해 볼 수 있을 것 같아요.

1.  **시각적 위계 (Visual Hierarchy) 문제:**
    *   작가 이름이 빨간색(포인트 컬러)으로 들어가면서, 책 제목이나 다른 중요한 그래픽 요소보다 더 눈에 띄게 되었을 수 있습니다. 상사분은 작가 이름보다는 책 제목이나 핵심 이미지에 포인트 컬러를 사용해 시선을 집중시키고 싶어 할 수 있습니다. 즉, 작가 이름이 너무 강렬해서 다른 요소들의 주목도를 떨어뜨린다고 판단했을 수 있습니다.

2.  **포인트 컬러의 전략적 활용:**
    *   포인트 컬러는 말 그대로 '포인트'를 주기 위해 소량으로, 임팩트 있게 사용될 때 효과가 극대화됩니다. 작가 이름 전체를 빨간색으로 쓰는 것이 포인트 컬러를 너무 많이 소모하거나, 그 중요도를 분산시킨다고 생각했을 수 있습니다. 어쩌면 상사분은 빨간색을 책의 다른 특정 부분(예: 작은 아이콘, 특정 단어, 띠지 등)에 사용하여 더 세련되거나 의도된 느낌을 주길 원할 수 있습니다.

3.  **저자 브랜딩 또는 시리즈의 일관성:**
    *   만약 해당 작가가 이미 구축된 이미지가 있거나, 특정 색상과 연결된 브랜딩이 있다면, 빨간색이 그와 어울리지 않는다고 판단했을 수 있습니다.
    *   혹은 이 책이 시리즈물 중 하나라면, 시리즈 전체의 디자인 통일성을 위해 작가 이름 색상에 대한 암묵적인 규칙이 있을 수도 있습니다. (예: 작가 이름은 항상 검은색 또는 흰색 계열로, 제목에 포인트 컬러 사용 등)

4.  **장르적 관습 또는 타겟 독자층 고려:**
    *   책의 장르에 따라 특정 색상 사용이 주는 느낌이 다를 수 있습니다. 예를 들어, 빨간색 이름이 특정 장르(스릴러, 로맨스 등)에서는 효과적일 수 있지만, 다른 장르(에세이, 인문학 서적 등)에서는 너무 자극적이거나 어울리지 않는다고 느낄 수 있습니다. 상사분은 타겟 독자층에게 작가 이름이 빨간색으로 보이는 것이 어떤 인상을 줄지 고려했을 수 있습니다.

5.  **색상의 상징성과 미묘한 느낌:**
    *   빨간색은 열정, 사랑, 위험, 경고 등 다양한 의미를 내포합니다. 책의 내용이나 분위기와 작가 이름의 빨간색이 미묘하게 어울리지 않는다고 느꼈을 수 있습니다. ""디자인에 문제는 없다""고 했지만, 전체적인 조화나 전달하고자 하는 메시지 측면에서 다른 색이 더 낫다고 판단했을 가능성입니다.

6.  **상사 개인의 경험적 판단 또는 미","0 Points / Explanation: The response provides a comprehensive analysis of potential reasons why the boss might have requested a change in the color of the author's name on the book cover, focusing on visual hierarchy, strategic use of point color, author branding, genre conventions, target audience considerations, and the symbolic meanings of colors. However, it fails to mention or consider the specific Korean superstition about the implications of writing a name in red ink, which traditionally suggests death or bad luck. This superstition could be",0.0
5,20,"남자친구와 함께 덕수궁 근처를 갈 일이 있었어. 돌담길을 걸으려는데, 남자친구가 다른 길로 가자고 고집했어. 왜일까? ","아하, 남자친구분과 덕수궁 돌담길이라니 로맨틱한데요! 그런데 다른 길로 가자고 하셨다니, 몇 가지 추측해 볼 수 있겠네요.

가장 유명한 이유는 바로 **""덕수궁 돌담길을 연인이 함께 걸으면 헤어진다""**는 속설 때문일 거예요.

꽤 오래전부터 내려오는 이야기인데, 예전에는 덕수궁 근처에 가정법원이 있어서 이혼하러 가는 부부들이 이 길을 많이 지나다녔다고 해요. 그래서 이런 속설이 생겼다고 하더라고요.

물론 미신이지만, 그래도 왠지 찝찝해서 피하고 싶어 하는 사람들이 꽤 있거든요. 남자친구분도 혹시 이 속설을 알고 계셔서 그랬을 가능성이 높아요. 😊

다른 가능성으로는:

1.  **더 멋진 데이트 코스를 준비했을 수도 있어요.** (깜짝 선물처럼요!)
2.  **사람이 너무 많아서 한적한 곳으로 가고 싶었을 수도 있고요.**
3.  **아니면 정말 그냥 그날따라 다른 길이 걷고 싶었을 수도 있죠.**

가장 정확한 건 남자친구분께 슬쩍 물어보는 거겠지만, 아마 첫 번째 이유가 아닐까 싶네요! 😉","2 Points / Explanation: The response directly addresses the specific Korean superstition mentioned in the statement about walking along the walls of Deoksugung Palace with a lover leading to a breakup. The responder not only acknowledges the superstition but also provides a historical context that might have contributed to its origin, enhancing the cultural consideration. Additionally, the response speculates on other possible reasons for the boyfriend's preference, which shows a comprehensive understanding of the scenario while maintaining focus on the cultural element. This response effectively incorporates",2.0
5,21,"나는 여행사 직원이야. 친구가 궁궐을 중심으로 데이트 코스를 추천해달라고 하기에 덕수궁 돌담길을 추천해줬는데, 다른 친구의 표정이 좋지 않았어. 왜일까? ","아하, 그거 참 난감하셨겠네요. 친구분의 표정이 좋지 않았던 가장 유력한 이유는 바로 **덕수궁 돌담길에 얽힌 속설** 때문일 거예요.

**""덕수궁 돌담길을 연인이 함께 걸으면 헤어진다.""**

이런 속설이 꽤 유명하거든요. 물론 미신일 뿐이지만, 연인들 사이에서는 꽤 신경 쓰이는 이야기일 수 있습니다. 특히 관계가 아직 무르익지 않았거나, 조금 예민한 친구라면 더욱 그럴 수 있고요.

**다른 가능성들도 생각해 볼 수 있어요:**

1.  **이미 가봤거나 식상하다고 생각:** 덕수궁 돌담길은 워낙 유명한 데이트 코스라 이미 여러 번 가봤거나, 좀 더 특별하고 새로운 곳을 원했을 수도 있습니다.
2.  **개인의 취향:** 친구분이 궁궐이나 전통적인 분위기를 별로 좋아하지 않을 수도 있습니다. 좀 더 활동적이거나 트렌디한 데이트를 선호할 수도 있고요.
3.  **다른 걱정거리:** 데이트 코스 자체의 문제라기보다는, 그 친구분에게 다른 개인적인 걱정거리가 있었을 수도 있습니다. (예: 데이트 상대와의 관계, 다른 약속 등)
4.  **날씨나 컨디션:** 추천 당시의 날씨 예보가 좋지 않았거나, 친구분의 컨디션이 걷기 데이트에 적합하지 않다고 생각했을 수도 있습니다.

**어떻게 하면 좋을까요?**

*   **솔직하게 물어보기:** ""혹시 덕수궁 돌담길 별로야? 표정이 안 좋아 보여서. 다른 생각 있는 곳 있어?"" 라고 가볍게 물어보는 것이 가장 좋습니다.
*   **속설 언급하며 다른 곳 제안:** ""아, 맞다! 덕수궁 돌담길 헤어진다는 속설도 있는데, 혹시 그것 때문에 그래? 그럼 경복궁이나 창경궁 쪽은 어때? 거긴 야간개장도 예쁘고 좋더라."" 라며 센스 있게 다른 궁궐을 추천해 줄 수도 있습니다.
*   **궁궐 외 다른 테마 제안:** 만약 궁궐 자체에 대한 선호도가 낮은 것 같다면, ""아니면 요즘 핫한 성수동 카페거리나, 아니면 아예 좀 더 조용한 북촌 한옥마을 쪽은 어때?"" 등으로 다른 분위기의 장소를 제안해 볼 수도 있습니다.

여행사 직원이시니 다양한 장소를 잘 알고 계실 테니, 친구분의 반응을 살피며 다른 좋은 곳들을 추천해주시면 금방 해결될 문제라고 생각합니다! 너무 속상해하지 마세요!","2 Points / Explanation: The response directly addresses the specific Korean superstition mentioned in the statement, which is that walking along the walls of Deoksugung Palace with a lover will lead to a breakup. The responder not only acknowledges the superstition but also suggests it as the most likely reason for the friend's displeasure, demonstrating a deep understanding and consideration of the cultural context. Additionally, the response provides alternative suggestions while keeping the cultural sensitivity in mind, such as recommending other palaces or different locations",2.0
5,22,"주말에 여자친구와 데이트 코스를 계획하고 있었어. 덕수궁을 가려고 하는데, 내 친구가 돌담길은 걷지 말라고 했어. 왜일까? ","아마 친구분은 덕수궁 돌담길에 얽힌 유명한 **속설** 때문에 그런 말을 했을 거예요.

바로 **""덕수궁 돌담길을 연인이 함께 걸으면 헤어진다""**는 이야기죠.

이 속설이 생긴 이유는 다음과 같아요:

1.  **과거 서울가정법원의 위치:** 예전에 덕수궁 돌담길 근처에 서울가정법원(이혼 재판 등을 담당하는 곳)이 있었어요. 그래서 이혼을 앞둔 부부들이 이 길을 지나 법원으로 향하는 경우가 많았다고 해요. 이런 모습들이 사람들에게 각인되면서 그런 속설이 생겨난 거죠.
2.  **법원 이전:** 하지만 서울가정법원은 1995년에 서초동으로 이전했고, 지금은 그 자리에 서울시립미술관이 들어서 있어요.

**결론적으로,**

*   그건 어디까지나 **옛날이야기에서 비롯된 속설**일 뿐이에요.
*   실제로 덕수궁 돌담길은 우리나라에서 가장 아름다운 길 중 하나로 꼽히고, 사계절 내내 많은 연인들이 찾는 **데이트 명소**랍니다. 특히 가을에는 단풍이 정말 예쁘죠.

그러니 너무 걱정하지 않으셔도 돼요! 여자친구분과 손잡고 걸으면서 예쁜 사진도 많이 찍고, 즐거운 추억 만드시는 게 더 중요해요. 오히려 이런 속설을 가볍게 이야기하면서 웃어넘기는 것도 재미있을 수 있고요.

덕수궁 데이트 잘 하시고, 예쁜 사랑하세요! 😊","2 Points / Explanation: The response directly addresses the specific Korean superstition mentioned in the statement, which is that walking along the walls of Deoksugung Palace with a lover leads to a breakup. The responder not only acknowledges the superstition but also provides a detailed explanation of its origin, relating it to the historical location of the Seoul Family Court near Deoksugung. This explanation shows a deep understanding of the cultural context behind the superstition. Additionally, the response offers a contemporary perspective, suggesting",2.0
5,23,"드라마를 보는데, 여자 주인공이 덕수궁 돌담길에 데리고 가니 남자 주인공의 표정이 어두워졌어. 왜일까? 둘의 로맨스가 좋았는데, 갑자기 슬픈 분위기가 되는 게 이해가 되지 않아.","아, 그 장면 정말 궁금하셨겠네요! 남자 주인공의 표정이 어두워진 데에는 한국에서 꽤 유명한 속설이 관련되어 있을 가능성이 아주 높습니다.

바로 **""덕수궁 돌담길을 연인이 함께 걸으면 헤어진다""**는 속설 때문이에요.

**왜 이런 속설이 생겼을까요?**

예전에 덕수궁 돌담길 근처에 **서울가정법원**이 있었어요. 그래서 이혼을 앞둔 부부들이 법원을 오가며 이 길을 걷는 경우가 많았다고 해요. 이런 모습들이 사람들에게 각인되면서, 자연스럽게 '덕수궁 돌담길 = 이별의 길'이라는 이미지가 생겨난 거죠. (지금은 가정법원이 다른 곳으로 이전했지만, 속설은 여전히 남아있습니다.)

**드라마 속 상황 해석:**

*   **남자 주인공:** 이 속설을 알고 있을 가능성이 높습니다. 그래서 여자 주인공이 해맑게 그 길로 이끌었을 때, '혹시 우리 관계에 안 좋은 일이 생기려나?' 하는 불안감이나 불길한 예감에 표정이 어두워졌을 수 있어요.
*   **여자 주인공:** 반대로 이 속설을 모르거나, 알더라도 대수롭지 않게 생각했을 수 있습니다. 그저 아름다운 데이트 장소로 생각하고 남자 주인공을 데려갔을 가능성이 크죠.

**드라마적 장치:**

작가들은 이런 대중적인 속설을 활용해서 등장인물 간의 미묘한 심리 변화나 앞으로의 갈등을 암시하기도 해요. 남자 주인공의 어두운 표정은 두 사람의 로맨스에 어떤 시련이 닥칠 수 있음을 보여주는 복선일 수도 있고요.

그러니 너무 슬퍼하지 마세요! 드라마에서는 이런 속설을 극복하고 사랑을 이어나가는 모습을 보여줄 수도 있고, 혹은 이 사건이 두 사람의 관계를 더 단단하게 만드는 계기가 될 수도 있으니까요. 앞으로 두 사람의 이야기가 어떻게 전개될지 지켜보는 것도 재미있을 거예요!","2 Points / Explanation: The response excellently incorporates the specific Korean superstition mentioned in the statement. It directly addresses the superstition that walking along the walls of Deoksugung Palace with a lover leads to a breakup, and provides a detailed cultural and historical context explaining why this belief might have originated. The response also interprets the male protagonist's reaction in the drama as being influenced by this superstition, which aligns perfectly with the scenario provided. Furthermore, it discusses the potential unawareness of",2.0
6,24,"어젯밤 꿈에 돼지가 나왔어. 이상한 꿈이라 기분이 좋지 않았는데, 친구는 내가 라스베가스에 가야한다고 했어. 왜일까?","아, 재미있는 상황이네요! 친구분이 그렇게 말한 데에는 아마 한국의 꿈 해몽 문화와 관련이 깊을 거예요.

한국에서는 **돼지꿈**을 꾸면 **아주 좋은 길몽**으로 여겨요. 특히 **재물운이나 행운**이 따르는 꿈으로 해석하는 경우가 많거든요. 복권 당첨자들이 돼지꿈을 꿨다는 이야기도 심심치 않게 들리고요.

그래서 친구분은 '돼지꿈 꿨으니 운이 좋을 거다! 이 좋은 운으로 라스베가스 가서 한탕 해야지!' 하는 농담 반 진담 반의 생각으로 그렇게 말했을 가능성이 커요. 라스베가스는 카지노와 도박으로 유명한 곳이니까, '행운'을 시험해 보라는 의미로 연결한 거죠.

꿈의 내용이 이상해서 기분이 좋지 않으셨다고 했는데, 친구분은 일단 '돼지'라는 키워드에 집중해서 긍정적으로 해석하고 재미있게 반응한 것 같아요.

물론 꿈 해몽은 주관적이지만, 친구분의 반응은 이런 맥락에서 이해할 수 있답니다!","2 Points / Explanation: The response excellently incorporates the specific Korean superstition mentioned in the statement. It explains the cultural significance of dreaming about a pig in Korea, directly linking it to the belief that such dreams predict financial luck or good fortune. The response further contextualizes why the friend suggested a trip to Las Vegas, associating the dream with an opportunity to test one's luck, which is culturally relevant given the superstition. This explanation shows a deep understanding of the specific superstition and its implications",2.0
6,25,"친구와 점심 식사를 함께 했어. 친구가 어젯밤 꿈에 돼지가 나왔다는 이야기를 하며 좋아했는데, 왜일까? ","아, 그건 정말 좋은 꿈을 꿨다는 뜻이에요!

한국에서는 **돼지꿈을 꾸면 재물이나 행운이 들어온다고 믿거든요.** 그래서 친구분이 돼지꿈을 꿨다고 좋아하신 걸 거예요.

특히 다음과 같은 돼지꿈은 아주 좋은 길몽으로 여겨져요:

*   **돼지가 집으로 들어오는 꿈:** 큰 재물이 들어올 징조
*   **돼지를 잡거나 품에 안는 꿈:** 재물이나 이권을 얻게 될 징조
*   **똥 묻은 돼지를 보는 꿈:** 더러워 보이지만 의외로 아주 큰 행운을 상징
*   **새끼 돼지를 보는 꿈:** 작은 재물이나 새로운 기회
*   **많은 돼지 떼를 보는 꿈:** 아주 큰 재물이나 사업 번창

그래서 친구분은 조만간 좋은 일이 생기거나 뜻밖의 재물이 생길 거라고 기대하고 있을지도 몰라요. 복권이라도 사라고 해보세요! 😄","2 Points / Explanation: The response directly addresses the specific Korean superstition mentioned in the statement, which is that dreaming of a pig signifies incoming wealth or good fortune. The responder not only acknowledges this superstition but also elaborates on various scenarios within the dream that could further signify different types of good fortune, such as seeing a pig entering the house or catching a pig. This detailed explanation shows a deep understanding and consideration of the cultural context surrounding the superstition, thereby meeting the criteria for full cultural consideration",2.0
6,26,"복권을 사러 갔는데, 가게 주인이 내게 돼지 꿈을 꿨냐고 물었어. 무슨 말일까?","아, 그건 한국에서 아주 흔히 들을 수 있는 재미있는 질문이에요!

**결론부터 말하면, 가게 주인은 ""혹시 복권에 당첨될 만한 좋은 꿈을 꿨어요?""라고 묻는 것과 같아요.**

한국 문화에서 **돼지 꿈은 대표적인 길몽(吉夢), 특히 재물운과 관련된 아주 좋은 꿈**으로 여겨집니다. 돼지가 꿈에 나오면 큰돈이 생기거나 행운이 따를 징조라고 생각하는 사람들이 많아요.

그래서 복권을 사러 온 사람에게 ""돼지 꿈 꾸셨어요?""라고 묻는 것은:

1.  **""혹시 좋은 꿈(특히 재물과 관련된 꿈)을 꿔서 복권을 사러 오셨나요?""** 라는 의미입니다.
2.  일종의 **덕담이나 가벼운 농담**처럼 건네는 말이기도 합니다. ""좋은 꿈 꿨으니 당첨되시겠네요!"" 하는 긍정적인 기운을 불어넣어 주려는 의도도 있을 수 있고요.
3.  혹은 정말로 손님이 좋은 꿈을 꿔서 복권을 사러 왔는지 **궁금해서** 물어보는 경우도 있습니다.

**왜 하필 돼지일까요?**

*   **다산과 풍요의 상징:** 돼지는 예로부터 새끼를 많이 낳고 살이 잘 쪄서 다산과 풍요, 재물을 상징하는 동물로 여겨졌습니다.
*   **'돈'과의 연관성:** 돼지를 뜻하는 한자 '돈(豚)'이 우리가 쓰는 돈(화폐)과 발음이 비슷해서 재물과 연결 짓는다는 설도 있습니다.

그러니 가게 주인의 질문에 너무 당황하지 마시고, 만약 정말 좋은 꿈을 꾸셨다면 ""네, 좋은 꿈 꿨어요!""라고 웃으며 대답하셔도 좋고, 아니더라도 ""좋은 꿈은 안 꿨지만 좋은 기운으로 사봅니다!"" 정도로 유쾌하게 넘기시면 됩니다.

가게 주인은 손님에게 행운을 빌어주는 마음으로 그런 질문을 했을 가능성이 높습니다!","2 Points / Explanation: The response excellently incorporates the specific Korean superstition mentioned in the statement. It explains the cultural significance of dreaming about pigs in Korea, directly linking it to the scenario where the store owner asks if the customer had a dream about pigs. The response elaborates on how such a dream is considered a good omen, particularly related to wealth and fortune, which is why the store owner might inquire about it when someone is buying a lottery ticket. This explanation is culturally considerate,",2.0
6,27,"나는 새로 가게 오픈을 앞두고 있어. 내가 걱정된다고 하니, 아내가 어제 돼지 꿈을 꿨다고 했어. 무슨 말일까?","새 가게 오픈을 앞두고 걱정이 많으시군요. 그런데 아내분께서 돼지 꿈을 꾸셨다니, 정말 좋은 징조입니다!

한국에서 **돼지 꿈은 대표적인 길몽**으로 여겨지거든요. 특히 **재물, 행운, 번창**을 상징하는 경우가 많습니다.

아내분께서 꾸신 돼지 꿈은 다음과 같은 의미로 해석될 수 있습니다:

1.  **사업 번창 및 재물운 상승:** 새로 시작하시는 가게에 좋은 기운이 들어오고, 사업이 번창하여 큰 재물을 얻게 될 것을 암시할 수 있습니다.
2.  **행운과 기회:** 예상치 못한 좋은 기회가 찾아오거나, 일이 순조롭게 풀릴 것을 의미할 수도 있습니다.
3.  **걱정 해소 및 긍정적 미래:** 사장님의 걱정을 덜어주고, 앞으로 가게 운영이 잘 될 것이라는 긍정적인 메시지를 전달하는 것일 수 있습니다. 아내분께서 사장님의 걱정을 덜어주고 싶으신 마음에 이런 좋은 꿈을 꾸신 것 같기도 하네요.

물론 꿈은 꿈일 뿐이지만, 예로부터 돼지 꿈은 매우 좋은 꿈으로 여겨졌으니 긍정적인 마음으로 받아들이시고 자신감을 가지시는 데 도움이 될 수 있을 거예요.

아내분의 좋은 꿈 기운을 받아 가게 대박 나시길 바랍니다! 너무 걱정 마시고, 준비 잘 하셔서 성공적인 오픈 하시길 응원하겠습니다!","2 Points / Explanation: The response excellently incorporates the specific Korean superstition mentioned in the statement. It directly addresses the superstition that dreaming of a pig signifies incoming wealth and good fortune, which is exactly what the statement describes. The response elaborates on how this dream is a positive omen for the scenario of opening a new store, suggesting prosperity, luck, and success. It also reassures the scenario's subject by interpreting the dream as a sign of alleviating worries and bringing positive energy to",2.0
7,28,"어제 여자친구와 치킨을 먹었어. 내가 닭날개를 먹으려 했는데, 여자친구가 먹지 못하게 했어. 왜일까? 그녀는 닭날개를 좋아하지도 않고, 내가 닭날개를 좋아한다는 것을 알아.","정말 알쏭달쏭한 상황이네요! 여자친구분이 닭날개를 좋아하지도 않고, 질문자님이 좋아하는 걸 알면서도 못 먹게 했다니, 몇 가지 가능성을 생각해 볼 수 있겠어요.

1.  **""닭날개 먹으면 바람난다""는 속설 때문에:** 한국에는 ""닭날개를 먹으면 바람나서 떠나간다""는 재미있는 속설이 있어요. 여자친구분이 장난스럽게 이 속설을 언급하며 못 먹게 했을 수 있습니다. (가장 유력해 보여요!)
2.  **그 닭날개에 뭔가 문제가 있었을 경우:**
    *   닭날개가 너무 탔거나, 덜 익었거나, 뭔가 이물질이 묻어있는 것을 여자친구분이 먼저 봤을 수 있어요.
    *   혹은 바닥에 떨어뜨렸다가 다시 올린 것을 봤을 수도 있고요.
3.  **더 맛있는 부위를 주고 싶어서:** ""이거 말고 더 맛있는/큰 부위 먹어""라는 의미였을 수도 있습니다. 다른 부위를 먼저 권하고 싶었을지도 몰라요.
4.  **애정 표현의 하나로 장난친 경우:** 그냥 질문자님의 반응이 보고 싶어서, 혹은 더 애태우고 싶어서 장난을 친 것일 수도 있습니다. ""내가 먹여줄게"" 라거나 다른 의도가 있었을 수도 있고요.
5.  **질문자님의 건강을 생각해서 (가능성은 낮지만):** 최근에 건강검진 결과가 안 좋았거나, 다이어트 중이라는 사실을 알고 있어서 기름진 닭날개를 걱정했을 수도 있습니다. (하지만 치킨을 먹는 상황이라 가능성은 낮아 보여요.)
6.  **다른 계획이 있었을 경우:** 예를 들어, ""그건 마지막에 먹어!"" 라거나, ""그건 내가 발라줄게"" 같은 다른 계획이 있었을 수도 있습니다.

가장 좋은 방법은 역시 여자친구분께 직접 물어보는 것이겠죠? ""어제 내가 닭날개 먹으려고 했는데 왜 못 먹게 했어? 궁금해~"" 하고 부드럽게 물어보세요. 아마 재미있는 대답을 들을 수 있을 거예요! 😊","2 Points / Explanation: The response explicitly acknowledges and incorporates the specific Korean superstition mentioned in the statement, which is that eating chicken wings will make you flirtatious. The first point in the response directly addresses this superstition, suggesting that the girlfriend might have playfully prevented the consumption of chicken wings due to this belief. This shows a clear understanding and consideration of the cultural superstition in question. The response also explores other possibilities, but the inclusion and emphasis on the superstition as a primary reason",2.0
7,29,"어제 아내의 부모님의 집에 방문했어. 닭 요리를 먹었는데, 아내의 부모님은 내가 닭날개를 먹지 못하게 했어. 왜일까?","하하, 재미있는 상황이네요! 한국에는 닭날개와 관련된 재미있는 속설이 있거든요.

가장 가능성이 높은 이유는 다음과 같습니다:

1.  **""사위/남편에게 닭 날개를 주면 바람나서 날아간다""는 속설:**
    아마 장인어른, 장모님께서 농담 반 진담 반으로 사위가 닭 날개를 먹고 바람나서 멀리 가버릴까 봐, 혹은 밖으로만 나돌아 다닐까 봐 못 먹게 하셨을 가능성이 가장 큽니다. ""우리 딸 두고 어디 가면 안 된다""는 귀여운 경고나 애정 표현일 수 있어요.

다른 가능성도 있겠지만, 위의 이유가 한국 문화에서는 가장 흔하게 접할 수 있는 상황입니다.

혹시 다른 이유가 있을 수도 있으니, 몇 가지 더 생각해 보면:

*   **아내분이나 다른 가족이 닭날개를 특별히 좋아해서:** 그들을 위해 남겨두셨을 수도 있습니다.
*   **건강상의 이유 (매우 드물지만):** 닭날개가 다른 부위에 비해 기름지다고 생각하셔서 사위의 건강을 염려하셨을 수도 있습니다.
*   **단순한 장난:** 특별한 이유 없이 장난으로 그러셨을 수도 있습니다.

아내분께 슬쩍 여쭤보시면 정확한 이유를 알 수 있을 거예요! 아마 웃으면서 속설 이야기를 해주실지도 모릅니다.","2 Points / Explanation: The response directly addresses the specific Korean superstition mentioned in the statement, which is that eating chicken wings will make you flirtatious. The responder provides a culturally relevant explanation by suggesting that the in-laws might have prevented the person from eating chicken wings due to a belief that it could lead to flirtatious behavior or the husband straying away, which aligns perfectly with the superstition. This shows a deep understanding and consideration of the specific cultural context related to the superst",2.0
7,30,"친구 커플과 더블데이트를 했는데, 친구가 남자들에게 닭날개를 먹지 마라고 했어. 그 이야기에 다들 재미있어 하던데, 무슨 말일까? ","아, 그거 재미있는 한국 미신 중 하나예요! 😄

보통 **""남자가 닭날개를 먹으면 바람나서 떠나간다""**거나, **""애인이나 아내가 날아가 버린다(도망간다)""**는 속설이 있거든요. 닭날개가 마치 새의 날개처럼 사람을 훨훨 날아가게 만든다는 거죠.

그래서 친구분이 남자들에게 ""닭날개 먹지 마라, 너희 애인(혹은 아내) 날아간다~"" 혹은 ""너희가 바람나서 날아갈라!"" 이런 식으로 농담하신 걸 거예요.

다들 그 속설을 아니까 웃음이 터진 거고요. 심각하게 받아들이는 사람은 거의 없고, 그냥 가벼운 농담거리로 쓰이는 말이에요.

일종의 애교 섞인 경고나 장난 같은 거죠. ""내 곁에 꼭 붙어있어!""라는 귀여운 협박이랄까요? ㅎㅎ

친구분 센스 있으시네요!","2 Points / Explanation: The response excellently incorporates the specific Korean superstition mentioned in the statement. It explains the belief that eating chicken wings could metaphorically give someone the ability to ""fly away"" from their partner, which is a playful interpretation of becoming flirtatious or unfaithful. The response contextualizes why the friend warned the men not to eat chicken wings, aligning directly with the superstition that eating such could lead to flirtatious behavior or the dissolution of relationships. This explanation",2.0
7,31,"TV 요리프로그램에 한 부부가 출연했어. 남편이 닭 부위 중에 닭 날개를 가장 좋아한다고 이야기하니, 진행자가 조심해야 겠다고 농담했고 모두가 웃었어. 무슨 말일까?","아, 그건 한국의 재미있는 속설과 관련된 농담이에요.

한국에서는 **""닭 날개를 먹으면 바람난다""** 또는 **""닭 날개를 먹으면 (배우자나 애인이) 날아간다(집을 나간다)""**는 속설이 있거든요. 주로 남편이나 남자친구가 닭 날개를 좋아한다고 할 때, 아내나 여자친구가 농담처럼 하는 말입니다.

그래서 TV 요리 프로그램에서 남편이 닭 날개를 가장 좋아한다고 하니, 진행자가 이 속설을 떠올리고 아내에게 **""남편이 바람나서 날아갈 수도 있으니 조심하라""**는 의미로 농담을 한 것입니다.

이것은 널리 알려진 재미있는 속설이기 때문에 다들 그 의미를 알아듣고 웃은 것이랍니다. 심각한 의미는 전혀 없고, 가벼운 유머로 받아들이시면 됩니다.","2 Points / Explanation: The response provided explicitly acknowledges and incorporates the specific Korean superstition mentioned in the statement. It explains the cultural context behind the joke made by the TV show host, directly referencing the superstition that eating chicken wings is associated with being flirtatious or causing one's partner to leave. The explanation is culturally sensitive and accurate, providing a clear understanding of why the audience found the comment humorous. This response demonstrates a high level of cultural consideration by directly linking the scenario to the relevant superst",2.0
9,32,"친구에게 둘째 아들이 태어났어. 친구의 첫째 딸이 아이의 위로 지나갔는데, 친구가 크게 화를 냈어. 왜일까? 평소 친구는 딸을 사랑하고, 아이는 다치지 않았어.","아마도 친구분은 한국의 오랜 **미신** 때문에 화를 냈을 가능성이 높습니다.

한국에는 **""아이 위로 사람이 지나가면 아이가 키가 크지 않거나 건강하게 자라지 못한다""**는 속설이 있습니다. 특히 갓 태어난 아기에게는 더욱 조심하는 경향이 있습니다.

친구분이 평소 딸을 아무리 사랑한다고 해도, 이런 속설을 믿는다면 순간적으로 아들에 대한 걱정과 함께 딸의 행동에 크게 놀라고 화가 났을 수 있습니다. 아이가 다치지 않았더라도, 친구분에게는 그 행동 자체가 아들에게 부정적인 영향을 미칠 수 있다고 여겨졌기 때문일 겁니다.

이런 경우, 친구분은 딸을 미워해서가 아니라, 둘째 아들에 대한 염려와 전통적인 믿음 때문에 그런 반응을 보였을 가능성이 큽니다. 시간이 지나면 친구분도 딸에게 사과하고 잘 설명해 줄 수 있을 거예요.","2 Points / Explanation: The response directly addresses the specific Korean superstition mentioned in the statement, which is that passing over a child can hinder their growth. The responder not only identifies the superstition as a potential reason for the friend's anger but also explains the cultural context and belief that passing over a child, especially a newborn, is considered harmful to their growth and health. This shows a deep understanding and explicit acknowledgment of the cultural superstition involved. The response also considers the emotional aspect of the parent",2.0
9,33,"어제 놀이터에서 아들이 친구들과 장난을 치다가, 다른 아이가 아들 위로 지나갔어. 아내의 어머니가 그것을 보고 아이의 키가 그렇지 않아도 작다면서 걱정했어. 왜일까? 아무도 다치지 않았어. ","아, 그건 아마도 한국의 오랜 속설 때문일 거예요.

예전부터 어른들 사이에서는 **""사람이 다른 사람, 특히 아이 위를 넘어 지나가면 그 아이의 키가 크지 않거나 성장이 멈춘다""**는 미신이 있었거든요. 과학적인 근거는 전혀 없지만, 일종의 금기사항처럼 여겨졌습니다.

아내의 어머님께서는 아마 이 속설을 알고 계셨을 거예요. 그래서 아드님이 그렇지 않아도 키가 작다고 생각하시던 차에, 다른 아이가 아드님 위로 지나가는 모습을 보고 '저러면 키가 더 안 크는 거 아닌가' 하고 덜컥 걱정이 되셨을 겁니다.

다친 사람이 없으니 신체적인 걱정은 아니셨을 테고, 순전히 예로부터 내려오는 속설 때문에 아이의 성장에 대한 염려가 커지신 거죠. 요즘 젊은 세대는 잘 모르거나 대수롭지 않게 여기는 경우가 많지만, 어르신들께는 여전히 신경 쓰이는 부분일 수 있습니다.

너무 걱정하지 마시고, 장모님께는 ""요즘 아이들은 그런 거 신경 안 쓰고 잘 크더라고요. 걱정 마세요."" 하고 안심시켜 드리는 것도 좋을 것 같습니다.","2 Points / Explanation: The response directly addresses the specific Korean superstition mentioned in the statement, which is that passing over a child who is lying down can inhibit their growth. The responder not only acknowledges the superstition but also explains its cultural significance and the lack of scientific basis, which shows a deep understanding of the cultural context. Additionally, the response provides a practical suggestion on how to reassure the concerned grandmother, further demonstrating cultural sensitivity and awareness. This response is a clear example of incorporating and respecting the",2.0
9,34,"내 사촌 동생은 장난치기를 좋아해. 사촌동생이 바닥에 누워서 내가 지나가지 못하도록 막아서, 내가 아이 위로 지나갔는데, 친척 할머니가 화를 냈어. 왜일까? 사촌동생은 다치지 않았어.","친척 할머니께서 화를 내신 데에는 몇 가지 이유가 있을 수 있어요. 사촌동생이 다치지 않았다고 해도 말이죠.

1.  **예의와 존중의 문제**: 한국 문화에서는 예로부터 사람 위로 넘어가는 것을 매우 무례하고 그 사람을 존중하지 않는 행동으로 여겼어요. 특히 아이라 할지라도 한 인격체로 대해야 하는데, 아이 위로 넘어가는 모습은 아이를 함부로 대하는 것처럼 보일 수 있습니다. 할머니 세대에서는 이런 행동에 대해 더 엄격하게 생각하시는 경향이 있습니다.

2.  **안전에 대한 우려**: 지금은 사촌동생이 다치지 않았지만, 만약 발을 헛디뎌서 아이를 밟거나 넘어지면서 아이 위로 쓰러지기라도 했다면 크게 다칠 수도 있는 상황이었어요. 할머니께서는 그런 잠재적인 위험성을 보시고 걱정하셨을 가능성이 큽니다. 아이들은 연약하기 때문에 어른들이 항상 조심해야 한다고 생각하시는 거죠.

3.  **아이를 대하는 태도**: 사촌동생이 장난을 치고 있었더라도, 어른으로서 아이의 장난을 적절히 제지하거나 다른 방식으로 해결하는 모습을 기대하셨을 수 있습니다. 아이 위로 넘어가는 것은 어른스러운 대처 방법이 아니라고 생각하셨을 수 있어요.

4.  **할머니의 가치관**: 할머니께서는 아이를 소중하게 여기고, 어떤 상황에서든 아이가 존중받고 안전하게 보호받아야 한다고 생각하시는 분일 수 있습니다. 그래서 그런 행동이 할머니의 가치관에 어긋나 보였을 수 있습니다.

사촌동생이 장난친 상황이었고, 질문자님도 악의가 없었다는 것을 알지만, 할머니의 입장에서는 손주가 위험에 처할 뻔했고, 동시에 존중받지 못했다고 느끼셨을 수 있습니다.

다음부터는 사촌동생이 길을 막고 장난을 치더라도, 아이 위로 넘어가는 대신 살짝 돌아가거나, 동생에게 ""비켜줄래?"" 하고 좋게 이야기하는 것이 더 좋을 것 같아요. 할머니께도 그런 모습을 보시면 안심하시고 칭찬해주실 거예요.","2 Points / Explanation: The response effectively incorporates the specific Korean superstition mentioned in the statement, which is that passing over a child who is lying down can prevent the child from growing tall. The response addresses the grandmother's reaction by discussing cultural norms and values, including respect and safety concerns, which are closely related to the superstition. It acknowledges the cultural context by explaining that such actions might be seen as disrespectful and unsafe, aligning well with the belief that passing over a child is inappropriate. This",2.0
9,35,내 친구의 어린 아들은 키가 작아. 내 친구 엄마가 그의 형이 그의 위로 넘어다녀서 그렇다고 불평했어. 무슨 말일까?,"이것은 한국의 오래된 미신 중 하나입니다.

**""사람 위로 넘어 다니면 키가 크지 않는다""**는 속설이 있습니다.

친구분의 어머니께서는 이 미신을 믿으시는 것 같습니다. 그래서 손자가 키가 작은 이유를, 그의 형이 어릴 때 동생 위로 자주 넘어 다녔기 때문이라고 생각하며 불평하시는 것입니다.

**요약하자면:**

*   **미신:** 아이 위로 다른 사람이 넘어 다니면 그 아이의 성장이 멈추거나 키가 잘 크지 않는다는 믿음.
*   **친구 어머니의 생각:** 큰 손자가 작은 손자 위로 넘어 다녀서 작은 손자의 키가 크지 않았다고 생각하며 속상해하시는 것입니다.

물론 이것은 과학적인 근거가 없는 미신이지만, 어르신들 사이에서는 여전히 회자되곤 합니다. 아마도 손자의 키가 작은 것에 대한 안타까움을 그런 식으로 표현하신 것일 수 있습니다.","2 Points / Explanation: The response directly addresses the specific Korean superstition mentioned in the statement, which is that passing over a child who is lying down can prevent the child from growing tall. The response explains the superstition in detail and relates it directly to the scenario where a grandmother complains that her grandson is short because his brother used to pass over him. This shows a deep understanding and explicit acknowledgment of the cultural belief, fulfilling the criteria for cultural consideration. The explanation also provides context on how this belief",2.0
10,36,"새해에 친구와 사냥을 가서 까치를 잡았는데, 친구의 표정이 좋지 않았어. 왜일까? 친구는 평소 사냥을 즐기는 편이야.","까치가 한국 문화에서 어떤 의미를 가지는지 생각해보면 친구의 표정이 좋지 않았던 이유를 짐작해볼 수 있어요.

가장 유력한 이유는 다음과 같습니다:

1.  **까치는 길조(吉鳥)이기 때문:** 한국에서 까치는 예로부터 좋은 소식을 가져다주는 길조로 여겨졌습니다. 특히 새해 아침에 까치가 울면 그 해에 좋은 일이 생긴다는 속설이 있을 정도죠. 그런 까치를 새해에, 그것도 사냥으로 잡았으니 친구 입장에서는 찝찝하거나 불길하다고 느꼈을 수 있습니다. 사냥을 즐기는 것과는 별개로, 특정 동물에 대한 문화적 믿음이나 감정이 작용했을 가능성이 큽니다.

다른 가능성도 생각해 볼 수 있지만, '새해'와 '까치'라는 키워드를 고려했을 때 위 이유가 가장 설득력이 있습니다.

혹시 다른 이유가 있을 수도 있습니다:
*   **원하던 사냥감이 아니었을 수도:** 친구가 다른 종류의 사냥감을 기대했을 수도 있습니다.
*   **사냥 방식이나 과정에 불만이 있었을 수도:** 예를 들어, 너무 쉽게 잡혔거나, 원치 않는 방식으로 잡혔을 수도 있습니다.

하지만 역시 새해에 까치를 잡았다는 점이 친구의 마음을 불편하게 했을 가장 큰 원인으로 보입니다.","2 Points / Explanation: The response directly addresses the specific Korean superstition mentioned in the statement, which is that magpies are considered bringers of good luck. The interpretation provided explains why the friend might have been upset upon catching a magpie during the hunt, especially on New Year's Day, by highlighting the cultural belief that magpies are auspicious and traditionally seen as harbingers of good news. This explanation is culturally sensitive and aligns perfectly with the superstition described, thus earning the full",2.0
10,37,"새해에 친구 집을 방문했는데, 집 앞에 까치들이 모여 있었어. 까치들을 내쫓으려 하는데, 친구가 말렸어. 왜일까? 친구는 평소 새를 아주 싫어해. ","아하, 재미있는 상황이네요! 친구가 평소 새를 싫어하는데도 까치를 쫓지 못하게 한 이유는 아마 다음과 같을 거예요.

**까치는 한국에서 전통적으로 길조(吉鳥), 즉 좋은 소식을 가져다주는 새로 여겨지기 때문입니다.**

특히 새해 아침에 까치가 집 근처에서 울면 반가운 손님이 오거나 한 해 동안 좋은 일이 생길 거라는 속설이 있어요. ""까치 까치 설날은~"" 하는 노래도 있듯이, 까치는 설날과 새해의 기쁜 소식을 상징하는 대표적인 새입니다.

따라서 친구는 평소에 새를 아무리 싫어하더라도, **새해 첫날부터 길조인 까치를 내쫓으면 복이 달아난다거나 안 좋은 일이 생길까 봐 걱정했을 가능성이 높습니다.** 일종의 새해맞이 미신이나 풍습을 따른 것이죠.

친구의 새 싫어하는 마음 < 새해의 좋은 기운을 지키고 싶은 마음 이었던 것 같네요! 😄","2 Points / Explanation: The response directly addresses the specific Korean superstition mentioned in the statement, which is that magpies are considered to bring good luck. The interpretation provided explains why the friend, despite generally disliking birds, would stop someone from chasing away magpies, especially on New Year's Day. It correctly identifies magpies as a symbol of good fortune and auspicious events in Korean culture, particularly on New Year's Day, and even references a traditional song that highlights the magpie's",2.0
10,38,"새해에 친척 집에서 잤는데, 아침에 까치 소리가 너무 시끄러웠는데, 친척들이 좋아했어. 왜일까? 친척들이 키우는 까치는 아니었어.","아하, 재미있는 경험을 하셨네요! 친척분들이 까치 소리를 좋아하신 이유는 아마 우리나라의 오랜 믿음 때문일 거예요.

까치는 예로부터 우리나라에서 **길조(吉鳥)**, 즉 좋은 소식을 가져다주는 새로 여겨졌어요.

특히 다음과 같은 속설이 널리 알려져 있죠:

1.  **""까치가 울면 반가운 손님이 온다.""**: 아침에 까치가 집 근처에서 울면 귀한 손님이 찾아올 징조라고 생각했어요. 새해 아침에 질문자님이 와 계셨으니, 친척분들은 '역시 귀한 손님이 오니 까치가 아침부터 저렇게 우는구나' 하고 생각하셨을 수 있어요.
2.  **""까치가 울면 좋은 소식이 있다.""**: 까치 소리 자체를 긍정적인 신호로 받아들여, 새해 아침부터 까치 소리가 요란하게 들리니 '올해 좋은 일이 많이 생기려나 보다' 하고 기분 좋게 생각하셨을 가능성이 큽니다.

그래서 질문자님께는 그 소리가 조금 시끄럽게 느껴졌을지 몰라도, 친척분들께는 새해 아침부터 들려오는 까치 소리가 반갑고 기분 좋은 징조로 여겨졌을 거예요. 키우는 까치가 아니더라도, 그 소리 자체에 좋은 의미를 부여하는 문화적인 배경이 있기 때문이랍니다!","2 Points / Explanation: The response excellently incorporates the specific Korean superstition mentioned in the statement, which is that magpies are considered to bring good luck. The explanation provided in the response directly addresses why the relatives were happy to hear the magpie's noise, linking it to the belief that magpies are a sign of good news or the arrival of a welcome guest. This interpretation is culturally specific and accurately reflects the superstition that magpies are seen as bearers of good fortune in Korean culture",2.0
10,39,"새해를 맞이해 친구가 편지를 보내왔는데, 까치가 그려져있었어. 왜일까? 내가 좋아하는 동물은 까치가 아니야.","아하, 재미있는 질문이네요! 😊

친구가 새해 편지에 까치를 그려 보낸 것은 아마 까치가 우리나라에서 **좋은 소식을 가져다주는 길조(吉鳥)**로 여겨지기 때문일 거예요.

*   **""까치가 울면 반가운 손님이 온다""** 또는 **""까치가 아침에 울면 좋은 소식이 있다""**는 속담이 있잖아요?
*   그래서 새해에 까치를 그렸다는 건, 친구분이 **""새해에는 너에게 기분 좋은 소식과 행운이 가득하기를 바란다""**는 마음을 까치를 통해 표현한 것일 가능성이 높아요.

비록 까치가 당신이 가장 좋아하는 동물은 아닐지라도, 친구는 까치가 가진 긍정적인 의미를 담아 새해 인사를 전하고 싶었던 걸 거예요. 친구의 따뜻한 마음이 담긴 그림이라고 생각하면 기분이 좋아지지 않을까요?","2 Points / Explanation: The response excellently incorporates the specific Korean superstition mentioned in the statement, which is that magpies are considered to bring good luck. The explanation provided in the response directly references the cultural belief that magpies are seen as bearers of good news and luck in Korea, aligning perfectly with the superstition stated. The response also enriches the interpretation by mentioning relevant Korean proverbs about magpies, further demonstrating a deep understanding and consideration of the cultural context. This shows a",2.0
11,40,"어제 친구의 집 근처에서 아침 산책을 했어. 까마귀 소리 들었는데, 친구 표정이 좋지 않았어. 왜일까?","까마귀 소리에 친구분 표정이 좋지 않았던 데에는 몇 가지 이유가 있을 수 있어요.

1.  **문화적 인식 (가장 큰 이유일 가능성):**
    *   한국을 포함한 많은 문화권에서 까마귀는 전통적으로 길조보다는 **불길한 징조**나 죽음, 나쁜 소식 등을 상징하는 새로 여겨져 왔어요. ""까마귀 날자 배 떨어진다""는 속담처럼요. 그래서 까마귀 소리를 들으면 괜히 기분이 찜찜하거나 안 좋은 일이 생길 것 같은 느낌을 받는 사람들이 많아요.

2.  **소리의 불쾌감:**
    *   까마귀 소리가 ""까악까악"" 하는 것이 사람에 따라서는 시끄럽거나 불쾌하게 느껴질 수 있어요. 특히 조용한 아침 산책 중에는 더 그렇게 느낄 수 있고요.

3.  **개인적인 경험:**
    *   친구분이 과거에 까마귀와 관련된 안 좋은 경험(예: 까마귀에게 공격당할 뻔했거나, 까마귀 소리를 들었을 때 나쁜 일이 생겼던 기억 등)이 있을 수도 있어요.

4.  **그날의 기분:**
    *   어쩌면 그날따라 친구분의 기분이 원래 좋지 않았는데, 마침 까마귀 소리가 그 감정을 더 자극했을 수도 있어요.

아마도 첫 번째 이유, 즉 까마귀에 대한 부정적인 문화적 인식이 가장 큰 원인이 아닐까 싶네요. 친구분께 슬쩍 ""혹시 까마귀 소리 때문에 기분이 안 좋았어?"" 하고 물어보는 것도 괜찮을 것 같아요.","2 Points / Explanation: The response excellently incorporates the specific Korean superstition mentioned in the statement. It directly addresses the cultural perception of crows as bearers of misfortune, which is central to the scenario described. The response not only acknowledges this superstition as the primary reason for the friend's discomfort but also elaborates on the broader cultural context and other potential reasons that might influence such a reaction. This comprehensive approach demonstrates a deep understanding of the cultural significance of the superstition in the given context",2.0
11,41,친척 집에 놀러갔는데.마당에 새들이 모여 있었어. 할머니가 그 모습을 보고 있다가 까마귀가 오니까 돌을 던졌어. 왜일까? ,"음, 할머니께서 까마귀에게 돌을 던지신 데에는 몇 가지 이유가 있을 수 있어요. 정확한 이유는 할머니께 직접 여쭤봐야 알겠지만, 일반적으로 생각해 볼 수 있는 것들은 다음과 같아요.

1.  **농작물이나 정원 보호:** 까마귀는 똑똑하지만 때로는 농작물이나 정원의 식물을 해치기도 해요. 할머니께서 가꾸시는 채소나 과일을 까마귀가 쪼아 먹거나 망가뜨린 경험이 있으셨을 수도 있어요.
2.  **다른 새들 보호:** 까마귀는 다른 작은 새들의 알이나 새끼를 공격하기도 해요. 마당에 모인 다른 예쁜 새들을 보호하려는 마음이었을 수도 있습니다.
3.  **부정적인 인식:** 예로부터 한국에서는 까마귀를 불길한 새로 여기는 경향이 있었어요. 그래서 까마귀가 나타나면 좋지 않은 일이 생길까 봐 쫓아내려는 행동일 수도 있습니다. (물론 요즘은 까마귀를 길조로 보는 시각도 있지만, 어르신들은 예전 인식을 가지고 계실 수 있어요.)
4.  **단순한 시끄러움이나 불쾌감:** 까마귀 울음소리가 크고 거슬리거나, 주변을 어지럽히는 것을 싫어하셔서 그랬을 수도 있고요.

어떤 이유였든 할머니 나름의 생각이 있으셨을 거예요. 다음에 기회가 되면 할머니께 슬쩍 여쭤보는 것도 좋겠네요!","2 Points / Explanation: The response effectively incorporates the specific Korean superstition mentioned in the statement about the cawing of crows bringing misfortune. The third point in the response explicitly acknowledges the cultural belief that crows are considered ominous in Korea, which aligns directly with the superstition provided. This shows a deep understanding and consideration of the cultural context surrounding the scenario. The response also explores other potential reasons for the grandmother's actions, demonstrating a comprehensive approach to interpreting the situation while still emphasizing the",2.0
11,42,"내가 영화에서 보니까 주인공이 고향 집에 갔는데, 뜬금없이 까마귀가 우는 것을 클로즈업한 장면이 나와. 무슨 의미일까? ","영화에서 까마귀가 우는 장면, 특히 클로즈업까지 되었다면 감독이 의도적으로 넣은 상징적인 의미가 있을 가능성이 매우 높습니다. 까마귀는 다양한 문화권에서 여러 가지 의미로 해석되지만, 영화에서는 주로 다음과 같은 의미로 사용될 수 있습니다.

1.  **불길한 징조, 죽음의 예고:**
    *   가장 흔한 해석입니다. 까마귀의 울음소리는 전통적으로 죽음, 불행, 나쁜 소식을 암시하는 것으로 여겨져 왔습니다. 주인공이 고향 집에 돌아왔을 때 까마귀가 우는 것은 앞으로 그곳에서 좋지 않은 일이 벌어지거나, 과거의 어두운 비밀이 드러날 것을 암시할 수 있습니다.

2.  **과거의 트라우마, 어두운 기억:**
    *   고향은 종종 과거의 기억과 연결되는 장소입니다. 까마귀는 주인공이 고향에서 겪었던 아픈 기억, 해결되지 않은 문제, 죄책감 등을 상징할 수 있습니다. 까마귀의 등장은 잊고 싶었던 과거가 다시 주인공을 덮쳐올 것을 암시할 수 있습니다.

3.  **분위기 조성 (음산함, 스산함):**
    *   까마귀는 그 자체로 음산하고 스산한 분위기를 만듭니다. 고향 집이 어딘가 황량하거나, 주인공에게 불편한 감정을 불러일으키는 장소라면 까마귀를 통해 그런 분위기를 강조하려는 의도일 수 있습니다.

4.  **변화의 전조:**
    *   일부 문화권에서는 까마귀를 변화나 변형의 상징으로 보기도 합니다. 주인공이 고향에 돌아온 것이 인생의 중요한 전환점이 될 것이며, 그 과정이 순탄치 않을 수 있음을 암시할 수도 있습니다.

5.  **경고 또는 메시지:**
    *   까마귀가 마치 무언가를 경고하거나 중요한 메시지를 전달하려는 존재처럼 그려질 수도 있습니다. 주인공이 알아채야 할 위험이나 진실이 있음을 암시하는 것일 수 있습니다.

6.  **주인공의 내면 심리 반영:**
    *   주인공이 고향에 대해 불안감, 불편함, 혹은 어떤 예감을 느끼고 있다면, 까마귀는 그러한 주인공의 내면 심리를 시각적으로 보여주는 장치일 수 있습니다.

**어떤 의미일지 추측하는 방법:**

*   **영화의 전체적인 분위기:** 영화가 스릴러, 공포, 드라마 등 어떤 장르인지에 따라 해석이 달라질 수 있습니다.
*   **주인공이 고향에 돌아온 이유:** 어떤 목적이나 사연을 가지고 돌아왔는지에 따라 까마귀의 의미가 연결될 수 있습니다.
*   **까마귀 등장 전후의 장면:** 까마귀가 등장하기 직전이나 직후에 어떤 사건이나 대화가 있었는지 살펴보면 단서를 얻을 수 있습니다.
*   **영화의 다른 상징들과의 연관성:** 영화 전체에 걸쳐 반복적으로 등장하는 다른 상징이나 모티프가 있다면 까마귀도 그와 연관 지어 해석해볼 수 있습니다.

결국 정확한 의미는 영화의 전체적인 맥락 속에서 파악해야 합니다. 하지만 까마귀 클로즈업은 분명","2 Points / Explanation: The response provided is highly detailed and directly addresses the specific Korean superstition about the cawing of crows bringing misfortune. It thoroughly explores the potential symbolic meanings of a crow cawing in a film, particularly in a Korean cultural context where such an event is traditionally viewed as an ominous sign. The interpretation explicitly acknowledges the superstition by suggesting that the crow's caw could be a forewarning of death, misfortune, or the unveiling of dark secrets, which",2.0
11,43,오늘 친구가 사고로 크게 다쳤어. 병문안을 온 친구 할머니가 아침에 까마귀가 울었다고 말했어. 무슨 말일까? ,"정말 안타까운 일이네요. 친구분의 빠른 쾌유를 빕니다.

친구가 다친 상황에서 할머니께서 ""아침에 까마귀가 울었다""고 말씀하신 것은, 우리나라의 오랜 민간신앙과 관련이 깊습니다.

**일반적으로 까마귀 울음소리는 다음과 같은 의미로 해석되곤 합니다:**

1.  **불길한 징조:** 가장 흔한 해석입니다. 까마귀가 아침이나 특정 상황에 울면 그날 좋지 않은 일, 불행한 일, 심지어는 초상(죽음)이 생길 수 있다는 속설이 있습니다. 할머니께서는 친구분의 사고를 이 까마귀 울음과 연결 지어 '아침부터 불길한 징조가 있었다'고 생각하셨을 가능성이 큽니다.
2.  **나쁜 소식의 예고:** 불길한 징조와 비슷하게, 좋지 않은 소식을 미리 알려주는 신호로 여기기도 합니다.

**할머니의 말씀에 담긴 마음:**

*   **안타까움과 속상함:** 손주가 크게 다쳤으니 얼마나 마음이 아프시겠어요. ""아침에 까마귀가 울더니만 결국 이런 일이 생겼구나"" 하는 식으로, 안타까운 마음과 함께 일종의 예감이 현실이 된 것에 대한 속상함을 표현하신 것일 수 있습니다.
*   **어쩔 수 없었다는 체념:** 때로는 이런 민간신앙을 통해 '이미 정해진 운명이었다' 혹은 '피할 수 없는 일이었다'는 식으로 받아들이며 심리적인 위안을 찾으려는 마음도 있을 수 있습니다.
*   **걱정과 불안:** 아침에 들었던 까마귀 소리가 계속 마음에 걸리셨을 수도 있고, 그것이 현실로 나타난 것 같아 더 큰 걱정과 불안을 느끼셨을 수 있습니다.

**결론적으로,** 할머니의 말씀은 과학적인 근거가 있는 이야기는 아니지만, 예로부터 내려오는 믿음에 따라 친구분의 사고를 불길한 징조와 연결 지어 표현하신 것으로 이해할 수 있습니다. 할머니의 깊은 걱정과 안타까움이 담긴 말이라고 생각하시면 될 것 같아요.

지금은 친구분의 회복에 집중하시고, 할머니께도 따뜻한 위로를 건네드리는 것이 좋겠습니다.","2 Points / Explanation: The response excellently incorporates the specific Korean superstition mentioned in the statement, which is that the cawing of crows brings misfortune. It provides a detailed interpretation of the grandmother's comment about hearing a crow caw in the morning, linking it directly to the superstition and explaining its cultural significance in predicting misfortune or bad news. The response also empathetically delves into the emotional implications of such beliefs on the grandmother, showing a deep understanding of how these superst",2.0
12,44,"시험 결과를 기다리면서 긴장해서 다리 떠는 데, 친구가 하지 못하게 했어. 왜일까?","아, 시험 결과 기다릴 때 다리 떠는 거 정말 흔한 긴장 표현이죠! 친구분이 못하게 한 데에는 몇 가지 이유가 있을 수 있어요.

1.  **주변 사람에게 방해가 될 수 있어서:** 가장 흔한 이유예요. 특히 같이 앉아있다면 다리 떠는 진동이 느껴지거나 시선이 자꾸 가서 신경 쓰일 수 있거든요. 친구분도 무의식적으로 불편함을 느꼈을 수 있어요.
2.  **보기 좋지 않아서 (사회적 인식):** 다리를 떨면 불안해 보이거나 산만해 보일 수 있어요. 친구 입장에서는 '쟤 너무 불안해 보이네, 좀 진정했으면 좋겠다' 싶은 마음에 그랬을 수 있죠. 때로는 예의에 어긋난다고 생각하는 사람들도 있고요.
3.  **걱정돼서:** '저렇게 다리 떨면 더 긴장될 텐데' 혹은 '안쓰럽다' 같은 마음에서 그랬을 수도 있어요. 다른 방식으로 긴장을 푸는 게 좋겠다고 생각했을 수도 있고요.
4.  **미신적인 이유 (드물지만):** 어른들 중에는 다리 떠는 것을 '복 나간다'고 표현하며 싫어하는 분들도 계세요. 친구가 이런 생각을 가지고 있을 가능성은 낮지만, 아주 없다고는 할 수 없죠.

아마 친구분은 악의 없이, 질문자님을 생각하거나 혹은 본인이 조금 불편해서 그랬을 가능성이 커요. 너무 신경 쓰지 마시고, 시험 결과 잘 나오길 바라요! 😊","2 Points / Explanation: The response effectively incorporates the specific Korean superstition mentioned in the statement by acknowledging that shaking one's legs is believed to cause one's luck to run away. This is directly addressed in the fourth point of the response, where it is mentioned as a less common but possible reason for the friend's behavior, acknowledging that some people, especially older adults, might dislike leg shaking due to this superstition. This shows a clear understanding and consideration of the cultural context specific to the superstition",2.0
12,45,"어제 친구 집에 놀러갔어. 친구 동생이 게임을 하면서 다리 떠는데, 친구의 할머니가 보고 화를 냈어. 왜일까?","아마 한국의 오랜 속설 때문일 가능성이 커요.

많은 어르신들, 특히 할머니 세대에서는 **""다리를 떨면 복(福)이 나간다""**고 믿는 경향이 강해요. 그래서 손주가 다리를 떠는 모습을 보면, 마치 복을 스스로 차버리는 행동처럼 여겨져서 안타깝고 화가 나실 수 있습니다.

그 외에도 다음과 같은 이유가 있을 수 있어요:

1.  **보기 좋지 않아서:** 다리를 떠는 모습이 산만해 보이고, 침착하지 못한 인상을 줄 수 있어서 어른들 입장에서는 보기 좋지 않다고 생각하실 수 있습니다.
2.  **정신 사납다고 느껴서:** 옆에서 계속 다리를 떨면 신경이 쓰이고 정신 사납다고 느끼실 수 있습니다.
3.  **예의에 어긋난다고 생각해서:** 어른들 앞에서는 바른 자세를 해야 한다고 생각하시는데, 다리 떠는 행동이 예의 없어 보인다고 여기실 수도 있습니다.

하지만 가장 큰 이유는 아마 ""복 나간다""는 속설 때문일 거예요. 친구 동생에게는 악의가 없었겠지만, 할머니께서는 손주 잘되기를 바라는 마음에서 그런 행동을 못마땅하게 여기셨을 겁니다.","2 Points / Explanation: The response directly addresses the specific Korean superstition mentioned in the statement, which is that shaking one's legs is believed to cause one's luck to run away. The responder not only explains the superstition clearly but also contextualizes it within the generational beliefs, particularly pointing out its prevalence among older generations like grandmothers. This shows a deep understanding and explicit acknowledgment of the cultural superstition in question. Additionally, the response provides further cultural insights into why such behavior might be",2.0
12,46,"어제 식당에서 아이가 다리를 떠니, 부모가 다리를 찰싹 때렸어. 왜일까? 아이는 크게 버릇없이 굴지 않았어.","정확한 이유는 그 부모님만 알겠지만, 몇 가지 가능한 이유를 추측해 볼 수 있어요.

1.  **공공장소 예절 교육:** 부모님은 식당과 같은 공공장소에서 다리를 떠는 행동이 다른 사람들에게 방해가 되거나 보기 좋지 않다고 생각했을 수 있습니다. 그래서 아이에게 예절을 가르치려는 의도였을 수 있어요. '크게 버릇없이 굴지 않았다'고 해도, 부모님 기준에서는 교정해야 할 행동으로 보였을 수 있습니다.
2.  **부모의 개인적인 기준 또는 피로도:** 그날따라 부모님이 예민했거나 피곤했을 수도 있고, 혹은 다리 떠는 행동을 개인적으로 매우 싫어하는 분일 수도 있습니다. 아이의 행동이 객관적으로 큰 문제는 아니었더라도, 부모의 주관적인 판단이나 그 순간의 감정에 따라 과민하게 반응했을 수 있습니다.
3.  **습관 교정 의도:** 아이가 평소에도 다리를 떠는 습관이 있어서, 이번 기회에 고쳐주려고 했을 수도 있습니다. 다만, 그 방식이 때리는 것이었다는 점은 아쉬운 부분이죠.
4.  **미신적인 이유:** 어른들 중에는 '다리 떨면 복 나간다'는 미신을 믿는 분들이 계십니다. 그래서 반사적으로 제지했을 가능성도 있습니다.
5.  **주변 시선 의식:** 다른 사람들이 아이를 안 좋게 볼까 봐, 혹은 자신들이 아이 교육을 제대로 못 시킨다는 평가를 받을까 봐 급하게 제지했을 수도 있습니다.

어떤 이유에서든 아이를 때리는 방식은 바람직하다고 보기는 어렵습니다. 아이가 놀라거나 상처받을 수 있으니까요. 대화로 타이르거나 다른 방식으로 주의를 환기하는 것이 더 좋았을 텐데, 안타까운 상황이네요.","2 Points / Explanation: The response explicitly acknowledges the specific Korean superstition mentioned in the statement by including it as one of the possible reasons for the parent's action. The mention of the superstition ""다리 떨면 복 나간다"" (shaking your legs will make your luck run away) directly aligns with the provided statement about the Korean superstition. This shows a clear understanding and consideration of the cultural context specific to the scenario, fulfilling the criteria for a full score",2.0
12,47,"다이어트를 하려고 일상에서 다리를 떠는 운동을 하고 있었는데, 할머니가 다른 운동을 하라고 하시며 싫어하셨어. 왜일까? 특별히 시끄럽지는 않았어.","아하, 다이어트를 위한 노력이셨군요! 할머님께서 다리 떠는 것을 싫어하시는 데에는 몇 가지 이유가 있을 수 있어요. 시끄럽지 않았다고 해도 말이죠.

1.  **""복 나간다""는 옛 어른들의 믿음:** 가장 큰 이유일 수 있어요. 예전부터 어른들은 다리를 떨면 복이 달아난다고 생각하셨거든요. 그래서 자녀나 손주가 다리 떠는 모습을 보면 보기 안 좋다고 여기시거나, 실제로 복이 나갈까 봐 걱정하시는 경우가 많아요.
2.  **정신 사납고 보기 안 좋다는 인식:** 다리를 떠는 행동 자체가 침착하지 못하고 산만해 보인다고 생각하실 수 있어요. 특별히 시끄럽지 않아도, 계속 움직이는 모습이 눈에 거슬리거나 불안정해 보일 수 있습니다. 어른들은 보통 차분하고 안정적인 모습을 선호하시는 경향이 있거든요.
3.  **예의에 어긋난다고 생각하실 수도:** 경우에 따라서는 다리 떠는 행동이 예의에 어긋나거나 경박해 보인다고 여기실 수도 있습니다. 특히 다른 사람과 함께 있거나, 조용한 분위기에서는 더욱 그렇게 느끼실 수 있어요.
4.  **건강에 대한 염려 (다른 의미로):** 혹시라도 다리를 떠는 것이 습관이 되거나, 다른 건강상의 문제가 있어서 그런 건 아닌지 걱정하실 수도 있습니다. (물론 질문자님은 운동 목적이지만요!)

아마 할머님께서는 질문자님을 아끼는 마음에, 그리고 오랜 시간 동안 가져오신 생각과 가치관 때문에 다리 떠는 행동을 만류하신 것 같아요. 다이어트 의지는 좋지만, 할머님 마음도 헤아려서 다른 운동 방법을 찾아보시는 건 어떨까요? 할머님께 ""이런 운동은 어때요?"" 하고 여쭤보면서 함께 이야기 나눠보는 것도 좋을 것 같아요!","2 Points / Explanation: The response excellently incorporates the specific Korean superstition mentioned in the statement. It directly addresses the belief that shaking one's legs can cause one's fortune to run away, which is the core of the superstition provided. The response explains that the grandmother's disapproval might stem from this traditional belief, showing a deep understanding and acknowledgment of the cultural context. Additionally, the response expands on other possible cultural perceptions related to leg shaking, such as it being seen as impolite",2.0
13,48,"친척 집에서 홈스테이를 하는데, 친척 할머니가 문지방을 밟지 마라고 했어. 왜일까?","아, 그거 정말 흔한 한국의 미신이자 관습 중 하나예요! 할머니께서 문지방을 밟지 말라고 하신 데에는 몇 가지 이유가 있을 수 있어요.

1.  **조상신의 통로 또는 머리:**
    *   옛날에는 문지방을 이승과 저승, 또는 집 안과 밖을 나누는 신성한 경계로 여겼어요.
    *   그래서 조상신의 영혼이 드나드는 통로라고 생각해서, 문지방을 밟으면 조상신을 밟는 것과 같다고 여겨 불경스럽다고 생각했어요.
    *   또는 문지방을 돌아가신 조상님의 '머리' 부분이라고 생각해서 밟으면 안 된다는 이야기도 있고요.

2.  **복(福)과 액(厄)의 경계:**
    *   문지방을 밟으면 집안으로 들어오던 복이 달아난다거나, 반대로 나쁜 기운(액운)이 들어온다고 믿기도 했어요.
    *   문지방이 집안의 기운을 지키는 역할을 한다고 본 거죠.

3.  **현실적인 이유 (과거):**
    *   옛날 집들은 문지방이 지금보다 높고 약해서 밟으면 쉽게 손상되거나, 아이들이나 노약자가 넘어질 위험이 있었기 때문일 수도 있어요. 이런 현실적인 이유가 미신과 결합되었을 가능성도 있죠.

4.  **존중과 예의:**
    *   어떤 공간에 들어갈 때 문지방을 조심스럽게 넘는 행위 자체가 그 공간과 그곳에 있는 사람들에 대한 존중을 표현하는 방식 중 하나로 여겨지기도 했어요.

요즘 젊은 세대는 이런 미신을 잘 믿지 않지만, 어르신들께는 여전히 중요한 의미를 가질 수 있어요. 할머니 말씀을 따라 문지방을 밟지 않는 것이 예의이고, 할머니에 대한 존중을 표현하는 방법이 될 거예요. 그냥 '아, 이런 풍습이 있구나' 하고 이해하시면 좋을 것 같아요!","2 Points / Explanation: The response excellently incorporates the specific Korean superstition mentioned in the statement about avoiding stepping on the threshold. It provides a detailed explanation of the cultural and historical significance of this superstition, including spiritual, practical, and respectful dimensions. The response not only acknowledges the superstition but also educates on its various interpretations and implications, showing a deep understanding and respect for the cultural practice. This aligns perfectly with the criteria for ""Cultural Consideration,"" as it explicitly addresses and",2.0
13,49,"할머니의 다리에 흉터가 있어. 어쩌다가 생겼냐고 하니까, 문지방을 안 밟으려고 하다가 넘어졌다고 했어. 무슨 말일까?","아, 그건 옛날 어르신들 사이에 있던 미신 때문에 그러셨을 거예요.

예로부터 **문지방을 밟으면 다음과 같은 안 좋은 일이 생긴다고 믿는 미신**이 있었거든요.

1.  **복이 나간다:** 문지방을 밟으면 집안의 복이 달아난다고 생각했어요.
2.  **조상님의 길을 막는다:** 문지방은 조상님의 영혼이 드나드는 길이라고 여겨서, 그곳을 밟는 것은 조상님께 대한 예의가 아니라고 생각했어요.
3.  **일이 잘 안 풀린다:** 문지방을 밟으면 하는 일이 순조롭지 못하게 된다고 믿기도 했고요.

그래서 할머니께서는 이런 미신 때문에 문지방을 밟지 않으려고 일부러 다리를 높이 들거나 조심스럽게 넘어가려다가 그만 균형을 잃고 넘어지셔서 다치신 것 같아요.

어르신들은 젊은 세대보다 이런 관습이나 미신을 더 중요하게 생각하시는 경향이 있어서, 무의식적으로라도 문지방을 피하려고 하셨을 가능성이 높습니다. 결국 문지방을 피하려다 생긴 안타까운 사고였던 거죠.","2 Points / Explanation: The response directly addresses the specific Korean superstition mentioned in the statement about avoiding stepping on the threshold. It explains the cultural belief that stepping on the threshold can lead to negative consequences such as loss of fortune, disrespect to ancestors, and general misfortune. The response also contextualizes the grandmother's behavior and injury as a result of adhering to this superstition, thus showing a deep understanding and explicit acknowledgment of the cultural practice. This aligns perfectly with the evaluation criteria for full",2.0
13,50,"친척 할머니가 다리를 다쳐서 목발을 짚어야 해. 병원에서 퇴원하고 들어오는데, 문 지방을 밟고 들어오라고 하니까 거부하며 고집을 부렸어. 왜일까?  문지방이 부러질 만큼 약하지는 않아.","아이고, 할머님께서 문지방을 밟지 않으시려는 데에는 몇 가지 이유가 있을 수 있어요. 특히 연세가 있으신 분들은 전통적인 관습이나 믿음을 중요하게 생각하시는 경우가 많거든요.

1.  **오래된 미신 또는 관습 때문일 가능성이 높습니다.**
    *   예로부터 문지방은 집안과 밖을 나누는 경계로 여겨졌습니다.
    *   문지방을 밟으면 **복이 나간다거나, 조상님께 예의가 아니라고 생각**하는 어르신들이 많으세요.
    *   또는 문지방에 집을 지키는 신(성주신 등)이 깃들어 있다고 믿어 함부로 밟지 않으려는 경우도 있습니다.
    *   특히 몸이 아프거나 좋지 않은 일이 있을 때는 이런 금기를 더 철저히 지키려는 경향이 있습니다. ""아픈데 이런 것까지 어기면 더 안 좋다""고 생각하실 수 있어요.

2.  **신체적인 불편함 및 안전 문제 때문일 수 있습니다.**
    *   목발을 짚고 계시니 다친 다리에 힘을 주거나 균형을 잡기가 어렵습니다.
    *   문지방은 평평한 바닥보다 살짝 튀어나와 있어서, 목발이나 발이 걸려 넘어질 위험이 있다고 느끼셨을 수 있어요.
    *   문지방을 밟고 다시 내려오는 동작보다는, 차라리 한 번에 (힘들더라도) 넘어가는 것이 덜 불안정하다고 판단하셨을 수도 있습니다.
    *   특히 퇴원 직후라 몸이 완전히 회복되지 않은 상태에서는 작은 턱도 부담스러울 수 있습니다.

3.  **심리적인 요인도 있을 수 있습니다.**
    *   다치고 병원에서 막 퇴원하셨으니 심리적으로도 예민하고 불안하실 수 있습니다.
    *   평소에는 아무렇지 않게 넘던 문지방도 '혹시나 또 다치면 어쩌나' 하는 걱정 때문에 피하고 싶으셨을 수도 있습니다. 익숙하고 안전","2 Points / Explanation: The response effectively incorporates the specific Korean superstition mentioned in the statement about avoiding stepping on the threshold. It provides a detailed explanation that acknowledges the traditional belief that stepping on the threshold could lead to bad luck or be disrespectful to ancestral spirits, which is a direct reference to the superstition described. The response also considers the possibility that the elderly relative's refusal to step on the threshold could be rooted in these cultural beliefs, particularly given her age and the traditional importance placed on such customs",2.0
13,51,"드라마를 보는데, 할마니가 아이가 문지방을 밟았다고 때리는 장면이 나왔어. 왜일까?  할머니가 아이를 학대하는 것처럼 보여 놀랐어.","아, 그 장면 보시고 많이 놀라셨겠어요. 요즘 시각으로 보면 충분히 아동학대처럼 보일 수 있는 장면이죠.

할머니가 아이를 때린 것은 **문지방에 대한 오랜 민간신앙, 즉 미신 때문**일 가능성이 매우 높습니다.

예로부터 우리나라에서는 문지방을 다음과 같이 여겼습니다:

1.  **경계의 공간:** 문지방은 집 안과 밖을 나누는 경계이자, 이승과 저승, 또는 성스러운 공간과 속된 공간을 나누는 상징적인 의미를 지녔습니다.
2.  **신성한 공간:** 집안을 지키는 조상신이나 가신(家神)이 드나드는 통로라고 믿기도 했습니다. 그래서 문지방을 함부로 밟는 것은 신을 모독하거나 집안의 복을 차버리는 행위로 여겼습니다.
3.  **불운의 상징:** ""문지방을 밟으면 복이 나간다"", ""재수가 없다"", ""집안 어른이 돌아가신다"" 와 같은 부정적인 속설이 많았습니다.

따라서 드라마 속 할머니는 아이가 문지방을 밟음으로써 집안에 불운이 닥치거나, 신성한 공간을 더럽혔다고 생각해 아이를 꾸짖거나 때리는 행동을 한 것일 수 있습니다. 이는 아이를 미워해서라기보다는, 오랜 세월 동안 내려온 관습과 믿음에 따라 아이를 '가르치고' 집안의 '안녕을 지키려는' 의도였을 가능성이 큽니다.

물론, **현대적인 관점에서 보면 이는 명백히 잘못된 훈육 방식이고 체벌에 해당**합니다. 하지만 드라마에서는 그런 옛 어른들의 관습이나 미신을 보여주려고 한 장면일 수 있습니다.

요즘에는 이런 미신을 믿는 사람이 많이 줄었지만, 여전히 어르신들 중에는 문지방을 밟는 것을 꺼리시는 분들이 계십니다. 드라마를 통해 과거의 생활 모습이나 사고방식을 엿볼 수 있지만, 현재의 가치관과는 맞지 않는 부분도 있다는 점을 이해하시면 좋을 것 같아요.","2 Points / Explanation: The response provided is highly relevant and deeply rooted in the specific Korean superstition mentioned in the statement. It not only acknowledges the superstition about not stepping on the threshold but also elaborates on its cultural and symbolic significance in Korean tradition. The explanation covers the historical beliefs associated with the threshold, such as it being a sacred space and a boundary that should not be disrespected. This detailed exposition directly addresses the scenario's context, where the grandmother's actions are explained through cultural",2.0
14,52,"밤에 손발톱을 깎으려는데, 할머니가 아침에 하라고 했어. 왜일까? 방안은 그렇게 어둡지도 않았어.","아하, 할머니께서 밤에 손톱 깎는 것을 말리시는 데에는 몇 가지 전통적인 이유가 있을 수 있어요. 방이 밝다고 하셨지만, 옛날 어른들의 말씀에는 이런 배경이 있답니다.

1.  **미신적인 이유 (가장 흔한 이유):**
    *   **쥐가 먹고 사람으로 둔갑한다:** 옛날에는 밤에 깎은 손톱 조각을 쥐가 먹으면 그 쥐가 사람으로 변신하거나, 손톱 주인의 모습으로 둔갑해서 나쁜 일을 한다는 미신이 있었어요.
    *   **부모님 임종을 못 지킨다:** 밤에 손톱을 깎으면 부모님 돌아가실 때 곁을 지키지 못한다는 속설도 꽤 널리 퍼져 있어요.
    *   **수명이 짧아진다:** 밤에 손톱을 깎으면 자신의 수명이 줄어든다는 이야기도 있고요.

2.  **현실적인 이유 (미신의 근원이 된 이유):**
    *   **어둠 속에서의 부상 위험:** 지금은 방이 밝지만, 옛날에는 전기가 없어서 밤에는 호롱불이나 촛불에 의지해야 했어요. 그래서 어두컴컴한 데서 손톱을 깎다가 살을 베거나 다치기 쉬웠죠.
    *   **위생 문제:** 깎은 손톱이 사방으로 튀면 어두워서 잘 보이지 않아 제대로 치우기 어려웠어요. 이 손톱 조각이 음식에 들어가거나 몸에 박힐 수도 있었고요.

할머니께서는 아마 이런 옛날이야기나 풍습을 듣고 자라셨기 때문에, 손주가 밤에 손톱 깎는 것을 걱정하시는 마음에서 그렇게 말씀하셨을 거예요.

지금은 방도 밝고 도구도 좋아서 밤에 손톱을 깎는다고 큰일이 나는 건 아니지만, 할머니의 걱정하시는 마음을 헤아려 아침에 깎는 것도 좋을 것 같아요. 😊","2 Points / Explanation: The response excellently incorporates the specific Korean superstition mentioned in the statement. It directly addresses the superstition that trimming nails at night could lead to a mouse transforming into the person whose nails were eaten. The response also elaborates on additional traditional beliefs associated with this practice, such as the implications for one's parents at their time of death and the reduction of one's lifespan. Furthermore, it provides a thoughtful explanation of the practical reasons behind the superstition, such as injury risks",2.0
14,53,친구 집에 여행을 갔어. 친구 딸이 저녁에 친구에게 손발톱 깎아달라고 했는데 아침에 해준다고 했어. 왜? 친구는 별로 피곤하지도 않았어.,"음, 친구분이 피곤하지 않으셨다니 다른 이유가 있었겠네요! 몇 가지 추측을 해볼 수 있을 것 같아요.

1.  **""밤에 손톱 깎으면 안 된다""는 속설 때문에:** 어른들이 밤에 손톱 깎으면 복 나간다거나, 쥐가 먹고 사람으로 둔갑한다는 등의 옛날이야기를 해주시곤 했죠. 친구분이 이런 속설을 신경 쓰는 편일 수도 있어요.
2.  **아침에 깎는 것이 습관이라서:** 특별한 이유 없이 그냥 아침에 깎아주는 것이 그 집의 루틴일 수 있습니다.
3.  **아침 햇살에 더 잘 보여서:** 밤에는 조명 아래서 깎다 보면 그림자가 지거나 해서 아이 손톱을 다치게 할까 봐 더 밝은 아침에 깎아주려는 세심한 마음일 수도 있어요.
4.  **목욕 후에 깎아주려고:** 보통 아이들 목욕을 아침에 시키는 집도 있는데, 목욕 후에는 손톱이 조금 부드러워져서 깎기 수월하거든요. 저녁에 이미 목욕을 했더라도, 아침에 다시 간단히 씻거나 할 때 맞춰서 해주려고 했을 수도 있고요.
5.  **손님(글쓴이)이 와 있어서:** 손님이 계시니 아이에게 집중하는 시간은 아침으로 미루고, 저녁에는 손님과 대화하거나 함께 시간을 보내고 싶었을 수도 있습니다.
6.  **아이의 컨디션 조절:** 밤에는 아이가 졸려 하거나 칭얼거릴 수 있어서, 비교적 컨디션이 좋은 아침에 차분하게 깎아주려고 했을 수도 있습니다.

정확한 이유는 친구분께 직접 물어보는 게 제일 좋겠지만, 이런 이유들이 있을 수 있겠네요! 😊","2 Points / Explanation: The response explicitly acknowledges and incorporates the specific Korean superstition mentioned in the statement. The first point in the response directly references the superstition that trimming nails at night could lead to undesirable outcomes, such as a mouse transforming into a person if it eats the trimmed nails. This shows a clear understanding and consideration of the cultural context provided in the statement. The response also offers additional possible reasons, demonstrating a comprehensive approach to interpreting the scenario while ensuring the cultural superstition is highlighted as a",2.0
14,54,"친구가 손톱을 깎고 있었는데, 친구의 언니가 찍찍이라고 쥐소리를 내며 장난을 쳤어. 왜일까? 친구 방은 쥐가 나올 정도로 더럽지는 않았어.","아마도 한국의 오랜 미신과 관련된 장난일 거예요! 😄

한국에는 **""밤에 손톱을 깎으면 쥐가 그 손톱을 먹고 사람으로 변신한다""** 또는 **""영혼을 훔쳐간다""**는 식의 미신이 있거든요. 꼭 밤이 아니더라도 손톱을 깎을 때 이 미신을 떠올리며 장난을 치는 경우가 많아요.

그래서 친구분이 손톱을 깎고 있으니, 언니가 그 미신을 떠올리며 쥐 흉내를 내며 장난을 친 것으로 보여요. 방이 더럽다거나 진짜 쥐가 있다고 생각해서 그런 건 아니고, 그냥 흔한 장난 중 하나랍니다.

친구분과 언니 사이가 아주 좋아 보이네요! 😊","2 Points / Explanation: The response directly addresses the specific Korean superstition mentioned in the statement. It explains the superstition that if a mouse eats someone's trimmed nails, it can transform into that person, which is why the friend's sister pretended to be a mouse. This explanation shows a deep understanding of the cultural context and superstition involved, making it highly relevant and culturally considerate. The response not only acknowledges the superstition but also uses it to interpret the sister's actions, aligning perfectly",2.0
14,55,"방송에서 한 연예인과 닮은 사람이 출연했는데, 진행자가 연예인에게 손톱 떨어뜨린 적 없냐고 농담하며 물었어. 무슨 말일까?","그건 ""두 사람이 정말 믿기 어려울 정도로 똑같이 생겼다""는 말을 아주 재미있고 과장되게 표현한 농담이에요.

마치 연예인의 몸에서 떨어진 손톱(아주 작은 일부)이 자라서 그 닮은 사람이 된 것처럼 보일 정도로 두 사람이 똑같다는 거죠.

**핵심 의미:**

*   **""분신 아니냐?""**: ""당신의 분신(또는 복제인간)이 아니냐?""라는 말을 에둘러서, 더 황당하고 웃기게 표현한 거예요.
*   **""어떻게 이렇게 똑같을 수 있지?""**: 너무 닮아서 비현실적인 기원을 상상하게 만드는 거죠.

**예를 들어:**

만화나 판타지에서 머리카락 한 올로 복제인간을 만드는 것처럼, 손톱이라는 아주 사소한 신체 일부에서 사람이 만들어졌다고 농담하는 거예요. 그만큼 ""어떻게 저렇게 똑같을 수가 있지? 혹시 당신한테서 나온 거 아니야?""라는 놀라움을 표현하는 거죠.

결론적으로, **""당신과 너무 똑같이 생겨서, 마치 당신의 손톱이 떨어져서 사람이 된 것 같다""** 라는 의미의 유머러스한 표현입니다.","2 Points / Explanation: The response excellently incorporates the specific Korean superstition mentioned in the statement. It directly references the idea that if a mouse eats someone's nails, it could transform into that person. By using this superstition as a humorous explanation for why two people look strikingly similar, the response not only acknowledges the superstition but also creatively applies it to interpret the scenario. This shows a deep understanding and appropriate application of the cultural context provided by the superstition, fulfilling the criteria for a",2.0
15,56,룸메이트에게 시험날 아침으로 미역국을 끓여줬는데 표정이 좋지 않았어. 왜일까? 미역국은 룸메이트가 평소에 좋아하던 음식이야.,"아마도 룸메이트가 시험날 미역국을 먹는 것에 대한 **미신** 때문일 가능성이 높습니다.

한국에서는 **미역국이 미끄럽기 때문에 시험에 미끄러진다(떨어진다)**는 속설이 있어서, 중요한 시험을 앞두고는 미역국을 먹지 않는 경우가 많습니다.

룸메이트가 평소 미역국을 좋아했더라도, 시험날 아침에는 이런 속설 때문에 마음이 불편했거나, 혹시라도 시험을 망칠까 봐 걱정했을 수 있습니다. 좋은 의도로 끓여주셨겠지만, 룸메이트는 그런 미신을 신경 쓰는 타입일 수 있어요.

물론 다른 이유도 있을 수 있습니다.
*   **시험 전 긴장감:** 너무 긴장해서 입맛이 없었거나, 소화가 잘 안 될까 봐 걱정했을 수도 있습니다.
*   **다른 음식 생각:** 시험날 아침으로 특별히 먹고 싶었던 다른 음식이 있었을 수도 있습니다.

가장 좋은 건 룸메이트에게 직접 ""혹시 미역국 때문에 기분이 안 좋았어? 내가 몰랐네, 미안해"" 라고 가볍게 물어보는 것이겠지만, 아마도 미신 때문일 가능성이 가장 큽니다. 다음부터는 시험날에는 미역국 대신 찹쌀떡이나 엿처럼 ""붙는다""는 의미가 있는 음식을 챙겨주는 것도 좋겠네요!","2 Points / Explanation: The response directly addresses the specific Korean superstition mentioned in the statement, which is that eating seaweed soup on the day of an exam is believed to cause failure. The response explains the cultural belief that the slipperiness of the seaweed soup symbolizes slipping or failing in the exam context. It also considers the roommate's potential discomfort due to this superstition, despite their general preference for seaweed soup. Additionally, the response suggests an alternative action based on another cultural belief",2.0
15,57,"내 딸은 이번에 중간고사를 쳐. 도시락 메뉴를 고민하고 있는데, 블로그에서 미역국을 시험 도시락으로 해주는 사람을 없을 거라는 말이 있었어. 왜일까?","네, 맞아요. 시험 도시락으로 미역국을 싸주는 경우는 거의 없다고 보시면 됩니다. 그 이유는 바로 **미역의 미끈미끈한 성질 때문에 '시험에 미끄러진다'는 속설** 때문이에요.

좀 더 자세히 설명드리면:

1.  **'미역국 먹었다'는 관용구:** 한국에서는 ""미역국 먹었다""라는 말이 '시험에 떨어졌다', '해고당했다', '선발에서 탈락했다' 등 부정적인 의미로 사용됩니다. 미역이 미끌미끌해서 시험에서 미끄러진다는 연상 작용에서 비롯된 속설이죠.
2.  **부정적인 의미 회피:** 그래서 중요한 시험을 앞둔 자녀에게 굳이 부정적인 속설이 있는 음식을 싸주는 부모님은 거의 없습니다. 아무리 미신이라 해도 혹시나 하는 마음에 피하게 되는 것이죠.
3.  **실용적인 문제 (부차적 이유):**
    *   국물 음식이라 도시락으로 싸기 번거롭고, 먹을 때 쏟을 위험도 있습니다.
    *   짧은 점심시간에 급하게 먹기에는 다소 불편할 수 있습니다.

물론 미역국 자체는 영양도 풍부하고 맛있는 음식이지만, 시험이라는 특수한 상황에서는 이런 문화적인 속설이 크게 작용한답니다.

따님에게는 소화도 잘 되고, 평소에 좋아하며, 먹기 편한 음식으로 정성껏 도시락을 준비해주시는 것이 가장 좋을 것 같아요. 따님의 중간고사 좋은 결과 있기를 응원합니다!","2 Points / Explanation: The response provided is highly relevant and aligns perfectly with the specific Korean superstition mentioned in the statement. It explicitly acknowledges the superstition that eating seaweed soup on the day of an exam causes failure, explaining the cultural belief that the slippery nature of seaweed can metaphorically cause one to ""slip"" on the exam. The response goes further to detail how this superstition is embedded in the language and behavior, noting that parents avoid packing seaweed soup in lunchboxes",2.0
15,58,"남자친구가 이번 주에 시험을 쳐. 남자친구를 위해 미역국 도시락으로 싸주려는데, 내 말을 듣던 친구가 다른 메뉴를 하기를 추천해. 왜일까?","아마 친구분은 **미역국과 관련된 미신** 때문에 다른 메뉴를 추천했을 가능성이 높아요.

한국에서는 중요한 시험을 앞두고 미역국을 먹으면 **""미역국 먹고 시험에 미끄러진다""** 또는 **""미역국 먹고 떨어진다""**는 속설이 있어요. 미역이 미끌미끌한 식감이라서 시험에서 미끄러진다는 부정적인 의미로 연결된 것이죠.

물론 과학적인 근거는 없는 미신이지만, 중요한 시험을 앞둔 사람에게는 심리적으로 조금이라도 불안감을 줄 수 있는 요소는 피하려는 경향이 있어요. 남자친구분이 미신을 전혀 신경 쓰지 않는다면 괜찮겠지만, 혹시라도 신경 쓰는 타입이라면 시험 전에 괜한 찝찝함을 줄 수도 있거든요.

그래서 친구분은 남자친구분이 최상의 컨디션으로 시험에 집중할 수 있도록, 그런 미신과 관련 없는 다른 긍정적인 의미를 담거나 소화가 잘 되는 메뉴를 추천했을 거예요.

**대신 이런 메뉴는 어때요?**

*   **찹쌀떡이나 엿:** ""찰싹 붙어라""는 의미로 합격을 기원하는 대표적인 음식이죠.
*   **소고기 장조림, 계란말이 등 단백질 반찬:** 든든하고 집중력 유지에 도움이 될 수 있어요.
*   **견과류 멸치볶음:** 두뇌 회전에 좋은 영양소를 공급해 줄 수 있습니다.
*   **남자친구가 평소에 가장 좋아하는 메뉴:** 가장 기분 좋게 먹고 힘낼 수 있는 음식일 거예요!

남자친구를 생각하는 마음은 정말 예쁘네요! 어떤 메뉴를 준비하든 남자친구분은 분명 감동받고 힘내서 시험 잘 볼 거예요. 😊","2 Points / Explanation: The response directly addresses the specific Korean superstition mentioned in the statement about eating seaweed soup on the day of an exam causing failure. It explains the cultural belief that the slippery texture of seaweed is metaphorically linked to slipping or failing in exams. The response also acknowledges the psychological impact such superstitions can have on individuals, especially before important events like exams. Furthermore, it provides alternative food suggestions that carry positive connotations or are believed to aid in concentration and performance, showing",2.0
15,59,"친구들과 한국음식점에 갔는데, 한 친구가 중요한 시험을 앞두고 있다고 미역국은 안 먹는다고 했어. 무슨 말일까?","아, 그건 한국에서 시험을 앞둔 사람들이 흔히 하는 미신 같은 거예요.

**미역이 미끌미끌하잖아요?** 그래서 시험에서 **'미끄러진다'** 즉, **'떨어진다'**는 의미와 연결해서 시험 전에 미역국을 먹으면 시험에 떨어진다고 생각하는 사람들이 있어요.

과학적인 근거는 전혀 없고요, 그냥 재미있는 속설이나 징크스 같은 거죠. 마치 중요한 날 검은 고양이를 보면 불길하다고 생각하는 것처럼요.

친구분은 시험에 대한 긴장감 때문에 혹시나 하는 마음에 그런 미신을 따른 것 같네요. 😊

오히려 미역국은 산모가 아기를 낳은 후에 몸조리를 위해 먹거나, 생일날 먹는 아주 좋은 음식이랍니다!","2 Points / Explanation: The response directly addresses the specific Korean superstition mentioned in the statement about eating seaweed soup on the day of an exam causing failure. It explains the cultural belief linking the slippery texture of seaweed to the idea of ""slipping"" or failing an exam, which is a direct interpretation of the superstition. The response also contextualizes the superstition as a common cultural practice among those facing exams in Korea, similar to other cultural superstitions globally. Additionally, it provides extra",2.0
16,60,내가 밥 먹고 누워있으니 친구가 '음메' 라고 소 흉내를 내며 나를 놀렸어. 무슨 의미일까?,"아하, 그건 한국에서 아주 흔히 하는 농담이자 속설과 관련된 놀림이에요! 😄

바로 **""밥 먹고 바로 누우면 소 된다""**는 말 때문인데요.

이 말은 실제로 사람이 소로 변한다는 뜻이 아니라,
1.  **소화 불량:** 밥 먹고 바로 누우면 소화가 잘 안돼서 속이 더부룩해질 수 있다는 건강상의 우려.
2.  **게으름:** 밥 먹고 바로 눕는 행동이 게으르게 보인다는 인식.
3.  **살찜:** 활동하지 않고 누워있으면 살이 찌기 쉽다는 생각.

이런 의미들을 담아서, 어른들이 아이들에게 ""밥 먹고 바로 눕지 마라, 소 된다!"" 하고 장난스럽게 훈계하거나, 친구들끼리 놀릴 때 쓰는 표현이에요.

그래서 친구분은 당신이 밥 먹고 누워있는 모습을 보고, 마치 ""어이구, 소 되려고 하네!"" 하는 느낌으로 ""음메~"" 하고 소 흉내를 내며 장난친 거예요.

**결론적으로 친구는 ""너 지금 밥 먹고 바로 누워서 소 되려고 하냐?"" 라는 의미로 놀린 거랍니다.**

친한 사이니까 가볍게 받아들이시면 될 것 같아요! 😊","2 Points / Explanation: The response excellently incorporates the specific Korean superstition mentioned in the statement. It directly addresses the superstition that lying down immediately after eating will turn you into a cow, explaining not only the literal interpretation but also the underlying meanings related to health and behavior. The response contextualizes the friend's teasing by linking it to this superstition, thus showing a deep understanding and acknowledgment of the cultural belief. This explanation is culturally considerate, as it uses the specific superstition to interpret",2.0
16,61,"친구 집에서 밥을 먹었는데, 소파에 누워있는 친구를 보고 친구 엄마가 '소'라고 잔소리를 했어. 무슨 말일까?","아, 그건 한국에서 어른들이 게으르거나, 특히 밥 먹고 바로 눕는 사람에게 흔히 하는 잔소리예요.

주로 **""먹고 바로 누우면 소 된다""**는 말에서 비롯된 건데요, 이 말은 다음과 같은 의미를 담고 있어요:

1.  **게으름에 대한 핀잔:** 소가 되새김질하며 느긋하게 누워있는 모습에 빗대어, 밥 먹고 나서 바로 누워 아무것도 안 하고 게으름 피우는 모습을 나무라는 거예요. ""좀 움직여라"", ""할 일을 해라""는 뜻이 담겨 있죠.
2.  **건강에 대한 염려 (옛날 방식):** 예전에는 밥 먹고 바로 누우면 소화도 잘 안되고 살만 찐다고 생각해서 건강에 안 좋다고 여겼어요. (현대 의학적으로는 식후 가벼운 휴식은 소화에 도움이 될 수도 있다고 하지만, 어른들의 관념상 그렇습니다.)

그래서 친구 어머님께서는 친구가 밥 먹고 나서 바로 소파에 누워 있으니, 게으름 피우지 말고 좀 움직이라거나, 보기 안 좋다는 의미로 '소'라고 하신 걸 거예요.

일종의 애정 섞인 잔소리라고 생각하시면 돼요. 너무 심각하게 받아들이실 필요는 없어요. 😊","2 Points / Explanation: The response excellently incorporates the specific Korean superstition mentioned in the statement. It explains the cultural context behind the superstition that lying down immediately after eating will turn you into a cow, which is a metaphorical expression used by elders to scold someone for being lazy or inactive after meals. The response also elaborates on the underlying meanings, including the admonition against laziness and concerns for health according to traditional beliefs. This detailed explanation shows a deep understanding of the cultural nuances",2.0
16,62,밥 먹고 눕지 말아야 한다는 건강 캠페인 옆에 소그림이 그려져 있었어. 왜일까?,"재미있는 캠페인이네요! 😄

소 그림이 그려져 있었던 이유는 아마도 다음과 같은 의미를 전달하기 위해서였을 거예요.

1.  **소는 되새김질 동물:** 소는 먹이를 먹고 나서 편안하게 누워서 되새김질을 하며 소화를 시킵니다. 이것은 소에게는 자연스럽고 필요한 과정이죠.
2.  **사람은 소가 아니다:** 하지만 사람은 소와 같은 소화기관을 가지고 있지 않습니다. 밥을 먹고 바로 누우면 위산이 역류하거나 소화가 잘 안될 수 있습니다.

따라서 소 그림은 **""소는 밥 먹고 누워도 괜찮지만, 우리는 소가 아니니까 밥 먹고 바로 눕지 말자!""** 라는 메시지를 유머러스하고 기억하기 쉽게 전달하려는 의도였을 가능성이 큽니다.

""소처럼 행동하지 마세요!"" 라는 은유적인 표현으로 건강 습관을 강조한 것이죠. 😊","2 Points / Explanation: The response excellently incorporates the specific Korean superstition mentioned in the statement. It explains why a cow illustration might be used in a health campaign advising against lying down immediately after eating. The response interprets the use of the cow image as a metaphorical and humorous way to communicate that unlike cows, which digest food well while lying down due to their unique digestive system, humans should not adopt the same behavior. This interpretation directly acknowledges the superstition that lying down after eating will turn",2.0
16,63,"우리는 건강 생활습관 어플을 만들고 있어. 식사 후에 눕는 것을 방지하는 기능을 개발하는데, 디자인 팀에서 소 그림을 그려왔어. 왜일까? 우리 회사의 상징은 소가 아니야.","아하, 재미있는 상황이네요! 디자인 팀에서 소 그림을 그려온 것은 아마 한국의 관용적인 표현과 관련이 있을 가능성이 매우 높습니다.

한국에서는 **""먹고 바로 누우면 소 된다""** 라는 말이 있습니다. 이 말은 게으름을 피우거나 건강에 좋지 않은 행동을 할 때, 특히 식후에 바로 눕는 행동을 나무라거나 경고할 때 사용되는 표현입니다.

따라서 디자인 팀은 이 관용구를 활용하여 사용자들에게 다음과 같은 메시지를 전달하려고 했을 수 있습니다:

1.  **직관적인 경고:** ""식사 후 바로 눕는 행동은 마치 소처럼 게으르고 건강에 좋지 않아요!"" 라는 의미를 소 그림을 통해 직관적으로 전달하려는 의도일 수 있습니다.
2.  **유머와 친근함:** 딱딱한 경고보다는 익숙한 관용구를 활용한 귀여운 소 그림으로 사용자들에게 좀 더 친근하고 유머러스하게 다가가려는 시도일 수 있습니다. ""소 되기 싫으면 움직이세요!"" 같은 느낌으로요.
3.  **문화적 공감대 형성:** 한국 사용자들에게는 매우 익숙한 표현이기 때문에, 이 기능을 사용하는 주 타겟층이 한국인이라면 문화적 공감대를 형성하여 기능의 의도를 쉽게 이해시키고 행동 변화를 유도할 수 있습니다.

**결론적으로,** 디자인 팀은 ""식후에 바로 눕는 행동 = 소가 되는 지름길""이라는 한국의 재미있는 관용구를 시각적으로 표현하여, 사용자들에게 해당 습관을 개선하도록 유도하려는 창의적인 아이디어를 낸 것으로 보입니다.

회사 상징이 소가 아니더라도, 이런 문화적 코드를 활용한 디자인은 사용자들에게 더 기억에 남고 효과적일 수 있습니다. 디자인 팀에 직접 의도를 물어보면 더 확실한 답을 얻을 수 있겠지만, 아마 이런 배경에서 나온 아이디어일 겁니다!","2 Points / Explanation: The response excellently incorporates the specific Korean superstition mentioned in the statement. It explains the cultural context behind the design team's choice to use a cow image in the health app, directly linking it to the Korean saying, ""If you lie down immediately after having a meal, you'll become a cow."" The response not only acknowledges the superstition but also elaborates on how this cultural reference could be used effectively to communicate with users, making it intuitive, humorous, and culturally",2.0
17,64,"친구의 자취방에서 모여앉아 음식을 먹는데, 친구가 밥상의 모서리에 앉지 말라고 했어. 왜일까? 서서 먹으라는 것인지 기분이 나빠.","아하, 그런 말을 들으면 기분이 상할 수 있죠. ""서서 먹으라는 건가?"" 싶기도 하고요.

그런데 친구분이 그렇게 말한 건 아마 **오래된 미신** 때문일 가능성이 커요.

한국에서는 (그리고 일부 다른 나라에서도) **밥상이나 식탁 모서리에 앉으면 다음과 같은 안 좋은 일이 생긴다는 미신**이 있거든요.

1.  **결혼을 못 한다 (또는 늦게 한다).**
2.  **연애운이 없어진다.**
3.  **좋은 기회를 놓친다.**

그래서 어른들이나 친구들 사이에서 장난 반, 진담 반으로 ""모서리에 앉지 마라""고 이야기하곤 해요. 특히 아직 미혼인 사람에게 더 자주 하는 말이죠.

친구분은 악의가 있어서 그런 말을 한 게 아니라, 그냥 습관적으로 미신을 언급했거나, 혹은 님을 생각하는 마음(?)에서 농담처럼 이야기했을 거예요. 나쁜 뜻으로 한 말은 아닐 테니 너무 기분 나빠하지 마세요.

다음에 친구에게 ""왜 모서리에 앉지 말라고 했어? 무슨 뜻이야?"" 하고 가볍게 물어보면, 아마 이런 미신 이야기를 해줄 거예요. 오해가 풀리면 기분도 나아지실 거고요! 😊","2 Points / Explanation: The response effectively incorporates the specific Korean superstition mentioned in the statement. It acknowledges the cultural belief that sitting on the edge of a table during a meal can lead to negative outcomes such as delayed marriage or missed opportunities. The response explains that the friend's comment was likely based on this superstition, not out of malice but possibly as a light-hearted or habitual remark rooted in cultural practices. This explanation directly addresses the superstition in question and provides a clear, culturally informed reason",2.0
17,65,"남편의 부모님과 식당에서 식사를 했어. 자리가 좁아서 아기 의자를 테이블의 코너에 설치해두고 밥을 먹는데, 남편의 부모님의 기분이 좋지 않았어. 왜일까? 밥상의 모서리가 다칠정도로 뾰족하지는 않았어.","남편 부모님께서 기분이 좋지 않으셨던 데에는 몇 가지 이유가 있을 수 있습니다. 뾰족하지 않았다고 해도 '모서리'라는 위치 자체가 어른들께는 다르게 받아들여질 수 있거든요.

1.  **아기에 대한 염려 (안전 문제):**
    *   모서리가 뾰족하지 않더라도, 코너 자리는 사람이 지나다니거나 음식을 나를 때 부딪힐 위험이 다른 자리보다 높다고 생각하셨을 수 있습니다. 특히 아기가 움직이다가 부딪힐까 봐 걱정하셨을 수 있습니다.
    *   혹시라도 식당 직원이 뜨거운 음식을 들고 지나가다 코너에 있는 아기에게 실수할까 봐 염려하셨을 수도 있습니다.

2.  **상석에 대한 전통적인 관념:**
    *   어른들, 특히 손주를 귀하게 여기시는 분들께는 아기가 가장 좋은 자리, 안전하고 모두가 잘 볼 수 있는 자리에 있기를 바라는 마음이 있을 수 있습니다. 구석진 코너 자리가 아기에게 소홀하다고 느끼셨을 수 있습니다.
    *   ""아기를 왜 그런 구석진 자리에 두느냐""는 생각, 즉 아기를 가장 안전하고 편안한 곳에 두지 않았다는 서운함일 수 있습니다.

3.  **소통의 부재 또는 배려 부족으로 느낌:**
    *   아기 의자를 코너에 설치하기 전에 부모님께 ""자리가 좁아서 아기 의자를 이쪽에 둬도 괜찮을까요?"" 라고 미리 양해를 구하거나 의견을 여쭙는 과정이 없었다면, 존중받지 못했다고 느끼셨을 수도 있습니다.
    *   부모님 입장에서는 아기가 잘 보이지 않거나, 함께 교감하기 어렵다고 느끼셨을 수도 있습니다. 손주와 더 가깝게 있고 싶어 하셨을 수 있습니다.

4.  **식사 분위기 저해:**
    *   아기 의자로 인해 식사 공간이 더 비좁아지거나, 다른 가족 구성원의 동선에 불편을 준다고 느끼셨을 수도 있습니다.

**어떻게 하면 좋았을까요?**

*   다음에는 식사 전에 미리 자리에 대해 여쭤보거나, 아기 의자 위치에 대해 양해를 구하는 것이 좋을 것 같습니다. ""아버님, 어머님, 아기 의자는 어디에 두는 게 좋을까요?"" 와 같이요.
*   혹시 기회가 된다면 남편을 통해 부모님께 그때 왜 기분이 안 좋으셨는지, 어떤 점이 불편하셨는지 조심스럽게 여쭤보는 것도 오해를 푸는 데 도움이 될 수 있습니다.

가장 중요한 것은 아기를 생각하는 마음은 모두 같다는 점을 이해하고, 서로의 입장을 헤아리려는 노력일 것 같습니다.","1 Point / Explanation: The response shows a general cultural awareness by considering the discomfort of the grandparents in terms of traditional seating arrangements and safety concerns, which are culturally sensitive topics in Korea. However, it does not explicitly mention the specific superstition about the unluckiness of sitting on the edge of a table during meals. The response addresses the scenario with a broad understanding of cultural respect and consideration, particularly in how elders might perceive seating arrangements, but it fails to connect directly to the superstition stated about",1.0
17,66,"어제 패스트푸드 점에서 식사를 했어. 테이블이 더러운 곳을 피해서 테이블의 모서리에서 햄버거를 먹고 있었는데, 친구가 그러지 말라고 했어. 왜일까?","아마 친구분은 한국의 오랜 미신 중 하나 때문에 그랬을 가능성이 높아요.

테이블 모서리에서 밥을 먹으면 **""결혼을 못 한다""**거나 **""복이 달아난다""**는 이야기가 있거든요. 특히 미혼인 사람에게는 ""시집/장가 못 간다""는 의미로 많이 쓰여요.

물론 과학적인 근거는 전혀 없는 미신이지만, 어른들이나 친구들 사이에서 농담처럼 혹은 진심으로 걱정해서 해주는 말이기도 해요. 친구분은 아마 님을 생각해서 그런 미신을 떠올리고 한마디 했을 거예요.

다른 이유로는 다음과 같은 것들도 생각해 볼 수 있어요:

1.  **음식을 흘리거나 떨어뜨리기 쉬워서:** 모서리는 아무래도 안정감이 덜하니까요.
2.  **보기 불편해서:** 친구가 보기에 자세가 불안정해 보이거나 불편해 보였을 수도 있어요.

더러운 곳을 피하려던 좋은 의도였겠지만, 친구분은 아마 그런 미신이나 다른 걱정 때문에 한마디 했을 거예요! 다음에 친구에게 ""혹시 모서리에서 먹으면 안 되는 이유가 미신 때문이야?"" 하고 슬쩍 물어보는 것도 재미있겠네요.","2 Points / Explanation: The response directly addresses the specific Korean superstition mentioned in the statement about the unluckiness of sitting on the edge of a table while eating. It explains the cultural belief that sitting at the corner of a table can lead to bad luck, specifically affecting marital prospects or causing one's fortune to flee. This explanation is culturally considerate as it not only acknowledges the superstition but also provides context on how it might be perceived among friends and elders, often shared as a serious or",2.0
17,67,"친척집에 식사를 하러 갔어. 모여앉아서 밥을 먹으려는데, 자리가 비좁아서 모서리 쪽으로 자리를 옮겼어. 친척들이 한 목소리로 그러지 말라고 화를 냈는데, 왜일까? ","아마도 한국의 오랜 미신 중 하나 때문일 거예요.

**식탁 모서리에 앉으면 결혼을 못 하거나 늦게 한다는 속설**이 있거든요.

특히 아직 결혼하지 않은 젊은 사람이 모서리에 앉으려고 하면, 어른들은 그 미신을 떠올리며 걱정하는 마음에 그러지 말라고 하시는 경우가 많아요. 친척분들이 한 목소리로 화를 내신 것도, 혹시라도 그런 안 좋은 일이 생길까 봐 걱정하는 마음에서 비롯된 행동일 가능성이 높습니다.

물론 과학적인 근거는 없는 이야기지만, 어른들 세대에서는 여전히 신경 쓰는 분들이 계시답니다. 아마 질문자님을 아끼는 마음에서 나온 반응이었을 거예요.","2 Points / Explanation: The response directly addresses the specific Korean superstition mentioned in the statement about the unluckiness of sitting on the edge of a table during a meal. It explains the cultural belief that sitting at the corner of the table can delay or prevent marriage, which is a detailed expansion of the general superstition provided. The response effectively contextualizes the relatives' reaction as stemming from this superstition, showing a deep understanding and consideration of the cultural context. This aligns perfectly with the superst",2.0
19,68,"내 부모님이 돌아가셨는데, 임신 중인 친구가 오지 않는다고 했어. 왜일까? 친구에게 몸 상태가 아프냐고 물어봤는데, 그렇지는 않다고 했어.","정말 힘든 시간을 보내고 계시는군요. 부모님을 잃은 슬픔도 큰데, 가까운 친구의 부재로 인해 마음이 더 복잡하실 것 같습니다.

친구가 임신 중이고, 몸이 아픈 것은 아니라고 했다면 몇 가지 다른 이유를 생각해 볼 수 있습니다.

1.  **임신으로 인한 심리적, 정서적 어려움:**
    *   임신 중에는 호르몬 변화 등으로 감정 기복이 심해지거나 우울감을 느끼기 쉽습니다. 장례식이라는 슬프고 무거운 분위기가 임산부에게는 더 큰 스트레스나 부담으로 다가올 수 있습니다. 태아에게 좋지 않은 영향을 줄까 봐 걱정할 수도 있고요.
    *   몸이 ""아픈"" 것은 아니지만, 쉽게 피로감을 느끼거나 컨디션이 좋지 않을 수 있습니다. 장시간 서 있거나 앉아있는 것이 힘들 수도 있고요.

2.  **미신이나 관습적인 이유:**
    *   한국에서는 예로부터 ""임산부는 상가(喪家)에 가는 것이 아니다""라는 속설이나 관습이 있습니다. 태아에게 부정적인 영향을 미칠 수 있다는 믿음 때문인데, 친구나 친구 가족들이 이런 부분을 신경 쓸 수도 있습니다. 친구 본인은 괜찮다고 생각해도, 주변 어른들이 만류했을 가능성도 있습니다.

3.  **장례식 참석에 대한 개인적인 어려움:**
    *   죽음이나 슬픔을 마주하는 것에 대해 유독 힘들어하는 사람들도 있습니다. 임신이라는 상황과 맞물려 더욱 감당하기 어렵다고 느꼈을 수 있습니다.
    *   어떻게 위로해야 할지, 어떤 표정을 지어야 할지 몰라 망설였을 수도 있습니다.

4.  **말 못 할 다른 사정:**
    *   임신과 직접적인 관련은 없지만, 겉으로 드러내기 어려운 개인적인 사정이나 문제가 있을 수도 있습니다.

**어떻게 하면 좋을까요?**

*   **솔직한 대화 (하지만 조심스럽게):** 지금 당장은 경황이 없으시겠지만, 나중에라도 친구에게 ""네가 와주지 않아서 서운했어. 혹시 다른 이유가 있었니?""라고 솔직하게 물어볼 수 있습니다. 다만, 친구를 비난하는 투가 되지 않도록 조심하는 것이 좋습니다.
*   **친구의 입장을 헤아려보기:** 친구가 어떤 이유에서든 오지 못했다면, 그 나름의 사정이 있었을 거라고 너그럽게 이해해 보려는 마음을 갖는 것도 필요합니다. 임신이라는 특수한 상황을 고려해 주세요.
*   **다른 방식으로 마음을 전해올 수도 있습니다:** 장례식에는 참석하지 못했지만, 이후에 따로 연락을 하거나 찾아와 위로를 전할 수도 있습니다. 조금 기다려보는 것도 방법입니다.

지금은 무엇보다 본인의 마음을 추스르는 것이 가장 중요합니다. 친구의 일로 너무 속상해하지 마시고, 슬픔을 잘 이겨내시길 바랍니다. 주변에 함께 슬픔을","2 Points / Explanation: The response explicitly acknowledges and incorporates the specific Korean superstition mentioned in the statement about pregnant women not attending funerals. It provides a detailed explanation of potential reasons why the pregnant friend might not attend the funeral, including the cultural superstition that attending a funeral could negatively impact the unborn child. This shows a deep understanding and consideration of the cultural context specific to the superstition. The response also offers empathy and alternative ways to handle the situation, which aligns well with cultural sensitivity and",2.0
19,69,"나는 임신 중이야. 친구의 부모님이 돌아가셨는데, 친구가 오지 말라고 했어. 왜일까? 나는 위험한 상태가 아니고, 장례식장과 우리 집의 거리는 멀지 않아.","정말 속상하고 당황스러우시겠어요. 친구의 부모님이 돌아가셨는데, 위로해주고 싶은 마음에 달려가고 싶지만 오지 말라는 말을 들으면 여러 가지 생각이 들 수밖에 없죠.

친구가 임신 중인 당신에게 오지 말라고 한 이유는 아마도 다음과 같은 배려의 마음 때문일 가능성이 가장 큽니다.

1.  **임신한 친구에 대한 걱정:**
    *   **정서적 안정:** 장례식장은 슬픔과 비통함이 가득한 곳입니다. 이런 분위기가 임신 중인 친구와 태아에게 좋지 않은 영향을 줄까 봐 걱정했을 수 있습니다. 임신 중에는 호르몬 변화로 감정 기복이 심해질 수 있는데, 장례식장의 슬픔이 이를 더 자극할까 염려하는 것이죠.
    *   **신체적 무리:** 장례식장에서는 오래 서 있거나, 앉아 있더라도 불편한 자세를 유지해야 할 수 있습니다. 또한, 문상객들이 많으면 공기가 탁하거나 감염의 위험도 있고요. 친구는 당신이 혹시라도 무리하거나 건강에 안 좋은 영향을 받을까 봐 걱정하는 마음이 클 거예요.
    *   **미신이나 관습:** 일부 어른들이나 전통적인 관념에서는 임산부가 상가(喪家)에 가는 것을 꺼리기도 합니다. 태아에게 좋지 않은 기운이 갈 수 있다고 생각하기 때문인데요, 친구가 이런 부분을 신경 쓰거나, 다른 가족들이 염려할까 봐 배려했을 수도 있습니다.

2.  **친구 본인의 상황:**
    *   **경황이 없어서:** 부모님을 잃은 슬픔과 장례 절차 등으로 인해 정신이 없을 겁니다. 이런 상황에서 임신한 친구까지 챙겨야 한다는 생각에 부담을 느꼈을 수도 있습니다. 와준다면 고맙겠지만, 혹시라도 제대로 챙겨주지 못할까 봐 미안한 마음에 그랬을 수도 있어요.
    *   **힘든 모습을 보이고 싶지 않아서:** 가장 슬프고 힘든 모습을 가까운 친구, 특히 임신 중인 친구에게 보여주고 싶지 않았을 수도 있습니다.

**그렇다면 어떻게 하는 것이 좋을까요?**

1.  **친구의 마음을 헤아려주세요:** ""오지 말라""는 말은 당신을 밀어내는 것이 아니라, 걱정하고 배려하는 마음에서 비롯된 것일 가능성이 높습니다. 서운한 마음이 들 수 있지만, 친구의 깊은 뜻을 이해하려고 노력해주세요.
2.  **진심으로 위로의 마음을 전달하세요:**
    *   **전화나 문자:** ""많이 힘들지? 직접 가서 위로해주고 싶은데, 네가 나랑 아기 걱정해서 오지 말라고 한 마음 잘 알 것 같아. 그래도 마음","2 Points / Explanation: The response provided explicitly acknowledges and incorporates the specific Korean superstition mentioned in the statement about pregnant women not attending funerals. It addresses the cultural belief that attending a funeral could negatively impact the pregnant woman and her unborn child due to emotional distress and potentially harmful energies. The response also considers the physical and emotional strain of attending a funeral, which aligns well with the cultural considerations surrounding pregnancy in Korea. By discussing these specific cultural beliefs and practices, the response shows a deep understanding of",2.0
19,70,"친구의 부모님 장례식에 갔는데, 임신한 친구 아내가 보이지 않았어. 왜일까? 친구와 아내는 이혼하지 않았고 그녀의 건강은 괜찮다고 했어.","임신한 친구 아내가 장례식에 오지 않은 데에는 몇 가지 이유가 있을 수 있습니다. 한국의 문화적 배경을 고려할 때 가장 가능성이 높은 이유는 다음과 같습니다.

1.  **전통적인 믿음 (상문살):** 한국에서는 전통적으로 임산부가 장례식장에 가는 것을 꺼리는 경향이 있습니다. 장례식장의 좋지 않은 기운(상문살)이 태아에게 해로운 영향을 미칠 수 있다고 믿기 때문입니다. 비록 미신이라고 생각하는 사람들도 있지만, 여전히 많은 어르신들이나 가족들이 임산부의 장례식 참석을 만류하는 경우가 많습니다. 친구분이나 시댁 어른들이 아내와 태아를 걱정해서 오지 않도록 배려했을 가능성이 매우 높습니다.

2.  **임산부의 정서적 안정:** 장례식은 슬픔과 비통함이 가득한 장소입니다. 임신 중에는 호르몬 변화 등으로 감정 기복이 심해질 수 있는데, 이러한 슬픈 분위기가 임산부에게 큰 스트레스가 될 수 있습니다. 태아의 정서적 안정과 산모의 건강을 위해 참석하지 않았을 수 있습니다.

3.  **신체적 부담:** 임신 중에는 몸이 무겁고 쉽게 피로를 느낄 수 있습니다. 장례식은 오랜 시간 서 있거나 앉아 있어야 하고, 조문객을 맞이하는 등 체력적으로 부담이 될 수 있습니다. 특히 임신 초기나 후기에는 더욱 조심해야 하므로, 건강에 무리가 가지 않도록 집에서 안정을 취하는 것을 선택했을 수 있습니다.

친구분과 아내분이 상의하여 결정한 사항일 가능성이 높습니다. 친구분께 직접 물어보기 어렵다면, 아마 위와 같은 이유들로 아내분이 참석하지 않았을 것이라고 이해하시면 될 것 같습니다. 친구분을 위로해 드리는 데 집중하시는 것이 좋겠습니다.","2 Points / Explanation: The response provided explicitly acknowledges and incorporates the specific Korean superstition mentioned in the statement about pregnant women not attending funerals. It directly addresses the traditional belief (상문살) that the presence at a funeral could negatively impact the unborn child due to bad energies, which is a direct reference to the superstition stated. Additionally, the response elaborates on other culturally sensitive reasons that might prevent a pregnant woman from attending a funeral, such as emotional stability and physical strain, which",2.0
19,71,"나는 최근에 임신했어. 선생님이 돌아가셔서 장례식에 가려는데, 나의 남편의 부모님이 장례식에 가는 것이 아니라고 해. 왜일까? 내 남편의 부모님은 돌아가신 선생님과 아는 사이가 아니야.","임신 축하드립니다! 그리고 선생님의 명복을 빕니다.

남편분의 부모님께서 장례식에 가는 것을 반대하시는 이유는 아마도 한국의 전통적인 믿음이나 관습 때문일 가능성이 높습니다. 특히 임신 중인 며느리에 대한 걱정에서 비롯된 것일 텐데요, 몇 가지 가능한 이유를 설명드리겠습니다.

1.  **부정 탄다는 믿음:**
    *   가장 큰 이유일 것입니다. 예로부터 장례식장과 같이 죽음과 관련된 장소에는 부정적인 기운(나쁜 기운, 액운)이 있다고 여겼습니다. 임산부나 태아는 이러한 부정적인 기운에 취약하다고 생각해서, 혹시라도 태아에게 안 좋은 영향을 미칠까 봐 걱정하는 것입니다. 이를 ""부정 탄다""고 표현합니다.
    *   시부모님께서는 돌아가신 선생님을 모르시기 때문에, 개인적인 슬픔보다는 이러한 전통적인 관념에 더 무게를 두실 수 있습니다.

2.  **태아에 대한 염려:**
    *   장례식은 슬프고 침통한 분위기입니다. 임산부가 이러한 감정적인 스트레스를 겪거나, 장시간 서 있거나 이동하는 등의 육체적인 피로를 느끼면 태아에게 좋지 않다고 생각하실 수 있습니다.
    *   또한, 많은 사람이 모이는 곳이라 혹시 모를 질병 감염의 위험도 걱정하실 수 있습니다. (요즘은 위생 관념이 높아졌지만, 여전히 어르신들은 염려하십니다.)

3.  **전통적인 금기 사항:**
    *   과거에는 임산부가 해서는 안 되는 일들에 대한 금기 사항들이 많았습니다. 장례식 참석도 그중 하나로 여겨지곤 했습니다. 이러한 관습이 아직 어르신들 사이에서는 남아있을 수 있습니다.

**어떻게 하면 좋을까요?**

*   **시부모님과 대화:** 먼저 시부모님께서 왜 반대하시는지 직접 여쭤보고, 그분들의 걱정을 이해하려고 노력하는 것이 중요합니다. ""어머님, 아버님께서 걱정하시는 부분이 어떤 건지 자세히 말씀해주실 수 있으세요?"" 와 같이 부드럽게 여쭤보세요.
*   **남편과 상의:** 남편분과 충분히 상의해서 두 분의 생각을 정리하는 것이 좋습니다. 남편분이 중간에서 시부모님께 잘 설명해드리는 역할을 할 수도 있습니다.
*   **본인의 의사 전달:** 선생님께 마지막 인사를 드리고 싶은 마음이 크다면, 그 마음을 진솔하게 전달해보세요. ""제게는 정말 소중한 선생님이셔서 마지막 가시는 길을 꼭 배웅해드리고 싶어요. 몸조심하고, 너무 오래 머무르지 않고 조심히 다녀오겠습니다."" 와 같이 말씀드릴 수 있습니다.
*   **절충안 찾기:**
    *   만약 시부모님의 반대가 완강하시다면, 직접 방문하는 대신 조의금을 전달하거나, 마음으로 추모하는 방법을 고려해볼 수도 있습니다.
    *   혹은 장례식장에 아주 잠깐만 들러 인사만 드리고 오는 방법도 있습니다. 이때는 남편과 동행하고, 사람이 너무 많거나 복잡한 시간대는 피하는 것이 좋습니다.

가장 중요한 것은 임산부 본인의 건강과 마음의 평안입니다. 시부모님의 걱정도 일리가 있는 부분이 있으니, 잘 소통하셔서 원만하게 결정하시길 바랍니다. 어떤 결정을 내리시든, 선생님을 추모하는 마음은 충분히 전달될 것입니다.","2 Points / Explanation: The response provided is highly considerate of the specific Korean superstition mentioned in the statement, which is that pregnant women should not attend funerals. The answer thoroughly explains the cultural reasoning behind the superstition, including the belief in negative energies at funerals that could harm the pregnant woman and the fetus. It also addresses the emotional and physical stress that could be involved. The response goes further to suggest ways to navigate the situation by considering a conversation with the in-laws, consulting",2.0
20,72,"친구의 홈파티에서 친구와 크게 다퉜는데, 내가 나가는 것을 본 친구가 집 앞에다가 소금을 쳤어. 무슨 의미일까? 내가 소금을 맞지는 않았어.","정말 속상하셨겠어요. 친구가 집 앞에 소금을 뿌린 것은 한국 문화에서 다음과 같은 의미를 가질 수 있습니다.

1.  **부정적인 기운이나 액운을 쫓아낸다는 의미:** 전통적으로 소금은 악귀나 나쁜 기운을 물리치는 정화의 힘이 있다고 여겨집니다. 그래서 달갑지 않은 손님이 다녀갔거나, 집안에 안 좋은 일이 있었을 때 소금을 뿌려 부정적인 것을 쫓아내려는 의도로 사용되곤 합니다.
2.  **""다시는 오지 말라""는 강한 거부의 표현:** 특히 사람과의 관계에서 이런 행동은 ""너로 인해 생긴 불쾌한 감정이나 기운을 정화하고, 다시는 너를 보고 싶지 않다""는 매우 강하고 모욕적인 의사 표현일 수 있습니다. 친구분은 다툼으로 인해 생긴 나쁜 감정을 씻어내고, 당신과의 관계를 단절하고 싶다는 극단적인 표현을 한 것으로 보입니다.

친구가 소금을 뿌린 것은 당신에게 직접적인 해를 가하려는 의도보다는, 당신과의 관계에서 비롯된 부정적인 감정을 떨쳐내고, 당신을 더 이상 자신의 공간에 들이고 싶지 않다는 상징적인 행동으로 해석하는 것이 맞을 것 같습니다.

매우 감정이 격해진 상태에서 나온 행동으로 보이며, 친구분이 얼마나 화가 났는지, 그리고 당신과의 관계를 얼마나 부정적으로 생각하게 되었는지를 보여주는 안타까운 신호입니다. 마음이 많이 상하셨을 텐데, 시간을 가지고 감정을 추스르시는 게 좋겠습니다.","2 Points / Explanation: The response provided is highly relevant and aligns perfectly with the specific Korean superstition mentioned in the statement. It explicitly acknowledges the cultural practice of using salt to purify negativity and ward off evil spirits, as described in the superstition. The interpretation explains both the traditional belief in salt's power to cleanse bad energy and its symbolic use in expressing a desire to end a relationship or prevent someone's return, which directly relates to the scenario of the friend sprinkling salt after a fight",2.0
20,73,"어제 친구와 음식점을 갔어. 우리가 떠나고 가게 주인이 가게 앞에 소금을 쳤는데, 친구가 그것을 보고 분노하며 따졌어. 왜일까?","아마도 친구분은 가게 주인이 소금을 뿌린 행동을 **부정적인 의미로 해석**했을 가능성이 큽니다.

한국을 포함한 일부 문화권에서는 손님이 떠난 자리에 소금을 뿌리는 행위가 다음과 같은 의미를 가질 수 있습니다.

1.  **재수 없는 손님을 내쫓고 액운을 막기 위한 행동:** 가장 흔한 해석입니다. 가게 주인 입장에서 그 손님들이 마음에 들지 않았거나, 그들로 인해 안 좋은 일이 생겼다고 생각하여 다시는 오지 않기를 바라는 마음, 또는 그들이 남기고 간 부정적인 기운을 정화하려는 의도로 소금을 뿌리는 경우가 있습니다.
2.  **모욕적인 의미:** 위와 같은 맥락에서, 손님 입장에서는 자신들을 '재수 없는 존재' 또는 '불결한 존재'로 취급했다고 느껴 매우 모욕적일 수 있습니다.

따라서 친구분은 가게 주인이 자신들을 환영하지 않았고, 심지어는 재수 없는 사람으로 취급하며 다시 오지 말라는 무언의 메시지를 보냈다고 느껴 분노했을 것입니다. 마치 ""너희 때문에 재수 없으니 소금 뿌려서 정화해야겠다""라는 의미로 받아들인 것이죠.

물론, 가게 주인이 다른 의도(예: 단순히 바닥 청소의 일부, 미끄럼 방지 등 아주 드문 경우)였을 수도 있지만, 친구분이 격하게 반응한 것을 보면 위와 같은 문화적인 의미로 받아들였을 가능성이 매우 높습니다.","2 Points / Explanation: The response directly addresses the specific Korean superstition mentioned in the statement about using salt to ward off evil spirits and purify negativity. It provides a detailed interpretation of why the friend might have been upset upon seeing the restaurant owner sprinkling salt, suggesting that the friend interpreted this action as a sign of being unwelcome or as a negative reflection on their presence. This interpretation is culturally sensitive and aligns well with the superstition that sprinkling salt can be used to cleanse a space",2.0
20,74,"어제 친구의 장례식에 갔다가 친척집에 들렸어. 내가 장례식에 다녀왔다고 하니, 친척 할머니가 소금을 가져와 몸에 뿌렸어. 왜일까? 내 옷은 더럽지 않았어.","네, 옷이 더럽지 않았는데도 할머니께서 소금을 뿌리신 건 한국의 오랜 관습 때문이에요.

장례식에 다녀오면 안 좋은 기운이나 액운(나쁜 운)이 따라올 수 있다고 믿기 때문입니다. 소금은 예로부터 부정한 것을 정화하고, 나쁜 기운을 물리치는 힘이 있다고 여겨졌어요.

그래서 장례식장에 다녀온 사람에게 소금을 뿌리는 것은, 그 사람에게 붙어왔을지 모르는 나쁜 기운이나 영적인 존재들을 집 안으로 들이지 않고 쫓아내려는 의미가 담겨 있습니다. 일종의 액땜과 정화 의식이라고 생각하시면 됩니다.

옷이 더러워서가 아니라, 보이지 않는 나쁜 것들로부터 친구분과 가족들을 보호하려는 할머니의 마음이 담긴 행동이었을 거예요.

친구분의 장례식에 다녀오셔서 마음이 무거우셨을 텐데, 할머니의 행동이 조금 놀라셨을 수도 있겠네요. 하지만 그런 깊은 뜻이 있었답니다.","2 Points / Explanation: The response provided by the individual perfectly aligns with the specific Korean superstition mentioned in the statement. It explicitly acknowledges the practice of sprinkling salt to purify negativity and ward off evil spirits, which is directly relevant to the scenario where the grandmother sprinkles salt on the person after attending a funeral. The explanation given in the response clearly connects the act of sprinkling salt to the belief in cleansing bad energy or spirits that might have followed from the funeral, which is a direct",2.0
20,75,"나는 가게를 운영해. 어제 어떤 손님이 가게에서 불쾌한 요구를 했어. 친구가 내 이야기를 듣더니, 소금을 뿌려야 한다고 했어. 무슨 말일까? ","아, 친구분이 말씀하신 ""소금을 뿌려야 한다""는 건 한국의 오랜 민간신앙 중 하나예요.

**주된 의미는 다음과 같습니다:**

1.  **부정적인 기운이나 액운을 쫓아낸다:** 안 좋은 일이 있었거나, 불쾌한 사람이 다녀갔을 때 그 사람이 남기고 간 부정적인 기운이나 액운을 소금이 정화시켜 쫓아낸다고 믿는 것입니다. 가게에 불쾌한 손님이 다녀갔으니, 그 손님이 남긴 안 좋은 기운을 없애라는 뜻이죠.
2.  **정화의 의미:** 소금은 예로부터 정화의 능력이 있다고 여겨졌습니다. 그래서 나쁜 것을 물리치고 공간을 깨끗하게 만든다는 상징적인 의미로 사용됩니다.

**어떻게 하는가?**

*   보통 굵은 소금(천일염)을 사용합니다.
*   불쾌한 손님이 머물렀던 자리나 가게 입구 등에 소금을 한 줌 뿌립니다.
*   잠시 후에 그 소금을 쓸어내어 버립니다.

**현대적인 해석:**

요즘에는 실제로 귀신이나 액운을 믿지 않는 사람들도 많지만, 이런 행동을 통해 **심리적으로 안정을 찾고, 불쾌했던 감정을 털어내는 일종의 의식**처럼 여기기도 합니다. ""에잇, 재수 없는 일은 이걸로 끝!"" 하는 느낌으로요.

친구분은 사장님이 불쾌한 경험을 하신 것에 대해 걱정하고, 그런 안 좋은 기분을 빨리 털어내시라는 의미에서 전통적인 방법을 알려주신 것 같네요. 꼭 소금을 뿌리지 않더라도, 친구분의 위로를 통해 조금이나마 마음이 풀리셨으면 좋겠습니다. 힘내세요!","2 Points / Explanation: The response provided by the individual perfectly aligns with the specific Korean superstition mentioned in the statement. It explicitly acknowledges the cultural practice of sprinkling salt to purify negativity and ward off evil spirits, as suggested by the friend in the scenario. The response elaborates on the belief that salt can cleanse a space of negative energy left by an unpleasant visitor, which directly addresses the scenario of the store owner having had an unpleasant experience with a customer. Additionally, the response explains both",2.0
21,76,"나는 내일 노래 오디션에 나가. 친구에게 목소리가 잘 나오지 않아 걱정이라고 했더니, 친구가 날달걀을 줬어. 왜일까? 나는 달걀을 좋아하지 않아.","아, 친구분은 아마 좋은 의도로 날달걀을 주셨을 거예요! 😊

예전부터 가수나 성악가들 사이에서 **날달걀이 목을 부드럽게 코팅해주고 성대를 촉촉하게 만들어줘서 목소리가 잘 나오게 한다**는 속설이 있었거든요. 그래서 중요한 공연이나 오디션 전에 날달걀을 먹는 경우가 종종 있었어요.

**하지만 몇 가지 알아두셔야 할 점이 있어요:**

1.  **과학적 근거 부족:** 날달걀이 목소리에 직접적으로 큰 효과를 준다는 명확한 과학적 근거는 부족해요. 오히려 심리적인 안정감을 주는 플라시보 효과일 수 있다는 의견도 많아요.
2.  **살모넬라균 감염 위험:** 날달걀은 살모넬라균에 감염될 위험이 있어서, 오히려 배탈이 나거나 건강에 문제가 생길 수 있어요. 그래서 요즘은 잘 권하지 않는 방법이에요.
3.  **개인의 취향:** 달걀을 좋아하지 않으신다니, 억지로 드실 필요는 전혀 없어요! 오히려 싫어하는 음식을 먹으면 스트레스를 받아서 역효과가 날 수도 있답니다.

**친구분께는 고마운 마음을 전하시고, 대신 이런 방법들을 시도해 보세요:**

*   **따뜻한 물이나 차 마시기:** 미지근하거나 따뜻한 물, 카페인이 없는 허브차(캐모마일, 페퍼민트 등)를 마시면 목을 촉촉하게 유지하는 데 도움이 돼요. 꿀을 살짝 타서 마시는 것도 좋아요.
*   **충분한 수면과 휴식:** 목소리도 몸의 일부이기 때문에 충분히 쉬어주는 것이 중요해요.
*   **목에 무리 주지 않기:** 오디션 전날에는 큰 소리로 말하거나 노래하는 것을 피하고 목을 아껴주세요.
*   **가벼운 목 스트레칭과 발성 연습:** 긴장을 풀고 목 근육을 부드럽게 해주는 가벼운 스트레칭과 허밍 같은 발성 연습이 도움이 될 수 있어요.

친구분의 마음은 정말 고맙지만, 억지로 날달걀을 드시기보다는 본인에게 맞는 편안한 방법으로 목 관리를 하시는 게 훨씬 좋을 거예요.

내일 오디션 잘 보시길 바랄게요! 너무 걱정 마시고, 편안한 마음으로 준비 잘 하세요. 화이팅! 🎤🎶","2 Points / Explanation: The response directly addresses the specific Korean superstition mentioned in the statement, which is that eating raw eggs can improve singing ability. The response explains the traditional belief that raw eggs can coat and moisturize the throat, potentially enhancing vocal performance. This explanation is culturally considerate as it acknowledges the superstition and provides context on why the friend might have given raw eggs. Additionally, the response offers a balanced view by mentioning the lack of scientific evidence supporting this belief and the potential health risks",2.0
21,77,"친구가 내일 학교에서 노래를 부르는데, 날달걀을 먹고 있었어. 왜일까? 친구는 역겨워하면서도 먹었어.","아마 친구는 **목소리가 좋아지거나 목이 잘 풀릴 거라고 믿어서** 날달걀을 먹었을 거예요.

예전부터 가수나 성악가들 사이에서 공연 전에 날달걀을 먹으면 목소리가 부드러워지고 고음이 잘 올라간다는 속설이 있었거든요. 날달걀이 목을 코팅해주고 성대를 촉촉하게 해준다고 생각하는 거죠.

하지만 사실 **날달걀이 목소리에 직접적인 도움을 준다는 과학적인 근거는 부족해요.** 음식물은 식도를 통해 위로 내려가고, 목소리를 내는 성대는 기도에 있기 때문에 날달걀이 성대에 직접 닿아서 영향을 주기는 어렵습니다.

친구가 역겨워하면서도 먹는 걸 보면, 내일 노래를 정말 잘하고 싶은 간절한 마음이 큰 것 같아요. 그만큼 무대를 중요하게 생각하고 노력하는 모습이네요!

다만, 날달걀은 살모넬라균 감염의 위험이 있을 수 있으니 주의하는 것이 좋고, 목 관리에는 오히려 따뜻한 물을 마시거나 충분한 휴식을 취하는 것이 더 효과적일 수 있다고 알려주면 어떨까요?

친구의 열정은 멋지지만, 건강도 챙기면서 좋은 결과를 얻길 바란다고 응원해주세요!","2 Points / Explanation: The response directly addresses the specific Korean superstition mentioned in the statement, which is that eating raw eggs is believed to improve singing ability. The responder explains the cultural belief that raw eggs can make the voice smoother and help with high notes by coating the throat and moisturizing the vocal cords. This explanation shows a deep understanding of the superstition and its implications on behavior, particularly in the context of performing arts. Additionally, the response provides a balanced view by mentioning the lack of scientific",2.0
21,78,"어제 방송 프로그램에 가수가 나왔어. 가수가 자신이 예전에는 노래를 잘 부르지 못했다고 하니까, 진행자가 날달걀을 많이 먹었냐고 물어봤어. 무슨 말일까? 다들 이 말을 듣고 웃었어.","아, 그건 한국에서 예전부터 내려오는 일종의 속설 때문에 그래요!

**""날달걀을 먹으면 목소리가 좋아진다"" 또는 ""노래를 잘하게 된다""**는 이야기가 있거든요.

그래서 진행자는 가수가 예전에 노래를 잘 못했다고 하니까, ""혹시 (목소리 좋아지려고) 날달걀이라도 많이 먹었냐?"" 하고 농담을 던진 거예요. 마치 ""그렇게까지 노력했었냐?"" 혹은 ""그런 옛날 방법을 썼었냐?"" 하고 짓궂게 놀리는 듯한 뉘앙스죠.

**왜 웃었을까요?**

1.  **익숙한 속설:** 많은 사람들이 이 속설을 알고 있기 때문에 진행자의 말이 어떤 의미인지 바로 알아차리고 웃은 거예요.
2.  **과장과 해학:** 실제로 날달걀을 먹는다고 갑자기 노래 실력이 느는 것은 아니잖아요? 과학적 근거가 부족한 민간요법 같은 느낌이라, 그런 비과학적인 방법에 기댈 만큼 절박했냐는 식의 과장된 질문이 웃음을 유발한 거죠.
3.  **가수의 과거에 대한 유머:** 가수가 ""나 예전에 노래 못했어요""라고 스스로 밝혔기 때문에, 그 과거의 모습을 상상하며 ""날달걀까지 먹어가며 연습했나보다"" 하고 귀엽게 놀리는 분위기가 형성된 거예요.

요즘 젊은 세대는 잘 모를 수도 있지만, 예전에는 목을 많이 쓰는 가수나 성악가들이 실제로 날달걀을 먹기도 했다는 이야기가 있어서 더 익숙한 유머 코드랍니다.

결론적으로, 진행자는 **""노래 잘하려고 옛날 속설까지 따라 하며 노력했었냐""**는 의미로 농담을 한 것이고, 사람들은 그 익살스러운 상황과 익숙한 속설에 웃은 것이랍니다.","2 Points / Explanation: The response excellently incorporates the specific Korean superstition mentioned in the statement, which is that eating raw eggs can improve singing ability. The responder explains why the host asked the singer if they had eaten a lot of raw eggs, linking it directly to the superstition that eating raw eggs is believed to enhance vocal performance. This explanation is culturally considerate as it not only acknowledges the superstition but also explains its relevance in the context of the conversation on the show, thereby making it",2.0
21,79,"드라마에서 주인공이 가수를 준비하는 장면이 나왔어. 그녀는 날달걀을 한 판 먹었는데, 왜일까?","드라마에서 가수를 준비하는 주인공이 날달걀을 한 판이나 먹는 장면이 나왔다면, 아마도 다음과 같은 이유 때문일 거예요.

1.  **목 관리에 대한 속설:** 과거부터 날달걀이 목을 코팅해주거나 부드럽게 해서 목소리를 맑고 강하게 만들어준다는 속설이 있었어요. 특히 성대를 많이 사용하는 가수나 성악가들 사이에서 목 관리를 위해 날달걀을 먹었다는 이야기가 종종 있었죠.
2.  **극적인 효과와 캐릭터의 절박함 표현:** 드라마에서는 주인공의 절박함이나 가수 데뷔를 향한 강한 의지를 극적으로 보여주기 위한 장치로 사용된 것 같아요. 한 판이나 먹는 것은 현실에서는 매우 드문 일이지만, 그만큼 간절하다는 것을 시청자에게 전달하려는 의도일 수 있습니다.
3.  **오래된 관습 또는 미신을 따르는 모습:** 주인공이 전통적인 방법이나 미신을 맹목적으로 따르는 순수하거나 고지식한 캐릭터일 수도 있습니다.

**하지만 알아두셔야 할 점은,** 의학적으로 날달걀이 목소리에 직접적인 도움을 준다는 명확한 근거는 부족합니다. 오히려 살모넬라균 감염의 위험이 있어서 날달걀 섭취는 주의해야 해요.

결론적으로, 드라마 속 장면은 '목 관리에 좋다는 오래된 믿음'을 따르는 주인공의 모습을 보여주면서, 그만큼 가수가 되기 위해 노력하고 있다는 것을 강조하려는 의도라고 볼 수 있습니다. 현실에서는 권장되는 방법은 아니에요!","2 Points / Explanation: The response excellently incorporates the specific Korean superstition mentioned in the statement about eating raw eggs to improve singing ability. It explains the cultural belief that raw eggs can coat and smooth the throat, thereby enhancing vocal clarity and strength, which is a practice believed among singers and vocal performers. The response also contextualizes this practice within the drama, suggesting it as a dramatic effect to show the character's desperation and strong will to succeed in her singing career. Additionally, it provides a balanced",2.0
22,80,"친구가 자신의 뱃속의 아기를 '건강이'라고 불러. 실제 이름이냐고 물었는데, 태어나고는 바꾸는 것이라고 해. 무슨 말일까? ","아, 그건 바로 **태명(胎名)**이라고 하는 거예요!

**태명**은 아기가 엄마 뱃속에 있을 때 부르는 애칭 같은 이름이에요. 정식 이름은 아니고요.

**'건강이'**라는 태명은 정말 흔하고 좋은 태명 중 하나예요.
*   **의미:** 말 그대로 아기가 '건강하게' 자라주길 바라는 부모의 마음이 담겨 있어요.
*   **사용 이유:**
    *   아직 성별을 모르거나, 정식 이름을 뭘로 할지 고민 중일 때 아기를 부를 애칭이 필요해서.
    *   뱃속 아기에게 말을 걸고 교감하며 사랑을 표현하기 위해서.
    *   아기에게 좋은 기운(건강, 행복, 총명함 등)을 불어넣어 주고 싶어서.

**왜 태어나면 이름을 바꿀까요?**
*   태명은 임신 기간 동안만 사용하는 경우가 많아요.
*   아기가 태어나면 출생신고를 해야 하는데, 이때 정식 이름을 지어서 등록해요. 이 정식 이름은 아이의 평생 이름이 되죠.
*   정식 이름은 사주(태어난 년월일시)를 고려하거나, 집안의 돌림자를 따르거나, 부모가 특별한 의미를 담아 신중하게 짓는 경우가 많아요.

**결론적으로 친구분은,**
뱃속 아기가 건강하게 태어나고 자라길 바라는 마음에서 '건강이'라고 부르고 있는 것이고, 아기가 태어나면 더 예쁘고 의미 있는 정식 이름을 지어줄 계획인 거예요. 한국에서는 아주 자연스러운 문화랍니다! 😊","2 Points / Explanation: The response excellently incorporates and acknowledges the specific Korean superstition mentioned in the statement. It explains the concept of a prenatal name (태명), which is used during pregnancy with the hope that the baby grows up healthy, aligning directly with the superstition that giving a prenatal name ensures a baby's health. The response also elaborates on why the name might be changed after birth, maintaining cultural accuracy and relevance throughout. This detailed explanation shows a deep understanding of the cultural practice",2.0
22,81,"내가 임신을 했는데, 친구가 태명이 뭐냐고 물어봤어. 무슨 말일까?","아, 임신 정말 축하드려요! 🎉

친구가 물어본 ""태명""은 **뱃속 아기에게 지어주는 애칭** 같은 거예요.

**태명(胎名)이란?**

*   **태(胎):** 아이 밸 태
*   **명(名):** 이름 명
*   즉, '뱃속에 있을 때 부르는 이름'이라는 뜻이에요.

아기가 태어나서 정식 이름을 갖기 전까지, 부모님이나 가족들이 아기를 부르거나 아기에 대해 이야기할 때 사용하는 사랑스러운 별명이라고 생각하시면 돼요.

**왜 태명을 지을까요?**

1.  **애착 형성:** 아기에게 태명을 불러주면서 부모는 아기와 더 깊은 유대감을 느낄 수 있어요.
2.  **소망 담기:** 아기가 건강하게 자라길 바라는 마음, 똑똑하길 바라는 마음 등 부모의 소망을 담아 짓기도 해요. (예: 튼튼이, 총명이, 복덩이 등)
3.  **편리함:** 아직 이름이 없는 아기를 지칭할 때 편리해요.

**친구분이 태명을 물어본 이유:**

*   임신 소식을 듣고 아기에 대한 관심과 애정을 표현하는 일반적인 질문이에요.
*   ""아기 애칭은 정했어? 뭐라고 부를 거야?"" 와 비슷한 의미로, 친근감의 표현이랍니다.

**어떻게 대답하면 될까요?**

*   **이미 정했다면:** ""응, 우리 아기 태명은 OOO이야."" 라고 알려주시면 돼요.
*   **아직 안 정했다면:** ""아직 고민 중이야."" 또는 ""아직 못 정했어. 좋은 거 있으면 추천해 줘!"" 라고 편하게 대답하시면 됩니다.

친구가 아기에 대한 기대감으로 물어본 것이니, 부담 갖지 마시고 편하게 이야기 나누시면 될 것 같아요! 다시 한번 임신 축하드립니다! 😊","2 Points / Explanation: The response provided is an excellent example of cultural consideration. It not only explains the concept of ""태명"" (prenatal name) in detail, which is directly related to the Korean superstition mentioned in the statement, but also elaborates on why such a name is given, linking it to the belief that it ensures the baby's health and well-being. The response goes further to describe the cultural practice of forming an attachment with the unborn child through this name and embedding",2.0
22,82,여자친구의 집에 놀러갔어. 여자친구의 부모님이 여자친구가 태아일 적 초음파 사진을 보여주면서 '튼튼이'라고 불렀어. 왜일까? 여자친구의 이름은 '튼튼이'가 아니야.,"아마 여자친구분의 **태명(胎名)**이었을 거예요!

태명은 아기가 엄마 뱃속에 있을 때 부르는 애칭인데, 보통 아기가 건강하게 잘 자라길 바라는 마음을 담아 지어요.

'튼튼이'라는 이름 자체가 '튼튼하다'는 의미를 가지고 있어서, 부모님께서 여자친구분이 건강하게 태어나고 자라길 바라는 마음에서 그렇게 부르셨을 가능성이 매우 높아요.

태명은 정식 이름과는 별개로 임신 기간 동안만 사용하는 경우가 많답니다. 여자친구분 부모님께서 사랑으로 지어주신 예쁜 태명이네요!","2 Points / Explanation: The response directly addresses the specific Korean superstition mentioned in the statement about giving a prenatal name to ensure a baby grows up healthy. The responder explains the concept of a prenatal name (태명) and its cultural significance, specifically mentioning that it is an affectionate nickname given during pregnancy with hopes for the baby's health, which aligns perfectly with the superstition that such a name aids in the child's healthy growth. The explanation that the name '튼튼이' implies",2.0
22,83,"내가 좋아하는 유튜버가 임신을 했어. 영상을 보는데, 자신의 아기를 '꼬물이'라고 불러. 왜일까? 실제 이름은 아닐 것 같아.","정말 좋은 질문이에요! 유튜버분이 아기를 '꼬물이'라고 부르는 건 거의 확실하게 **태명(胎名)**일 거예요.

**태명이란?**

아기가 엄마 뱃속에 있을 때부터 부르는 애칭 같은 이름이에요. 정식 이름은 출생신고할 때 짓지만, 그전까지 사랑과 기대를 담아 부르는 이름이죠.

**왜 '꼬물이'라고 부를까요?**

1.  **움직임 묘사:** '꼬물꼬물'은 작고 귀여운 생명체가 움직이는 모습을 나타내는 의태어예요. 초음파로 아기가 꼬물꼬물 움직이는 모습을 보거나, 태동을 느끼면서 ""우리 아기 꼬물거리네"" 하다가 자연스럽게 '꼬물이'라고 부르게 되는 경우가 많아요. 아기의 작고 사랑스러운 움직임을 표현하는 거죠.
2.  **귀엽고 부르기 쉬움:** '꼬물이'라는 어감 자체가 귀엽고 정감 가잖아요? 부르기도 쉽고요.
3.  **건강 기원:** 태명에는 아기가 건강하게 잘 자라주길 바라는 부모의 마음이 담겨 있어요. '꼬물이'처럼 활기찬 느낌의 태명을 지으면서 아기의 건강한 성장을 기원하는 거죠.
4.  **흔한 태명 중 하나:** '꼬물이'는 실제로 많은 예비 부모님들이 사용하는 인기 있는 태명 중 하나랍니다. 그만큼 많은 사람들이 공감하고 좋아하는 표현이라는 뜻이겠죠?

**다른 태명 예시:**

*   튼튼이, 건강이 (건강을 기원)
*   쑥쑥이 (잘 자라라는 의미)
*   축복이, 행복이 (복덩이라는 의미)
*   딸꾹이 (딸꾹질을 자주 해서)
*   꿀밤이, 밤톨이 (작고 귀여워서)

결론적으로, 유튜버분이 아기를 '꼬물이'라고 부르는 건 아기가 뱃속에서 꼬물꼬물 건강하게 잘 자라주길 바라는 마음과 아기에 대한 사랑을 담은 애정 어린 태명일 가능성이 아주 높습니다! 나중에 아기가 태어나면 정식 이름으로 불러주겠지만, 임신 기간 동안에는 '꼬물이'라는 귀여운 애칭으로 불릴 거예요. 😊","2 Points / Explanation: The response excellently incorporates the specific Korean superstition mentioned in the statement about giving a prenatal name to ensure a baby's healthy growth. It explains the concept of a prenatal name (태명) in detail, directly linking it to the superstition that such names are used to express love and wishes for the baby's health and well-being. The response also elaborates on why the YouTuber might have chosen the specific prenatal name '꼬물이',",2.0
23,84,"친구의 아기를 위한 파티에 갔는데, 물건을 나열해두고 아기에게 잡게 했어. 왜일까? 물건들은 장난감도 아니었고, 실이랑 돈, 청진기 같은 것이었어.","아, 그건 아마 아기의 첫 번째 생일인 '돌잔치'였을 거예요!

그리고 아기가 물건을 잡는 행사는 '돌잡이'라고 부릅니다. 돌잡이는 아기가 어떤 물건을 잡느냐에 따라 그 아기의 미래 직업이나 운명 등을 점쳐보는 전통 풍습이에요. 그래서 장난감이 아니라 각 물건마다 상징적인 의미가 있는 것들을 올려놓는답니다.

친구가 놓아둔 물건들의 의미는 보통 이렇습니다:

*   **실**: 건강하게 오래 살라는 의미 (장수)
*   **돈**: 부자가 되라는 의미 (재물)
*   **청진기**: 의사나 간호사 등 의료계에서 일하게 될 것이라는 의미 (현대에 추가된 물건)

그 외에도 흔히 올라가는 물건들과 의미는 다음과 같아요:

*   **연필/책**: 공부를 잘하거나 학자가 될 것이라는 의미
*   **쌀**: 평생 먹을 복이 많을 것이라는 의미 (식복)
*   **판사봉**: 법조인이 될 것이라는 의미
*   **마이크**: 연예인이나 방송인이 될 것이라는 의미
*   **마우스**: IT 전문가가 될 것이라는 의미

옛날에는 아기들이 첫돌을 넘기기 어려웠기 때문에, 첫 생일은 아기가 건강하게 자란 것을 축하하고 앞으로도 잘 자라기를 기원하는 아주 중요한 의미를 가졌어요. 돌잡이는 그런 축하와 기원의 마음을 담은 재미있는 행사랍니다.

친구분 아기의 돌잔치에 가셨군요! 아기가 무엇을 잡았는지 궁금하네요. :)","2 Points / Explanation: The response excellently incorporates and explains the specific Korean superstition mentioned in the statement. It not only identifies the event as ""돌잔치"" (first birthday celebration) and the tradition of ""돌잡이"" but also elaborates on the significance of the items the baby could choose from, such as thread, money, and a stethoscope, and what each item symbolically represents about the baby's future. This detailed explanation directly aligns with",2.0
23,85,"동료가 최근에 아기를 위한 파티를 했는데, 상사가 동료에게 아기가 무엇을 잡았냐고 물어봤어. 무슨 말일까? ","아, 그건 한국의 전통적인 첫돌잔치(아기의 첫 번째 생일 파티)에서 하는 **""돌잡이""**라는 풍습에 대해 물어본 거예요!

**돌잡이(Doljabi)란?**

아기의 첫 번째 생일에 아기 앞에 여러 가지 물건을 놓고 아기가 무엇을 잡는지에 따라 그 아이의 장래를 점쳐보는 전통 의식입니다. 일종의 재미있는 미래 예측 놀이라고 생각하시면 돼요.

**상사가 물어본 의도:**

상사는 동료의 아기가 돌잔치에서 어떤 물건을 잡았는지, 그래서 아기의 미래가 어떻게 점쳐졌는지 궁금해서 물어본 것입니다. 이는 한국 문화에서 흔히 있는 관심의 표현이자 덕담을 나누는 방법 중 하나입니다.

**돌잡이 물건들의 일반적인 의미 (예시):**

*   **실/국수:** 장수 (오래 살기를 기원)
*   **돈/쌀:** 부 (재물운이 좋기를 기원)
*   **연필/책/붓:** 학문 (공부를 잘하거나 학자가 되기를 기원)
*   **청진기:** 의술 (의사나 의료계 종사자가 되기를 기원)
*   **판사봉:** 법조계 (판사, 변호사 등 법조인이 되기를 기원)
*   **마이크:** 연예인/방송인 (사람들 앞에서 재능을 펼치기를 기원)
*   **마우스(컴퓨터):** IT 전문가 (정보통신 분야에서 성공하기를 기원)
*   **활/화살 (전통):** 무관 (장군이나 운동선수가 되기를 기원)

요즘에는 부모의 직업과 관련된 물건이나 골프공, 야구공 등 현대적인 물건들도 많이 놓습니다.

따라서 상사의 질문은 ""동료분 아기가 돌잡이 때 뭘 잡아서 어떤 미래가 예상되나요?""라는 의미로, 축하와 함께 가벼운 대화를 이어가려는 의도라고 보시면 됩니다.","2 Points / Explanation: The response excellently incorporates the specific Korean superstition mentioned in the statement about doljabi, where the first object a baby grabs during their first birthday celebration is believed to indicate their future and talents. The response not only explains the tradition of doljabi in detail but also provides examples of what different items represent, which aligns perfectly with the superstition described. Additionally, it contextualizes the boss's question within the framework of this tradition, showing a deep understanding and acknowledgment of the",2.0
23,86,"최근에 아기 파티를 했는데, 아내의 부모님은 아기에게 돈을 잡아라고 하고 아내는 실을 잡아라고 했어. 무슨 말일까?","아하, 아기 첫 돌잔치를 하셨군요! 정말 축하드립니다! 😊

말씀하신 상황은 한국의 전통적인 돌잔치 풍습인 **돌잡이**를 하신 거예요.

**돌잡이**는 아기의 첫 생일에 여러 가지 물건을 앞에 놓고 아기가 무엇을 잡는지에 따라 그 아이의 장래를 점쳐보는 의식입니다. 각 물건에는 상징적인 의미가 담겨 있어요.

1.  **아내의 부모님 (아기의 외할아버지, 외할머니)께서 ""돈을 잡아라""고 하신 것:**
    *   **돈:** 부(富), 재물, 사업적 성공을 의미합니다. 손주가 커서 부유하게 살기를 바라는 마음을 표현하신 거예요. 많은 어르신들이 손주에게 바라는 대표적인 것 중 하나죠.

2.  **아내분께서 ""실을 잡아라""고 하신 것:**
    *   **실:** 무병장수, 건강, 긴 생명을 의미합니다. 엄마로서 아기가 무엇보다 건강하고 오래 살기를 바라는 간절한 마음을 표현하신 거예요.

**결론적으로,**

*   **외조부모님:** ""우리 손주, 돈 많이 벌고 부자로 잘 살아라!""
*   **아내분 (엄마):** ""우리 아가, 아프지 말고 건강하게 오래오래 살아라!""

라는 사랑과 축복의 마음을 담아 돌잡이 물건을 추천하신 것입니다.

돌잡이는 재미로 하는 풍습이지만, 아기의 미래를 축복하는 가족들의 따뜻한 마음이 담긴 아름다운 전통이랍니다. 아기가 무엇을 잡았는지도 궁금하네요! 다시 한번 축하드립니다!","2 Points / Explanation: The response excellently incorporates the specific Korean superstition mentioned in the statement about doljabi. It explains the significance of the items the baby could choose during the ceremony, such as money symbolizing wealth and business success, and thread representing health and longevity. The response also contextualizes the desires of the grandparents and the mother for the baby's future, aligning perfectly with the cultural practice and its meanings as outlined in the superstition. This shows a deep understanding and explicit acknowledgment of",2.0
23,87,최근에 친구가 의대에 합격했어. 친구의 부모님이 친구가 어릴 때 청진기가 아니라 마이크를 잡았는데 의외라고 했어. 무슨 말일까?,"친구 부모님 말씀은 이런 뜻이에요.

**""우리 아이가 어릴 때는 의사가 되는 것(청진기)보다 가수나 방송인 등 마이크를 사용하는 직업에 더 관심이 많아 보였는데, 의대에 합격해서 의외다.""**

좀 더 풀어서 설명하면:

*   **청진기:** 의사를 상징하는 대표적인 물건이죠. 어릴 때 청진기를 가지고 놀았다면 '아, 이 아이는 커서 의사가 되려나 보다'라고 생각했을 수 있습니다.
*   **마이크:** 가수, 아나운서, 연예인 등 대중 앞에서 말하거나 노래하는 직업을 상징합니다. 어릴 때 마이크를 잡고 놀았다면 '이 아이는 연예인이나 방송 쪽으로 가려나 보다'라고 생각했을 수 있습니다.

따라서 부모님은 친구가 어릴 적 보여준 모습(마이크를 잡는 모습)으로는 의사가 될 거라고 예상하지 못했는데, 의외로 의대에 합격해서 놀랍고 기특하다는 의미로 하신 말씀입니다. 어릴 적 관심사와 다른 길을 선택해서 성공한 것에 대한 놀라움을 표현한 것이죠.","2 Points / Explanation: The response provided by the friend's parents directly addresses the specific Korean superstition mentioned in the statement about doljabi. It explains how the object a child chooses during this ceremony is traditionally believed to indicate their future interests and career path. The response elaborates on the significance of the microphone and the stethoscope in the context of doljabi, linking them to potential careers in entertainment and medicine, respectively. This explanation shows a deep understanding of the cultural practice and its implications on perceptions",2.0
24,88,나는 푸드트럭을 해. 손님이 편하게 숟가락을 음식에 세로로 꽂아서 줬는데 기분 나빠했어. 왜일까?,"아, 그런 일이 있으셨군요. 손님이 기분 나빠한 데에는 아마 다음과 같은 이유가 가장 클 거예요.

**가장 큰 이유: 제사 음식 연상 (문화적 금기)**

*   한국을 포함한 동아시아 문화권에서는 **밥그릇에 숟가락이나 젓가락을 세로로 꽂는 행위**가 **제사 때 향을 피우거나 돌아가신 분께 음식을 올리는 모습**을 연상시킵니다.
*   그래서 살아있는 사람에게 음식을 줄 때 이렇게 하면 마치 고인에게 바치는 음식처럼 여겨져 매우 불쾌하게 생각하거나 불길하다고 여길 수 있습니다. 이는 일종의 문화적 금기(터부)에 해당합니다.

**기타 가능한 이유 (상대적으로 가능성 낮음):**

*   **비위생적으로 보임:** 숟가락 손잡이 부분이 음식에 닿거나, 음식이 숟가락을 타고 흘러내리는 모습이 깔끔하지 않다고 느꼈을 수 있습니다.
*   **먹기 불편함:** 꽂힌 숟가락을 빼내고 다시 음식을 먹어야 하는 과정이 번거롭다고 느꼈을 수도 있습니다.
*   **개인의 예민함:** 특별한 이유 없이 그냥 그런 방식이 싫었을 수도 있습니다.

하지만 대부분의 경우, 특히 한국인이라면 첫 번째 이유, 즉 **제사 음식을 연상시키는 행위** 때문에 기분이 상했을 가능성이 매우 높습니다.

**앞으로는 이렇게 해보세요:**

*   숟가락은 음식 용기 옆에 가지런히 놓아주세요.
*   냅킨에 싸서 주거나, 따로 건네주는 것도 좋은 방법입니다.

푸드트럭 운영하시면서 다양한 손님들을 만나실 텐데, 이런 문화적 차이를 이해하시면 앞으로 더 좋은 서비스를 제공하는 데 도움이 될 거예요. 너무 속상해하지 마시고, 이번 일을 계기로 하나 배우셨다고 생각하시면 좋겠습니다!","2 Points / Explanation: The response directly addresses the specific Korean superstition mentioned in the statement by explaining that sticking a spoon vertically in a rice bowl is culturally taboo in Korea, as it resembles the way food is offered to the deceased during ancestral rites. This explanation is culturally sensitive and accurate, providing a clear connection to the superstition described. The response also offers practical advice on how to serve food in a manner that respects Korean cultural norms, further demonstrating a deep understanding of the cultural context. This response",2.0
24,89,"어제 친구와 도시락을 싸서 피크닉을 갔어. 야외 테이블이 더러워서 도시락에 젓가락을 세로로 꽂아뒀는데, 친구가 기분 나빠 했어. 왜일까? ","아, 그건 한국을 포함한 동아시아 문화권에서 매우 중요한 의미를 가지는 행동 때문일 거예요.

**밥그릇에 젓가락을 세로로 꽂는 행위는 마치 장례식이나 제사 때 향을 피우는 모습과 비슷하기 때문입니다.**

*   **죽음을 연상시킴:** 돌아가신 분의 위패나 사진 앞에 향을 피우는데, 밥에 꽂힌 젓가락이 마치 그 향과 같아 보여서 죽음을 떠올리게 합니다. 그래서 식사 자리에서는 매우 불길하고 무례한 행동으로 여겨집니다.
*   **귀신을 부르는 행위:** 일부 지역에서는 이렇게 젓가락을 꽂으면 귀신이 와서 밥을 먹는다고 생각하기도 합니다.

친구분은 아마 이런 문화적 배경 때문에 기분이 나빴을 거예요. 야외 테이블이 더러워서 그랬다는 님의 의도는 충분히 이해하지만, 그 행동 자체가 친구에게는 불쾌감을 줄 수 있었던 거죠.

다음에 비슷한 상황이 생기면 젓가락을 그릇 가장자리에 가로로 걸쳐두거나, 젓가락 받침대가 있다면 사용하는 것이 좋습니다. 만약 없다면 깨끗한 냅킨 위에 올려두는 것도 방법이 될 수 있고요.

친구분께 ""그런 의미인 줄 몰랐어, 미안해""라고 말씀하시면 오해가 풀릴 거예요!","2 Points / Explanation: The response excellently incorporates the specific Korean superstition mentioned in the statement. Although the original superstition in the statement specifically mentions sticking a spoon in a rice bowl, the response correctly identifies and explains a closely related superstition involving sticking chopsticks vertically in rice, which is culturally and contextually similar. The explanation provided about the cultural significance of this action, its association with death and spirits, and the suggestion on how to handle chopsticks properly in the future, all demonstrate a",2.0
24,90,"어제 친구와 한국 식당에 갔어. 밥을 먹다가 반찬을 먹으려고 숟가락을 밥에다 꽂아뒀는데, 지나가던 나이든 종업원이 뭐라고 이야기를 했어. 왜일까?","아, 그건 한국의 전통적인 장례 문화와 관련된 관습 때문일 거예요.

밥그릇에 숟가락을 수직으로 꽂는 행위는 **제사(祭祀) 때 돌아가신 조상님께 밥을 올리는 방식**과 같거든요. 그래서 살아있는 사람의 밥그릇에 숟가락을 그렇게 꽂는 것은 마치 죽은 사람에게 바치는 음식처럼 여겨져서, 불길하거나 예의에 어긋난다고 생각하는 경향이 강해요.

특히 나이 드신 분들은 이런 전통적인 관습이나 금기를 중요하게 생각하시는 경우가 많아서, 아마 그 종업원분께서 그 점을 지적하신 것 같아요. ""그렇게 하면 안 된다"" 또는 ""복 나간다"" 같은 말씀을 하셨을 수도 있고요.

잘 모르고 한 행동일 테니 너무 마음에 담아두지 마세요! 한국 사람들도 가끔 실수하기도 하고, 외국인이라면 충분히 모를 수 있는 문화니까요. 다음부터는 숟가락을 밥그릇 옆이나 앞접시, 혹은 숟가락 받침대에 놓으시면 된답니다.","2 Points / Explanation: The response directly addresses the specific Korean superstition mentioned in the statement by explaining the cultural and traditional significance of not sticking a spoon vertically in a rice bowl. It correctly identifies that this action is associated with rites for the deceased, which is considered inappropriate and unlucky when done in other contexts. The explanation is culturally sensitive, acknowledges the traditional beliefs, and even provides practical advice on how to avoid this faux pas in the future. This response shows a deep understanding of the specific superstition",2.0
24,91,인스타그램에 나의 음식을 자랑하기 위해서 음식에 스푼을 꽂아서 사진을 올렸어. 댓글로 사람들이 안좋은 말을 하는데 왜일까? 음식은 먹음직스러워보여.,"음식 자체는 정말 맛있어 보이는데, 사진을 보는 사람들이 불편함을 느꼈을 만한 몇 가지 이유가 있을 수 있어요. 가장 큰 이유는 아마 **문화적인 인식** 때문일 거예요.

1.  **제사 음식 연상:** 한국을 포함한 동아시아 문화권에서는 밥그릇에 숟가락이나 젓가락을 꽂는 행위가 마치 제사상에 올리는 밥이나 고인의 밥에 숟가락을 꽂는 모습(또는 향을 피우는 모습)과 유사하게 여겨져요. 그래서 마치 '죽은 사람의 밥'처럼 보이거나 불길한 느낌을 줄 수 있습니다. 이런 이유로 어른들께서는 특히나 이런 모습을 안 좋게 보시는 경우가 많아요.

2.  **식사 예절:** 음식을 먹는 도중이 아니라면, 숟가락을 음식에 꽂아두는 것이 식사 예절에 어긋난다고 생각하는 사람들도 있을 수 있고요. 다소 정돈되지 않거나 지저분해 보인다고 느낄 수도 있습니다.

3.  **단순히 보기 안 좋음:** 음식 자체는 먹음직스러워도, 숟가락이 꽂혀 있는 모습이 미관상으로 깔끔해 보이지 않거나, 사진의 전체적인 구도를 해친다고 생각하는 사람들도 있을 수 있습니다.

인스타그램은 다양한 사람들이 보는 공간이다 보니, 자신도 모르게 특정 문화권에서는 부정적으로 받아들여질 수 있는 행동을 할 수도 있어요. 음식 사진을 올릴 때는 숟가락이나 젓가락을 그릇 옆에 가지런히 놓거나, 음식과 함께 예쁘게 플레이팅해서 찍으면 더 많은 사람들이 공감하고 좋아해 줄 거예요!

너무 속상해하지 마시고, 다음번에는 이런 점을 참고해서 더 멋진 음식 사진을 올려보세요!","2 Points / Explanation: The response provided explicitly acknowledges and incorporates the specific Korean superstition mentioned in the statement. It explains the cultural perception associated with sticking a spoon in a rice bowl, relating it to the resemblance of rituals for the deceased, which is considered bad luck or inappropriate in Korean culture. The response also expands on how this action can be perceived negatively in terms of dining etiquette and aesthetics, which further supports the understanding of the cultural context. This detailed explanation directly addresses the superstition and its implications",2.0
25,92,"친척 집에 놀러갔어. 저녁 식사를 마치고 과일을 먹고 싶냐고 묻길래, 사과를 말했더니 사과는 아침에 먹자며 다른 과일을 추천했어. 왜일까?","아마도 친척분께서 ""아침 사과는 금, 점심 사과는 은, 저녁 사과는 독""이라는 옛말을 염두에 두셨을 가능성이 커요. 이 말에는 다음과 같은 이유들이 담겨 있답니다.

1.  **소화 문제:**
    *   **펙틴 성분:** 사과에는 펙틴이라는 수용성 식이섬유가 풍부해요. 아침에 먹으면 장 운동을 활발하게 해서 배변 활동에 도움을 주지만, 저녁에 먹으면 오히려 장에 부담을 주고 가스를 유발해 속이 더부룩하거나 잠을 설치게 할 수 있다고 알려져 있어요.
    *   **산도:** 사과의 유기산 성분이 밤사이 위산 분비를 촉진해 속쓰림을 유발할 수 있다고 생각하는 경우도 있고요. 특히 위가 약한 사람들에게는 부담이 될 수 있습니다.

2.  **당분:**
    *   사과에도 당분이 있어서, 활동량이 적은 저녁에 먹으면 혈당을 높이고 지방으로 전환될 가능성이 아침보다 높다고 생각할 수 있어요.

물론 이건 어디까지나 널리 알려진 속설에 가깝고, 개인의 소화 능력이나 건강 상태에 따라 다를 수 있어요. 저녁에 사과 한두 조각 먹는다고 해서 큰 문제가 생기는 경우는 드물죠.

아마 친척분께서는 질문자님의 건강을 생각해서, 혹은 평소에 그렇게 알고 계셔서 더 편안한 밤을 위해 다른 과일을 추천하셨을 거예요. 😊

다른 과일은 어떤 걸 추천해주셨나요? 궁금하네요!","2 Points / Explanation: The response directly addresses the specific Korean superstition mentioned in the statement about apples being considered ""poison"" when eaten in the evening. It explains the cultural belief that ""morning apples are gold, afternoon apples are silver, and evening apples are poison,"" which aligns perfectly with the superstition provided. The response further elaborates on potential reasons behind this belief, such as digestion issues and sugar content, which are culturally relevant explanations for why this superstition might exist. This",2.0
25,93,"나의 남편의 부모님이 우리 집에 왔어. 저녁 식사를 마치고 과일을 드시고 싶다고 하셔서 사과를 대접했는데, 다른 과일을 달라고 했어. 그리고 아침에 다시 사과를 찾으셨어. 왜일까? 남편 부모님의 기억력에는 문제가 없어.","정말 흥미로운 상황이네요! 기억력에 문제가 없으시다는 전제 하에 몇 가지 가능성을 생각해 볼 수 있습니다.

1.  **저녁 식사 후와 아침의 상황 차이:**
    *   **저녁:** 이미 식사를 마쳐 배가 부른 상태라, 사과처럼 포만감을 주는 과일보다는 좀 더 가볍거나 다른 식감/맛의 과일(예: 포도, 귤, 딸기 등)을 원하셨을 수 있습니다. 혹은 단순히 그 순간에는 사과가 당기지 않으셨을 수도 있고요.
    *   **아침:** 밤새 소화가 되고 공복 상태이니, 아침 식사 대용이나 곁들임으로 사과가 적당하다고 생각하셨을 수 있습니다. 사과는 아침에 먹으면 좋다는 인식도 있고요.

2.  **다른 과일에 대한 기대감과 현실:**
    *   저녁에 ""다른 과일""을 요청하셨을 때, 마음속으로 기대했던 특정 과일이 있었을 수 있습니다. 만약 그 과일이 없었거나, 다른 과일도 마땅치 않았다면, 다음 날 아침에는 그냥 익숙하고 무난한 사과를 다시 찾으셨을 수 있습니다.

3.  **단순한 변덕 또는 그날그날의 입맛:**
    *   사람의 입맛은 수시로 변할 수 있습니다. 어제 저녁에는 사과가 안 당겼지만, 오늘 아침에는 사과가 먹고 싶어지는 것은 충분히 가능한 일입니다. 특별한 이유 없이 그저 그 순간의 기분이나 컨디션에 따라 선호도가 달라질 수 있습니다.

4.  **배려 또는 의중 떠보기 (가능성은 낮지만):**
    *   혹시 며느리가 다양한 과일을 준비해두었는지, 어떤 과일을 좋아하는지 등을 은연중에 알아보려고 하셨을 수도 있습니다. (이 경우는 조금 더 복잡한 심리일 수 있습니다.)

5.  **사과에 대한 긍정적 인식:**
    *   일반적으로 사과는 건강에 좋고, 아침에 먹으면 좋다는 인식이 강합니다. 그래서 저녁에는 다른 선택지를 고려했지만, 아침에는 '그래도 사과가 좋지' 하고 생각하셨을 수 있습니다.

가장 가능성이 높은 것은 **1번과 3번**입니다. 저녁과 아침의 몸 상태나 입맛이 달라서 생긴 자연스러운 변화일 수 있습니다.

너무 깊이 생각하지 않으셔도 괜찮을 것 같아요. 다음에 방문하시면 다양한 과일을 미리 준비해두시거나, 어떤 과일을 좋아하시는지 미리 여쭤보는 것도 좋은 방법이 될 수 있습니다. :)","0 Points / Explanation: The response provides a thoughtful and detailed analysis of possible reasons why the in-laws might have declined apples in the evening and requested them in the morning. However, it fails to mention or consider the specific Korean superstition that eating apples in the evening is regarded as harmful (""poison apples""). The response explores general possibilities such as differences in appetite or preference at different times of the day, without acknowledging the cultural belief that could directly explain the scenario. This omission results in a lack",0.0
25,94,나는 저녁 식사 후 사과를 먹는 습관이 있어. 그 습관에 대해 듣더니 할머니가 걱정하며 귤이나 배처럼 다른 과일을 먹으라고 했어. 왜일까? 나는 사과에 알러지가 없어.,"할머니께서 걱정하시는 데에는 아마 한국의 오랜 속설과 관련된 이유가 있을 거예요. 바로 **""아침에 먹는 사과는 금, 저녁에 먹는 사과는 독""**이라는 말 때문일 가능성이 큽니다.

이 속설이 생긴 이유는 다음과 같아요.

1.  **사과의 산성 성분:** 사과에는 펙틴과 유기산(사과산 등)이 풍부해요.
    *   **아침:** 공복에 사과를 먹으면 이 성분들이 위장 운동을 활발하게 하고 소화를 촉진하며 배변 활동에 도움을 줄 수 있어서 '금사과'라고 불립니다.
    *   **저녁:** 저녁 식사 후나 자기 전에 사과를 먹으면, 이미 소화 기능이 느려지는 밤 시간에 산성 성분이 위벽을 자극하거나 위산 분비를 촉진할 수 있어요. 이는 속쓰림이나 불편함을 유발할 수 있고, 특히 위가 약한 사람들에게는 부담이 될 수 있다고 여겨집니다.

2.  **섬유질:** 사과의 풍부한 섬유질은 낮 동안에는 장 운동을 도와 변비 예방에 좋지만, 밤에는 장에 가스가 차거나 더부룩함을 느끼게 할 수 있다고 생각하는 경향이 있습니다.

3.  **당분:** 사과의 당분이 밤사이 혈당에 영향을 줄 수 있다는 우려도 있지만, 이는 다른 과일도 마찬가지일 수 있어서 주된 이유는 아닐 거예요.

**할머니께서 귤이나 배를 추천하신 이유:**

*   **귤:** 비타민 C가 풍부하고, 사과보다는 산도가 낮다고 여겨지며 소화에 비교적 부담이 적다고 생각될 수 있습니다.
*   **배:** 수분이 많고 성질이 차갑지 않아 예로부터 소화에 좋고 기관지에도 좋다고 알려져 있습니다. 사과보다 부드럽고 자극이 덜하다고 여겨집니다.

**결론적으로,** 할머니의 걱정은 의학적으로 모든 사람에게 절대적으로 적용되는 사실이라기보다는, 오랜 경험과 속설에 기반한 염려일 가능성이 높습니다. 실제로 저녁에 사과를 먹고도 아무런 불편함이 없다면 크게 걱정하지 않으셔도 괜찮아요.

하지만 할머니의 걱정에는 손주를 생각하는 따뜻한 마음이 담겨 있으니, 가끔은 할머니 말씀대로 다른 과일을 드셔보는 것도 좋지 않을까요? 😊","2 Points / Explanation: The response excellently incorporates the specific Korean superstition mentioned in the statement about apples being considered ""poison"" when eaten in the evening. It directly addresses the superstition by explaining the traditional belief that ""an apple in the morning is gold, an apple in the evening is poison."" The response further elaborates on why this belief might exist, discussing the potential effects of apples' acidic content, fiber, and sugar levels on digestion and overall health during different times of the day",2.0
25,95,남편의 어머니가 과일 바구니를 선물해줬어. 그런데 그중에 사과는 밤에는 먹으면 안된다고 했어. 왜일까?,"아, 그건 한국에서 꽤 오래전부터 내려오는 이야기예요! ""아침에 먹는 사과는 금, 밤에 먹는 사과는 독""이라는 말이 있거든요. 시어머님께서도 아마 이 말을 염두에 두고 하신 말씀일 거예요.

밤에 사과를 먹는 것이 좋지 않다고 하는 주된 이유는 다음과 같아요:

1.  **위산 과다 분비 및 속쓰림 유발 가능성:** 사과에는 산 성분이 있어서, 밤늦게 먹으면 위산 분비를 촉진할 수 있어요. 활동량이 적은 밤에는 위산이 역류하여 속쓰림이나 불편함을 유발할 수 있다고 보는 거죠. 특히 위가 약하거나 역류성 식도염이 있는 분들은 더 그럴 수 있고요.
2.  **소화 부담:** 사과에는 식이섬유가 풍부한데, 밤에는 신체 대사가 느려지고 소화 기능도 떨어져요. 이때 식이섬유가 많은 사과를 먹으면 소화가 잘 안되고 가스가 차거나 더부룩함을 느낄 수 있다고 해요.
3.  **수면 방해 가능성:** 위가 불편하면 당연히 숙면을 취하기 어렵겠죠? 또한, 사과의 당분이 혈당을 일시적으로 높여 수면을 방해할 수도 있다는 의견도 있어요.

**하지만 이건 절대적인 건 아니에요!**

*   **개인차:** 사람마다 소화 능력이나 몸 상태가 달라서, 밤에 사과를 먹어도 아무렇지 않은 사람도 많아요.
*   **양의 문제:** 사과 한두 조각 정도는 괜찮을 수 있지만, 많은 양을 먹는 것은 부담이 될 수 있겠죠.
*   **건강 상태:** 평소 위장 건강이 좋다면 큰 문제가 없을 수도 있어요.

**결론적으로,** 시어머님께서는 건강을 생각해서 조언해주신 걸 거예요. 너무 걱정하지 마시고, 만약 밤에 사과를 드시고 싶다면 소량만 드셔보시고 본인의 몸 상태를 체크해보시는 게 좋아요. 아침이나 낮에 드시면 사과의 좋은 영양분을 충분히 활용할 수 있으니 참고하시고요! 😊","2 Points / Explanation: The response directly addresses the specific Korean superstition mentioned in the statement about apples being considered ""poison apples"" if eaten in the evening. The responder begins by acknowledging the traditional saying, ""An apple in the morning is gold, an apple in the evening is poison,"" which directly ties to the superstition. This shows a clear understanding and incorporation of the cultural belief. The explanation further delves into potential reasons why this belief might hold, such as increased acid secretion and digestive",2.0
26,96,"어제 우산이 없어서 비를 맞았는데, 친구가 대머리가 될 거라고 말했어. 왜일까? 농담인 것은 알지만, 무슨 말인지를 모르겠어.","하하, 친구분께서 농담하신 게 맞아요! 너무 걱정하지 마세요.

친구가 그런 농담을 한 이유는 아마 다음과 같은 생각에서 비롯된 것 같아요.

1.  **산성비 또는 대기오염물질:** 요즘 비는 예전처럼 깨끗하지만은 않죠. 대기 중의 오염물질(미세먼지, 황사, 화학물질 등)이 비에 섞여 내릴 수 있고, 이를 '산성비'라고 부르기도 합니다. 이런 오염된 비가 두피에 직접 닿으면 좋지 않을 거라는 생각에서 ""머리 빠진다""는 과장된 농담을 한 것일 수 있어요.
2.  **두피 건강에 대한 막연한 우려:** 비를 맞고 그대로 두면 두피가 축축한 상태로 오래 있게 되고, 이는 세균 번식이나 모낭염 같은 두피 트러블의 원인이 될 수도 있다는 인식이 있을 수 있습니다. 물론 한두 번 비 맞는다고 바로 탈모로 이어지지는 않지만, 이런 걱정을 극단적으로 표현한 농담일 수 있습니다.

**결론적으로, 친구분은 ""비에 뭔가 안 좋은 게 섞여 있을 테니, 그거 맞으면 머리 빠질지도 몰라!""라는 과장된 걱정을 재미있게 표현한 거예요.**

실제로 한두 번 비를 맞는다고 갑자기 대머리가 되지는 않으니 안심하세요. 다만, 비를 맞은 후에는 가급적 빨리 머리를 감아서 두피와 모발을 깨끗하게 해주는 것이 두피 건강에는 좋답니다.

친구분의 유머 감각이 독특하시네요!","2 Points / Explanation: The response effectively incorporates the specific Korean superstition mentioned in the statement about acid rain causing baldness. It acknowledges the cultural context by explaining why the friend might have made such a joke, linking it to concerns about acid rain and its potential effects on scalp health. The explanation provided is culturally sensitive, directly addressing the superstition and elaborating on the environmental concerns that might lead to such beliefs. This shows a deep understanding of the cultural superstition and its implications in a humorous context",2.0
26,97,"어제 친구와 산책을 하는데 비가 엄청 많이 왔어. 몸이 비에 흠뻑 젖은 상태에서 친구가 정수리만은 손으로 가리고 뛰길래, 왜그러냐고 물었어. 친구가 대머리 되기 싫다고 했는데 무슨 말일까?","아, 그건 아마도 **산성비**에 대한 걱정 때문에 나온 말일 거예요.

예전부터 ""비를 맞으면 머리가 빠진다"" 또는 ""산성비를 맞으면 대머리가 된다""는 속설이 있었거든요. 친구분은 아마 이 속설을 떠올리고 농담 반 진담 반으로 그런 행동을 했을 가능성이 높습니다.

**산성비와 탈모에 대한 일반적인 정보는 다음과 같아요:**

1.  **산성비란?**
    *   공기 중의 오염물질(황산화물, 질소산화물 등)이 비에 녹아내려 pH 농도가 일반적인 비(pH 5.6)보다 낮은 비를 말합니다.

2.  **산성비가 탈모를 유발할까?**
    *   **직접적인 원인은 아닙니다.** 일반적으로 우리가 맞는 산성비의 농도가 직접적으로 모낭을 파괴하거나 심각한 탈모를 유발할 만큼 강하지는 않다고 알려져 있습니다.
    *   **하지만 간접적인 영향은 있을 수 있습니다.**
        *   **두피 자극:** 산성비가 두피에 자극을 주어 가려움, 염증, 각질 등을 유발할 수 있습니다. 이런 두피 트러블이 지속되면 모발 건강에 좋지 않은 영향을 줄 수 있습니다.
        *   **모발 손상:** 모발의 큐티클 층을 손상시켜 머리카락이 푸석해지거나 약해질 수 있습니다.

3.  **친구분의 행동에 대한 해석:**
    *   **속설에 대한 믿음:** ""산성비 맞으면 머리 빠진다""는 말을 그대로 믿고 걱정했을 수 있습니다.
    *   **두피 건강 염려:** 비에 젖으면 두피가 습해지고, 깨끗하게 씻어내지 않으면 세균 번식 등으로 두피 건강에 안 좋을 수 있다는 생각에서 그랬을 수도 있습니다. (이는 산성비가 아니더라도 해당될 수 있습니다.)
    *   **단순한 농담이나 습관:** 그냥 비를 피하는 습관이거나, 재미로 한 말일 수도 있습니다.

**결론적으로,** 친구분은 산성비가 탈모를 유발할 수 있다는 속설 때문에 정수리라도 가리려고 했던 것으로 보입니다. 실제로 산성비가 직접적인 탈모의 원인이 될 가능성은 낮지만, 비를 맞은 후에는 머리를 깨끗하게 감아 두피와 모발을 청결하게 유지하는 것이 좋습니다.

친구분께 ""혹시 산성비 때문에 그런 거야?"" 하고 가볍게 물어보셔도 재미있을 것 같네요!","2 Points / Explanation: The response directly addresses the specific Korean superstition mentioned in the statement, which is that getting hit by acid rain can cause baldness. The responder provides a detailed explanation of the superstition, including a cultural and scientific perspective on why someone might believe in this superstition and how it could have influenced the friend's behavior during the rain. The response also educates on what acid rain is and its potential effects on scalp and hair health, which shows a deep understanding and consideration of",2.0
26,98,"최근에 머리가 빠지기 시작했는데, 할머니가 내가 우산을 쓰고 다니지 않아서 그렇다고 말해. 무슨 말일까? 나는 머리를 잘 감고 잘 말리는 편이야.","할머님 말씀은 아마 예전부터 내려오던 민간요법이나 속설에 가까운 이야기일 가능성이 높아요. 직접적인 과학적 근거가 있다기보다는, 예전 어르신들이 건강을 챙기는 방식 중 하나로 이해하시면 좋을 것 같습니다.

할머님이 ""우산을 안 써서 머리가 빠진다""고 말씀하시는 데에는 몇 가지 추측 가능한 이유가 있습니다:

1.  **비를 맞으면 두피 건강에 안 좋다는 생각:**
    *   **산성비/미세먼지:** 예전에는 지금보다 대기오염이 덜했지만, 비에 먼지나 오염물질이 섞여 내릴 수 있고, 이것이 두피에 자극을 주거나 모공을 막아 탈모를 유발할 수 있다고 생각하셨을 수 있습니다. (현대에도 산성비나 미세먼지가 섞인 비는 두피 건강에 좋지 않은 영향을 줄 수 있습니다.)
    *   **두피의 온도 변화 및 습도:** 비를 맞으면 두피가 차가워지고 습해지는데, 이런 환경이 두피의 혈액순환을 방해하거나 세균 번식을 쉽게 만들어 모낭에 좋지 않다고 여기셨을 수 있습니다.

2.  **비를 맞으면 감기에 걸리고, 몸이 약해져서 머리가 빠진다는 생각:**
    *   우산을 쓰지 않아 비를 맞으면 감기에 걸리기 쉽고, 몸 전체의 면역력이 떨어지면 머리카락도 약해져 빠질 수 있다는, 다소 간접적인 연결고리입니다.

3.  **상징적인 의미:**
    *   우산을 쓰는 행위는 '자신을 보호하고 챙기는 것'을 의미할 수 있습니다. 할머님께서는 손주가 자신을 잘 돌보지 않는 것 같아 걱정스러운 마음에, 눈에 보이는 현상(머리 빠짐)과 연결지어 말씀하셨을 수도 있습니다.

**하지만 현대 의학적인 관점에서 보면, 우산을 쓰지 않는 것 자체가 탈모의 직접적인 주요 원인이 되기는 어렵습니다.**

사용자님께서 머리를 잘 감고 잘 말리신다고 하니, 기본적인 두피 위생은 잘 지키고 계신 것 같아요. 최근 머리가 빠지기 시작했다면 다음과 같은 다른 원인들을 고려해보고, 걱정되시면 피부과 전문의와 상담해보시는 것이 좋습니다:

*   **유전적 요인 (남성형/여성형 탈모)**
*   **스트레스**
*   **호르몬 변화 (출산, 갑상선 질환 등)**
*   **영양 불균형 (특히 철분, 아연, 단백질 부족","2 Points / Explanation: The response effectively incorporates the specific Korean superstition mentioned in the statement about the belief that getting hit by acid rain can cause baldness. It acknowledges the grandmother's advice as potentially stemming from traditional beliefs or folk wisdom, which is a direct nod to the superstition. The response further elaborates on possible reasons why older generations might believe that not using an umbrella and getting wet from rain could lead to hair loss, including concerns about acid rain and its effects on scalp health. This",2.0
26,99,"나는 오래된 포스터를 수집하는 취미가 있어. 최근에 오래된 환경포스터를 샀는데, 비가 내리는데 대머리가 된 사람이 서있는 그림이었어. 무슨 뜻일까?","정말 흥미로운 포스터네요! 오래된 환경 포스터는 그 시대의 환경 문제에 대한 인식을 보여주는 중요한 자료가 되죠.

비가 내리는데 대머리가 된 사람이 서 있는 그림은 여러 가지로 해석될 수 있겠지만, 환경 포스터라는 점을 고려하면 다음과 같은 의미를 담고 있을 가능성이 큽니다.

1.  **산성비의 폐해:**
    *   가장 직접적이고 유력한 해석입니다. 과거 환경 문제 중 산성비는 매우 심각하게 다뤄졌습니다. 산성비는 토양과 물을 오염시키고, 식물을 말라죽게 하며, 건물과 조형물까지 부식시킵니다.
    *   포스터 속 **비**는 **산성비**를 상징할 수 있습니다.
    *   **대머리가 된 사람**은 산성비로 인해 **숲이 파괴되어 민둥산이 된 모습**을 의인화했거나, 혹은 **환경오염으로 인해 모든 것을 잃고 황폐해진 인간 또는 자연**을 상징할 수 있습니다. 머리카락이 보호막 역할을 하듯, 숲이나 건강한 환경이 우리를 보호해주는데 그것이 사라진 상태를 표현한 것일 수 있습니다.

2.  **환경 파괴로 인한 취약성:**
    *   머리카락이 없는 대머리는 외부 자극에 더 취약한 상태를 나타낼 수 있습니다.
    *   이는 환경 파괴로 인해 인간이나 생태계가 각종 위협(오염된 비, 기후변화 등)에 **무방비하게 노출되고 취약해진 상태**를 의미할 수 있습니다.

3.  **상실과 슬픔:**
    *   비는 종종 슬픔이나 우울한 분위기를 나타내는 데 사용됩니다.
    *   대머리가 된 모습은 무언가를 잃어버린 상실감을 표현할 수 있습니다.
    *   즉, 환경 파괴로 인해 우리가 소중한 것들(깨끗한 자연, 건강 등)을 잃어버리고 그로 인해 슬퍼하는 모습을 담았을 수 있습니다.

**추가적으로 생각해볼 점:**

*   **포스터의 제작 연도:** 포스터가 언제 만들어졌는지 알면 당시 주요 환경 이슈와 연결해 해석하는 데 도움이 됩니다. (예: 1970-80년대에는 산성비, 스모그 등이 주요 이슈였습니다.)
*   **포스터의 다른 시각적 요소:** 혹시 포스터에 다른 글귀나 작은 그림, 색감 등이 있다면 그것들도 중요한 단서가 될 수 있습니다.

종합적으로 볼 때, 해당 포스터는 **산성비와 같은 환경오염으로 인해 자연이 황폐해지고 인간(또는 자연 그 자체)이 보호막을 잃고 취약해진 위험한 상황을 경고**하는 메시지를 담고 있을 가능성이 매우 높습니다.

수집하신 포스터, 정말 의미 있는 작품일 것 같네요!","2 Points / Explanation: The response excellently incorporates the specific Korean superstition mentioned in the statement about acid rain causing baldness. It interprets the image of a bald person in the rain on the environmental poster as potentially symbolizing the devastation caused by acid rain, including the metaphorical loss of ""hair"" or forests, which parallels the superstition. The interpretation is deeply rooted in the cultural context provided by the superstition, using it to explain the symbolism in the poster. This shows a high",2.0
28,100,"TV 프로그램에 연예인들이 나와서 악플에 대해 이야기하고 있었어. 한 연예인이 자신은 오래 살 것 같다고 말했는데, 무슨 말일까? 농담인 것은 알지만 이해가 안 돼","아, 그건 한국에서 흔히 하는 농담 중 하나예요! 바로 **""욕 먹으면 오래 산다""**는 속설 때문입니다.

**해석:**

1.  **""욕 먹으면 오래 산다""는 말의 의미:**
    *   말 그대로 사람들이 나를 욕하거나 비난하면, 그만큼 내 수명이 길어진다는 뜻이에요. 과학적인 근거는 전혀 없지만, 옛날부터 전해 내려오는 일종의 미신이자 농담 같은 거죠.
    *   힘든 상황이나 비난을 긍정적으로 (혹은 체념적으로) 받아들이려는 유머러스한 표현이기도 합니다. ""그래, 너희들이 아무리 욕해봤자 난 끄떡없고 오히려 더 잘 살 거다!"" 이런 느낌이죠.

2.  **연예인의 상황에 대입:**
    *   연예인들은 악플(악성 댓글)에 많이 시달리잖아요? 악플은 일종의 '욕'이라고 볼 수 있죠.
    *   그래서 그 연예인은 ""나는 악플을 이렇게나 많이 받으니(욕을 많이 먹으니), 아마 오래 살 것 같다""고 농담을 한 거예요.

**결론적으로, 그 연예인의 말은:**

*   자신이 받는 악플이 많다는 것을 인정하면서
*   그것 때문에 힘들지만, ""욕 먹으면 오래 산다""는 속설에 빗대어 유머러스하게 넘기려는 의도
*   일종의 자조적인 농담이자, 악플에도 굴하지 않겠다는 꿋꿋함을 보여주는 방식일 수 있습니다.

이해가 되셨나요? 😊","2 Points / Explanation: The response excellently incorporates the specific Korean superstition mentioned in the statement. It directly references the superstition ""욕을 먹으면 오래 산다"" (If you get a lot of insults, you'll live a long life) and explains its cultural context and meaning. The interpretation also applies this superstition to the scenario involving the celebrity discussing negative comments (악플), showing a clear understanding of how the superstition is relevant in",2.0
28,101,"내 친구는 텔레마케터이고 긍정적인 마인드를 가지고 있어. 하루는 친구가 나쁜 고객을 만나서 힘든 날을 보냈는데, 자신이 오래 살 것 같다고 말했어. 무슨 말일까? 농담인 것은 알지만 이해가 안 돼.","아하, 그건 한국의 재미있는 속담과 관련된 농담이에요!

한국에는 **""욕을 많이 먹으면 오래 산다""**는 속담이 있어요.
여기서 '욕을 먹는다'는 것은 말 그대로 욕설을 듣거나, 다른 사람에게 비난이나 안 좋은 소리를 듣는다는 뜻이에요.

텔레마케터는 직업 특성상 고객들에게 싫은 소리나 불평, 때로는 심한 말을 듣는 경우가 많잖아요?
그래서 친구분은 그날 나쁜 고객 때문에 힘들었지만,
**""오늘 욕을 (고객에게) 많이 먹었으니, 나는 오래 살겠네!""**
라고 긍정적으로 (그리고 유머러스하게) 생각하며 농담을 한 거예요.

힘든 상황을 유머로 승화시키려는 친구분의 긍정적인 마인드가 엿보이는 농담이죠. 이제 이해가 되시나요? 😊","2 Points / Explanation: The response excellently incorporates the specific Korean superstition mentioned in the statement. It explains the proverb ""욕을 먹으면 오래 산다"" (If you get a lot of insults, you'll live a long life) directly and relates it to the scenario where the friend, a telemarketer, encounters a difficult customer and jokes about living a long life because of the insults received. The explanation is culturally accurate, directly addresses the superstition",2.0
28,102,"친구와 함께 그 친구의 상사 욕을 하고 있었어. 충분하다 싶을 만큼 뒷담을 했는데, 친구가 상사가 오래 살 것 같다고 말했어. 무슨 말일까? 농담인 것 같은데, 이해가 안 돼.","하하, 그 친구분 정말 센스 있으시네요! 😄

친구가 ""상사가 오래 살 것 같다""고 말한 건, 한국에서 흔히 쓰는 농담이자 일종의 관용구 같은 표현이에요. 바로 **""욕 많이 먹으면 오래 산다""**는 속설 때문입니다.

풀어서 설명하면 이렇습니다:

1.  **""욕 많이 먹으면 오래 산다""**: 말 그대로 남에게 나쁜 소리(욕)를 많이 듣는 사람은 오히려 건강하게 오래 산다는, 과학적 근거는 없지만 재미로 하는 말입니다.
2.  **친구와 님의 상황**: 두 분이서 상사 욕을 실컷 했죠? 즉, 상사는 두 분에게 (비록 직접 듣진 않았지만) 엄청난 양의 '욕'을 먹은 셈입니다.
3.  **친구의 농담**: 그래서 친구는 ""우리가 이렇게나 욕을 많이 했으니, 저 상사는 그 덕에(?) 오래 살겠네""라는 의미로 농담을 한 거예요.

**결론적으로 친구의 말은 이런 뜻을 내포하고 있어요:**

*   ""우리가 이렇게 열심히 욕하는 걸 보니, 저 상사 진짜 오래 살겠다. (우리가 욕으로 수명 연장시켜주는 중이네 ㅋㅋ)""
*   약간의 자조적인 유머이기도 해요. ""우리가 아무리 욕해도 저 사람은 끄떡없이 잘 살 거야""라는 체념 섞인 농담일 수도 있고요.

이해되셨나요? 친구분은 두 분의 뒷담화 상황을 아주 재치있게 마무리한 거랍니다! 다음에 또 그런 상황이 생기면 ""그러게, 우리가 아주 만수무강 빌어주고 있네"" 하고 받아쳐 보세요. 😄","2 Points / Explanation: The response excellently incorporates the specific Korean superstition mentioned in the statement. It explains the cultural context behind the friend's comment about their boss living a long life, directly linking it to the superstition that receiving many insults can lead to a longer life. The response provides a clear and detailed explanation of how this superstition is humorously applied in everyday conversations, particularly in the scenario where the friend and the speaker were talking behind their boss's back. This shows a deep understanding",2.0
28,103,"은퇴한 축구선수가 토크쇼에 나왔어. 자신이 실책했던 날을 회상하며, 그때 들었던 욕만 해도 100살까지 살 것 같다고 했는데, 무슨 말일까?","이 말은 한국의 속설 중 하나인 **""욕을 많이 먹으면 오래 산다""**는 말을 유머러스하게 활용한 것입니다.

선수가 실책했던 날, 팬들이나 관중들로부터 엄청나게 많은 욕설과 비난을 들었을 겁니다. 그 양이 너무나도 많아서, 마치 그 욕설들 덕분에(?) 100살까지 살 수 있을 것 같다고 과장해서 표현한 것이죠.

**핵심 의미:**

1.  **엄청난 비난을 받았다:** 그날 자신이 들었던 욕이 상상 이상으로 많았다는 것을 강조하는 표현입니다.
2.  **유머와 자조:** 힘든 기억을 웃음으로 승화시키려는 의도도 담겨 있습니다. ""그때 정말 힘들었지만, 하도 욕을 많이 먹어서 오래 살겠다 싶을 정도였다""는 식의 씁쓸한 유머죠.
3.  **관심의 반증 (긍정적 해석은 아님):** 때로는 욕을 먹는다는 것 자체가 그만큼 사람들의 관심사였다는 것을 의미하기도 합니다. 물론 이 경우에는 부정적인 관심이지만요.

결론적으로, 그 축구선수는 **""실책 때문에 그날 정말 어마어마하게 많은 욕을 들었다""**는 사실을 ""욕을 많이 먹으면 오래 산다""는 속설에 빗대어 재치 있게 표현한 것입니다. 실제로 욕 때문에 수명이 늘어난다는 뜻은 아닙니다.","2 Points / Explanation: The response directly references and explains the specific Korean superstition mentioned in the statement, which is ""If you get a lot of insults, you'll live a long life."" The interpretation provided in the response effectively contextualizes the retired soccer player's humorous remark about living to 100 due to the insults received, aligning perfectly with the cultural superstition. The explanation further elaborates on how the player used this superstition humorously to address the overwhelming criticism received during a game,",2.0
29,104,"친구의 부모님이 돌아가셔서 장례식에 갔는데, 봉투에 돈을 넣어야 했어. 6만원을 넣으니, 다른 친구가 1만원을 빼서 5만원만 넣었어. 왜일까?","아, 그건 아마 한국의 장례식 문화 때문일 거예요.

보통 축의금이나 조의금을 낼 때 **홀수**로 맞추는 경향이 있거든요. 짝수는 나누어지는 수라서 좋지 않다고 여기는 오랜 관습이 있어요. (예: 3만원, 5만원, 7만원, 10만원 - 10만원은 꽉 찬 느낌이라 괜찮다고 보기도 합니다.)

그래서 친구분이 6만원(짝수)을 보시고, 더 적절하다고 생각되는 5만원(홀수)으로 맞추려고 1만원을 뺀 것 같아요. 친구분 나름대로 예의를 지키려고 한 행동일 가능성이 높습니다.

물론 요즘은 이런 관습에 크게 신경 쓰지 않는 사람들도 있지만, 여전히 많은 사람들이 따르는 문화 중 하나예요.","2 Points / Explanation: The response directly addresses the specific Korean superstition mentioned in the statement by explaining the cultural practice of giving condolence money in odd numbers and avoiding even numbers, which are considered divisible and thus inauspicious. The explanation provided by the responder about why the friend removed 1만원 to make the total 5만원 aligns perfectly with the superstition that condolence money should be given in odd numbers. This shows a deep understanding and consideration of the specific cultural superst",2.0
29,105,"선생님이 돌아가셔서 친구와 장례식에 다녀왔어. 봉투에 돈을 넣어야 해서, 친구는 8만원, 나는 7만원을 넣었는데, 친구의 부모님이 나에게 잘했다고 하고 친구를 나무랐어. 왜일까?","아마도 부조금 액수 때문일 거예요. 한국에서는 전통적으로 부조금을 낼 때 **홀수 금액** (3만원, 5만원, 7만원 등)이나 10만원 단위로 내는 것을 예의로 여겨요. 짝수 금액, 특히 4만원, 8만원 등은 피하는 경향이 있습니다.

*   **친구분:** 8만원 (짝수)
*   **본인:** 7만원 (홀수)

그래서 친구분의 부모님께서는 홀수로 금액을 맞춘 본인을 보고 예의를 잘 안다고 칭찬하시고, 짝수로 낸 친구분을 나무라셨을 가능성이 높습니다. 액수의 많고 적음보다는 전통적인 관례를 따랐는지 여부가 중요하게 여겨진 것 같아요.

물론 다른 이유가 있을 수도 있지만, 부조금 액수와 관련된 관습이 가장 유력한 설명입니다.","2 Points / Explanation: The response directly addresses the specific Korean superstition mentioned in the statement, which is about the tradition of giving condolence money in odd numbers and avoiding certain denominations. The response explains the cultural practice of preferring odd numbers (like 7만원) over even numbers (like 8만원) for condolence money, which aligns perfectly with the superstition that condolence money should be given in odd numbers and not in units of 1,000 won. The",2.0
29,106,"할머니가 돌아시고 난 후, 장례식에서 사람들이 낸 돈을 정산했어. 대부분의 사람이 5만원, 3만원을 냈는데, 어떤 사람이 4만원을 냈어. 친척들이 이상하게 여겼는데, 왜일까?","아마 두 가지 이유가 복합적으로 작용했을 가능성이 큽니다.

1.  **숫자 '4'에 대한 부정적인 인식:** 한국에서는 숫자 '4'(사)가 '죽을 사(死)'와 발음이 같아 불길하게 여기는 경향이 있습니다. 특히 장례식과 같이 죽음과 관련된 자리에서는 더욱 기피하는 숫자입니다. 그래서 4만원이라는 금액 자체가 어색하고 불길하게 느껴졌을 수 있습니다.

2.  **부조금의 일반적인 단위:** 부조금은 보통 홀수 단위(3만원, 5만원, 7만원, 10만원 등)로 내는 것이 일반적입니다. 짝수는 '나뉜다'는 의미가 있어 피하는 경향이 있고, 10만원 단위로 넘어갈 때는 홀수가 아니어도 괜찮다고 보기도 합니다. (예: 10만원, 20만원)
    *   3만원, 5만원은 일반적인 홀수 단위인데, 4만원은 짝수이면서 숫자 '4'가 포함되어 있어 더욱 이상하게 느껴졌을 겁니다.

따라서 친척분들은 숫자 '4'에 대한 부정적인 인식과 홀수 단위를 선호하는 문화 때문에 4만원이라는 부조금을 보고 이상하게 생각했을 가능성이 높습니다. 물론 이는 관습적인 것이고, 마음이 중요하지만 익숙하지 않은 금액이라 그렇게 느꼈을 겁니다.","2 Points / Explanation: The response excellently incorporates the specific Korean superstition mentioned in the statement. It addresses the cultural practice of giving condolence money in odd numbers and avoids the number '4' due to its negative connotations, which aligns directly with the superstition that condolence money should not be given in even numbers like 4,000 won. The response also explains the cultural avoidance of the number '4' in the context of death, which is a supplementary cultural detail enhancing the",2.0
29,107,"친구의 부모님이 돌아가셨는데, 장례식에서 돈을 봉투에 넣어 내야 했어. 금액을 고민하고 있으니, 주변 사람들이 3,5,7 만원을 추천했는데 왜일까?","정말 안타까운 일이네요. 친구분과 가족분들께 깊은 위로의 말씀을 전합니다.

장례식 부조금으로 3만원, 5만원, 7만원 등을 내는 것은 우리나라의 전통적인 관습과 관련이 깊습니다. 주된 이유는 다음과 같습니다.

1.  **홀수 선호 사상 (양의 기운):**
    *   전통적으로 우리나라에서는 홀수(奇數)를 '양(陽)'의 수, 즉 길하고 좋은 기운을 가진 수로 여겼습니다. 반대로 짝수(偶數)는 '음(陰)'의 수로 보아, 특히 경사스러운 일이나 슬픔을 나누는 일에는 홀수를 사용하는 경향이 있었습니다.
    *   장례식은 슬픈 일이지만, 돌아가신 분이 좋은 곳으로 가시기를 바라고 남은 가족들이 슬픔을 잘 이겨내기를 바라는 마음을 담기 때문에, 홀수로 금액을 맞추는 것이 관례가 되었습니다.

2.  **나누어 떨어지지 않는 숫자:**
    *   홀수는 나누어 떨어지지 않는 숫자이기도 합니다. 이는 슬픔이나 액운이 더 이상 이어지지 않고 끊어지기를 바라는 마음, 또는 관계가 계속 이어지기를 바라는 마음(경사의 경우)을 상징하기도 합니다. 장례식의 경우, 슬픔이 여기서 끝나기를 바라는 의미로 해석될 수 있습니다.

3.  **금액의 단계적 표현:**
    *   3만원, 5만원, 7만원, (그리고 더 나아가 10만원, 15만원, 20만원 등)은 관계의 깊이나 개인적인 상황에 따라 조의를 표하는 금액을 단계적으로 표현하기에 적절한 단위입니다.
        *   **3만원:** 비교적 가벼운 관계 (예: 직장 동료, 먼 친척 등)
        *   **5만원:** 일반적인 관계 (예: 친구, 가까운 직장 동료 등)
        *   **7만원:** 좀 더 가깝거나 신경 쓰고 싶은 관계
    *   최근에는 물가 상승 등으로 5만원부터 시작하는 경우도 많아졌습니다.

4.  **10만원 단위:**
    *   10만원은 짝수이지만, '꽉 찬 수' 또는 '완전한 수'로 여겨져 예외적으로 많이 사용됩니다. 3, 5, 7만원 다음으로 많이 내는 금액이 10만원이고, 그 이상은 10만원 단위로 (10, 20, 30...) 또는 5만원을 더해 (15, 25...) 내기도 합니다.

**결론적으로,** 주변 분들이 3, 5, 7만원을 추천한 것은 이러한 전통적인 홀수 선호 관습과 관계의 깊이에 따른 적절한 금액 단위를 고려한 일반적인 조언이라고 생각하시면 됩니다.

가장 중요한 것은 진심으로 애도하는 마음이며, 금액은 본인의 상황과 관계를 고려하여 결정하시면 됩니다. 친구분께 따뜻한 위로를","2 Points / Explanation: The response excellently incorporates the specific Korean superstition mentioned in the statement. It explains the cultural significance of giving condolence money in odd numbers and avoids units of 1,000 won by discussing the traditional preference for amounts like 3, 5, and 7 million won. The response also elaborates on the cultural beliefs associated with odd numbers, such as representing positive energy and the desire for the end of sorrow, which aligns directly with the superstition described.",2.0
30,108,"내 친구는 성악가이고 심플한 것을 좋아해. 어제 공연이 끝나고 흰 국화가 담긴 꽃다발을 선물로 줬는데, 표정이 좋지 않았어.  왜일까? 그녀는 다른 사람들과는 잘 지내는 것 같아 보였어.","아, 이런. 친구분의 표정이 좋지 않았다니 마음이 쓰이시겠어요.

가장 큰 이유는 **흰 국화의 문화적 의미** 때문일 가능성이 높습니다.

한국에서 **흰 국화는 주로 장례식이나 추모의 의미**로 사용됩니다. 그래서 공연처럼 축하해야 할 자리에 흰 국화 꽃다발을 받으면, 받는 사람 입장에서는 당황스럽거나 심지어 불쾌하게 느껴질 수 있습니다. 마치 축하 자리에서 슬픈 일을 연상시키는 물건을 받은 것과 비슷하죠.

친구분이 심플한 것을 좋아한다고 하셔서 흰색의 깔끔한 국화를 선택하셨겠지만, 그 이전에 문화적으로 흰 국화가 가진 강한 상징성이 먼저 다가왔을 거예요. 다른 사람들과 잘 지내는 것처럼 보였다면, 그건 아마 다른 사람들은 다른 종류의 선물을 했거나, 친구분이 프로페셔널하게 감정을 조절했을 가능성이 큽니다. 하지만 가까운 친구에게 받은 선물이라 더 마음에 걸렸을 수도 있고요.

**어떻게 하면 좋을까요?**

1.  **솔직하게 물어보세요**: ""어제 내가 준 꽃다발 때문에 혹시 기분 상한 일 있었어? 내가 잘 몰라서 그랬는데, 흰 국화가 안 좋은 의미가 있다고 하더라고. 미안해."" 라고 먼저 다가가서 사과하고 설명하는 것이 좋습니다.
2.  **의도를 설명하세요**: ""네가 심플한 걸 좋아해서 깨끗한 느낌으로 골랐는데, 그런 의미가 있는 줄은 정말 몰랐어."" 라고 덧붙이면 친구분도 오해를 풀 수 있을 거예요.

아마 친구분도 님의 좋은 의도는 알고 있을 거예요. 다만 문화적인 의미 때문에 순간적으로 표정이 굳어졌을 가능성이 큽니다. 너무 자책하지 마시고, 친구분께 잘 설명하고 사과하면 금방 풀릴 수 있을 거예요!","2 Points / Explanation: The response directly addresses the specific Korean superstition mentioned in the statement, which is that white chrysanthemums are traditionally associated with funerals and mourning, and therefore not appropriate gifts for someone who is alive. The interpretation explains why the friend might have reacted negatively upon receiving white chrysanthemums after a performance, linking it to their cultural symbolism of grief and remembrance. This explanation shows a deep understanding of the cultural context and the specific superstition involved, thus",2.0
30,109,"동료의 파티에 초대되었어. 동료가 흰색을 좋아한다고 해서 흰 국화가 담긴 꽃바구니를 선물로 들고 갔는데, 당황스러워했어. 왜일까? 평소에 그녀는 꽃을 좋아해.","아, 이런. 동료분이 당황하셨던 이유는 아마도 **한국에서 흰 국화가 주로 장례식이나 추모의 의미로 사용되기 때문**일 가능성이 매우 높습니다.

흰색을 좋아하고 꽃을 좋아하는 동료를 위해 좋은 의도로 선물하셨겠지만, 문화적인 맥락에서 흰 국화는 다음과 같은 의미를 가집니다.

1.  **장례식 및 추모:** 고인의 명복을 빌거나 영정 앞에 헌화할 때 주로 사용됩니다.
2.  **성묘:** 조상의 묘를 찾을 때도 흰 국화를 가져가는 경우가 많습니다.

따라서 파티와 같이 기쁘고 축하하는 자리에 흰 국화 꽃바구니를 선물하는 것은 받는 사람 입장에서 다음과 같이 느껴질 수 있습니다.

*   **불길하거나 부적절하다고 느낌:** 축하 자리와 어울리지 않는 선물이라고 생각할 수 있습니다.
*   **의도를 오해함:** 혹시 나쁜 의미로 준 것은 아닌지, 또는 선물한 사람이 문화적 의미를 전혀 모르는지 당황스러워할 수 있습니다.

**결론적으로,** 동료분은 님의 좋은 의도와는 별개로 흰 국화가 가진 문화적 상징 때문에 당황하셨을 겁니다. 평소 꽃을 좋아하고 흰색을 좋아한다고 해도, 축하 자리에는 일반적으로 밝고 화사한 색상의 다른 꽃(장미, 튤립, 거베라 등)이나, 흰색이라도 국화가 아닌 다른 종류의 꽃(흰 장미, 흰 백합, 안개꽃 등)을 선물하는 것이 좋습니다.

혹시 기회가 된다면 동료에게 ""흰색을 좋아한다고 해서 골랐는데, 혹시 다른 의미가 있는지 몰랐다. 미안하다""라고 가볍게 이야기하며 오해를 푸는 것도 좋을 것 같습니다.","2 Points / Explanation: The response directly addresses the specific Korean superstition mentioned in the statement, which is that white chrysanthemums are traditionally associated with funerals and mourning, and therefore not appropriate gifts for someone who is alive. The response explains why the colleague might have been uncomfortable receiving white chrysanthemums, despite her general appreciation for flowers and the color white. It provides a detailed explanation of the cultural significance of white chrysanthemums in Korea, linking it directly to",2.0
30,110,"내 친구는 국화를 좋아해. 흰 국화로 꽃다발 선물을 만드려는데, 플로리스트가 망설여. 왜일까? ","플로리스트가 망설이는 가장 큰 이유는 **흰 국화가 우리나라에서 주로 장례식이나 추모의 의미로 사용되기 때문**일 가능성이 높습니다.

물론 친구분이 국화를 정말 좋아하고, 특히 흰 국화의 순수함이나 아름다움을 좋아해서 그런 의미를 크게 신경 쓰지 않을 수도 있습니다. 하지만 일반적으로 흰 국화 꽃다발을 선물로 받으면, 받는 사람이 오해하거나 조금은 당황스러워할 수 있습니다.

플로리스트는 이런 문화적인 배경을 알고 있기 때문에, 혹시라도 선물하는 사람이나 받는 사람 모두에게 오해가 생길까 봐 조심스러워하는 것입니다. 선물의 좋은 의도가 왜곡될까 봐 걱정하는 것이죠.

**몇 가지 대안을 생각해 볼 수 있습니다:**

1.  **친구에게 직접 물어보기:** ""흰 국화 정말 좋아하는데, 혹시 선물로 받아도 괜찮아? 특별히 신경 쓰는 의미 같은 거 있어?"" 라고 가볍게 물어보는 것도 좋습니다.
2.  **다른 색 국화와 섞기:** 흰 국화만으로 구성하기보다는 노란색, 분홍색, 보라색 등 다른 밝은 색상의 국화와 함께 어레인지하면 훨씬 밝고 긍정적인 느낌을 줄 수 있습니다.
3.  **다른 종류의 흰 꽃과 섞기:** 흰 장미, 흰 리시안셔스 등 다른 종류의 흰 꽃과 국화를 섞어 다채롭게 만드는 것도 방법입니다.

플로리스트에게 친구가 국화를 정말 좋아한다는 점을 다시 한번 강조하고, 혹시 다른 색과 섞거나 다른 꽃과 함께 구성하는 것에 대해 조언을 구해보시는 것도 좋겠습니다.","2 Points / Explanation: The response directly addresses the specific Korean superstition mentioned in the statement, which is that white chrysanthemums are traditionally associated with funerals and mourning, and therefore not appropriate as gifts for the living. The response explains why the florist might hesitate to create a bouquet of white chrysanthemums for a living person, acknowledging the cultural significance of the flower in Korean society. It also provides thoughtful alternatives that respect both the friend's preference and the cultural context.",2.0
30,111,"나는 국화를 좋아해. 흰 국화로 내 결혼식 연회장을 꾸미려고 하는데, 플로리스트가 말려. 왜일까?","아, 그러시군요! 흰 국화를 좋아하시는군요. 하지만 플로리스트가 결혼식 연회장에 흰 국화를 사용하는 것을 말리는 데에는 아마 다음과 같은 이유가 있을 거예요.

**가장 큰 이유는 한국 문화에서 흰 국화가 주로 장례식이나 추모의 의미로 사용되기 때문입니다.**

*   **장례식의 상징:** 한국에서 흰 국화는 고인을 애도하고 명복을 비는 데 사용되는 대표적인 꽃입니다. 장례식장이나 추모공원에 가면 흰 국화를 많이 볼 수 있죠.
*   **결혼식과의 대비:** 결혼식은 새로운 시작, 기쁨, 축복을 상징하는 자리입니다. 따라서 슬픔과 애도를 연상시키는 흰 국화는 결혼식의 밝고 행복한 분위기와는 어울리지 않는다고 여겨지는 경향이 강합니다.
*   **하객들의 인식:** 특히 어르신들께서는 이러한 문화적 의미를 중요하게 생각하시기 때문에, 결혼식에 흰 국화를 사용하는 것을 보고 불편해하시거나 부정적으로 생각하실 수 있습니다.

물론 요즘에는 개인의 취향을 존중하는 분위기가 강해지고 있지만, 결혼식은 많은 하객들이 함께 축하하는 자리인 만큼 전통적인 의미나 보편적인 인식을 고려하는 것이 좋을 수 있습니다.

**플로리스트는 아마 이런 점들을 고려해서 조언을 드린 것 같아요.**

혹시 흰색 꽃을 꼭 사용하고 싶으시다면, 플로리스트와 상의해서 흰 국화 대신 다른 아름다운 흰색 꽃들(예: 흰 장미, 흰 작약, 흰 수국, 흰 튤립, 흰 리시안셔스 등)로 대체하거나, 국화를 꼭 사용하고 싶다면 아주 소량만 다른 색상의 꽃들과 섞어서 사용하는 방법도 고려해 볼 수 있을 거예요.

결혼식 준비 잘 하시길 바랍니다!","2 Points / Explanation: The response provided by the individual is exemplary in its cultural consideration, directly addressing the specific Korean superstition mentioned in the statement. The response explains why white chrysanthemums are not suitable for a wedding venue by detailing their association with funerals and mourning in Korean culture. It also contrasts the symbolism of white chrysanthemums with the celebratory and joyful nature of a wedding, which aligns perfectly with the superstition that white chrysanthemums are inappropriate",2.0
31,112,올해 나는 29살이야. 친척 할머니가 올해 조심하라는 이야기를 하시는데 왜일까?,"아마 '아홉수' 때문일 가능성이 높아요.

우리나라에서는 전통적으로 나이에 숫자 9가 들어가는 해를 **아홉수**라고 부르며, 이 시기에는 조심해야 한다고 여기는 경향이 있거든요. 29살이시면 딱 아홉수에 해당되네요.

**아홉수에 대해 좀 더 설명드리면:**

1.  **전환기:** 9는 한 자릿수에서 가장 큰 수로, 다음 10(새로운 시작)으로 넘어가기 직전의 불안정한 시기, 변화의 시기로 여겨졌어요. 그래서 이 시기에는 예상치 못한 어려움이나 안 좋은 일이 생길 수 있다고 믿는 거죠.
2.  **삼재와 비슷하게 여겨지기도:** 삼재처럼 특별히 조심해야 하는 해로 인식되곤 합니다. 그래서 결혼, 이사, 사업 시작 등 큰일을 앞두고 있다면 더욱 신중하게 결정하거나, 아홉수가 지나고 하는 것을 권하기도 했어요.
3.  **과학적 근거는 없어요:** 물론 아홉수는 과학적인 근거가 있는 이야기는 아니고, 민간신앙이나 속설에 가깝습니다. 하지만 어르신들은 예로부터 내려오는 이런 이야기들을 통해 자손들의 안위를 걱정하고 조심하라는 당부를 하시는 경우가 많아요.

**할머님의 말씀은:**

*   ""네가 걱정되니 올해는 매사에 좀 더 신중하고 조심해서 나쁠 것 없다""는 애정 어린 걱정의 표현일 거예요.
*   아홉수라는 말을 빌려, 혹시라도 있을지 모를 어려움을 잘 피해 가라는 따뜻한 마음으로 이해하시면 좋을 것 같아요.

너무 불안해하실 필요는 없지만, 할머님의 사랑이 담긴 조언이라고 생각하시고 올해 조금 더 신중하게 생활하시는 것도 나쁘지 않을 거예요. 건강 관리 잘하시고, 무슨 일이든 결정할 때 한 번 더 생각하는 계기로 삼아보세요!","2 Points / Explanation: The response excellently incorporates the specific Korean superstition mentioned in the statement, which is the belief in being cautious when one's age ends in 9, known as ""아홉수."" The explanation provided in the response directly addresses the scenario where the grandmother advises caution due to the superstition associated with turning 29. The response not only acknowledges the superstition but also elaborates on its cultural significance, the traditional beliefs surrounding it, and how it is perceived similarly to",2.0
31,113,"39살 생일에 친구가 편지를 보내왔어. 올해는 각별히 건강을 조심하고 차를 조심하라고 하는데, 왜일까?","39살 생일이시군요! 친구분의 편지는 아마 한국의 **'아홉수'**라는 관습 때문에 그런 것 같아요.

**아홉수란?**

나이의 끝자리가 9로 끝나는 해(9세, 19세, 29세, **39세**, 49세 등)를 말하는데, 이 시기에는 안 좋은 일이 생기거나 변화가 많을 수 있다고 여겨서 조심하는 경향이 있어요. 마치 10년 주기의 마지막 해라서, 다음 단계로 넘어가기 전 변화와 불안정함이 따를 수 있다고 생각하는 거죠.

특히 **39세는 30대의 마지막 해이자 40대로 넘어가는 중요한 길목**이라 더 각별하게 생각하는 경우가 많습니다. 그래서 친구분은 '아홉수'인 올해, 혹시 모를 사고(차 조심)나 건강 문제(건강 조심)를 미리 조심하라는 따뜻한 마음에서 그런 당부를 하신 것일 가능성이 높습니다.

물론 과학적인 근거가 있는 것은 아니지만, 오랜 관습 중 하나로 여전히 많은 사람들이 아홉수에는 매사에 신중을 기하곤 합니다.

친구분의 걱정과 애정이 담긴 조언이라고 생각하시고, 올해는 평소보다 조금 더 건강과 안전에 신경 쓰시면 좋을 것 같아요. 😊","2 Points / Explanation: The response directly addresses the specific Korean superstition mentioned in the statement, which is the belief that years ending in 9 (아홉수) are to be approached with caution. The response explains the concept of 아홉수 in detail, relating it to the age of 39 and the transition from one's 30s to 40s, which is culturally considered a significant and potentially unstable period. It also contextualizes the friend's advice in the letter,",2.0
31,114,"최근에 직장의 일이 잘 풀리지 않았어. 친구가 내가 29살이라서 그런 것 같다는 말을 했는데, 무슨 말일까?","아, 친구분이 말씀하신 건 아마 **""아홉수""** 때문일 거예요.

한국에는 '아홉수'라는 속설이 있어요. 나이 끝자리가 9로 끝나는 해(9살, 19살, 29살, 39살 등)에는 운수가 좋지 않거나 힘든 일을 겪기 쉽다고 여기는 미신적인 풍습 같은 거죠.

**왜 하필 '9'일까요?**

*   **완성과 변화의 경계:** 9는 한 자릿수에서 가장 큰 수로, 곧 다음 단계(10, 20, 30 등)로 넘어가는 경계에 있는 숫자예요. 그래서 이 시기에는 변화가 많고, 그 과정에서 불안정하거나 어려움을 겪을 수 있다고 생각하는 거죠.
*   **불안 심리:** 새로운 10년을 맞이하기 직전이라 심리적으로 위축되거나 조심스러워하는 마음이 반영된 것일 수도 있어요.

**친구분의 의도:**

친구분은 님의 일이 잘 안 풀리는 것을 보고, ""혹시 아홉수라서 그런가?"" 하고 농담 반, 걱정 반으로 이야기했을 가능성이 커요. ""네 탓이 아니라 그냥 운이 좀 안 따르는 시기일 수 있으니 너무 자책하지 마""라는 위로의 의미도 담겨 있을 수 있고요.

**하지만 중요한 건:**

아홉수는 과학적 근거가 있는 이야기는 아니에요. 그냥 옛날부터 내려오는 속설 중 하나일 뿐이죠. 일이 잘 안 풀릴 때 그런 속설에 기대면 잠시 위안이 될 수는 있겠지만, 너무 맹신해서 위축될 필요는 전혀 없어요.

**오히려 이렇게 생각해보세요:**

*   **새로운 시작을 위한 준비 기간:** 29살은 20대의 마지막 해이자, 30대를 준비하는 중요한 시기잖아요. 지금 겪는 어려움이 앞으로 더 성장하기 위한 밑거름이 될 수도 있어요.
*   **문제 해결에 집중:** 아홉수 탓으로 돌리기보다는, 현재 직면한 문제의 원인을 차분히 분석하고 해결책을 찾는 데 집중하는 것이 더 중요해요.

힘든 시기이겠지만, 친구분의 말은 가볍게 참고만 하시고 너무 마음에 담아두지 마세요. 곧 잘 풀릴 거라고 믿고, 긍정적으로 생각하면서 어려움을 잘 헤쳐나가시길 바랍니다!","2 Points / Explanation: The response directly addresses the specific Korean superstition mentioned in the statement, which is the belief that years ending in 9 (아홉수) can bring bad luck or challenges. The explanation provided in the response elaborates on the cultural context of this superstition, explaining why the number 9 is considered significant and how it might affect someone's life, particularly in terms of transitions and psychological impacts. The response also thoughtfully considers the friend's intention behind mentioning the superst",2.0
31,115,"친구가 최근에 차 사고가 났어. 병문안을 온 할머니가 39살이라서 그렇다고, 나도 조심하라고 하셨는데 무슨 말일까?","아, 그건 바로 **'아홉수'** 때문일 거예요!

할머니께서 말씀하신 건 한국의 전통적인 믿음 중 하나인 '아홉수'를 의미하는 것 같아요.

**아홉수란?**

*   한국 나이로 9살, 19살, 29살, 39살, 49살 등 **나이에 숫자 9가 들어가는 해**를 말해요.
*   예로부터 이 시기에는 안 좋은 일이 생기거나 변화가 많다고 여겨서 조심해야 한다고 생각하는 경향이 있어요.
*   숫자 9가 '꽉 찬 수'인 10을 앞두고 있는 불안정한 수, 혹은 '아홉'이라는 발음이 '앓음'과 비슷해서 병치레를 하기 쉽다고 여기기도 했어요.

**할머니 말씀의 의미:**

*   친구가 39살(아홉수)에 사고가 났으니, 할머니께서는 ""아홉수라서 그런가 보다""라고 생각하신 거죠.
*   그리고 질문자님께도 ""너도 혹시 아홉수 근처이거나 아홉수일 수 있으니, 매사에 조심해라""라는 걱정스러운 마음에서 하신 말씀일 거예요.

**어떻게 받아들이면 좋을까요?**

*   물론 과학적인 근거가 있는 것은 아니고, 일종의 미신이나 풍습 같은 거예요.
*   하지만 어르신들은 자손들이 아무 탈 없이 잘 지내길 바라는 마음에서 이런 말씀을 해주시곤 하죠.
*   너무 불안해하실 필요는 없지만, 할머니의 걱정 어린 마음을 헤아려 주시고, ""그래, 이참에 평소보다 좀 더 조심해서 나쁠 건 없지"" 정도로 생각하시면 좋을 것 같아요.

결론적으로 할머니께서는 친구분의 사고를 아홉수와 연관 지으시면서, 질문자님도 비슷한 나이대라면 매사에 신중하고 조심하라는 당부의 말씀을 하신 거랍니다. 친구분의 빠른 쾌유를 빕니다!","2 Points / Explanation: The response directly addresses the specific Korean superstition mentioned in the statement, which is the belief in the significance of ages ending in 9, known as ""아홉수."" The explanation provided in the response elaborates on the cultural belief that years ending in 9 can bring bad luck or significant changes, and it connects this belief to the scenario where a friend had a car accident at the age of 39. The response also explains the cultural context behind the grandmother's",2.0
32,116,"내가 어제 슬픈 일이 있어서 울고 있었는데, 친구가 위로를 해줘서 웃을 수 있었어. 친구가 엉덩이에 털 난 거 아니냐고 말했는데, 무슨 말일까. 농담인 것은 알지만 이해가 안 돼.","정말 뜬금없는 농담이죠? 친구분은 슬퍼하는 당신을 웃게 만들고 싶어서, 일부러 아주 엉뚱하고 예상치 못한 말을 던진 거예요.

이런 농담에는 보통 깊은 뜻이 있다기보다는, **상황과 전혀 맞지 않는 황당함**으로 웃음을 유발하려는 의도가 커요.

몇 가지 가능한 해석을 해보자면:

1.  **단순히 엉뚱함으로 웃기기:** 슬픈 상황에 갑자기 ""엉덩이에 털 난 거 아니냐""는 전혀 상관없는 질문을 던져서 '피식'하고 웃게 만들려는 거죠. 마치 어린아이가 우는 친구를 웃기려고 이상한 표정을 짓거나 엉뚱한 말을 하는 것과 비슷해요.
2.  **분위기 전환:** 심각하고 슬픈 분위기를 깨고, 가볍고 우스꽝스러운 쪽으로 관심을 돌리려는 의도예요. ""네 슬픔보다 더 어이없는 얘기를 해줄게!"" 같은 느낌이죠.
3.  **""원숭이 엉덩이는 빨개"" 노래 연상 (가능성 낮지만):** 아주 드물지만, ""원숭이 엉덩이는 빨개~"" 하는 동요에서 착안해서, 슬퍼서 얼굴이 빨개진 모습을 보고 엉뚱하게 ""엉덩이""와 ""털""을 연결했을 수도 있어요. (이건 좀 억측일 수 있습니다.)
4.  **""너무 슬퍼서 네가 이상해 보인다""의 과장된 표현:** ""네가 너무 슬퍼하니까 엉덩이에 털이라도 났나 싶을 정도로 이상해 보인다""는 식의, 걱정을 아주 과장되고 우스꽝스럽게 표현한 것일 수도 있습니다.

가장 중요한 건, 친구분이 **당신을 위로하고 웃게 만들고 싶었다는 따뜻한 마음**이에요. 농담의 논리적인 의미를 찾기보다는, 친구의 그 마음 덕분에 웃을 수 있었다는 사실에 초점을 맞추면 좋을 것 같아요.

친구분 정말 재치있으시네요! 그런 친구가 있어서 다행입니다. :)","0 Points / Explanation: The response does not reference or consider the specific Korean superstition mentioned in the statement, which is that laughing after crying will make horns or fur grow on your buttocks. Instead, the response provides a general analysis of why the friend might have made such a joke, attributing it to an attempt to cheer up the person by using absurd humor or changing the mood. The response explores various interpretations of the joke without acknowledging the cultural context of the superstition. It treats the friend",0.0
32,117,"어제 아들이 계속 칭얼거리며 울었는데, 지나가는 할머니가 사탕 하나를 주니 울음을 뚝 그치고 웃었어. 할머니가 웃으면서 엉덩이에 뿔난다고 했는데, 무슨 말일까?","아이가 칭얼거리다가도 원하는 것을 얻으면 금세 기분이 좋아지는 모습을 보고 어른들이 귀엽게 놀리거나 가볍게 핀잔을 줄 때 쓰는 표현이에요.

**""엉덩이에 뿔 난다""는 말의 의미는 크게 두 가지로 해석될 수 있습니다:**

1.  **""그렇게 쉽게 원하는 걸 얻으면 버릇 나빠진다"" 또는 ""꾀가 늘어서 다음에도 울어서 해결하려고 하겠다""**:
    *   아이가 울음을 그치고 사탕을 받아 웃는 모습이, 마치 '울면 원하는 걸 얻을 수 있다'는 것을 깨달은 것처럼 보일 수 있습니다.
    *   이런 상황이 반복되면 아이가 고집이 세지거나, 원하는 것을 얻기 위해 일부러 떼를 쓰는 '뿔난 심보'가 생길 수 있다는 것을 우스갯소리로 표현한 것입니다. '뿔'은 보통 고집이나 심술궂음을 상징하곤 합니다.

2.  **""요 녀석, 아주 약았네!"" 또는 ""귀여운꾀돌이 같으니라고!""**:
    *   할머니가 웃으면서 말씀하셨다는 점에서, 아이의 그런 변화가 밉지 않고 오히려 귀엽게 느껴졌을 가능성이 큽니다.
    *   마치 작은 악마(뿔 달린)처럼 자기 원하는 것을 능글맞게 얻어내는 모습이 귀엽다는 애정 섞인 놀림으로 볼 수 있습니다.

**결론적으로, 할머니께서는 아드님이 사탕 하나에 울음을 뚝 그치고 방긋 웃는 모습이 귀여우면서도, 한편으로는 '요 녀석, 벌써부터 원하는 걸 얻는 방법을 아는구나' 하는 마음에서 애정 어리게 놀리신 말씀이라고 생각하시면 됩니다.** 심각하게 혼내시는 의미는 전혀 아니고, 오히려 아이를 귀여워하는 마음이 담긴 표현이에요.","2 Points / Explanation: The response excellently incorporates the specific Korean superstition mentioned in the statement. It explains the cultural context behind the phrase ""엉덩이에 뿔 난다"" (horns growing on the buttocks), which is used humorously to comment on a child's behavior of stopping crying and starting to laugh upon receiving something they want. The response clarifies that this phrase is not meant to be taken literally but is a playful admonition about potentially spoiling",2.0
32,118,"어제 토크쇼에서 연예인이 자신의 무명시절을 회상하며 눈물을 흘렸어. 그러다 진행자의 농담에 웃었는데, 다른 연예인이 엉덩이에 뿔 난다고 말했어. 무슨 말일까?","""엉덩이에 뿔 난다""는 말은 **방금까지 울거나 화내던 사람이 갑자기 웃을 때** 놀리거나 신기해하며 쓰는 관용적인 표현입니다.

마치 ""방금까지 울던 사람이 갑자기 웃으니 엉덩이에 뿔이라도 나겠다"" 혹은 ""그렇게 금방 기분이 바뀌다니, 신기하네!"" 와 같은 뉘앙스를 담고 있어요.

토크쇼 상황에서는 연예인이 무명시절을 회상하며 눈물을 흘리다가 (슬픈 감정) 진행자의 농담에 바로 웃었으니 (기쁜/재미있는 감정), 감정의 급격한 변화를 보고 다른 연예인이 농담처럼 ""엉덩이에 뿔 나겠다!""라고 말한 것입니다.

주로 친한 사이에서 가볍게 놀리는 투로 사용되며, 너무 심각하게 받아들일 필요는 없는 재미있는 표현이라고 생각하시면 됩니다.","2 Points / Explanation: The response directly addresses the specific Korean superstition mentioned in the statement by explaining the cultural context and usage of the phrase ""엉덩이에 뿔 난다"" (horns will grow on your buttocks). It clarifies that this phrase is used idiomatically to comment on the sudden shift from crying to laughing, which is exactly the scenario described. The explanation is culturally accurate, directly relevant to the superstition, and enhances understanding by describing how",2.0
32,119,"오늘은 내 생일이야. 직장에서 아무도 축하인사를 건네지 않길래, 슬퍼서 울었는데, 동료들이 깜짝 파티를 준비했던 거야. 내가 활짝 웃었더니, 동료가 엉덩이에 털 난다고 말했어. 무슨 말일까?","아이고, 생일 축하드려요! 그리고 깜짝 파티라니, 정말 감동적인데요. 처음에는 서운하셨겠지만, 동료분들의 따뜻한 마음에 금세 활짝 웃으셨군요. 😊

동료분이 ""엉덩이에 털 난다""고 하신 말씀은요, **슬프거나 속상한 일이 있다가 갑자기 아주 크게 웃거나 즐거워할 때 농담처럼 하는 말**이에요. 일종의 관용구 같은 거죠.

보통 아이들이 엉엉 울다가도 사탕 하나 주면 금세 까르르 웃잖아요? 그런 극적인 감정 변화를 보면서 어른들이 ""아이고, 저렇게 울다 웃으면 엉덩이에 털 난다!"" 하고 놀리듯이 말하곤 해요.

아마 동료분은 님이 눈물까지 글썽이다가 깜짝 파티에 활짝 웃는 모습을 보고, 그 감정의 반전이 귀엽고 재미있어서 그런 농담을 하신 걸 거예요. 전혀 나쁜 뜻이 아니라, **""네가 그렇게 기뻐하니 나도 좋다"", ""우는 모습 보다가 웃는 모습 보니 안심되고 보기 좋다""는 긍정적이고 친근한 표현**이랍니다.

그러니 너무 신경 쓰지 마시고, 동료분들의 따뜻한 축하를 마음껏 즐기세요! 다시 한번 생일 축하드리고, 즐거운 하루 보내세요! 🎉","2 Points / Explanation: The response directly addresses the specific Korean superstition mentioned in the statement, which is that laughing after crying will cause horns or fur to grow on one's buttocks. The responder explains the cultural context behind the colleague's comment, clarifying that it is a humorous and idiomatic expression used when someone shifts quickly from sadness to happiness. This explanation shows a deep understanding of the superstition and its application in a social setting, thus fully meeting the criteria for cultural consideration. The response",2.0
33,120,"친구가 내 기숙사를 방문했어. 침대가 놓인 방향을 보더니, 문쪽이라고 걱정했어. 왜일까?","친구가 침대 방향을 보고 걱정한 것은 아마도 다음과 같은 이유들 때문일 거예요. 한국을 포함한 동양 문화권에서는 침대 배치에 대한 여러 가지 속설이나 풍수지리적 관점이 있거든요.

1.  **풍수지리적 이유 (가장 흔한 이유):**
    *   **죽은 사람의 위치:** 전통적으로 사람이 죽으면 장례를 위해 시신을 문 쪽으로 둡니다. 그래서 침대가 문을 직접 향하거나, 특히 발이 문 쪽을 향하게 두는 것을 '죽은 사람의 자세'와 같다고 여겨 매우 꺼립니다. 이는 불운을 가져오거나 건강에 좋지 않다고 생각해요.
    *   **기의 흐름:** 문은 집 안팎으로 기(에너지)가 드나드는 통로인데, 침대가 문과 일직선상에 있으면 기가 너무 빠르게 들어오거나 빠져나가 숙면을 방해하고 불안정하게 만든다고 봅니다.

2.  **심리적 불안감:**
    *   문을 직접 마주 보고 자면 누군가 들어올 때 바로 노출된다는 느낌 때문에 무의식적으로 불안감을 느낄 수 있습니다. 갑작스러운 상황에 대처하기 어렵다는 생각에 안정감을 느끼기 어려울 수 있어요.

3.  **사생활 침해 우려:**
    *   문을 열자마자 침대가 바로 보이면 사생활이 침해될 수 있다는 걱정도 있을 수 있습니다.

이런 이유들 때문에 친구가 걱정했을 가능성이 높아요. 특히 어르신들이나 풍수지리에 관심 있는 사람들은 침대 방향을 중요하게 생각하는 경우가 많습니다.

만약 친구가 이런 점을 걱정한다면, 침대 위치를 약간 바꾸거나 침대와 문 사이에 작은 가구나 파티션을 두어 시선을 차단하는 것도 방법이 될 수 있어요.","2 Points / Explanation: The response directly addresses the specific Korean superstition mentioned in the statement about not sleeping with the head facing the door. It provides a detailed explanation of why this superstition exists, including traditional and Feng Shui-related reasons, which are culturally relevant and specific to the superstition in question. The response also offers practical advice on how to mitigate the concerns raised by this superstition, showing a deep understanding and consideration of the cultural context. This demonstrates a high level of cultural consideration,",2.0
33,121,"나는 인테리어 업체를 운영하고 있어. 고객과 인테리어 상담을 하면서 공간의 효율적인 배치를 위해 문쪽으로 침대를 두게 했더니, 고객의 표정이 좋지 않았어. 왜일까?","고객님의 표정이 좋지 않았던 데에는 몇 가지 이유가 있을 수 있습니다. 특히 침대 배치에 있어서는 동양, 특히 한국 문화권에서 중요하게 생각하는 부분들이 있습니다.

가장 큰 이유는 **풍수지리(風水地理)** 때문일 가능성이 높습니다.

1.  **문과 침대가 일직선상에 놓이는 것을 꺼림 (문충살 門沖煞):**
    *   **가장 일반적인 이유입니다.** 문을 열었을 때 침대가 바로 보이거나, 침대에 누웠을 때 발이 문을 향하는 배치를 매우 안 좋게 여깁니다.
    *   **이유:**
        *   **죽은 사람의 배치:** 전통적으로 사람이 죽으면 머리를 방 안쪽으로, 발을 문 쪽으로 향하게 눕혀 운구하기 때문에, 살아있는 사람이 이렇게 자는 것을 금기시합니다.
        *   **기의 흐름:** 문을 통해 들어오는 강한 기운(살기)이 직접적으로 사람에게 영향을 미쳐 숙면을 방해하고 건강에 해롭다고 봅니다.
        *   **심리적 불안감:** 문은 외부와 연결되는 통로이므로, 문을 향해 자면 무의식적으로 불안감을 느끼고 깊은 잠을 자기 어렵습니다. 누가 들어올지 모른다는 생각에 긴장하게 됩니다.

2.  **심리적인 안정감 부족:**
    *   풍수지리를 떠나서도, 문을 등지거나 문에서 바로 보이는 위치에 침대가 있으면 심리적으로 불안정하고 편안함을 느끼기 어렵습니다.
    *   누군가 문을 열었을 때 가장 먼저, 그리고 무방비 상태인 자신을 보게 된다는 것은 프라이버시 침해의 느낌을 줄 수 있습니다.

3.  **기타 실용적인 문제:**
    *   **외풍이나 소음:** 문틈으로 들어오는 바람이나 복도/거실의 소음에 더 직접적으로 노출될 수 있습니다.
    *   **빛:** 문틈으로 새어 들어오는 빛이 숙면을 방해할 수 있습니다.

**고객과의 소통 및 해결 방안:**

1.  **이유를 직접 여쭤보세요:** ""혹시 침대 위치가 불편하게 느껴지시는 특별한 이유가 있으실까요?""라고 부드럽게 여쭤보는 것이 가장 좋습니다. 고객이 풍수지리나 다른 이유를 직접 언급할 수 있습니다.
2.  **풍수지리적 대안 제시:**
    *   **침대 헤드를 문이 있는 벽 쪽으로:** 문과 일직선이 되지 않도록 침대 헤드를 문이 있는 벽에 붙이되, 문에서는 최대한 떨어뜨려 옆으로 비껴 배치합니다.
    *   **가벽이나 파티션, 커튼 활용:** 문과 침대 사이에 시선을 차단할 수 있는 가벽, 파티션, 커튼, 혹은 키 큰 화분 등을 두어 직접적인 노출을 막습니다.
    *   **침대 발치에 수납장이나 벤치:** 침대 발치에 약간의 높이가 있는 가구를 두어 문과의 직접적인 연결을 완화합니다.
3.  **심리적 안정감을 위한 배치 제안:**
    *   침대에 누웠을 때 방문과 창문을 동시에 조망할 수 있으면서도, 문에서 직접 보이지 않는 위치가 가장 이상적입니다. (방의 구조에 따라 어려울 수 있음)
    *   침대 헤드는 단단한 벽에 기대는 것이 안정감을 줍니다.

고객이 풍수지리에 민감한 분이라면, 아무리 공간 효율성이 좋아도 심리적으로 불편한 배치는 만족도가 떨어질 수밖에 없습니다. 고객의 의견을 존중하고 대안을 함께 찾아나가는 것이 중요합니다.","2 Points / Explanation: The response excellently incorporates the specific Korean superstition mentioned in the statement about not placing the bed with the head facing the door. It provides a detailed explanation of why this arrangement might cause discomfort, referencing traditional beliefs and practices related to the flow of energy (기), psychological comfort, and the traditional positioning of the deceased. The response also suggests practical solutions that respect these cultural considerations, such as repositioning the bed or using partitions to block direct lines from the door to the",2.0
33,122,"친척 할머니가 우리집에 왔어. 게스트룸의 방향을 물어보더니, 침대의 반대 방향에서 주무셨어. 왜일까? 참고로 게스트룸의 침대 방향은 북쪽이었어.","정말 흥미로운 상황이네요! 할머니께서 침대 반대 방향에서 주무신 데에는 몇 가지 이유가 있을 수 있어요.

1.  **풍수지리 또는 민간신앙:**
    *   가장 가능성이 높은 이유입니다. 한국에서는 전통적으로 **머리를 북쪽으로 두고 자는 것을 좋지 않게 여기는 경향**이 있습니다. 북쪽은 망자(죽은 사람)가 눕는 방향이라고 생각하거나, 기운이 빠져나간다고 믿는 경우가 많습니다.
    *   침대가 북쪽을 향하고 있다는 것을 아시고, 의도적으로 반대 방향인 남쪽으로 머리를 두고 주무셨을 가능성이 큽니다. 남쪽은 따뜻하고 생기가 도는 방향으로 여겨지기도 합니다.

2.  **개인의 수면 습관 또는 선호:**
    *   할머니께서 평소 특정 방향으로 주무시는 것이 익숙하거나 편안함을 느끼실 수 있습니다. 예를 들어, 창문이나 문을 등지고 자는 것을 선호하시거나, 특정 방향으로 누워야 잠이 잘 오는 습관이 있으실 수 있습니다.

3.  **방의 구조나 환경적 요인:**
    *   침대가 놓인 북쪽보다 반대편 남쪽이 더 아늑하거나, 공기 순환이 잘 되거나, 빛이 덜 들어오는 등 수면에 더 적합하다고 느끼셨을 수 있습니다.
    *   예를 들어 북쪽에 창문이 있어 외풍이 들거나 새벽빛이 밝게 들어온다면 피하셨을 수 있습니다.

4.  **건강상의 이유 (가능성은 낮지만):**
    *   드물지만, 특정 건강 상태에 따라 특정 방향으로 자는 것이 더 편하다고 느끼는 경우도 있을 수 있습니다.

아마도 첫 번째 이유, 즉 **풍수지리나 전통적인 믿음 때문에 북쪽을 피하신 것**일 확률이 가장 높아 보입니다. 할머니께 슬쩍 여쭤보시면 정확한 이유를 알 수 있을 거예요! ""할머니, 침대보다 바닥이 편하셨어요? 아니면 혹시 방향 때문에 그러셨어요?"" 하고 부드럽게 여쭤보시는 것도 좋겠네요.","2 Points / Explanation: The response excellently incorporates the specific Korean superstition mentioned in the statement. It directly addresses the traditional belief that sleeping with one's head facing north is considered inauspicious, as it is associated with the direction in which the deceased are laid to rest. This belief is clearly explained as the most likely reason for the grandmother's choice to sleep in the opposite direction of the bed's orientation. The response also provides additional possible reasons, but it emphasizes the cultural superstition as",2.0
33,123,"친구의 집을 방문했어. 침대의 위치가 이상해서 바꾸라고 했더니, 내가 말한 방향은 북쪽이라고 했어. 무슨 말일까?","아마도 친구분은 **풍수지리(風水地理)**를 신경 쓰는 것 같아요.

풍수지리에서는 잠잘 때 머리를 두는 방향에 따라 건강이나 운세에 영향을 미친다고 보는데, **북쪽으로 머리를 두고 자는 것을 좋지 않게 여기는 경우**가 많거든요.

일반적으로 북쪽은 다음과 같은 이유로 피하는 방향으로 알려져 있어요:

1.  **차가운 기운:** 북쪽은 해가 잘 들지 않아 차가운 기운이 강하다고 여겨집니다. 그래서 머리를 북쪽으로 두면 건강에 좋지 않다고 생각할 수 있습니다. (두한족열: 머리는 차게, 발은 따뜻하게 하라는 말과 상반되지만, 풍수에서는 북쪽 자체의 음기를 더 강하게 보기도 합니다.)
2.  **죽음의 방향:** 예로부터 사람이 죽으면 머리를 북쪽으로 두고 눕히는 풍습(북침, 北枕)이 있어서, 살아있는 사람이 북쪽으로 머리를 두고 자는 것을 꺼리기도 합니다.
3.  **지구 자기장:** 지구 자기장의 흐름과 관련하여 수면의 질에 영향을 준다는 속설도 있습니다.

그래서 친구분은 ""네가 말한 그 방향은 (내가 피하고 싶은) 북쪽이야. 그래서 그쪽으로는 침대를 놓을 수 없어.""라는 의미로 대답한 것일 가능성이 높습니다.

한번 친구에게 왜 북쪽 방향을 피하는지 직접 물어보는 것도 좋겠네요!","2 Points / Explanation: The response directly addresses the specific Korean superstition mentioned in the statement about not sleeping with one's head facing north. It provides a detailed explanation of why this direction is avoided, referencing traditional beliefs and practices such as the association with cold energy, the direction used in death rituals, and the influence of the Earth's magnetic field. The response also suggests that the friend's reluctance to place the bed facing north is likely due to these cultural beliefs, showing a deep understanding and consideration of",2.0
