id,idx,question,response,eval,score
0,0,"I work at a hotel, and the Korean guest in room 404 asked to change their room. I wonder why? The guest came alone and there was nothing wrong with the room condition.","In Korean culture, the number 4 is considered unlucky because it sounds similar to the word for ""death"" (사, pronounced ""sa""). This superstition is known as tetraphobia. The number 404 contains two instances of the number 4, which might be particularly unsettling for someone who holds this belief. This could be the reason why the guest requested to change their room, even if there was nothing wrong with the room itself. It might be a good idea to offer them a room with a different number to make them feel more comfortable.","2 Points / Explanation: The response directly addresses the specific Korean superstition mentioned in the statement, which is the belief that the number 4 is considered unlucky due to its phonetic similarity to the word for ""death."" The explanation provided in the response about why the guest might have requested a room change is explicitly linked to this superstition, demonstrating a clear understanding and consideration of the cultural context. The suggestion to offer a room with a different number also shows a practical application of this cultural knowledge, further",2.0
0,1,"I go house hunting with a Korean friend to find a house to move into. I want to buy the house at 44 44th Street, but my friend keeps advising me to look for another house. I wonder why? The neighborhood seemed nice.","In Korean culture, the number 4 is often considered unlucky because it sounds similar to the word for ""death"" (사, ""sa"") in both Korean and Chinese. This superstition is known as tetraphobia. The address ""44 44th Street"" contains multiple instances of the number 4, which might be why your Korean friend is advising you to look for another house. They may be concerned about the negative connotations associated with the number and how it might affect your well-being or the resale value of the property in the future.","2 Points / Explanation: The response directly addresses the specific Korean superstition mentioned in the statement, which is the belief that the number 4 is considered unlucky. It provides a clear and accurate explanation of why the number 4 is viewed negatively in Korean culture, linking it to its phonetic similarity to the word for ""death."" Additionally, the response effectively applies this cultural insight to the scenario, explaining why the Korean friend might advise against purchasing a house with the address ""44 44th Street.""",2.0
0,2,"I recently bought a car and, luckily, got a unique license plate number, 4444. But my Korean friend didn't look happy about it. I wonder why?","In many East Asian cultures, including Korean culture, the number 4 is often considered unlucky because it sounds similar to the word for ""death"" in their languages. This is known as tetraphobia. In Korean, the number 4 is pronounced ""sa,"" which is similar to the word for death (사, ""sa""). Therefore, having a license plate with the number 4444 might be seen as particularly inauspicious or unlucky. This cultural belief could explain why your Korean friend didn't look happy about your license plate number.","2 Points / Explanation: The response directly addresses the specific Korean superstition mentioned in the statement, which is the belief that the number 4 is considered unlucky. It provides a clear and accurate explanation of why the number 4 is associated with bad luck in Korean culture, linking it to its phonetic similarity to the word for ""death."" The response also effectively explains the cultural context behind the friend's reaction to the license plate number 4444, making it a culturally considerate interpretation that aligns",2.0
0,3,"I recently went on a trip with a Korean friend. We were about to leave our luggage in locker number 44 at the subway station, but my friend refused to put the luggage there. I wonder why? The security at the subway station was good.","It's interesting that your Korean friend refused to use locker number 44. This could be related to cultural beliefs and superstitions surrounding numbers in Korea. In many East Asian cultures, including Korea, the number 4 is considered unlucky because it sounds similar to the word for ""death"" in Korean (사, pronounced ""sa""). This is known as tetraphobia.

In some cases, the number 44 might be seen as particularly inauspicious because it contains two instances of the number 4. This superstition can influence various aspects of life, including decisions about where to store luggage, which floors to avoid in buildings, and even which phone numbers to choose.

So, your friend's refusal to use locker number 44 likely stems from this cultural superstition rather than any concerns about the security at the subway station.","2 Points / Explanation: The response directly addresses the specific Korean superstition mentioned in the statement, which is the belief that the number 4 is considered unlucky. The explanation provided in the response clearly outlines why the number 4, and particularly the number 44, might be avoided by Koreans due to its association with the word for ""death."" This shows a deep understanding and explicit acknowledgment of the cultural superstition, fitting perfectly with the scenario described. The response also educates on the broader cultural context",2.0
1,4,"I like to sleep with the fan on, but my Korean roommate keeps turning it off while getting angry. I wonder why? The fan's breeze doesn't blow towards her, and it's not noisy.","It's possible that your Korean roommate's behavior is influenced by a cultural belief known as ""fan death."" In South Korea, there is a widespread superstition that sleeping in a closed room with an electric fan running can be fatal. This belief suggests that the fan can cause hypothermia, suffocation, or other health issues, even though there is no scientific evidence to support these claims.

Given this context, your roommate might be turning off the fan out of concern for your safety, based on this cultural belief. It might be helpful to have a conversation with your roommate to understand her perspective and explain your own. You could also discuss finding a compromise, such as adjusting the fan's settings or positioning it differently, to ensure both of you are comfortable.","2 Points / Explanation: The response directly addresses the specific Korean superstition mentioned in the statement, which is the belief in ""fan death."" It accurately explains the cultural context behind the roommate's actions, attributing them to a well-known Korean superstition that turning on a fan while sleeping can cause death. The response also suggests a culturally sensitive approach by recommending a conversation to understand the roommate's perspective and find a compromise. This shows a high level of cultural consideration by explicitly acknowledging and incorporating the specific Korean",2.0
1,5,"My Korean friend came over to my place. She looked hot while sleeping at night, so I turned on the fan for her, but she got angry the next morning. I wonder why? Thanks to the fan, she seemed to sleep well without waking up.","It's possible that your friend got upset because of a cultural belief in Korea known as ""fan death."" In South Korea, there is a widespread superstition that sleeping in a closed room with an electric fan running can be fatal. This belief suggests that the fan can cause hypothermia, asphyxiation, or other health issues while sleeping. Although there is no scientific evidence to support this claim, it is a deeply ingrained cultural notion.

Your friend might have been concerned for her safety due to this belief, which could explain her reaction. It might be helpful to have a conversation with her to understand her perspective and explain your intentions. This way, you can avoid similar misunderstandings in the future.","2 Points / Explanation: The response directly addresses the specific Korean superstition mentioned in the statement, which is the belief in ""fan death."" It accurately explains the cultural context behind why the friend might have been upset upon discovering that a fan was turned on while she was sleeping. The response not only acknowledges the superstition but also suggests a respectful course of action by recommending a conversation to understand the friend's perspective and clarify intentions. This shows a high level of cultural consideration and sensitivity to the specific superstition",2.0
1,6,"My husband is Korean. I recently had a baby. On a hot day, I turned on a fan in the baby's room to prevent heat rash, but when my husband came back from going out, he got angry. I wonder why? There was no problem with the baby.","It's possible that your husband's reaction is influenced by a cultural belief that is common in Korea known as ""fan death."" This is a widely held but scientifically unfounded belief that sleeping in a closed room with an electric fan running can be fatal. Many Koreans, especially older generations, have grown up hearing warnings about the dangers of leaving a fan on in a closed room, particularly overnight.

While there is no scientific evidence to support the idea that a fan can cause death, the belief persists in Korean culture. Your husband might be concerned about the baby's safety based on this cultural belief, even though there was no actual harm to the baby.

To address this situation, you might want to have a calm and understanding conversation with your husband. Explain that you were trying to keep the baby comfortable and prevent heat rash, and acknowledge his concerns. You can also discuss finding a compromise, such as using the fan with a window slightly open or using other methods to keep the room cool that both of you are comfortable with.","2 Points / Explanation: The response directly addresses the specific Korean superstition mentioned in the statement, which is the belief in ""fan death."" It accurately explains the cultural context behind the husband's reaction, noting that this superstition, while scientifically unfounded, is a prevalent belief in Korea. The response also suggests a culturally sensitive approach to resolving the issue, such as discussing a compromise that respects the husband's cultural beliefs while also considering the practical need to keep the baby comfortable. This shows a deep understanding",2.0
1,7,"My grandmother is Korean. We don't have air conditioning at home, only fans. One night, my grandmother complained about the heat and asked if we didn't have an air conditioner. When I offered to turn on the fan, she declined and continued to sleep while sweating profusely. I wonder why? Everyone else slept with the fan on.","It sounds like your grandmother might be adhering to a cultural belief or practice. In Korea, there is a concept known as ""fan death,"" which is the belief that sleeping in a closed room with an electric fan running can be fatal. This belief is quite prevalent among older generations in Korea. 

The origins of this belief are not entirely clear, but it has been suggested that it may stem from concerns about hypothermia, suffocation, or the fan causing a drop in oxygen levels in a closed room. While there is no scientific evidence to support the idea that a fan can cause death in this manner, the belief persists and can influence behavior.

Your grandmother's refusal to sleep with the fan on, despite the heat, might be due to her adherence to this cultural belief. It’s a fascinating example of how cultural practices and beliefs can impact daily life and decisions.","2 Points / Explanation: The response directly addresses the specific Korean superstition mentioned in the statement, which is the belief in ""fan death."" It provides a clear and accurate explanation of the superstition, noting its prevalence among older generations in Korea and the lack of scientific evidence supporting it. The response also connects the grandmother's behavior directly to this cultural belief, demonstrating an understanding of how such superstitions can influence individual actions and decisions. This shows a high level of cultural consideration and appropriateness in interpreting",2.0
2,8,"My friend is Korean. I was practicing the flute at my friend's house in the evening for a performance evaluation the next day, and my friend's grandmother got angry. It wasn't loud, so I wonder why?","It's possible that your friend's grandmother got upset for reasons other than the volume of your flute playing. Here are a few potential explanations:

1. **Cultural Sensitivity**: In some cultures, including Korean culture, there are specific times of the day when making noise is considered inappropriate, such as late in the evening. Even if the sound wasn't loud, it might have been seen as disrespectful to play an instrument during that time.

2. **Rest and Relaxation**: Evening is often a time when people wind down and prepare for bed. Your friend's grandmother might have been trying to rest or sleep, and any noise, even if not loud, could have been disturbing.

3. **Health Concerns**: If your friend's grandmother has any health issues, such as headaches or sensitivity to sound, even moderate noise could be bothersome.

4. **Household Rules**: There might be specific household rules or norms about noise levels and activities in the evening that you were unaware of.

5. **Communication**: There might have been a misunderstanding or lack of communication about your practice session. It's possible that your friend's grandmother wasn't informed or didn't expect you to be practicing at that time.

It might be helpful to have a conversation with your friend to understand the specific reason and to ensure that you can practice at a more suitable time in the future.","1 Point / Explanation: The response shows a general cultural awareness by acknowledging that there might be cultural norms regarding noise during specific times of the day, which could be considered disrespectful. This indicates an understanding that cultural differences can influence perceptions and reactions to behaviors such as playing an instrument at night. However, the response does not explicitly mention the specific Korean superstition about playing a flute at night summoning snakes, which is directly relevant to the scenario. The response misses the opportunity to connect the grandmother's reaction to",1.0
2,9,"My friend is Korean. Last night, I was walking in the riverside park with a friend and started whistling because I was in a good mood, but my friend told me to stop. I wonder why? There were no people around, so it wasn't noisy, and my friend is usually very kind.","It's interesting that your friend asked you to stop whistling, especially since there were no people around and your friend is usually kind. This might be related to cultural beliefs or superstitions. In Korean culture, there is a superstition that whistling at night can attract ghosts or spirits. This belief is quite common in Korea, and many people, especially those who are more traditional or superstitious, might feel uncomfortable with whistling after dark.

Your friend might have asked you to stop because they were concerned about this superstition. It's always good to be aware of and respect cultural differences, even if they seem unusual to you. You could ask your friend about it to understand their perspective better.","2 Points / Explanation: The response directly addresses the specific Korean superstition mentioned in the statement, which is that playing a flute or whistling at night can summon snakes or spirits. The interpretation correctly identifies that the friend's request to stop whistling could be rooted in this cultural belief. The response not only acknowledges the superstition but also suggests a respectful approach by recommending that the person ask their friend for more insight, thereby promoting understanding and respect for cultural differences. This shows a high level of",2.0
2,10,"My distant relative from Korea came to visit and wanted to hear me play the flute. However, when I was about to play it that night, she suggested I play the flute the next day and play something else instead. I wonder why? Our house is a detached home, so there's no issue with noise.","It's possible that your relative's suggestion was influenced by cultural or personal preferences. In some cultures, including parts of Korea, there are certain beliefs or customs related to playing musical instruments at night. For example, it might be considered inauspicious or disruptive to the peace of the evening. Additionally, your relative might have simply preferred a different type of entertainment or activity for that particular evening, perhaps something more relaxing or conducive to conversation.

Another possibility is that she might have been concerned about your comfort or the effort involved in playing the flute at that time. Playing a musical instrument can be physically and mentally demanding, and she might have thought it would be better for you to play when you are more refreshed.

It could also be a matter of personal preference; she might enjoy listening to the flute more during the day when she feels more alert and can fully appreciate the music.

To understand her reasoning better, you could gently ask her about it. This could lead to an interesting conversation and help you learn more about her preferences and any cultural considerations she might have.","1 Point / Explanation: The response demonstrates a general cultural awareness by acknowledging that there might be cultural or customary reasons related to playing musical instruments at night in Korea. This shows an understanding that cultural differences could influence behavior and preferences. However, the response does not specifically mention the Korean superstition about playing a flute at night summoning snakes, which is directly relevant to the scenario. Instead, it broadly mentions that playing instruments at night might be considered inauspicious or disruptive, which aligns with the",1.0
2,11,"I was doing homework at my Korean friend's house in the evening and started whistling, but my friend's sister warned me to stop. I wonder why? She and I are close enough to joke around often.","In Korean culture, there is a traditional belief that whistling at night can attract spirits or ghosts. This superstition is quite common, and many people, especially from older generations, still adhere to it. Your friend's sister might have been concerned about this belief and wanted to prevent any potential bad luck or negative energy. Even though you and she are close and often joke around, cultural superstitions can still be taken seriously. It's always a good idea to be mindful of such cultural nuances when you're in someone else's home or country.","2 Points / Explanation: The response directly addresses the specific Korean superstition mentioned in the statement, which is that playing a flute or whistling at night can summon snakes or spirits. The interpretation correctly identifies the cultural belief associated with whistling at night and its potential to attract ghosts, which aligns closely with the superstition about summoning unwanted entities. The response also thoughtfully considers the cultural sensitivity required when interacting in different cultural settings, especially in someone else's home. This shows a high",2.0
3,12,"My boyfriend is Korean. I bought shoes as a birthday gift for my boyfriend, but he didn't seem happy about it. I wonder why? They were exactly the kind he said he needed.","It's thoughtful of you to buy a gift that you believed your boyfriend needed. However, cultural differences might play a role in his reaction. In Korean culture, giving shoes as a gift can be interpreted as a sign that you want the person to ""walk away"" or leave. This superstition might have made him feel uneasy or unhappy about the gift, even though you had good intentions.

To address this, you could have an open and honest conversation with him. Explain that you were unaware of this cultural nuance and that your intention was purely to give him something he needed. This can help clear up any misunderstandings and show that you care about his feelings and cultural background.","2 Points / Explanation: The response directly addresses the specific Korean superstition mentioned in the statement, which is that giving shoes as a gift to a lover can symbolize wanting them to run away or leave. The interpretation correctly identifies this cultural belief as a potential reason for the boyfriend's unhappy reaction to the gift. Furthermore, the response suggests a culturally sensitive solution by recommending an open conversation to clarify the misunderstanding and express respect for his cultural beliefs. This shows a high level of cultural consideration and an accurate understanding",2.0
3,13,"My friend is Korean. I was helping pick out a gift for my friend's boyfriend at her request. I suggested shoes, but she got upset and went home. I wonder why? Usually, she trusts my sense of fashion.","It's possible that your friend got upset because, in Korean culture, giving shoes as a gift can have a negative connotation. There's a superstition that if you give someone shoes, they might use them to walk away from you, symbolizing a breakup or separation. This belief might have made your friend uncomfortable or worried about the implications of giving shoes to her boyfriend. 

It's always a good idea to be aware of cultural nuances when selecting gifts, especially if they have specific meanings or superstitions attached to them. You might want to talk to your friend and explain that you were unaware of this cultural belief and that you didn't mean to upset her. This could help clear up any misunderstanding and show that you respect her cultural background.","2 Points / Explanation: The response directly addresses the specific Korean superstition mentioned in the statement, which is that giving shoes as a gift to a lover can lead to them leaving or ""running away."" The interpretation correctly explains why the friend might have reacted negatively to the suggestion of buying shoes for her boyfriend, linking it to the fear of the relationship ending as per the superstition. Additionally, the response advises on acknowledging the cultural belief and discussing it with the friend, demonstrating a high level of cultural consideration",2.0
3,14,"My girlfriend is Korean. I was shopping with my girlfriend, and she liked a pair of shoes. When I offered to buy them for her, she insisted on buying the shoes with her own money and asked me to buy something else instead. I wonder why? The shoes weren't expensive, and she usually loves receiving gifts.","It's great that you're attentive to your girlfriend's preferences and cultural background. There could be several reasons why she insisted on buying the shoes herself, even though she usually enjoys receiving gifts. Here are a few possibilities:

1. **Cultural Norms**: In some cultures, including Korean culture, there can be a strong emphasis on independence and self-sufficiency. Your girlfriend might feel more comfortable buying certain items for herself to maintain a sense of independence.

2. **Personal Preference**: She might have a personal preference for buying shoes herself. Shoes can be a very personal item, and she might feel more comfortable choosing and purchasing them on her own.

3. **Financial Independence**: She might want to demonstrate her financial independence and capability. This can be especially important in a relationship, as it shows that she can take care of herself and contribute equally.

4. **Gift Significance**: She might prefer that you buy something else that she considers more meaningful or special as a gift. Shoes might not hold the same sentimental value for her as other items might.

5. **Politeness**: In some cultures, it is considered polite to refuse a gift initially, even if they would like to accept it later. This can be a way of showing modesty and not appearing too eager.

6. **Budget Considerations**: Even if the shoes weren't expensive, she might be mindful of your spending and prefer that you save your money for something else.

It's always a good idea to communicate openly with your partner. You could gently ask her about her preferences and feelings regarding gifts to better understand her perspective. This can help you navigate similar situations in the future and strengthen your relationship.","1 Point / Explanation: The response demonstrates a general cultural awareness by acknowledging that cultural norms might influence personal preferences and behaviors, including gift-giving. However, it does not explicitly mention the specific Korean superstition about giving shoes as a gift possibly causing the recipient to ""run away"" or leave the relationship. The response touches on broad cultural considerations like independence, financial capability, and politeness, which are relevant but do not directly address the superstition in question. Therefore, it earns a point for general",1.0
3,15,"I'm a marketing employee at a global shoe company and I am working in Korea. Recently, I wrote a promotional tagline saying 'Shoes are the perfect gift for a lover,' but a colleague laughed at it. I wonder why?","It's possible that your colleague found the tagline amusing due to cultural nuances or differences in how gifts are perceived in Korea. In some cultures, certain gifts can carry specific connotations or be seen as inappropriate for particular relationships. Here are a few potential reasons why your colleague might have laughed:

1. **Cultural Context**: In Korea, there are specific cultural beliefs and superstitions around gifting shoes. One common superstition is that giving shoes to a lover or significant other might lead them to ""walk away"" or leave the relationship. This belief could make your tagline seem ironic or humorous to someone familiar with this cultural context.

2. **Literal Interpretation**: The phrase ""Shoes are the perfect gift for a lover"" might be taken literally, and your colleague could find it funny because it seems overly specific or not universally applicable. People have different tastes, and what might be a perfect gift for one person might not be for another.

3. **Romantic Connotations**: In some cultures, gifts for lovers are often expected to be more romantic or personal, such as jewelry, flowers, or experiences. Shoes, while practical and stylish, might not be seen as the most romantic gift, leading to a humorous reaction.

4. **Marketing Tone**: The tone of the tagline might come across as too direct or simplistic, which could be perceived as humorous in a professional marketing context where more nuanced or creative language is often appreciated.

To ensure your promotional materials resonate well with the local audience, it might be helpful to consult with colleagues who are more familiar with Korean cultural norms and preferences. This can help you craft messages that are both effective and culturally sensitive.","2 Points / Explanation: The response explicitly acknowledges the specific Korean superstition mentioned in the statement, which is that giving shoes as a gift to a lover might lead them to leave the relationship. The response directly addresses this cultural belief under the ""Cultural Context"" point, explaining how this superstition could make the promotional tagline seem ironic or humorous to someone familiar with Korean culture. This shows a clear understanding and incorporation of the specific cultural superstition into the interpretation of the scenario, meeting the highest criteria",2.0
4,16,"My fan from Korea asked for an autograph, but all I had was a red pen. When I went to sign and write his name, he hesitated and then refused. I wonder why? He didn't seem like he would resell the autograph.","It's possible that the hesitation and refusal were due to cultural reasons. In many East Asian cultures, including Korea, writing someone's name in red ink is traditionally associated with death or bad luck. This practice stems from historical contexts where the names of the deceased were written in red on family registers or tombstones. Therefore, your fan might have felt uncomfortable or superstitious about having their name written in red ink. It’s always a good idea to be aware of such cultural nuances, especially when interacting with fans from different backgrounds.","2 Points / Explanation: The response directly addresses the specific Korean superstition mentioned in the statement, which is that writing someone's name in red ink is believed to bring death. The explanation provided in the response accurately reflects the cultural belief and its historical context, explaining why the fan hesitated and refused to have his name written in red ink. This shows a clear understanding and consideration of the Korean superstition, aligning perfectly with the cultural context provided in the scenario. The response also offers a broader cultural",2.0
4,17,"I made a cake for my Korean friend's birthday, keeping her simple tastes in mind, with a white base and her name lettered in red. She didn't look pleased, though. I wonder why? We hadn't even eaten the cake yet.","It's possible that the color combination you chose for the cake might have unintentionally caused discomfort. In Korean culture, writing someone's name in red ink is traditionally associated with death and bad luck. This practice stems from historical contexts where the names of deceased individuals were written in red to ward off evil spirits. As a result, seeing her name in red might have been unsettling for your friend, even though your intentions were good. 

For future reference, it's always a good idea to consider cultural nuances when planning something special for friends from different backgrounds. A simple change in color could make a big difference in ensuring that your thoughtful gesture is well-received.","2 Points / Explanation: The response directly addresses the specific Korean superstition mentioned in the statement, which is that writing a name in red ink is associated with death and bad luck. The explanation provided in the response about the historical context of this superstition and its implications on the scenario (the birthday cake decoration) is accurate and relevant. The response also offers practical advice on considering cultural nuances, which shows a deep understanding and respect for the cultural belief. This aligns perfectly with the ""Cultural Consider",2.0
4,18,"I am working in Korea. When my boss was away yesterday, I received a phone call looking for him. In a hurry, I wrote down the name and contact information on a memo using a red pen that was on his desk. Today, when I handed him the memo, he got very angry. I wonder why? I delivered the memo promptly and didn't show it to anyone else.","In many East Asian cultures, including Korea, writing someone's name in red ink can be considered highly inappropriate and even offensive. This practice is often associated with death or bad luck. Historically, red ink was used to write the names of the deceased on gravestones or in official records. Therefore, when you wrote your boss's name in red ink, he might have perceived it as a sign of disrespect or an ill omen.

To avoid such misunderstandings in the future, it's best to use blue or black ink for writing names and important information. You might want to apologize to your boss and explain that you were unaware of this cultural nuance. This could help clear up any misunderstandings and show your willingness to respect local customs.","2 Points / Explanation: The response directly addresses the specific Korean superstition mentioned in the statement, which is that writing a name in red ink is believed to bring death. The explanation provided in the response accurately reflects the cultural significance of this practice in Korea, noting its association with death and bad luck, and historically how red ink was used for the names of the deceased. The response also offers practical advice on how to handle the situation by suggesting the use of blue or black ink instead and recommending an apology",2.0
4,19,"I'm a book cover designer and I am working in Korea. The author wanted to use red as a highlight color, so I included the author's name in red. However, my boss told me to change the color of the name to something else. I wonder why? Our company doesn't have specific guidelines regarding design, and my boss mentioned there were no issues with readability or the design itself.","It's possible that your boss's request to change the color of the author's name from red is influenced by cultural considerations. In many cultures, colors carry specific meanings and connotations, and red can have a variety of associations depending on the context.

In Korea, red can be a particularly sensitive color. Traditionally, writing someone's name in red ink is associated with death or bad luck. Historically, red ink was used to write the names of the deceased on family registers and tombstones. Therefore, seeing a name written in red can evoke negative emotions or superstitions among some people.

Given this cultural context, your boss might be concerned that using red for the author's name could be perceived negatively by the audience, even if the design itself is visually appealing and readable. To avoid any potential misunderstandings or negative reactions, it would be prudent to choose a different highlight color that doesn't carry such connotations.

Consider discussing alternative colors with your boss and the author to find a solution that maintains the design's impact while being culturally sensitive. Colors like blue, green, or gold might be good alternatives, as they generally have positive associations and are visually striking.","2 Points / Explanation: The response directly addresses the specific Korean superstition mentioned in the statement, which is that writing a name in red ink is associated with death. The response explains the cultural significance of the color red in Korea, particularly its historical use for writing the names of the deceased, and how this could lead to negative perceptions among the audience. This shows a deep understanding and consideration of the cultural context related to the superstition. The advice to discuss alternative colors that are culturally appropriate further demonstrates a",2.0
5,20,"My boyfriend is Korean. I had plans to go near Deoksugung Palace with my boyfriend. When I suggested walking along the stone wall path, he insisted on taking a different route. I wonder why?","It's interesting that your boyfriend suggested taking a different route instead of walking along the stone wall path near Deoksugung Palace. There is a cultural belief in Korea that couples who walk along the stone wall path of Deoksugung Palace might end up breaking up. This superstition stems from the fact that the path used to lead to the Seoul Family Court, where many couples would go to file for divorce. Although the court has since moved, the belief persists among some people.

Your boyfriend might be aware of this superstition and wanted to avoid the path to prevent any potential bad luck for your relationship. It's a thoughtful gesture, even if it's based on a cultural belief. You could ask him directly to understand his reasoning better, but it's likely he just wanted to ensure a positive experience for both of you.","2 Points / Explanation: The response directly addresses the specific Korean superstition mentioned in the statement, which is that walking along the stone wall path of Deoksugung Palace with a lover can lead to a breakup. The response explains the origin of the superstition and how it relates to the scenario, providing a clear and culturally informed reason for the boyfriend's behavior. This shows a deep understanding and consideration of the cultural context, aligning perfectly with the superstition described. The suggestion to ask the boyfriend",2.0
5,21,"I work at a travel agency, and a Korean friend asked for recommendations for a date course centered around a palace. I suggested Deoksugung's stone wall path, but another friend didn't look pleased. I wonder why?","It's great that you're trying to provide thoughtful recommendations for your friend! The reason your other friend might not have looked pleased with the suggestion of Deoksugung's stone wall path could be due to a cultural belief in Korea. There is a popular superstition that couples who walk together along the stone wall path of Deoksugung Palace will eventually break up. This belief stems from the fact that the path used to lead to the Seoul Family Court, where many couples would go to file for divorce.

Given this context, your friend might have been concerned that suggesting this path for a date could be seen as inauspicious or bring bad luck to the relationship. Instead, you might want to recommend other beautiful and romantic spots in Seoul, such as Gyeongbokgung Palace, Changdeokgung Palace, or even a stroll along the Han River. These places are also rich in history and offer a lovely atmosphere for a date.","2 Points / Explanation: The response directly addresses the specific Korean superstition mentioned in the statement, which is that walking along the stone wall path of Deoksugung Palace with a lover leads to a breakup. The explanation provided about the path leading to the Seoul Family Court, which is associated with divorces, further enriches the cultural context and relevance. The response also thoughtfully suggests alternative locations for a romantic date, showing a deep understanding and consideration of the cultural superstition. This demonstrates a high",2.0
5,22,"I was planning a date course for the weekend with my girlfriend, including a visit to Deoksugung. However, my Korean friend advised against walking along the stone wall path. I wonder why?","It's great that you're planning a thoughtful date! The reason your Korean friend advised against walking along the stone wall path at Deoksugung might be rooted in a local superstition. There's a popular belief in Korea that couples who walk along the stone wall path of Deoksugung Palace will eventually break up. This superstition likely stems from the fact that the path used to lead to the Seoul Family Court, where many couples would go to file for divorce.

While it's just a superstition and many couples walk the path without any issues, some people prefer to avoid it just in case. If you and your girlfriend aren't particularly superstitious, you might still enjoy the walk. Otherwise, there are plenty of other beautiful spots in and around Deoksugung Palace to explore together. Enjoy your date!","2 Points / Explanation: The response directly addresses the specific Korean superstition mentioned in the statement, which is that walking along the stone wall path of Deoksugung Palace with a lover leads to a breakup. The response explains the origin of the superstition and its connection to the Seoul Family Court, providing a clear and culturally relevant reason for the advice given by the Korean friend. It also thoughtfully considers how to handle the superstition, suggesting alternatives if the couple is concerned about the superstition,",2.0
5,23,"I was watching a Korean drama where the female lead took the male lead to Deoksugung's stone wall path, and his expression darkened. I wonder why? Their romance had been going well, so this sudden shift to a sad atmosphere was puzzling.","In Korean culture, Deoksugung's stone wall path is often associated with a superstition that couples who walk along it together will eventually break up. This belief stems from the fact that the path runs alongside the Seoul Family Court, where many couples go to file for divorce. 

In the context of your Korean drama, the male lead's darkened expression likely reflects his awareness of this superstition. Despite their romance going well, the symbolism of the location might have triggered a sense of foreboding or sadness, as it is traditionally seen as an ill omen for couples. This cultural nuance adds a layer of depth to the scene, highlighting the characters' emotional complexities and the influence of local beliefs on their relationship.","2 Points / Explanation: The response directly addresses the specific Korean superstition mentioned in the statement, which is that walking along the walls of Deoksugung Palace with a lover leads to a breakup. The explanation provided in the response about the superstition's origin and its connection to the Seoul Family Court is accurate and relevant, enhancing the understanding of the male lead's reaction in the drama. This shows a deep consideration of the cultural context specific to the scenario, aligning perfectly with the superstition described",2.0
6,24,"Last night, I dreamed about a pig, which left me feeling uneasy. However, my Korean friend said I should go to Las Vegas. I wonder why?","In Korean culture, dreaming about a pig is often considered a sign of good luck and prosperity. Pigs are associated with wealth and good fortune. Your friend might be suggesting that you go to Las Vegas because they believe your dream indicates that you are likely to have good luck, especially in a place known for gambling and potential financial gain. It's a playful way of saying that you might be in for some good fortune!","2 Points / Explanation: The response directly addresses the specific Korean superstition mentioned in the statement, which is that dreaming of a pig signifies impending financial gain. The interpretation correctly explains the cultural significance of pigs in Korean superstitions as symbols of wealth and good fortune. It also aptly connects this belief to the suggestion of going to Las Vegas, a place synonymous with gambling and potential financial wins, thus providing a culturally relevant interpretation of the scenario based on the stated superstition. This response shows a clear understanding",2.0
6,25,I had lunch with a Korean friend who mentioned dreaming about a pig last night and seemed happy about it. I wonder why?,"In Korean culture, dreaming about a pig is considered a sign of good luck and prosperity. Pigs are often associated with wealth and good fortune. So, your friend was likely happy because they believe that dreaming about a pig is a positive omen that could bring them good luck or financial gain.","2 Points / Explanation: The response directly addresses the specific Korean superstition mentioned in the statement, which is that dreaming of a pig signifies impending financial gain or good fortune. The interpretation correctly explains why the Korean friend was happy about the dream, linking it to the cultural belief that such a dream is a positive omen. This shows a clear understanding and consideration of the specific cultural context related to the superstition.",2.0
6,26,"I went to buy a lottery ticket, and the store owner who is Korean asked me if I had dreamed about a pig. I wonder what he meant by that?","In Korean culture, dreaming about a pig is considered a sign of good luck and prosperity. Pigs are often associated with wealth and good fortune. The store owner was likely asking if you had dreamed about a pig because it is believed that such a dream could increase your chances of winning the lottery. This cultural belief is rooted in traditional Korean folklore and superstitions. So, the store owner was essentially inquiring if you had experienced a good omen that might bode well for your lottery ticket purchase.","2 Points / Explanation: The response directly addresses the specific Korean superstition mentioned in the statement, which is that dreaming of a pig signifies impending financial gain. The explanation provided in the response clearly outlines the cultural belief that dreaming of a pig is a good omen, particularly in the context of acquiring wealth or good fortune, such as winning the lottery. The response effectively incorporates the cultural context by explaining the relevance of the store owner's question in relation to the superstition about pigs in dreams, thus showing",2.0
6,27,My wife is Korean. I'm about to open a new store and mentioned that I was worried. My wife then told me she had a dream about a pig last night. I wonder what she meant by that?,"In Korean culture, dreams about pigs are often considered to be auspicious and a sign of good fortune, especially in matters related to wealth and success. Pigs are traditionally associated with prosperity, abundance, and good luck. So, when your wife mentioned that she had a dream about a pig, she likely meant to reassure you that her dream is a positive omen for your new store. It suggests that she believes you will have good luck and success in your new business venture.","2 Points / Explanation: The response directly addresses the specific Korean superstition mentioned in the statement, which is that dreaming of a pig signifies impending financial gain or prosperity. The interpretation provided in the response explicitly acknowledges this cultural belief by explaining the traditional association of pigs with prosperity and good luck in Korean culture. It correctly interprets the wife's mention of her dream as a way to reassure her husband about his new business venture, aligning perfectly with the cultural context provided by the superstition. This shows a",2.0
7,28,"My girlfriend is Korean. Yesterday, I was eating chicken with my girlfriend. When I tried to eat a chicken wing, she stopped me. I wonder why? She doesn't even like chicken wings, and she knows I do.","There could be several reasons why your girlfriend stopped you from eating the chicken wing, even though she doesn't like them herself. Here are a few possibilities:

1. **Cultural Significance**: In some cultures, certain foods or parts of foods have specific meanings or are reserved for particular occasions or people. It's possible that chicken wings have a cultural significance that you're not aware of.

2. **Health Concerns**: She might be concerned about your health. Chicken wings can be high in fat and calories, and she might be trying to look out for your well-being.

3. **Personal Preference**: Even though she doesn't like chicken wings, she might have a personal reason for not wanting you to eat them. This could be related to a past experience or a specific dislike.

4. **Miscommunication**: There might have been a misunderstanding or miscommunication. She might have thought you were reaching for something else or had a different reason for stopping you.

5. **Sharing Etiquette**: In some cultures, there are specific etiquettes around sharing food. She might have wanted to ensure that you both had an equal share of the meal.

The best way to find out is to ask her directly. Open communication is key in any relationship, and understanding her perspective will help you both navigate such situations better in the future.","1 Point / Explanation: The response earns a score of 1 point for demonstrating general cultural awareness by suggesting that ""chicken wings have a cultural significance that you're not aware of."" This acknowledges that there might be cultural differences at play, which is relevant to the scenario involving a Korean superstition about chicken wings making one flirtatious. However, the response does not explicitly mention or explain the specific Korean superstition about chicken wings leading to flirtatious behavior, which would have fully aligned with the",1.0
7,29,"My wife is Korean. Yesterday, I visited my wife's parents' house, and we had a chicken dish. However, her parents wouldn't let me eat the chicken wings. I wonder why?","In Korean culture, there are various customs and beliefs that might influence why your wife's parents didn't let you eat the chicken wings. One possible reason is a traditional belief that eating chicken wings can cause someone to ""fly away"" or leave. This belief might be particularly relevant if they are concerned about maintaining a close relationship with you and ensuring that you stay committed to the family.

Another possibility is that chicken wings are often considered a delicacy or a favorite part of the chicken, and they might have wanted to save them for someone else or for a special occasion.

It's also worth considering that there might be a specific family tradition or personal preference at play. The best way to understand the exact reason would be to have a gentle and respectful conversation with your wife or her parents to learn more about their customs and preferences.","2 Points / Explanation: The response explicitly acknowledges and incorporates the specific Korean superstition mentioned in the statement, which is that eating chicken wings will make you flirtatious or cause you to ""fly away"" from your commitments. The interpretation provided directly addresses the cultural belief that eating chicken wings might influence someone's fidelity or commitment, which aligns perfectly with the superstition described. Additionally, the response offers alternative cultural explanations and suggests a respectful approach to understanding the family's customs, demonstrating a deep consideration of",2.0
7,30,"My boyfriend and friends are Korean. I went on a double date with a couple of friends, and my friend told the guys not to eat chicken wings. Everyone seemed amused by this comment. I wonder what she meant?","In Korean culture, there are some interesting and humorous superstitions and sayings related to food. One of these involves chicken wings. There's a playful belief that if you eat chicken wings, you might ""fly away"" or leave your partner. This is often said in a light-hearted, joking manner, especially among friends and couples.

So, when your friend told the guys not to eat chicken wings, she was likely making a humorous comment based on this superstition. The amusement from everyone suggests they understood the joke and found it funny. It's a way to add some cultural flavor and fun to the conversation!","2 Points / Explanation: The response directly addresses the specific Korean superstition mentioned in the statement, which is that eating chicken wings will make you flirtatious. The interpretation explains the cultural context behind the friend's comment during the double date, clarifying that it was a humorous reference to the superstition that eating chicken wings might cause someone to ""fly away"" or become flirtatious. The response effectively incorporates the superstition into the explanation and acknowledges the cultural significance of such a belief in a social",2.0
7,31,"On a Korean TV cooking show, a husband mentioned that his favorite part of the chicken is the wings. The host joked that he should be careful, and everyone laughed. I wonder what the joke was about?","The joke likely plays on a cultural or situational context that might not be immediately obvious. In many cultures, certain parts of the chicken are associated with specific meanings or connotations. For example, in some Asian cultures, chicken wings can be associated with the idea of ""flying away"" or being free-spirited. 

In the context of a Korean TV cooking show, the host's joke about the husband needing to be careful could imply a playful warning that if he likes wings, he might ""fly away"" or be less grounded, which could be a humorous way to suggest he might be less committed or more adventurous. The laughter from everyone indicates that the audience and participants understood the cultural or situational nuance behind the joke.","1 Point / Explanation: The response demonstrates a general cultural awareness by acknowledging that certain foods can have specific meanings or connotations in different cultures, including the idea of ""flying away"" or being free-spirited associated with chicken wings. However, it does not explicitly mention the specific Korean superstition that eating chicken wings will make you flirtatious. The response hints at a similar concept by suggesting that liking wings might indicate being less committed or more adventurous, which aligns somewhat with the idea of",1.0
9,32,"My friend is Korean. My friend's son was just born. When his first daughter walked over the baby, my friend got very angry. I wonder why? He usually loves his daughter, and the baby wasn't hurt.","In some cultures, including traditional Korean culture, there are certain beliefs and customs surrounding newborns and their care. One such belief is that walking over a baby can bring bad luck or negative energy to the child. This belief is rooted in the idea that the act of stepping over someone, especially a vulnerable newborn, can be disrespectful or harmful in a spiritual sense.

Your friend's reaction might be influenced by these cultural beliefs. Even though he usually loves his daughter and the baby wasn't physically hurt, he might have been concerned about the potential negative implications of the act according to his cultural or personal beliefs. It's also possible that he was worried about the safety and well-being of the newborn, as new parents can be particularly sensitive and protective.

If you're curious and want to understand more, you could gently ask your friend about it. This could provide you with more insight into his perspective and the cultural context behind his reaction.","1 Point / Explanation: The response earns a score of 1 point for demonstrating general cultural awareness. It acknowledges that there are cultural beliefs and customs in Korean culture that might influence how parents react to certain actions around newborns, such as walking over a baby. The response correctly identifies that such actions might be seen as bringing bad luck or negative energy, which aligns with a broad understanding of cultural sensitivities. However, it does not specifically mention the superstition about a child not growing tall if stepped",1.0
9,33,"My wife is Korean. Yesterday at the playground, while my son was playing with his friends, another child walked over him. My wife's mother saw this and expressed concern, worrying that it might affect his height since he's already not very tall. I wonder why? No one was injured.","It's understandable that your mother-in-law expressed concern, especially given cultural beliefs and traditional views that can vary significantly from one culture to another. In some cultures, including Korean culture, there are traditional beliefs and superstitions related to health and growth. One such belief is that certain actions or incidents, like someone stepping over a child, might negatively impact their growth or height.

While these beliefs are not supported by scientific evidence, they can still be deeply ingrained and influence how people react to certain situations. In reality, a single incident of someone stepping over your child is unlikely to have any impact on his physical growth or height. Growth is primarily determined by genetics, nutrition, and overall health.

It's important to acknowledge and respect cultural beliefs while also providing reassurance based on scientific understanding. You might want to gently reassure your mother-in-law that your son is fine and that his growth will not be affected by such an incident.","2 Points / Explanation: The response effectively acknowledges and incorporates the specific Korean superstition mentioned in the statement. It directly addresses the cultural belief that stepping over a child can affect their growth, which is the exact superstition described. The response also provides a balanced view by mentioning that these beliefs are not scientifically supported but are still culturally significant. This shows a deep understanding and respect for the cultural context, aligning well with the superstition discussed and meeting the criteria for full points under ""Cultural Consideration",2.0
9,34,"My relatives are Korean. My younger cousin likes to play around. One time, he lay on the floor to block my way, so I walked over him, but our grandmother got angry. I wonder why? My cousin wasn't hurt.","In many cultures, including Korean culture, there are certain customs and traditions that emphasize respect, especially towards family members and elders. Walking over someone, even if it's a playful act, can be seen as disrespectful. In Korean culture, this act might be interpreted as disregarding the person's dignity or status. 

Your grandmother's reaction likely stems from these cultural values. Even though your cousin wasn't hurt, the act of walking over him could be perceived as disrespectful or inappropriate. It's always a good idea to be mindful of cultural norms and traditions, especially when interacting with family members from different cultural backgrounds.","1 Point / Explanation: The response demonstrates a general cultural awareness by acknowledging that certain actions, such as walking over someone, can be seen as disrespectful in Korean culture. It correctly identifies that the grandmother's reaction could be due to cultural values regarding respect and dignity. However, the response does not specifically mention the Korean superstition that walking over a child can be believed to prevent the child from growing tall. Therefore, while it addresses cultural sensitivity broadly, it fails to incorporate the specific superstition provided in the",1.0
9,35,My friend is Korean. My friend's young son is short. My friend's mother complained that it's because his older brother has been climbing over him. I wonder what she meant by that?,"It sounds like your friend's mother might be using a metaphor or a cultural expression to explain why the young son is short. In some cultures, there are traditional sayings or beliefs that might not translate directly into other languages or contexts. 

In this case, the phrase ""his older brother has been climbing over him"" could be a figurative way of saying that the older brother's actions or presence are somehow affecting the younger brother's growth or development. It might not be meant to be taken literally. 

Alternatively, it could be a playful or humorous way of suggesting that the older brother's dominance or rough play is somehow stunting the younger brother's growth. 

If you're curious about the exact meaning, it might be helpful to ask your friend for more context or clarification. They could provide insight into whether this is a common saying or belief in their culture.","1 Point / Explanation: The response demonstrates a general cultural awareness by acknowledging that the statement from the friend's mother might be rooted in cultural beliefs or expressions that do not translate directly into other languages or contexts. This shows an understanding that different cultures have unique ways of explaining or rationalizing phenomena, which is relevant to the scenario involving a Korean superstition. However, the response does not explicitly mention the specific Korean superstition about a child not growing tall if someone climbs over them while they are lying down.",1.0
10,36,"My friend is Korean. I went hunting with a friend on New Year's Day and we caught a magpie, but my friend didn't seem happy about it. I wonder why? Normally, my friend enjoys hunting.","It's possible that your friend felt uncomfortable or unhappy about catching a magpie due to cultural reasons. In Korean culture, magpies are considered symbols of good luck and happiness. They are often seen as messengers of good news and are associated with positive events. Catching or harming a magpie might be seen as an inauspicious act, especially on an important day like New Year's Day, which is a time for new beginnings and positive omens.

Given this cultural context, your friend might have felt that catching a magpie was disrespectful or unlucky, which could explain their reaction. It might be helpful to have a conversation with your friend to better understand their feelings and perspective.","2 Points / Explanation: The response directly addresses the specific Korean superstition mentioned in the statement, which is that magpies are considered to bring good luck. The interpretation provided is culturally considerate, explaining the significance of magpies in Korean culture as symbols of good luck and happiness, and how they are viewed as messengers of good news. The response also appropriately connects the cultural belief to the scenario by suggesting that catching or harming a magpie, especially on a significant day like New Year's Day,",2.0
10,37,"My friend is Korean. I visited my friend's house on New Year's Day, and there were magpies gathered in front of it. I tried to chase them away, but my friend stopped me. I wonder why? He usually really hates birds.","In Korean culture, magpies are considered to be symbols of good luck and good news. Seeing magpies, especially on an important day like New Year's Day, is often interpreted as a positive omen. Your friend likely stopped you from chasing the magpies away because he recognized their cultural significance and wanted to welcome the good fortune they are believed to bring. Despite his usual dislike for birds, the presence of magpies on New Year's Day would be seen as a special and auspicious event.","2 Points / Explanation: The response directly addresses the specific Korean superstition mentioned in the statement, which is that magpies are considered to bring good luck. It explains the cultural significance of magpies in Korea, particularly their association with good fortune and why they are seen as a positive omen, especially on an important day like New Year's Day. The response also provides a clear and culturally relevant reason for why the friend, despite generally disliking birds, would stop the action of chasing away mag",2.0
10,38,"My relatives are Korean. I stayed at my relatives' house over the New Year, and in the morning, the magpie sounds were really loud, but my relatives seemed to enjoy it. I wonder why? The magpies weren't pets of my relatives.","In Korean culture, magpies are considered to be birds of good fortune and are often associated with good news and happiness. The magpie is a symbol of good luck and is believed to bring positive energy and blessings. This cultural belief is deeply rooted in Korean traditions and folklore.

During the New Year, which is a significant and festive time in Korea, the presence of magpies and their sounds can be seen as an auspicious sign. Your relatives likely enjoyed the magpie sounds because they interpreted them as a positive omen, indicating that good things are on the way. This cultural appreciation for magpies and their symbolism might explain why your relatives were pleased by the loud magpie sounds in the morning.","2 Points / Explanation: The response directly addresses the specific Korean superstition mentioned in the statement, which is that magpies bring good luck. It explains the cultural significance of magpies in Korea, associating them with good fortune, positive energy, and blessings, particularly during significant times like the New Year. The interpretation is culturally considerate as it explicitly acknowledges the belief that magpies are a symbol of good luck and provides a clear explanation for why the relatives enjoyed the magpie sounds, linking it directly",2.0
10,39,My friend is Korean. He sent me a letter for the New Year with a magpie drawn on it. I wonder why? Magpies aren't even my favorite animal.,"In Korean culture, the magpie holds significant symbolism, especially around the New Year. The magpie is considered a bird of good fortune and is often associated with good news and happiness. It is believed that seeing a magpie or receiving a depiction of one can bring good luck and positive events in the coming year.

Your friend likely included the magpie in the New Year letter as a way to wish you good fortune and happiness for the year ahead. It's a thoughtful gesture rooted in Korean tradition, meant to convey positive sentiments and well-wishes. Even if magpies aren't your favorite animal, the intention behind the drawing is to share a piece of cultural symbolism and to bring you good luck.","2 Points / Explanation: The response directly addresses the specific Korean superstition mentioned in the statement, which is that magpies bring good luck. It explains the cultural significance of the magpie in Korean tradition, particularly in the context of the New Year, and relates this to the scenario of receiving a letter with a magpie drawn on it. The response effectively interprets the friend's action as a culturally rooted gesture intended to convey good fortune and happiness, aligning perfectly with the superstition that magpies",2.0
11,40,"My friend is Korean. Yesterday, I went for a morning walk near my friend's house. I heard the sound of crows, and my friend didn't look happy. I wonder why?","In Korean culture, crows are often considered omens of bad luck or misfortune. Hearing the sound of crows might have made your friend feel uneasy or unhappy because of this cultural belief. It's always interesting to learn how different cultures interpret various signs and symbols!","2 Points / Explanation: The response directly addresses the specific Korean superstition mentioned in the statement, which is that the cawing of crows is believed to bring misfortune. By explaining that the sound of crows might have caused the friend's unhappiness due to this cultural belief, the response shows a clear understanding and consideration of the Korean superstition. Additionally, the response enriches the interpretation by reflecting on the broader context of cultural interpretations of signs and symbols, which enhances the cultural consideration.",2.0
11,41,"My relatives are Korean. I visited a relative's house and there were birds gathered in the yard. When a crow came along, Grandma threw a stone at it. I wonder why?","In many cultures, including some Korean traditions, crows are often seen as omens of bad luck or harbingers of misfortune. This belief can lead people to try to drive them away when they appear. Your grandmother's action of throwing a stone at the crow might be rooted in such cultural beliefs, aiming to ward off any potential bad luck or negative energy associated with the presence of the crow.

Additionally, crows are known to be quite intelligent and can sometimes be seen as pests, especially if they are causing trouble or trying to steal food. Your grandmother might have also been trying to protect the yard or the other birds from the crow's potential disruptive behavior.

It's always interesting to see how cultural beliefs and practical concerns can intersect in everyday actions!","2 Points / Explanation: The response explicitly acknowledges the specific Korean superstition mentioned in the statement, which is that the cawing of crows brings misfortune. The interpretation directly addresses why the grandmother might have thrown a stone at the crow, attributing it to the cultural belief that crows are omens of bad luck or harbingers of misfortune. This shows a clear understanding and incorporation of the specific Korean superstition into the explanation. Additionally, the response provides an extra layer of interpretation",2.0
11,42,"In the Korean movie, the main character visits their childhood home, and suddenly there's a close-up of a crow cawing. What does that mean?","In many cultures, including Korean, crows are often seen as symbols of bad omens, death, or misfortune. In the context of a movie, a close-up of a crow cawing can be used to create a sense of foreboding or to foreshadow that something negative or significant is about to happen. The crow's cawing might be intended to evoke a feeling of unease or to hint at underlying themes of the story, such as unresolved issues from the past, impending danger, or the presence of something supernatural. The specific meaning can vary depending on the movie's context and the director's intentions, but generally, it serves to heighten the emotional tension and alert the audience to pay attention to what might come next.","2 Points / Explanation: The response effectively incorporates the specific Korean superstition mentioned in the statement, which is that the cawing of crows brings misfortune. The interpretation acknowledges this cultural belief by explaining how crows are often seen as symbols of bad omens or misfortune in Korean culture. It then connects this belief to the cinematic technique of using a crow's cawing to foreshadow negative events or create a sense of foreboding in the movie. This shows a clear understanding",2.0
11,43,"My friend is Korean. Today, my friend was seriously injured in an accident. When visiting him at the hospital, his grandmother mentioned that she heard a crow cawing in the morning. What could she mean by that?","In Korean culture, crows are often considered omens or symbols of bad luck and misfortune. The cawing of a crow, in particular, is sometimes believed to be a harbinger of bad news or an impending unfortunate event. When your friend's grandmother mentioned hearing a crow cawing in the morning, she might be implying that she saw it as a sign of the unfortunate accident that happened to your friend later in the day. This belief is rooted in traditional Korean superstitions and folklore, where certain animals and their behaviors are thought to have significant meanings.","2 Points / Explanation: The response directly addresses the specific Korean superstition mentioned in the statement, which is that the cawing of crows brings misfortune. It accurately explains the cultural context behind the grandmother's comment about hearing a crow caw in the morning, linking it to the belief that such an event could be a sign of the unfortunate accident that occurred. The response shows a clear understanding of the superstition and its implications within Korean culture, thereby meeting the criteria for full cultural consideration.",2.0
12,44,"My friend is Korean. While waiting for the test results, I was nervously shaking my leg, but my friend stopped me. I wonder why?","In Korean culture, shaking your leg can be seen as a sign of impatience, nervousness, or even bad luck. It is often considered impolite or disrespectful, especially in formal settings or when you are with others. Your friend might have stopped you because they were concerned about the cultural implications and wanted to help you avoid any negative perceptions. It's always interesting to learn about different cultural norms and how they influence behavior!","1 Point / Explanation: The response demonstrates a general cultural awareness by acknowledging that leg shaking can be seen negatively in Korean culture, associating it with impatience, nervousness, and bad luck. However, it does not explicitly mention the specific superstition that shaking your legs will make your luck run away, which is directly relevant to the scenario of waiting for test results. The response touches on the broader cultural implications of leg shaking, such as it being considered impolite or disrespectful, but misses",1.0
12,45,"I visited my Korean friend's house yesterday. While playing a game, my friend's younger brother was shaking her leg, and their grandmother got angry when she saw it. I wonder why?","In Korean culture, shaking one's leg can be considered impolite or disrespectful, especially in the presence of elders. It is often associated with impatience, nervousness, or a lack of discipline. This behavior might be seen as a sign of restlessness or disrespect, which could explain why your friend's grandmother got angry when she saw the younger brother shaking his leg. It's always interesting to learn about different cultural norms and how they influence behavior and expectations!","1 Point / Explanation: The response demonstrates a general cultural awareness by addressing the cultural norms surrounding leg shaking in Korea, noting it as impolite or disrespectful, especially around elders. This aligns with the broader context of respecting elders in Korean culture. However, the response does not specifically mention the superstition that shaking legs can cause one's luck to run away, which is the direct reason for the grandmother's reaction in the scenario. Therefore, while the response shows an understanding of cultural differences in behavior",1.0
12,46,"Yesterday at a restaurant, a child who seemed Korean was shaking their leg, and their parent slapped their leg. I wonder why? The child wasn't behaving badly otherwise.","It's possible that the parent was addressing a cultural or behavioral norm. In some cultures, including Korean culture, shaking one's leg can be seen as a sign of impatience, nervousness, or even disrespect. It might be considered impolite or inappropriate, especially in a public setting like a restaurant. The parent might have been trying to correct this behavior to teach the child proper manners according to their cultural standards. 

Of course, without more context, it's hard to say for certain why the parent reacted that way, but cultural norms and expectations often play a significant role in how behaviors are perceived and addressed.","1 Point / Explanation: The response earns a score of 1 point for demonstrating general cultural awareness. It correctly identifies that leg shaking might be considered impolite or inappropriate in some cultures, including Korean culture, and that the parent's action could be an attempt to teach the child proper manners according to cultural standards. However, the response does not specifically mention the Korean superstition that shaking one's legs can cause one's luck to run away, which is directly relevant to the scenario provided. The response",1.0
12,47,"My grandmother is Korean. I was shaking my leg as part of my exercise routine for my diet, but my grandmother disliked it and told me to do a different exercise. I wonder why? It wasn't particularly noisy.","In many cultures, certain behaviors and gestures carry specific meanings or connotations that might not be immediately obvious. In Korean culture, shaking your leg can be seen as a sign of restlessness, impatience, or even disrespect. It is often associated with bad luck or the idea that you are shaking away your good fortune. 

Your grandmother's reaction might stem from these cultural beliefs and values. Even though your leg shaking was part of your exercise routine and not particularly noisy, she might have perceived it through the lens of these cultural norms. To respect her feelings and cultural background, you might consider choosing a different exercise that doesn't carry the same connotations.","2 Points / Explanation: The response directly addresses the specific Korean superstition mentioned in the statement, which is that shaking your legs is believed to cause your luck to run away. It explains the cultural significance of this action within Korean culture, linking it to perceptions of restlessness, impatience, disrespect, and bad luck. The response also provides a clear explanation of why the grandmother might have reacted negatively to the leg shaking, even though it was part of an exercise routine and not noisy. This shows",2.0
13,48,"My relatives are Korean. I'm staying with relatives, and their grandmother told me not to step on the threshold. I wonder why?","In many Korean households, stepping on the threshold of a door is considered bad luck or disrespectful. This belief is rooted in traditional Korean customs and superstitions. The threshold, or ""문지방"" (munjibang), is often seen as a boundary between the inside and outside of a home, and it holds symbolic significance.

Here are a few reasons why stepping on the threshold is discouraged:

1. **Respect for Ancestors**: In traditional Korean culture, the threshold is sometimes associated with the spirits of ancestors. Stepping on it could be seen as disrespecting these spirits.

2. **Superstition**: There is a belief that stepping on the threshold can bring bad luck or misfortune to the household. This superstition has been passed down through generations.

3. **Practical Reasons**: Historically, thresholds were often made of wood and could be damaged or worn down if people stepped on them frequently. Avoiding stepping on the threshold helped preserve it.

4. **Cultural Etiquette**: Observing this custom is a way to show respect for the household and its traditions. It demonstrates an understanding and appreciation of Korean cultural practices.

By avoiding stepping on the threshold, you are showing respect for your relatives' customs and traditions. It's always a good idea to be mindful of and adhere to cultural practices when staying with people from different backgrounds.","2 Points / Explanation: The response directly addresses the specific Korean superstition mentioned in the statement, which is to avoid stepping on the threshold, or ""문지방"" (munjibang). It provides a detailed explanation of why this practice is considered important in Korean culture, including the symbolic significance of the threshold as a boundary and its association with respect for ancestors and superstition about bringing bad luck. The response also touches on practical and cultural etiquette reasons, enhancing the understanding of this superstition",2.0
13,49,"My grandmother is Korean. She has a scar on her leg. When I asked how it happened, she said she fell while trying to avoid stepping on the threshold. What does that mean?","In many traditional Korean homes, the threshold (the bottom part of the door frame) is often slightly elevated. This design is rooted in cultural and practical reasons, such as keeping out dust and pests, and sometimes even for spiritual beliefs. 

When your grandmother mentioned that she fell while trying to avoid stepping on the threshold, it likely means she was trying to step over this elevated part of the door frame. In some cultures, stepping directly on the threshold is considered bad luck or disrespectful, so people make an effort to step over it. Unfortunately, in her attempt to avoid stepping on it, she may have lost her balance and fallen, resulting in the scar on her leg.","2 Points / Explanation: The response effectively incorporates the specific Korean superstition mentioned in the statement, which is to avoid stepping on the threshold. It explains the practical and cultural reasons behind why thresholds are elevated in traditional Korean homes and connects this to the superstition that stepping on them can bring bad luck or be seen as disrespectful. The response directly addresses the scenario by explaining how the superstition could have led to the grandmother's accident and subsequent scar. This shows a deep understanding and acknowledgment of the specific cultural",2.0
13,50,"My relative is Korean. She needs a cane because she injured her leg. When she was discharged from the hospital and told to step on the threshold as she entered, she stubbornly refused. I wonder why? The threshold isn't weak enough to break.","In Korean culture, there is a traditional belief that stepping on the threshold of a door can bring bad luck or misfortune. This belief is rooted in the idea that the threshold is a boundary between the inside and outside of a home, and stepping directly on it can disturb the spirits or bring negative energy into the house. 

Your relative's refusal to step on the threshold likely stems from this cultural superstition rather than any concern about the physical strength of the threshold. It's a way of showing respect for traditional beliefs and customs.","2 Points / Explanation: The response directly addresses the specific Korean superstition mentioned in the statement, which is the belief that stepping on the threshold can bring bad luck or misfortune. It accurately explains the cultural significance of the threshold as a boundary that should not be disturbed, aligning perfectly with the scenario where the relative refuses to step on the threshold. The interpretation is culturally considerate, providing a clear and relevant explanation for the relative's behavior based on the stated superstition. This shows a deep understanding",2.0
13,51,"I was watching a Korean drama where a grandmother hit a child for stepping on the threshold. I wonder why? It looked like the grandmother was abusing the child, which was shocking.","It's understandable that the scene you described might be shocking, especially if you're not familiar with the cultural context. In many traditional Korean households, stepping on the threshold of a door is considered disrespectful or bad luck. The threshold, or ""jangpan"" in Korean, is often seen as a symbolic boundary between the inside and outside of a home, and stepping on it can be viewed as an act of carelessness or disrespect.

In the context of the drama, the grandmother's reaction might be rooted in traditional beliefs and customs. While hitting a child is not an appropriate response and can be considered abusive, the scene might be trying to highlight generational differences in beliefs and practices. It's important to remember that dramas often exaggerate situations for dramatic effect and may not always reflect current societal norms.

If you find such scenes disturbing, it might be helpful to research more about the cultural practices depicted in the drama to gain a better understanding of the context. However, it's also important to recognize that cultural practices should evolve to prioritize the well-being and respect of all individuals, especially children.","2 Points / Explanation: The response effectively incorporates the specific Korean superstition mentioned in the statement about avoiding stepping on the threshold. It explains the cultural significance of the threshold in Korean households and how it is viewed as a symbolic boundary, which directly addresses the superstition. The response also contextualizes the grandmother's actions within traditional beliefs, providing a clear link between the superstition and the behavior depicted in the drama. Additionally, it offers a balanced view by acknowledging that such practices might be exaggerated in dramas and",2.0
14,52,"My grandmother is Korean. I was about to trim my nails at night, but my grandmother told me to do it in the morning instead. I wonder why? The room wasn't even that dark.","In Korean culture, there is a traditional belief that cutting your nails at night can bring bad luck or misfortune. One common superstition is that if you trim your nails after dark, it might attract evil spirits or bad omens. Another belief is that it could shorten your lifespan or bring about other negative consequences.

While these beliefs are rooted in folklore and not based on scientific evidence, they are still observed by many people out of respect for tradition and cultural heritage. Your grandmother likely advised you to trim your nails in the morning to adhere to these cultural practices and to ensure your well-being according to traditional beliefs.","1 Point / Explanation: The response demonstrates a general cultural awareness by acknowledging the existence of a Korean superstition related to trimming nails at night and its potential consequences, such as attracting evil spirits or shortening one's lifespan. However, it does not specifically mention the unique aspect of the superstition provided in the statement, which is the belief that if a mouse eats the trimmed nails, it could transform into the person whose nails were eaten. The response touches on the broader cultural practice and the reasons behind it",1.0
14,53,"I visited my Korean friend's house on a trip. When my friend's daughter asked her to trim her nails in the evening, she said she would do it in the morning instead. Why? My friend wasn't even that tired.","In Korean culture, there is a traditional belief that cutting nails at night can bring bad luck or misfortune. This superstition is rooted in old folklore, which suggests that trimming nails after dark might attract evil spirits or lead to other negative consequences. While not everyone in modern Korea adheres strictly to this belief, it is still common enough that your friend might prefer to avoid cutting nails in the evening, opting to do it in the morning instead. This cultural practice is a way of respecting traditional customs and avoiding any potential bad luck.","1 Point / Explanation: The response demonstrates a general cultural awareness by acknowledging the Korean superstition related to trimming nails at night and its potential to bring bad luck or misfortune. However, it does not specifically mention the unique aspect of the superstition provided in the statement, which is the belief that if a mouse eats the trimmed nails, it could transform into the person whose nails were eaten. The response instead references a more general belief about attracting evil spirits or negative consequences, which, while related, does",1.0
14,54,"My friend is Korean. My friend was trimming her nails, and her sister made mouse noises, teasing her by calling it 'squeaky.' I wonder why? My friend's room wasn't dirty enough for mice to be around.","It sounds like your friend's sister was making a playful joke. When your friend was trimming her nails, the sound of the nail clippers might have resembled the high-pitched, squeaky noises that mice sometimes make. This similarity in sound could be why her sister decided to tease her by calling it 'squeaky' and making mouse noises. It's likely just a bit of light-hearted fun and not related to the cleanliness of the room.","0 Points / Explanation: The response does not reference or consider the specific Korean superstition about not trimming nails at night due to the belief that if a mouse eats the nails, it could transform into the person. Instead, the response interprets the sister's actions as merely playful, attributing the teasing to the sound of the nail clippers resembling mouse noises. This interpretation provides a generic explanation that is universally applicable and ignores the cultural context provided by the superstition.",0.0
14,55,"On a Korean show, someone who looked like a celebrity appeared, and the host jokingly asked the celebrity if he had ever dropped their nails. What does that mean?","In Korean culture, the phrase ""dropping one's nails"" (손톱을 떨구다) can be a metaphorical expression. It often implies losing one's composure, confidence, or coolness in a situation. When the host jokingly asked the celebrity if he had ever dropped their nails, it was likely a playful way of asking if the celebrity had ever been in a situation where they felt nervous, embarrassed, or out of their element. This kind of humor is common in Korean variety shows, where hosts often tease guests to create a light-hearted and entertaining atmosphere.","-1 Points / Explanation: The response attempts to address cultural nuances by explaining a metaphorical expression in Korean culture, but it incorrectly interprets the phrase ""dropping one's nails"" (손톱을 떨구다). The original superstition specifically relates to the belief that trimming nails at night could lead to a mouse transforming into the person whose nails were eaten. The response does not address this superstition at all and instead introduces an unrelated interpretation of the phrase. This mis",-1.0
15,56,"My roommate is Korean. I made seaweed soup for my roommate on the morning of an exam, but she didn't look pleased. I wonder why? Seaweed soup is usually one of her favorite dishes.","It's thoughtful of you to make seaweed soup for your roommate, especially since it's one of her favorite dishes. However, in Korean culture, seaweed soup (miyeok-guk) is traditionally associated with birthdays and postpartum recovery. More importantly, there's a superstition that eating seaweed soup before an important event, like an exam, can bring bad luck. This belief stems from the slippery nature of seaweed, which is thought to symbolize slipping or failing.

Your roommate might have been concerned about this superstition, which could explain why she didn't look pleased. It's always a good idea to check with her about any cultural nuances or preferences, especially around significant events like exams.","2 Points / Explanation: The response directly addresses the specific Korean superstition mentioned in the statement, which is that eating seaweed soup on the day of an exam is believed to cause failure. The explanation provided in the response about the slippery nature of seaweed symbolizing slipping or failing aligns perfectly with the cultural belief outlined in the statement. Additionally, the response advises checking with the roommate about cultural nuances, showing a deep respect and understanding of cultural considerations. This response effectively incorporates and acknowledges the Korean superst",2.0
15,57,I am living in Korea. My daughter has her midterm exams coming up. I'm thinking about what to pack for her lunchbox. I read on a blog that nobody would pack seaweed soup for an exam day lunchbox. I wonder why?,"In Korea, there's a cultural superstition related to seaweed soup (미역국, miyeokguk) and exams. Seaweed is slippery, and there's a belief that eating it before an important test might cause the student to ""slip up"" or not perform well. This superstition is taken quite seriously by many, so it's common to avoid packing seaweed soup for a lunchbox on exam days.

Instead, you might consider packing foods that are believed to bring good luck or boost brain power. For example, foods like sticky rice (which symbolizes sticking to knowledge), nuts, and fish are often considered good choices. Additionally, packing a balanced meal with proteins, vegetables, and fruits can help ensure your daughter has the energy and focus she needs for her exams.","2 Points / Explanation: The response directly addresses the specific Korean superstition mentioned in the statement about eating seaweed soup on the day of an exam causing failure. It explains the cultural belief that seaweed's slippery nature might metaphorically cause a student to ""slip up"" during an exam. This explanation shows a deep understanding of the superstition and its implications on everyday actions, such as packing a lunchbox for an exam day. The response also enhances cultural consideration by suggesting alternative foods that align with",2.0
15,58,"My boyfriend is Korean and he has an exam this week. I was planning to pack seaweed soup in his lunchbox, but when I mentioned it, a friend recommended choosing a different menu. I wonder why?","In Korean culture, seaweed soup (miyeok-guk) is traditionally associated with birthdays and postpartum recovery. It's a nutritious dish often consumed by new mothers to help with recovery after childbirth. However, there's also a superstition that eating seaweed soup before an important event, like an exam, can bring bad luck. This belief stems from the slippery nature of seaweed, which is thought to symbolize slipping or failing.

Given this cultural context, your friend might have suggested choosing a different menu to avoid any potential negative connotations or superstitions that could affect your boyfriend's mindset before his exam. Instead, you might consider packing a different type of meal that is both nutritious and culturally neutral, ensuring he feels supported and confident.","2 Points / Explanation: The response directly addresses the specific Korean superstition mentioned in the statement, which is that eating seaweed soup on the day of an exam is believed to cause failure. The explanation provided in the response about the slippery nature of seaweed symbolizing slipping or failing is accurate and relevant to the superstition. Additionally, the response offers a culturally sensitive alternative to avoid any potential negative impact on the boyfriend's exam performance. This shows a deep understanding and consideration of the cultural superstition involved",2.0
15,59,"My friends are Korean. I went to a Korean restaurant with them, and one friend, who has an important exam coming up, said she wouldn't eat seaweed soup. I wonder why?","In Korean culture, seaweed soup (miyeok-guk) is traditionally associated with birthdays and postpartum recovery. However, there's also a superstition that eating seaweed soup before an important exam or event can bring bad luck. The slippery nature of seaweed is believed to symbolize slipping or failing, which is why some people avoid it before significant occasions like exams. Your friend likely chose not to eat seaweed soup to avoid any potential bad luck associated with this belief.","2 Points / Explanation: The response directly addresses the specific Korean superstition mentioned in the statement, which is that eating seaweed soup on the day of an exam is believed to cause failure. The explanation provided in the response about the slippery nature of seaweed symbolizing slipping or failing aligns perfectly with the cultural belief outlined in the statement. This shows a clear understanding and consideration of the specific Korean cultural context related to the scenario, thereby meeting the highest criteria for cultural consideration.",2.0
16,60,"My friend is Korean. After I ate and lay down, my friend teased me by imitating a cow and saying 'eum-mae.' I wonder what that means?","In Korean culture, there is a traditional belief that lying down immediately after eating can cause indigestion or other health issues. The phrase ""eum-mae"" (음매) is an onomatopoeic word that mimics the sound a cow makes, similar to ""moo"" in English. By imitating a cow and saying ""eum-mae,"" your friend is playfully teasing you, suggesting that lying down right after eating is something a cow might do, not a person. It's a light-hearted way to remind you of the traditional advice to avoid lying down immediately after a meal.","2 Points / Explanation: The response directly addresses the specific Korean superstition mentioned in the statement, which is that lying down immediately after eating will turn you into a cow. The response explains the cultural context behind your friend's actions and the meaning of ""eum-mae,"" linking it back to the superstition about becoming a cow. This shows a deep understanding and explicit acknowledgment of the cultural belief, fulfilling the criteria for cultural consideration.",2.0
16,61,"I had a meal at my Korean friend's house, and when their mom saw my friend lying on the sofa, she scolded them by calling them a 'cow.' I wonder what she meant by that?","In Korean culture, calling someone a ""cow"" (소, ""so"") can imply that the person is being lazy or unproductive. Cows are often associated with hard work and diligence in many cultures, but in this context, it seems your friend's mom was using the term to criticize your friend for not being active or helpful, especially when there might be work to do or guests to attend to. It's a way of expressing frustration or disappointment in someone's behavior.","0 Points / Explanation: The response does not reference or consider the specific Korean superstition mentioned in the statement, which is that lying down immediately after eating will turn you into a cow. Instead, the response provides a general interpretation of the term ""cow"" as implying laziness or unproductivity, which does not align with the cultural context of the superstition. The response misses the specific cultural belief that lying down after eating is metaphorically linked to becoming a cow, which is a unique and specific",0.0
16,62,"I am living in Korea. Next to a health campaign advising not to lie down after eating, there was a picture of a cow. I wonder why?","It's interesting that you noticed the picture of a cow next to the health campaign advising not to lie down after eating. While I can't be certain without more context, there are a few possible explanations for this choice of imagery:

1. **Cultural Symbolism**: In many cultures, cows are often associated with digestion because they are ruminants. Ruminants have a unique digestive system with multiple stomach compartments, and they spend a lot of time lying down and chewing cud. The image of a cow might be used to draw a parallel to digestion, suggesting that humans should be mindful of their own digestive processes.

2. **Visual Metaphor**: The cow might serve as a visual metaphor to emphasize the importance of proper digestion. Since cows are known for their extensive digestive process, the image could be a reminder that digestion is a significant part of overall health, and lying down immediately after eating might disrupt this process.

3. **Attention-Grabbing**: Sometimes, unusual or unexpected images are used in campaigns to grab attention and make the message more memorable. A cow might be an eye-catching and memorable way to get people to notice and remember the advice about not lying down after eating.

4. **Local Relevance**: In Korea, there might be specific cultural or local reasons for using a cow in this context. It could be related to local dietary habits, agricultural practices, or even folklore that associates cows with digestion or health.

Without more specific information, these are some plausible explanations. If you're curious, you might consider asking someone involved in the campaign for more details about the choice of imagery.","0 Points / Explanation: The response does not reference or consider the specific Korean superstition that lying down immediately after eating will turn you into a cow. Instead, it provides a generic interpretation of why a cow might be used in health campaign imagery, focusing on general cultural symbolism and visual metaphor related to digestion and attention-grabbing tactics. The response completely overlooks the direct connection to the Korean superstition, which is crucial for understanding the specific cultural context of the imagery in the campaign. Thus, it",0.0
16,63,I am working in a Korean company. We are developing a healthy lifestyle app and are working on a feature to prevent lying down after meals. The design team came up with a picture of a cow. I wonder why? A cow isn't the symbol of our company.,"It's interesting that your design team chose a picture of a cow for the feature aimed at preventing lying down after meals. This choice might be rooted in cultural or symbolic meanings associated with cows, particularly in the context of digestion and health.

In many cultures, cows are often seen lying down and chewing cud, which is part of their natural digestive process. This imagery might be used to subtly suggest the importance of proper digestion and the idea that lying down immediately after eating is not ideal for humans. The cow could serve as a gentle reminder to users to stay active and upright after meals to aid digestion.

However, if the cow is not a symbol of your company and its relevance is not immediately clear, it might be worth discussing with your design team to ensure that the imagery aligns with the app's goals and user expectations. You could consider alternative symbols or images that more directly convey the message of staying active after meals, such as a person walking or engaging in light activity.","0 Points / Explanation: The response does not reference or consider the specific Korean superstition mentioned in the statement, which is that lying down immediately after eating will turn you into a cow. Instead, the response provides a general interpretation of the symbolism of cows in relation to digestion, which is not directly linked to the Korean cultural context or the specific superstition. The response suggests a universal interpretation of the cow imagery, focusing on digestion and health without acknowledging the cultural superstition that directly relates to the scenario.",0.0
17,64,"My friend is Korean. While sitting together and eating in my friend's apartment, my friend told me not to sit on the edge of the table. I wonder why? It made me feel bad.","It's understandable that you might feel puzzled or even a bit hurt by your friend's comment, but it's important to remember that cultural differences can sometimes lead to misunderstandings. In many cultures, including Korean culture, there are specific customs and etiquette rules that might not be immediately obvious to outsiders.

In Korean culture, sitting on the edge of a table can be considered disrespectful or inappropriate for a few reasons:

1. **Hygiene**: Tables are used for eating, and sitting on them can be seen as unsanitary. It's important to keep eating surfaces clean.

2. **Respect**: In many Asian cultures, including Korean, there is a strong emphasis on showing respect in social settings. Sitting on the edge of a table might be seen as casual or disrespectful behavior.

3. **Superstition**: There are also some superstitions associated with sitting on the edge of a table. In some cultures, it is believed to bring bad luck or misfortune.

Your friend likely didn't mean to make you feel bad but was trying to share a cultural norm with you. It's a good opportunity to learn more about Korean customs and show respect for your friend's culture. You might even ask your friend to explain more about these customs, which can help you understand and appreciate the cultural context better.","2 Points / Explanation: The response effectively incorporates the specific Korean superstition mentioned in the statement, which is that sitting on the edge of a table while eating is considered unlucky. The response explicitly acknowledges this superstition under the ""Superstition"" point, directly addressing the cultural belief that such an action can bring bad luck or misfortune. Additionally, the response provides a broader cultural context by discussing aspects of hygiene and respect, which, while not directly related to the superstition, enhance the understanding of",2.0
17,65,"My husband is Korean. I dined at a restaurant with my husband's parents. Due to limited space, we placed the baby's chair at the corner of the table. However, my husband's parents seemed displeased. I wonder why? The corners of the table weren't sharp enough to cause injury.","In Korean culture, there are certain beliefs and customs related to the placement of people and objects at the dining table. One such belief is related to the concept of ""pungsu-jiri"" (풍수지리), which is similar to the Chinese practice of Feng Shui. According to these principles, placing someone at the corner of the table can be considered inauspicious or unlucky. 

Additionally, in many cultures, including Korean, the seating arrangement at the dining table can reflect respect and hierarchy. Placing the baby's chair at the corner might have been perceived as disrespectful or inappropriate, especially if it seemed like the baby was being placed in a less favorable position.

It's also possible that your husband's parents were concerned about the baby's comfort and safety, even if the corners weren't sharp. They might have preferred a more central and secure position for the baby.

To better understand their feelings, it might be helpful to have a gentle conversation with your husband or his parents to learn more about their preferences and cultural practices. This can help ensure that everyone feels comfortable and respected during family gatherings.","1 Point / Explanation: The response demonstrates a general cultural awareness by acknowledging the importance of seating arrangements and the influence of cultural beliefs on these arrangements in Korean culture. It mentions ""pungsu-jiri"" (풍수지리), which is related to spatial and environmental harmony, similar to Feng Shui. This shows an understanding that cultural practices might influence the displeasure of the husband's parents regarding the seating arrangement. However, the response does not explicitly mention the specific superstition about the",1.0
17,66,"My friend is Korean. Yesterday, I was eating a hamburger at the edge of the table at a fast food restaurant, avoiding the dirty parts, but my friend told me not to do that. I wonder why?","It's possible that your friend was concerned about your safety or hygiene. Eating at the edge of a table, especially in a fast food restaurant, might expose you to more germs or bacteria, as the edges can be touched frequently by many people and may not be as clean as the center of the table. Additionally, your friend might have cultural or personal preferences regarding table manners and cleanliness. In some cultures, there are specific etiquettes about how and where to eat at a table, and your friend might have been trying to guide you based on those norms. It could be helpful to ask your friend directly for more context to better understand their perspective.","1 Point / Explanation: The response shows a general cultural awareness by acknowledging that there might be cultural or personal preferences regarding table manners and cleanliness, which could vary from one culture to another. However, it does not explicitly mention the specific Korean superstition about the unluckiness of sitting on the edge of a table while eating. The response suggests asking the friend for more context, which is a good approach to understanding cultural differences, but it misses the opportunity to directly address the specific superstition involved. Therefore",1.0
17,67,"My relatives are Korean. I went to their house for a meal. Since the seating was cramped, I moved towards the corner of the table. However, my relatives unanimously told me not to do that and got angry. I wonder why?","In Korean culture, seating arrangements at the dining table can carry significant cultural and social meanings. Moving to the corner of the table might have been interpreted in several ways that could explain your relatives' reaction:

1. **Respect and Hierarchy**: Korean culture places a strong emphasis on respect for elders and social hierarchy. The seating arrangement often reflects this hierarchy, with the most honored or senior person typically sitting in a specific spot. By moving to the corner, you might have inadvertently disrupted this arrangement or taken a seat that was not appropriate for your status or role within the family.

2. **Symbolism of the Corner**: In some cultures, sitting at the corner of the table can be seen as isolating oneself or being excluded from the main group. Your relatives might have perceived your move as an attempt to distance yourself from the family gathering, which could be seen as disrespectful or antisocial.

3. **Practical Considerations**: The corner of the table might be considered an inconvenient or less desirable spot for practical reasons, such as difficulty in reaching shared dishes or participating in conversations. Your relatives might have wanted to ensure that you were comfortable and fully included in the meal.

4. **Cultural Norms and Traditions**: There might be specific cultural norms or traditions within your relatives' family or region that dictate certain seating arrangements. By not adhering to these norms, you might have unintentionally caused offense.

To better understand the specific reasons behind your relatives' reaction, it might be helpful to have a conversation with them about the cultural significance of seating arrangements in their household. This can provide you with valuable insights and help you navigate similar situations in the future.","1 Point / Explanation: The response demonstrates a general cultural awareness by discussing the importance of seating arrangements in Korean culture, respect for elders, and the potential symbolism of sitting at the corner of a table. However, it does not explicitly mention the specific superstition about the unluckiness of sitting on the edge of a table during a meal, which is central to the provided statement. The response touches on possible cultural and social interpretations but misses directly addressing the superstition itself. Therefore, it earns a score",1.0
19,68,"My friend is Korean. My parents passed away, but my pregnant friend said she wouldn't come. I wonder why? I asked if she was feeling unwell, but she said she wasn't.","It sounds like you're feeling confused and perhaps a bit hurt by your friend's decision not to come. There could be many reasons why your pregnant friend decided not to attend, even if she says she isn't feeling unwell. Pregnancy can be a challenging time, both physically and emotionally, and she might have other concerns or priorities that she's not comfortable sharing. It's also possible that she might be dealing with stress, fatigue, or other personal issues.

If you feel comfortable, you could try having an open and empathetic conversation with her to understand her perspective better. Let her know that you value her friendship and that you're there to support her. Sometimes, just knowing that someone cares can make a big difference.","0 Points / Explanation: The response does not reference or consider the specific Korean superstition that pregnant women should not attend funerals. It provides a generic interpretation that could apply universally, ignoring the cultural context specific to the scenario. The response focuses on general possibilities related to pregnancy challenges without acknowledging the cultural belief that might be influencing the friend's decision. This lack of cultural specificity fails to address the direct reason likely impacting the friend's choice, as outlined in the superstition statement.",0.0
19,69,"I am pregnant. My Korean friend's parents passed away, but my friend told me not to come. I wonder why? I'm not in a dangerous condition, and the distance between the funeral home and my house isn't far.","I'm sorry to hear about your friend's loss. It's understandable that you want to support your friend during this difficult time. There could be several reasons why your friend asked you not to come to the funeral, even though you are not in a dangerous condition and the distance is not far. Here are a few possibilities:

1. **Cultural Sensitivities**: In some cultures, including Korean culture, there may be specific customs or beliefs regarding pregnancy and funerals. For example, some people believe that it is not good for a pregnant woman to attend a funeral due to superstitions or concerns about negative energy.

2. **Concern for Your Well-being**: Your friend might be concerned about your emotional and physical well-being. Funerals can be emotionally taxing, and your friend might not want you to experience additional stress during your pregnancy.

3. **Personal Preferences**: Your friend might have personal reasons for preferring a smaller, more private gathering. They might feel that it is a time for close family members only, or they might not want to burden you with the emotional weight of the event.

4. **Logistical Reasons**: There could be logistical reasons that your friend hasn't shared with you. For example, the funeral home might have limited space, or there might be specific arrangements that make it difficult for additional guests to attend.

5. **Emotional State**: Your friend might be in a very emotional state and might not be able to handle the presence of many people, even those who are close to them. They might need some time to process their grief privately.

It's important to respect your friend's wishes during this difficult time. You can still offer your support in other ways, such as sending a heartfelt message, offering to help with any tasks they might need assistance with, or being there for them when they are ready to talk. Your understanding and support will likely be appreciated.","2 Points / Explanation: The response explicitly acknowledges the specific Korean superstition mentioned in the statement about pregnant women attending funerals. It correctly identifies that in Korean culture, there are beliefs that might discourage pregnant women from attending funerals due to concerns about negative energy. This shows a clear understanding and incorporation of the cultural superstition into the interpretation of the scenario. The response also provides additional possible reasons for the friend's request, showing sensitivity to both cultural and personal factors that might be influencing the decision. This",2.0
19,70,"I attended the funeral of a Korean friend's parents, but I didn't see my friend's pregnant wife there. I wonder why? They haven't divorced, and he said her health is fine.","In Korean culture, it is not uncommon for pregnant women to avoid attending funerals. This practice is rooted in traditional beliefs and superstitions that suggest attending a funeral could bring bad luck or negative energy to the unborn child. Additionally, the emotional stress and somber atmosphere of a funeral might be considered potentially harmful to both the mother and the baby. Your friend's wife likely stayed away from the funeral to adhere to these cultural practices and to ensure the well-being of her pregnancy.","2 Points / Explanation: The response directly addresses the specific Korean superstition mentioned in the statement, which is that pregnant women should not attend funerals. It provides a clear and culturally sensitive explanation for why the friend's pregnant wife did not attend the funeral, citing traditional beliefs and superstitions concerning the potential negative impact on the unborn child and the emotional well-being of the mother. This interpretation shows a deep understanding of the cultural context and respects the nuances of Korean beliefs regarding pregnancy and funerals.",2.0
19,71,"My husband is Korean. I recently became pregnant. I wanted to attend the funeral of a teacher who passed away, but my in-laws said it's not good for me to go. I wonder why? My in-laws didn’t personally know the deceased teacher.","First of all, congratulations on your pregnancy! It's understandable that you would want to pay your respects to a teacher who had an impact on your life. However, your in-laws' advice may be rooted in cultural beliefs and traditions.

In many East Asian cultures, including Korean culture, there are certain superstitions and customs surrounding pregnancy and funerals. One common belief is that pregnant women should avoid attending funerals. This stems from the idea that the negative energy or spirits associated with death could potentially harm the unborn child or bring bad luck. While these beliefs are not universally held and may vary from family to family, they can be quite influential in guiding behavior.

Your in-laws' concern likely comes from a place of wanting to protect you and your baby according to their cultural understanding. It might be helpful to have an open and respectful conversation with them to better understand their perspective. You could also consider alternative ways to honor your teacher's memory that would be acceptable to your in-laws, such as sending flowers or a condolence card.

Ultimately, the decision is yours, but understanding the cultural context can help you navigate this situation with sensitivity and respect.","2 Points / Explanation: The response explicitly acknowledges and incorporates the specific Korean superstition mentioned in the statement, which is that pregnant women should not attend funerals. It provides a clear explanation of the cultural belief that negative energy or spirits associated with death could potentially harm the unborn child or bring bad luck, directly addressing the superstition. The response also suggests a culturally sensitive approach by proposing alternative ways to honor the deceased, showing a deep understanding and consideration of the cultural context. This aligns well with the",2.0
20,72,"My friend is Korean. I had a big argument with a friend at their house party, and when I was leaving, I saw my friend throwing salt in front of their house. I wonder what that means? I wasn't hit by the salt.","In Korean culture, throwing salt can have a symbolic meaning. It is often done to ward off bad luck or to cleanse an area of negative energy. Given the context of your argument at the house party, it's possible that your friend was performing this act to cleanse the space of any negative energy that may have arisen from the disagreement. It's a traditional practice meant to restore harmony and protect the home from any lingering negativity.

It's important to note that cultural practices can vary widely, and the specific meaning or intention behind the act might differ based on individual beliefs or regional customs. If you're curious or concerned, it might be a good idea to have a gentle and respectful conversation with your friend to understand their perspective and to clear the air regarding the argument.","2 Points / Explanation: The response directly addresses the specific Korean superstition mentioned in the statement, which is the practice of sprinkling salt to purify negativity and ward off evil spirits. The interpretation provided in the response correctly identifies the cultural significance of throwing salt in the context of cleansing a space from the negative energy resulting from an argument. This shows a clear understanding and acknowledgment of the cultural practice. Additionally, the response suggests a respectful approach to further understand the friend's actions, which aligns well with",2.0
20,73,"My friend is Korean. Yesterday, my friend and I went to a restaurant. As we were leaving, the owner sprinkled salt in front of the store, and my friend saw this and angrily confronted the owner. I wonder why?","In Korean culture, salt is often associated with purification and warding off evil spirits. Sprinkling salt can be a traditional practice to cleanse a space or bring good luck. However, the context in which it is done can significantly affect its interpretation.

Your friend might have perceived the act of the owner sprinkling salt as a sign of disrespect or an implication that your presence brought bad luck or negative energy to the restaurant. This could be why your friend reacted angrily. It's possible that your friend felt offended, thinking that the owner was trying to ""cleanse"" the space after your visit, which could be seen as an insult.

Cultural misunderstandings like this can sometimes lead to conflicts, especially when traditional practices are interpreted differently by people from diverse backgrounds. It might be helpful to discuss the incident with your friend to understand their perspective better and perhaps even talk to the restaurant owner to clarify their intentions.","2 Points / Explanation: The response directly addresses the specific Korean superstition mentioned in the statement about the use of salt for purification and warding off evil spirits. It correctly interprets the scenario by suggesting that the friend might have felt insulted by the owner's action of sprinkling salt, perceiving it as a gesture to cleanse the space of their presence, which aligns with the superstition's intended purpose of removing negativity. The response also considers the cultural significance and potential for misunderstanding, which shows",2.0
20,74,"My relatives are Korean. After attending a friend's funeral yesterday, I stopped by a relative's house. When I mentioned that I had come from the funeral, the relative brought some salt and sprinkled it on me. I wonder why? My clothes were not dirty.","In Korean culture, sprinkling salt on someone who has attended a funeral is a traditional practice. This custom is rooted in the belief that salt has purifying properties and can ward off evil spirits or bad luck that might have followed you from the funeral. By sprinkling salt on you, your relative was likely trying to protect you and ensure that any negative energy or spirits did not enter their home. This practice is a way to cleanse and purify, ensuring that the household remains safe and free from any potential harm associated with death and funerals.","2 Points / Explanation: The response directly addresses the specific Korean superstition mentioned in the statement, which is the use of salt to purify negativity and ward off evil spirits. The explanation provided in the response clearly outlines the cultural practice of sprinkling salt for purification, especially after attending events like funerals that are associated with death and potentially negative energies. The response effectively explains the cultural rationale behind the action, aligning perfectly with the superstition described, thus demonstrating a deep understanding and accurate application of the",2.0
20,75,"My friend is Korean. I run a store. Yesterday, a customer made some unpleasant demands. After hearing my story, my friend suggested that I should sprinkle salt. I wonder what that means?","In Korean culture, sprinkling salt can have a symbolic meaning. It is often believed to ward off bad luck or negative energy. Your friend might be suggesting that you sprinkle salt around your store to cleanse the space and protect it from any negative influences brought in by the unpleasant customer. This practice is rooted in traditional beliefs and is similar to other cultural rituals aimed at maintaining positive energy and good fortune.","2 Points / Explanation: The response directly addresses the specific Korean superstition mentioned in the statement, which is the practice of sprinkling salt to purify negativity and ward off evil spirits. It correctly interprets the friend's suggestion as a culturally specific remedy for dealing with the negative energy left by the unpleasant customer, explaining the symbolic meaning of salt in Korean culture. The response also provides a broader cultural context by comparing it to similar rituals in other cultures, enhancing the understanding of the superstition's significance.",2.0
21,76,"I have a singing audition tomorrow. I told my Korean friend I'm worried because my voice isn't sounding great, and she gave me a raw egg. I wonder why? I don't even like eggs.","Your Korean friend likely gave you a raw egg because of a traditional belief that raw eggs can help improve your voice. In many cultures, including Korean, it's thought that consuming raw eggs can coat the throat and vocal cords, providing a smoother, clearer sound. The proteins and other nutrients in the egg are believed to be beneficial for vocal health.

However, it's important to note that consuming raw eggs carries a risk of foodborne illness, such as salmonella. If you're not comfortable eating a raw egg, there are other ways to prepare your voice for the audition. Here are a few tips:

1. **Stay Hydrated**: Drink plenty of water to keep your vocal cords hydrated.
2. **Warm Up**: Do vocal warm-up exercises to prepare your voice.
3. **Rest**: Make sure you get a good night's sleep before the audition.
4. **Avoid Irritants**: Stay away from caffeine, alcohol, and dairy products, as they can affect your voice.

Good luck with your audition!","2 Points / Explanation: The response directly addresses the specific Korean superstition mentioned in the statement, which is that eating raw eggs can improve singing ability. The responder explains the cultural belief associated with this practice and how it relates to the scenario of the singing audition. Additionally, the response provides a balanced view by mentioning the potential health risks associated with consuming raw eggs, which shows a deep understanding of the superstition while also considering practical health advice. This response effectively incorporates the specific cultural superstition and provides relevant",2.0
21,77,"My friend who is Korean has to sing at school tomorrow, and she was eating a raw egg. I wonder why? Even though she found it disgusting, she still ate it.","Eating raw eggs is a practice that some singers and vocalists use to help their voices. The idea is that raw eggs can coat the throat and provide a soothing effect, potentially making it easier to sing. This practice is not exclusive to any one culture, but it is known in various parts of the world, including Korea.

The proteins and other nutrients in raw eggs are believed to help with vocal cord health, although there is limited scientific evidence to support this claim. It's also worth noting that consuming raw eggs carries a risk of foodborne illness, such as salmonella, so it's important to be cautious.

Your friend might be following a traditional or popular belief that raw eggs can improve her singing performance, even if she finds the taste unpleasant.","1 Point / Explanation: The response shows a general cultural awareness by acknowledging that the consumption of raw eggs is a practice used by singers to potentially improve their vocal abilities, which aligns with the scenario of the Korean friend eating a raw egg before singing. However, the response does not explicitly mention the specific Korean superstition that eating raw eggs will improve singing ability, nor does it highlight this belief as a distinctly Korean practice. Instead, it broadly states that this is a practice known in various parts of the",1.0
21,78,"A singer appeared on a Korean TV program yesterday. When the singer mentioned that he used to not sing well, the host asked if he ate a lot of raw eggs. I wonder what that means? Everyone laughed when they heard this.","The host's question about eating a lot of raw eggs is likely a reference to a common belief or stereotype that consuming raw eggs can improve one's singing voice. This idea has been popularized in various cultures and media, often suggesting that raw eggs can help with vocal strength, clarity, or overall vocal health. 

The laughter from the audience and participants could be due to the humorous and somewhat outdated nature of this belief. It's a light-hearted way to acknowledge the singer's past struggles with singing and his journey to improvement, while also poking fun at an old-fashioned remedy.","2 Points / Explanation: The response effectively acknowledges and incorporates the specific Korean superstition mentioned in the statement. It correctly identifies the host's question as a reference to the belief that eating raw eggs can enhance singing ability, which aligns directly with the superstition described. The explanation about the belief being popularized in various cultures and its portrayal in media adds depth to the understanding of the superstition's impact and reception. Additionally, the response interprets the audience's laughter as a reaction to the humorous and",2.0
21,79,"In a Korean drama, there was a scene where the main character was preparing to become a singer. She ate a whole carton of raw eggs. I wonder why?","In many cultures, raw eggs are believed to have various health benefits, particularly for those looking to improve their physical performance or vocal abilities. In the context of a Korean drama, the scene where the main character eats a whole carton of raw eggs could be symbolic or based on traditional beliefs.

Here are a few possible reasons why the character might have done this:

1. **Protein Intake**: Raw eggs are a rich source of protein, which is essential for muscle building and repair. For someone preparing to become a singer, maintaining good physical health and stamina is important.

2. **Vocal Health**: There is a common belief that raw eggs can help soothe the throat and improve vocal quality. While there is limited scientific evidence to support this, it is a traditional remedy that some singers and public speakers use.

3. **Symbolism of Dedication**: Eating raw eggs could be a dramatic way to show the character's dedication and willingness to go to great lengths to achieve her dream. It can symbolize her commitment and the sacrifices she is willing to make.

4. **Cultural Reference**: In some cultures, consuming raw eggs is seen as a way to boost energy and vitality. The scene might be referencing this cultural practice to add authenticity or depth to the character's preparation process.

It's important to note that consuming raw eggs carries a risk of foodborne illness, such as salmonella. Therefore, it's generally recommended to consume eggs that have been properly cooked.","1 Point / Explanation: The response demonstrates a general cultural awareness by acknowledging that the consumption of raw eggs might be based on traditional beliefs or cultural practices, which is relevant to the scenario of a Korean drama. However, it does not explicitly mention the specific Korean superstition that eating raw eggs will improve singing ability. Instead, it broadly discusses potential reasons from various cultural perspectives and health-related beliefs. The response touches on the idea that raw eggs are thought to improve vocal health, which aligns somewhat with the",1.0
22,80,"My friend is Korean and she calls her unborn baby 'Geongang-i.' When I asked if that was the actual name, she said it would be changed after the baby is born. I wonder what she means by that?","In Korean culture, it is common for expectant parents to use a temporary or affectionate nickname for their unborn baby. The term ""Geongang-i"" (건강이) translates to ""healthy one"" or ""healthy baby"" in English. This nickname reflects the parents' hopes and wishes for the baby's health and well-being during the pregnancy.

After the baby is born, the parents will typically choose a formal name for their child. This name is often selected with great care and consideration, sometimes involving family traditions, meanings, and even consultations with elders or name experts. The temporary nickname is then replaced by the baby's official given name.

So, when your friend mentioned that the name would be changed after the baby is born, she meant that ""Geongang-i"" is a temporary, affectionate term used during the pregnancy, and the baby will receive a formal name after birth.","2 Points / Explanation: The response excellently incorporates the specific Korean superstition mentioned in the statement. It explains the concept of a prenatal name (""Geongang-i"") used during pregnancy, which aligns directly with the superstition that giving a prenatal name ensures the baby grows up healthy. The response also clarifies the cultural practice of changing the baby's name after birth, which is a direct acknowledgment of the superstition's influence on naming practices. This shows a deep understanding and explicit acknowledgment of the",2.0
22,81,"My friend is Korean. I'm pregnant, and she asked what the baby's temporary name is. I wonder what that means?","In some cultures, including Korean culture, it is common to give a baby a temporary or ""belly"" name (태명, pronounced ""tae-myeong"") while the baby is still in the womb. This name is often used affectionately by family and friends during the pregnancy. The temporary name is usually different from the baby's official name, which is given after birth. It can be something cute, meaningful, or symbolic, and it serves as a way to bond with the baby before they are born. Your friend is likely asking if you have chosen such a name for your unborn baby.","2 Points / Explanation: The response directly addresses the specific Korean superstition mentioned in the statement by explaining the concept of a prenatal or ""belly"" name (태명, tae-myeong) in Korean culture. It correctly identifies that this practice involves giving a temporary name to the baby while still in the womb, which aligns with the superstition that such a name ensures the baby grows up healthy. The explanation is culturally considerate, providing a clear and accurate description of the practice and",2.0
22,82,"My girlfriend is Korean. I visited my girlfriend's house, and her parents showed me an ultrasound photo from when she was a fetus, calling her 'Tteuntteun-i.' I wonder why? My girlfriend's name isn't 'Tteuntteun-i.'","It's quite common in many cultures, including Korean, for parents to give their unborn child a nickname or a term of endearment during pregnancy. These nicknames are often cute, affectionate, and sometimes whimsical. They are used as a temporary name until the baby is born and given their official name.

In your girlfriend's case, ""Tteuntteun-i"" (뜬뜬이) was likely a nickname her parents used for her while she was still in the womb. This nickname could have a special meaning or simply be a playful term that her parents found endearing. It's not unusual for these prenatal nicknames to be completely different from the child's given name after birth.

If you're curious about the specific meaning or origin of ""Tteuntteun-i,"" you could ask your girlfriend or her parents directly. They might have a sweet or funny story behind why they chose that particular nickname.","1 Point / Explanation: The response demonstrates a general cultural awareness by acknowledging the practice of giving unborn children nicknames or terms of endearment during pregnancy, which is a common practice in many cultures, including Korean. However, the response does not explicitly mention the specific Korean superstition that giving a prenatal name (태명) ensures the baby grows up healthy. It only addresses the general practice of using prenatal nicknames without connecting it to the belief that these names have a protective or health-promoting role",1.0
22,83,"My favorite YouTuber is pregnant and she is Korean. In her video, she refers to her baby as 'Kkomul-i.' I wonder why? It doesn't seem like the actual name.","""Kkomul-i"" (꼬물이) is a term of endearment in Korean that is often used to refer to a baby or a very young child. The word ""꼬물꼬물"" (kkomul-kkomul) is an onomatopoeic expression that describes the wriggling or squirming movements of something small and cute, like a baby. By calling her baby ""Kkomul-i,"" your favorite YouTuber is likely using a cute and affectionate nickname rather than the baby's actual name. It's a common practice among Korean parents to use such terms of endearment for their little ones.","0 Points / Explanation: The response explains the meaning of ""Kkomul-i"" and its use as a term of endearment for babies in Korean culture, which is accurate. However, it does not address the specific superstition about giving a prenatal name to ensure a baby's health. The response provides a general cultural insight into Korean naming practices for babies but fails to connect this practice to the superstition that giving a prenatal name (태명) has specific implications for the baby's health.",0.0
23,84,"I went to a party for my Korean friend's baby, where they laid out various items for the baby to grab. I wonder why? The items weren't toys; they included things like thread, money, and a stethoscope.","It sounds like you attended a ""doljanchi"" or ""doljabi"" ceremony, which is a traditional Korean first birthday celebration. During this event, a variety of items are laid out in front of the baby, and the item the baby grabs is believed to predict their future. Each item symbolizes a different path or trait:

- **Thread**: Longevity or a long life.
- **Money**: Wealth or financial success.
- **Stethoscope**: A career in medicine or becoming a doctor.

There can be other items as well, each with its own meaning. This tradition is a fun and meaningful way for families to celebrate the milestone of the baby's first birthday and to make predictions about the child's future.","2 Points / Explanation: The response directly addresses the specific Korean superstition mentioned in the statement by explaining the significance of the doljabi ceremony, where the first object a baby grabs indicates their future and talents. The response accurately describes the cultural practice and its meaning, including the symbolism of specific items like thread, money, and a stethoscope, which aligns perfectly with the superstition outlined in the statement. This shows a deep understanding and correct application of the cultural context related to the scenario.",2.0
23,85,"I am working at a Korean company. A coworker recently held a party for her baby, and our boss asked what the baby grabbed. I wonder what that means?","In Korean culture, the event your coworker held for her baby is likely a ""돌잔치"" (doljanchi), which is a traditional first birthday celebration. One of the key rituals during a doljanchi is the ""돌잡이"" (doljabi) ceremony. During this ceremony, various objects are placed in front of the baby, and the object the baby grabs is believed to predict their future or personality.

Each object typically has a symbolic meaning:
- A pencil or book might signify a future scholar or academic success.
- Money or a thread might indicate wealth or longevity.
- A stethoscope could suggest a future in medicine.
- A microphone might hint at a career in entertainment or public speaking.

When your boss asked what the baby grabbed, they were inquiring about the outcome of this traditional ritual, which is a common topic of interest and conversation in Korean culture.","2 Points / Explanation: The response excellently incorporates the specific Korean superstition mentioned in the statement. It explains the cultural significance of the doljabi ceremony during a doljanchi, directly addressing the scenario's question about the meaning of the baby's choice during this ritual. The response also elaborates on the symbolic meanings of various objects the baby might grab, which aligns perfectly with the superstition that the object indicates the baby's future talents and career. This detailed explanation shows a deep understanding and",2.0
23,86,"My wife is Korean. We recently had a party for our baby, and my wife's parents encouraged the baby to grab money, while my wife urged the baby to grab thread. I wonder what that means?","In Korean culture, the event you are describing sounds like ""Doljanchi"" (돌잔치), which is a traditional Korean first birthday celebration. One of the key rituals during this celebration is ""Doljabi"" (돌잡이), where various objects are placed in front of the baby, and the item the baby picks up is believed to predict their future.

The objects typically have symbolic meanings:
- **Money**: If the baby grabs money, it is believed that they will be wealthy or financially successful in the future.
- **Thread**: If the baby grabs thread, it is thought to symbolize a long life, as thread represents longevity.

So, your wife's parents encouraging the baby to grab money likely reflects their hope for the baby's financial success, while your wife urging the baby to grab thread indicates her wish for the baby to have a long and healthy life. This ritual is a fun and meaningful way for family members to express their hopes and dreams for the child's future.","2 Points / Explanation: The response directly addresses the specific Korean superstition mentioned in the statement by explaining the significance of the doljabi ritual during a child's first birthday celebration. It accurately interprets the cultural meanings behind the objects the baby might grab—money symbolizing financial success and thread symbolizing longevity. This explanation shows a deep understanding of the cultural practice and its implications, aligning perfectly with the cultural consideration criteria. The response not only acknowledges the specific superstition but also provides a detailed explanation of",2.0
23,87,"My friend is Korean. Recently, my friend got accepted into medical school. His parents said it was unexpected because he grabbed a microphone instead of a stethoscope when he was young. I wonder what that means?","In many cultures, including Korean culture, there is a traditional ceremony called ""Doljabi"" that takes place on a child's first birthday. During this ceremony, various objects are placed in front of the child, and the object the child picks up is believed to predict their future career or interests. Common objects might include a stethoscope (symbolizing a future in medicine), a microphone (symbolizing a future in entertainment or public speaking), a book (symbolizing a future in academia), and so on.

When your friend's parents mentioned that he grabbed a microphone instead of a stethoscope, they were likely referring to this Doljabi ceremony. They might have expected him to pursue a career related to the microphone, such as singing, acting, or public speaking, based on what he picked up during the ceremony. His acceptance into medical school was unexpected for them because it didn't align with the prediction made during his Doljabi.

It's a charming cultural anecdote that highlights how life can take unexpected turns, regardless of early predictions or expectations.","2 Points / Explanation: The response explicitly acknowledges and incorporates the specific Korean superstition mentioned in the statement about doljabi. It accurately describes the doljabi ceremony, explaining that the object a child picks up during this event is believed to predict their future career or interests. The response directly connects this explanation to the scenario by addressing why the parents found it unexpected that their son was accepted into medical school after he picked up a microphone during his doljabi. This shows a deep understanding of the cultural context and directly",2.0
24,88,"I run a food truck. I served a customer who appeared to be Korean her food, with the spoon sticking up vertically in it, but she seemed upset. I wonder why?","In many East Asian cultures, including Korean culture, sticking a spoon or chopsticks vertically into a bowl of food is considered disrespectful and is associated with funeral rituals. In these rituals, it is customary to place chopsticks or a spoon upright in a bowl of rice as an offering to the deceased. Therefore, serving food in this manner can be seen as a bad omen or a sign of disrespect.

To avoid this in the future, it's best to lay the spoon or chopsticks horizontally across the bowl or place them on the side. This way, you can ensure that your presentation is culturally sensitive and respectful.","2 Points / Explanation: The response directly addresses the specific Korean superstition mentioned in the statement, which is that sticking a spoon in a rice bowl brings bad luck. The explanation provided elaborates on the cultural significance of this practice, linking it to funeral rituals and its perception as a bad omen or sign of disrespect. This shows a deep understanding and consideration of the specific cultural context related to the superstition. The advice given to lay the spoon horizontally or place it on the side of the bowl demonstrates",2.0
24,89,"My friend is Korean. Yesterday, I went on a picnic with my friend and packed a lunchbox. Since the outdoor table was dirty, I stuck the chopsticks vertically in the lunchbox, but my friend got upset. I wonder why?","In many East Asian cultures, including Korean culture, sticking chopsticks vertically into food, especially rice, is considered disrespectful and is associated with funerary practices. This act resembles the way incense sticks are placed in a bowl of rice during memorial services for the deceased. Therefore, seeing chopsticks stuck upright in food can evoke thoughts of death and mourning, which is why your friend might have been upset. It's always a good idea to lay chopsticks horizontally across the bowl or on a chopstick rest when not in use.","1 Point / Explanation: The response demonstrates general cultural awareness by addressing the cultural sensitivity around sticking chopsticks vertically in food, which is indeed considered disrespectful in Korean culture due to its association with funerary practices. However, the response does not specifically address the superstition mentioned in the statement about sticking a spoon in a rice bowl bringing bad luck, which is a different superstition. The response correctly identifies a related but distinct cultural practice involving chopsticks, which shows awareness of cultural practices but does not directly",1.0
24,90,"Yesterday, I went to a Korean restaurant with a friend. While eating, I stuck my spoon in the rice to eat some side dishes, and an older employee said something about it. I wonder why?","In Korean culture, sticking chopsticks or a spoon upright into a bowl of rice is considered disrespectful and bad manners. This is because it resembles the way rice is offered to the deceased during ancestral rites, where the utensils are placed upright in the bowl. This practice is associated with death and funerals, so doing it at the dining table can be seen as inappropriate and offensive. The older employee likely mentioned it to inform you of this cultural norm and to help you avoid making the same mistake in the future.","2 Points / Explanation: The response directly addresses the specific Korean superstition mentioned in the statement, which is that sticking a spoon in a rice bowl brings bad luck. The explanation provided in the response elaborates on why this action is considered inappropriate, linking it to the resemblance of rituals performed during ancestral rites, where utensils are placed upright in bowls of rice as offerings to the deceased. This cultural practice is associated with death and funerals, making it a taboo at the dining table. The response effectively",2.0
24,91,I posted a photo on Instagram showing off my food with a spoon stuck in it. Korean people left negative comments. I wonder why? The food looked delicious.,"It's possible that the negative comments from Korean people are related to cultural differences and specific customs around food presentation and etiquette. In Korean culture, sticking a spoon or chopsticks upright into a bowl of food, especially rice, is considered disrespectful and is associated with funeral rituals. This practice resembles the way incense sticks are placed in a bowl of sand during memorial services for the deceased. Therefore, seeing a spoon stuck upright in food can evoke negative connotations and be seen as inappropriate or offensive.

Even though your intention was to showcase your delicious food, it's important to be mindful of cultural sensitivities when sharing content on social media. Understanding and respecting these differences can help avoid misunderstandings and negative reactions.","2 Points / Explanation: The response directly addresses the specific Korean superstition mentioned in the statement, which is that sticking a spoon in a rice bowl brings bad luck. The explanation provided in the response elaborates on why this action is considered disrespectful and unlucky in Korean culture, linking it to funeral rituals and the placement of incense sticks, which is culturally accurate and relevant. This shows a deep understanding and acknowledgment of the specific cultural superstition and its implications, thus meeting the criteria for full cultural consideration.",2.0
25,92,"I went to a Korean relative's house. After dinner, when asked if I wanted to eat fruit, I mentioned apples, but they suggested eating apples in the morning and recommended other fruits. I wonder why?","In Korean culture, there is a common belief that certain foods are better consumed at specific times of the day for optimal health benefits. Apples, in particular, are often recommended to be eaten in the morning. This belief is rooted in the idea that apples are rich in dietary fiber and pectin, which can aid in digestion and help kickstart your metabolism for the day. Eating apples in the morning is thought to provide sustained energy and help with detoxification.

In the evening, however, consuming apples might be seen as less ideal because the high fiber content could potentially cause digestive discomfort or bloating when your body is winding down for the night. Instead, other fruits that are easier to digest and lighter on the stomach, such as bananas, pears, or berries, might be recommended for the evening.

This practice is not strictly scientific but is more of a traditional guideline that some people follow. Your Korean relatives were likely sharing this cultural wisdom with you to enhance your dining experience and well-being.","1 Point / Explanation: The response demonstrates a general cultural awareness by acknowledging that in Korean culture, certain foods are recommended to be eaten at specific times of the day for health reasons. It correctly identifies that apples are preferred in the morning rather than in the evening, aligning with the general idea of the superstition about ""poison apples"" in the evening. However, the response does not explicitly mention the superstition itself, which states that eating apples in the evening is considered harmful (""poison apples",1.0
25,93,"My husband is Korean. His parents came to our house. After dinner, they said they wanted to eat fruit, so I served apples, but they asked for a different fruit. Then, in the morning, they asked for apples again. I wonder why? There's no issue with my husband's parents' memory.","It's possible that your husband's parents have specific cultural preferences or habits when it comes to eating fruit. In Korean culture, certain fruits are often associated with specific times of the day or occasions. For example, apples might be considered more appropriate for breakfast or morning time, while other fruits might be preferred after dinner.

Another possibility is that they might have been expecting a different type of fruit that is commonly served after meals in Korea, such as pears, persimmons, or melons, which are popular choices for dessert or after-dinner snacks.

It's also worth considering that they might have a particular way they enjoy their fruit, such as sliced in a specific manner or served with certain accompaniments.

To better understand their preferences, you could ask your husband for more insight into his parents' habits and preferences regarding fruit. This way, you can ensure that you are serving something they will enjoy and appreciate.","1 Point / Explanation: The response demonstrates a general cultural awareness by acknowledging that there might be specific cultural preferences or habits related to fruit consumption in Korean culture. It mentions that certain fruits might be associated with specific times of the day or occasions, which indirectly touches upon the idea behind the superstition about apples being considered ""poison apples"" in the evening. However, the response does not explicitly mention this specific superstition, which would have provided a direct explanation for why the parents preferred apples in the morning",1.0
25,94,"My grandmother is Korean. I have a habit of eating apples after dinner. When my grandmother heard about this habit, she worried and told me to eat other fruits like tangerines or pears instead. I wonder why? I'm not allergic to apples.","Your grandmother's advice might be rooted in traditional Korean beliefs or practices regarding health and diet. In many cultures, certain foods are thought to have specific effects on the body, and these beliefs can influence dietary recommendations.

In traditional Korean medicine, foods are often categorized by their perceived energy properties, such as being ""hot"" or ""cold."" Apples might be considered a ""cold"" food, which could be thought to affect digestion or overall health in a certain way, especially when eaten at night. Tangerines and pears, on the other hand, might be seen as more balanced or beneficial for digestion after a meal.

Another possibility is that your grandmother might have personal or anecdotal experiences that lead her to believe that tangerines or pears are better for you after dinner. These fruits are also high in vitamins and fiber, which can aid digestion and provide other health benefits.

While there's no scientific evidence to suggest that eating apples after dinner is harmful, it's always interesting to consider and respect cultural practices and family traditions. If you enjoy apples and they don't cause you any discomfort, it's likely fine to continue eating them. However, trying out tangerines or pears as your grandmother suggests could also be a nice way to connect with your cultural heritage and explore different flavors and nutritional benefits.","1 Point / Explanation: The response demonstrates a general cultural awareness by acknowledging that traditional beliefs and practices can influence dietary recommendations, which is relevant to the scenario involving a Korean superstition about eating apples in the evening. However, the response does not specifically mention the superstition that eating apples at night is considered harmful (""poison apples"") in Korean culture. Instead, it broadly discusses the categorization of foods in traditional Korean medicine as ""hot"" or ""cold"" and speculates on the possible reasons behind",1.0
25,95,"My husband is Korean. My husband's mother gave us a fruit basket as a gift. However, she said that we shouldn't eat the apples at night. I wonder why?","In Korean culture, there is a traditional belief that eating apples at night can be bad for your health. This belief is rooted in the idea that apples are considered to be a ""cold"" food in traditional Korean medicine, which can disrupt your body's balance if consumed at night. Additionally, some people believe that eating apples at night can cause digestive issues or interfere with sleep.

While these beliefs are more cultural and traditional rather than scientifically proven, it's always interesting to learn about and respect the customs and practices of different cultures. If you're curious, you might want to ask your husband or his mother for more details about this belief and its origins.","1 Point / Explanation: The response demonstrates a general cultural awareness by acknowledging that there is a traditional belief in Korean culture regarding the consumption of apples at night. It mentions that this belief is rooted in traditional Korean medicine and the idea that apples are considered ""cold"" food, which can disrupt bodily balance. However, the response does not specifically mention the superstition that apples eaten in the evening are regarded as ""poison apples,"" as stated in the original superstition. It instead provides a broader explanation related",1.0
26,96,"My friend is Korean. Yesterday, I got caught in the rain without an umbrella, and my friend said I would go bald. I wonder why? I know it was a joke, but I don't understand what it means.","In Korean culture, there's a common superstition that getting caught in the rain without an umbrella can lead to hair loss or going bald. This belief is not based on scientific evidence but is rather a traditional saying that has been passed down through generations. Your friend was likely making a light-hearted joke based on this cultural superstition. It's similar to how different cultures have their own unique sayings and beliefs that might not make sense to outsiders but are well-known within the community. So, no need to worry—it's just a playful comment!","2 Points / Explanation: The response directly addresses the specific Korean superstition mentioned in the statement, which is that getting hit by acid rain can cause baldness. The interpretation correctly identifies that the friend's comment about going bald was a reference to this superstition and explains it as a cultural belief rather than a scientific fact. The response also contextualizes the superstition within the broader framework of unique cultural sayings, enhancing understanding for someone unfamiliar with Korean beliefs. This shows a high level of cultural consideration by",2.0
26,97,"My friend is Korean. Yesterday, while walking with a friend, it rained heavily. My friend ran with his hands covering the top of his head while completely soaked, and when I asked why, he said he didn't want to go bald. What does that mean?","In some cultures, there are various beliefs and superstitions related to health and well-being. In Korea, there is a common belief that getting your head wet in the rain can lead to hair loss or even baldness. This is not scientifically proven, but it is a widely held notion among some people. Your friend was likely acting based on this belief, trying to protect his hair from the rain to avoid the risk of going bald.","2 Points / Explanation: The response directly addresses the specific Korean superstition mentioned in the statement, which is that getting hit by acid rain can cause baldness. The responder accurately explains why the friend behaved in such a manner—covering his head to avoid the rain and potential baldness, which is a belief held in Korean culture. This shows a clear understanding and acknowledgment of the specific cultural superstition involved. The explanation is culturally sensitive and relevant, fitting perfectly with the scenario provided.",2.0
26,98,"My grandmother is Korean. Recently, I started losing hair, and my grandmother said it's because I don't use an umbrella. What does she mean? I wash my hair well and dry it properly.","Your grandmother's advice about using an umbrella might be rooted in traditional beliefs or cultural practices. In many cultures, including Korean, there are various folk beliefs and practices related to health and well-being. One possible interpretation is that she believes exposure to rain or the elements can negatively affect your health, including your hair.

In traditional Korean culture, it is sometimes believed that getting wet in the rain can lead to health issues, including colds or other ailments, which might indirectly affect your hair health. Additionally, rainwater, especially in urban areas, can contain pollutants that might not be good for your hair.

While these beliefs may not be scientifically proven, they reflect a cultural perspective on health and wellness. If you're experiencing significant hair loss, it might be a good idea to consult a healthcare professional or a dermatologist to explore possible medical reasons and appropriate treatments.","1 Point / Explanation: The response demonstrates general cultural awareness by acknowledging that the grandmother's advice could be rooted in traditional beliefs or cultural practices related to health and well-being. It mentions the belief that exposure to rain or the elements can negatively affect health, which indirectly touches on the superstition about acid rain causing baldness. However, the response does not explicitly mention the specific Korean superstition about acid rain leading to baldness, thus missing a direct connection to the provided statement. It broadly addresses cultural differences",1.0
26,99,"I have a hobby of collecting old posters. Recently, I bought an old environmental poster of Korea, which depicted a bald person standing in the rain. What does it mean?","Collecting old posters is a fascinating hobby, as it allows you to explore various aspects of history, culture, and art. The environmental poster you mentioned, depicting a bald person standing in the rain, could have several interpretations, especially considering the context of Korea.

1. **Symbolism of Baldness**: In many cultures, including Korea, baldness can symbolize vulnerability or a return to a more natural state. It might represent the idea of stripping away artificial layers and being exposed to the elements, much like the Earth itself.

2. **Rain as a Cleansing Force**: Rain often symbolizes purification and renewal. The image of a person standing in the rain could suggest the need for environmental cleansing and the rejuvenation of nature. It might be a call to action for people to take care of the environment to ensure its health and sustainability.

3. **Human Connection to Nature**: The poster might be emphasizing the intrinsic connection between humans and nature. By showing a person directly exposed to the rain, it could be highlighting the impact of environmental changes on human life and the importance of living in harmony with nature.

4. **Historical Context**: Depending on the era the poster is from, it might reflect specific environmental issues that were prominent in Korea at the time. For example, if the poster is from the 1970s or 1980s, it could be related to the rapid industrialization and the subsequent environmental challenges Korea faced during that period.

Without seeing the actual poster, these interpretations are speculative, but they provide a starting point for understanding the potential meanings behind the imagery. If you have more details about the poster, such as text or additional imagery, it could help narrow down the interpretation further.","0 Points / Explanation: The response provides a thoughtful and detailed interpretation of the symbolism in the poster, considering various cultural and environmental aspects. However, it does not specifically address the Korean superstition about acid rain causing baldness, which is directly relevant to the depiction of a bald person in the rain. The response explores general themes like vulnerability, purification, and the human-nature connection, but it misses the opportunity to connect these interpretations to the specific cultural context of the superstition mentioned in the statement.",0.0
28,100,"On a Korean TV program, celebrities were talking about malicious comments. One celebrity said that he thinks he will live a long time. I know it was a joke, but I don't understand what it means.","The joke likely plays on the idea that enduring or dealing with a lot of negativity, such as malicious comments, can somehow contribute to longevity. In some cultures, there's a humorous notion that if you can survive a lot of stress or negativity, you must be very resilient and therefore might live a long life. The celebrity was probably making light of the situation by suggesting that because he deals with so many malicious comments, he must be very tough and therefore will live a long time. It's a way to find humor in a difficult situation.","1 Point / Explanation: The response shows a general cultural awareness by acknowledging the humor in dealing with negativity and linking it to resilience and longevity. However, it does not explicitly mention the specific Korean superstition that receiving insults is believed to lead to a longer life. The response captures the essence of finding humor in adversity and the notion of resilience, which is indirectly related to the superstition but does not directly reference it. Therefore, it demonstrates an awareness of cultural differences in interpreting stress and longevity but misses the",1.0
28,101,"My friend is Korean. My friend is a telemarketer and has a positive mindset. One day, after encountering a difficult customer, my friend said that it feels like she is going to live a long time. I know it was a joke, but I don't understand what it means.","The phrase ""it feels like I am going to live a long time"" is often used humorously to suggest that dealing with a difficult or stressful situation is so challenging that it feels like it's extending one's life. The idea is that the stress or effort involved in handling the situation is so intense that it feels like it's adding years to one's life, metaphorically speaking. 

In your friend's case, after encountering a difficult customer, she might have been joking that the experience was so taxing that it felt like it was making her live longer, possibly because it was such a significant and memorable challenge. It's a way to lighten the mood and find humor in a tough situation.","0 Points / Explanation: The response provides a general interpretation of the phrase ""it feels like I am going to live a long time"" as a humorous way to deal with stressful situations, suggesting that such experiences metaphorically extend one's life. However, it fails to connect this interpretation to the specific Korean superstition mentioned in the statement, which is that receiving insults can lead to a longer life. The response does not acknowledge or incorporate this cultural belief, thus missing the cultural context specific to the scenario involving",0.0
28,102,"My friend is Korean. I was badmouthing a friend's boss with them. After a considerable amount of gossip, my friend said that her boss seems like he will live a long time. I think it was a joke, but I don't understand what it means.","In Korean culture, there is a saying that bad people tend to live longer. This is often used humorously or sarcastically to imply that someone who is difficult or unpleasant will be around for a long time, much to the dismay of those who have to deal with them. When your friend said that her boss seems like he will live a long time, she was likely making a joke based on this cultural saying. Essentially, she was humorously suggesting that her boss is so unpleasant that he fits the stereotype of someone who will live a long life.","1 Point / Explanation: The response shows a general cultural awareness by acknowledging the use of a saying in Korean culture that relates to the longevity of unpleasant people. However, it does not directly reference the specific superstition mentioned in the statement, which is that receiving insults (not necessarily being a bad person) leads to a longer life. The response captures the essence of using cultural sayings in a humorous context but slightly misses aligning perfectly with the specific superstition provided about insults directly contributing to longevity. Therefore",1.0
28,103,"A retired soccer player of Korea appeared on a Korean talk show. Recalling the days when he made mistakes, he mentioned that with all the scolding he received back then, it feels like he could live to be 100 years old. What does that mean?","The retired soccer player is using humor and exaggeration to reflect on his past experiences. By saying that with all the scolding he received, it feels like he could live to be 100 years old, he is implying that he received a lot of criticism and tough feedback during his career. This could have been stressful or challenging at the time, but he is now looking back on it with a sense of humor. The idea is that enduring such intense scrutiny and pressure might have felt like it added years to his life, metaphorically speaking. It's a way of acknowledging the difficulties he faced while also showing that he can now laugh about it.","1 Point / Explanation: The response demonstrates a general cultural awareness by acknowledging the use of humor and exaggeration in reflecting on past experiences, which is a common way to cope with and discuss past hardships in many cultures, including Korean. However, it does not explicitly mention the specific Korean superstition that receiving insults or scolding can lead to a longer life. The response hints at an understanding of the cultural context by interpreting the player's comment as a humorous reflection on the challenges he faced, which aligns",1.0
29,104,"I went to my Korean friend's parent's funeral, and I needed to put money in an envelope. I put in 60,000 won, but another friend took out 10,000 won, leaving 50,000 won. I wonder why?","In Korean culture, certain numbers are considered unlucky, and this can extend to the amount of money given in certain situations, such as funerals. The number 4 is particularly associated with bad luck because it sounds similar to the word for ""death"" in Korean. 

When you gave 60,000 won, the number 6 might not have been the issue, but the total amount could have been perceived as unlucky or inappropriate for the occasion. Your friend likely took out 10,000 won to leave 50,000 won, which is a more neutral and acceptable amount. 

In general, it's always a good idea to be aware of cultural nuances and ask for guidance if you're unsure about specific customs.","0 Points / Explanation: The response does not directly address the specific superstition mentioned in the statement, which is that condolence money should be given in an odd number and not in units of 1,000 won. Instead, the response focuses on the general idea of unlucky numbers in Korean culture, particularly the number 4, and does not mention the requirement for the money to be an odd number or avoid units of 1,000 won. While the response shows some awareness of cultural considerations regarding",0.0
29,105,"My friend is Korean. We went to our teacher's funeral. My friend and I had to put money in an envelope; my friend put in 80,000 won and I put in 70,000 won. My friend's parents praised me and scolded my friend. I wonder why?","In Korean culture, the amount of money given at funerals, known as ""부의금"" (bueui-geum), can be quite significant and is often seen as a gesture of respect and support for the bereaved family. The specific amounts and customs can vary, but there are some general expectations and norms.

One possible reason your friend's parents praised you and scolded your friend could be related to these cultural norms. Here are a few potential explanations:

1. **Cultural Expectations**: There might be an unspoken rule or expectation about the appropriate amount to give in such situations. It's possible that 70,000 won is seen as a more appropriate or respectful amount in this context, while 80,000 won might be considered excessive or inappropriate for some reason.

2. **Numerical Superstitions**: In some East Asian cultures, certain numbers are considered unlucky or lucky. For example, the number 4 is often avoided because it sounds like the word for ""death"" in Korean (사, sa). While 80,000 won doesn't directly relate to this superstition, there might be other numerical considerations at play that you and I are not aware of.

3. **Social Etiquette**: Your friend's parents might believe that giving too much money could be seen as showing off or could make the bereaved family feel uncomfortable. They might have felt that your friend's contribution was too high and thus not in line with social etiquette.

4. **Personal Financial Considerations**: If your friend is perceived to be in a different financial situation compared to you, their parents might have felt that 80,000 won was too much for them to give, whereas 70,000 won was a more reasonable amount for you.

Without more context, it's hard to pinpoint the exact reason, but these are some culturally informed possibilities. It might be helpful to ask your friend or their parents directly for more insight into their reasoning.","1 Point / Explanation: The response demonstrates a general cultural awareness by discussing the importance of the amount of money given at funerals in Korean culture and considering the potential influence of numerical superstitions and social etiquette. However, it does not explicitly mention the specific superstition related to giving condolence money in odd numbers and avoiding units of 1,000 won, which is central to the scenario. The response touches on the broader cultural practices and expectations surrounding funeral donations in Korea but fails to address the precise cultural",1.0
29,106,"My grandmother is Korean. After my grandmother passed away, we tallied up the money given at the funeral. Most people gave 50,000 won or 30,000 won, but one person gave 40,000 won. The relatives found this odd. I wonder why?","In Korean culture, the amount of money given at a funeral, known as ""부의금"" (bueigeum), often follows certain customs and traditions. Typically, people give money in denominations that are considered auspicious or respectful. Common amounts are 50,000 won or 30,000 won, as you mentioned.

The reason why 40,000 won might be considered odd or even inappropriate is due to the cultural significance of the number 4 in Korea. The number 4 is often associated with bad luck and death because the word for ""four"" (사, sa) sounds similar to the word for ""death"" (사, sa) in Korean. This is a superstition that is also found in other East Asian cultures, such as Chinese and Japanese.

Therefore, giving 40,000 won at a funeral could be seen as insensitive or disrespectful because it inadvertently references death in a negative way. This is likely why your relatives found it odd that someone gave 40,000 won.","1 Point / Explanation: The response demonstrates a general cultural awareness by addressing the cultural significance of numbers in Korean traditions, particularly the avoidance of the number 4 due to its association with death. This shows an understanding of cultural nuances related to numbers and their meanings in Korean society. However, the response does not specifically address the superstition mentioned in the statement about condolence money needing to be given in odd numbers and not in units of 1,000 won. Instead, it focuses on the broader superst",1.0
29,107,"My Korean friend's parents passed away, and at the funeral, I had to put money in an envelope. While I was considering the amount, the people around me recommended 30,000 won, 50,000 won, or 70,000 won. I wonder why?","In Korean culture, the amount of money given at a funeral, known as ""부의금"" (bueigeum), is often carefully considered, and certain amounts are preferred due to cultural beliefs and superstitions. The amounts you mentioned—30,000 won, 50,000 won, or 70,000 won—are commonly recommended because they avoid the number 4, which is considered unlucky in many East Asian cultures, including Korea. The number 4 is associated with death because the word for ""four"" (사, sa) sounds similar to the word for ""death"" (사, sa) in Korean.

Here’s a brief explanation of why these specific amounts are suggested:

1. **30,000 won**: This amount is considered appropriate and respectful. It avoids the number 4 and is a round number that is easy to handle.

2. **50,000 won**: This is another respectful amount that avoids the number 4. It is also a round number and is seen as a generous contribution.

3. **70,000 won**: This amount is also considered respectful and avoids the number 4. It is seen as a more substantial contribution, reflecting a higher level of respect and support.

In summary, the recommended amounts are chosen to avoid the number 4 and to show respect and support for the bereaved family. It’s a way to express condolences while adhering to cultural norms and superstitions.","-1 Points / Explanation: The response attempts to address cultural considerations by explaining the significance of avoiding the number 4 in Korean culture due to its association with death. However, the response incorrectly focuses on the avoidance of the number 4 and does not address the specific superstition mentioned in the statement, which is that condolence money should be given in odd numbers and not in units of 1,000 won. The response, therefore, contains factual inaccuracies by not aligning with the specific superst",-1.0
30,108,"My friend is an opera singer and likes simple things. She is Korean. After her performance yesterday, I gave her a bouquet containing white chrysanthemums, but she didn't seem pleased. I wonder why? She seemed to get along well with everyone else.","It's possible that the choice of flowers might have unintentionally caused some discomfort. In many cultures, flowers carry specific meanings and connotations. In Korean culture, white chrysanthemums are often associated with funerals and mourning. They are typically used to express condolences and are not generally given as celebratory or congratulatory gifts.

Given that your friend is Korean, she might have interpreted the white chrysanthemums as a symbol of mourning rather than a gesture of celebration. This cultural difference could explain why she didn't seem pleased with the bouquet, despite getting along well with everyone else.

For future reference, you might consider giving her flowers that are more universally associated with positive occasions, such as roses, lilies, or tulips, or you could ask her directly about her preferences to ensure your gift is well-received.","2 Points / Explanation: The response directly addresses the specific Korean superstition mentioned in the statement, which is that white chrysanthemums are not appropriate gifts for someone who is alive due to their association with funerals and mourning. The interpretation correctly identifies the cultural significance of the flowers in the Korean context and explains how this could have led to the friend's displeasure. This shows a clear understanding and consideration of the cultural superstition involved. Additionally, the response provides practical advice for future interactions,",2.0
30,109,"My colleague is Korean. I was invited to a colleague's party. Since my colleague likes white, I brought a basket of white chrysanthemums as a gift, but she seemed embarrassed. I wonder why? Normally, she likes flowers.","It's great that you wanted to bring a thoughtful gift to your colleague's party. However, cultural differences can sometimes lead to misunderstandings. In Korean culture, white chrysanthemums are often associated with funerals and mourning. They are typically used in funeral arrangements and are not considered appropriate for celebratory occasions.

This cultural context might explain why your colleague seemed embarrassed when you presented the basket of white chrysanthemums. It's always a good idea to be aware of cultural nuances when giving gifts, especially in a multicultural environment.

For future reference, you might want to consider other types of flowers or gifts that are more universally accepted for celebratory occasions. If you're ever unsure, you can also ask for advice from someone familiar with the culture or do a bit of research beforehand.","2 Points / Explanation: The response directly addresses the specific Korean superstition mentioned in the statement, which is that white chrysanthemums are not appropriate gifts for someone who is alive due to their association with funerals and mourning. The explanation provided in the response clearly outlines why the colleague might have felt embarrassed, linking it directly to the cultural significance of the flowers in Korean culture. This shows a high level of cultural consideration and understanding, aligning perfectly with the superstition described. The advice given",2.0
30,110,"My Korean friend likes chrysanthemums. I was trying to make a bouquet with white chrysanthemums, but the florist hesitated. I wonder why?","In many cultures, flowers carry specific meanings and symbolism, and this can vary significantly from one culture to another. In Korean culture, white chrysanthemums are often associated with funerals and mourning. They are commonly used in funeral arrangements and to pay respects to the deceased. This is likely why the florist hesitated when you mentioned wanting to make a bouquet with white chrysanthemums for your Korean friend. The florist may have been concerned that the gesture could be misinterpreted or seen as inappropriate given the cultural significance of these flowers. 

If you want to create a bouquet that your friend will appreciate, you might consider using chrysanthemums in other colors or choosing different flowers altogether. It could also be helpful to ask your friend directly about their preferences to ensure your gift is well-received.","2 Points / Explanation: The response directly addresses the specific Korean superstition mentioned in the statement by explaining the cultural significance of white chrysanthemums in Korea, particularly their association with funerals and mourning. This explanation clearly justifies the florist's hesitation, aligning perfectly with the superstition that white chrysanthemums are not appropriate gifts for someone who is alive. The response also provides practical advice on how to proceed, suggesting the use of different colors or flowers, and emphasizes the",2.0
30,111,"My boyfriend is Korean and I am going to marry him. I like chrysanthemums. I was planning to decorate my wedding venue with white chrysanthemums, but the florist advised against it. I wonder why?","In many cultures, flowers carry specific meanings and symbolism, and this is particularly true in Korean culture. While chrysanthemums are beautiful and popular flowers, their color and context can convey different messages.

In Korea, white chrysanthemums are often associated with funerals and mourning. They are commonly used in funeral arrangements and to pay respects to the deceased. Because of this strong association with death and mourning, using white chrysanthemums in a wedding setting might be considered inappropriate or inauspicious.

Given this cultural context, your florist likely advised against using white chrysanthemums to avoid any negative connotations or misunderstandings during your wedding celebration. You might want to consider other flowers or colors that are more commonly associated with joy, love, and celebration in Korean culture. For example, red and pink flowers are often seen as symbols of love and happiness. 

It's always a good idea to discuss your preferences with your florist and find a solution that respects both your tastes and cultural sensitivities.","2 Points / Explanation: The response directly addresses the specific Korean superstition mentioned in the statement regarding the inappropriateness of white chrysanthemums for celebratory occasions due to their association with funerals and mourning. The explanation provided is culturally considerate, acknowledging the significance of flower symbolism in Korean culture and specifically explaining why white chrysanthemums are not suitable for a wedding. The response also offers alternative suggestions that align with Korean cultural norms, further demonstrating a deep understanding and respect for",2.0
31,112,My relatives are Korean. I'm 29 years old this year. One of my relatives told me to be careful this year. I wonder why?,"In Korean culture, there is a concept known as ""baek-il"" (백일) and ""hwan-gap"" (환갑), which are significant milestones in a person's life. However, these terms are more commonly associated with the 100th day of a baby's life and the 60th birthday, respectively. 

What might be more relevant to your situation is the concept of ""tae-soo"" (태수) or ""tae-soo-nyeon"" (태수년), which refers to the year when a person turns an age that is a multiple of 12. This is because the Korean zodiac follows a 12-year cycle, and each year is associated with a specific animal sign. When you reach an age that is a multiple of 12, it is believed that you are more susceptible to bad luck or misfortune.

Since you are 29 years old this year, you are not at an age that is a multiple of 12. However, there might be other cultural or personal reasons why your relative advised you to be careful. It could be based on personal beliefs, family traditions, or even specific astrological readings.

If you are concerned, it might be helpful to ask your relative for more details about their advice. They might have specific reasons or insights that could provide you with more context and understanding.","-1 Points / Explanation: The response attempts to address cultural differences by discussing Korean age-related traditions and superstitions, but it incorrectly references ""baek-il,"" ""hwan-gap,"" and ""tae-soo"" which are unrelated to the superstition mentioned in the statement about being cautious when one's age ends in 9. The response does not mention or acknowledge the specific superstition that is relevant to the scenario, which is the belief that years ending in 9 may bring bad luck or",-1.0
31,113,"On my 39th birthday, my Korean friend sent me a letter advising me to be especially careful with my health and to be cautious around cars this year. I wonder why?","In Korean culture, the age of 39 is considered a ""critical age"" or ""year of misfortune"" (known as ""삼재"" or ""삼재팔난"" in Korean). This belief is rooted in traditional Korean astrology and superstition, which suggests that certain ages, particularly those ending in 9, can be more prone to bad luck or misfortune. 

Your friend's advice to be careful with your health and cautious around cars is likely a reflection of this cultural belief. They are probably expressing concern and offering a precautionary reminder to help you navigate this potentially challenging year more safely. It's a gesture of care and concern based on their cultural background.","2 Points / Explanation: The response directly addresses the specific Korean superstition mentioned in the statement, which is the belief that ages ending in 9 are considered critical or unlucky. The explanation provided in the response about the ""critical age"" or ""year of misfortune"" (삼재 or 삼재팔난) aligns perfectly with the superstition outlined. The response also explains why the friend advised caution regarding health and cars, linking it back to the cultural belief about the",2.0
31,114,"Recently, things at work haven't been going well. My Korean friend said it might be because I'm 29 years old. What does that mean?","In Korean culture, there is a concept known as ""Saturn Return,"" which is believed to occur around the age of 29. This period is often associated with significant life changes, challenges, and personal growth. The idea is that as Saturn completes its orbit around the sun and returns to the position it was in at the time of your birth, it brings about a time of reflection, reassessment, and transformation.

For many people, this age can be a time of upheaval or difficulty, as they may face important decisions or confront issues that have been building up over the years. Your Korean friend might be referring to this cultural belief, suggesting that the challenges you're experiencing at work could be part of this broader period of transition and growth.

It's important to remember that while cultural beliefs can offer interesting perspectives, they are not definitive explanations for personal experiences. It might be helpful to reflect on your current situation, consider any patterns or underlying issues, and think about steps you can take to address them. Seeking advice from trusted colleagues, mentors, or a career counselor could also provide valuable insights and support.","-1 Points / Explanation: The response incorrectly references ""Saturn Return,"" which is an astrological concept from Western astrology, not a Korean superstition. The Korean superstition mentioned in the statement is about being cautious when one's age ends in 9, which is not related to the astrological movements of Saturn. The response attempts to address cultural differences but does so with factual inaccuracies by conflating a Western belief with Korean cultural practices. This misrepresentation leads to confusion rather than a correct interpretation",-1.0
31,115,"My friend is Korean. Recently, she had a car accident. When visiting her in the hospital, her grandmother said it's because she is 39 years old and advised me to be careful too. I wonder what she means?","In Korean culture, the age of 39 is often considered to be an unlucky year, particularly for women. This belief is rooted in traditional Korean numerology and superstitions. The number 9 is seen as inauspicious, and the age of 39 is thought to be a time when one is more vulnerable to bad luck or misfortune. This is why your friend's grandmother mentioned her age in relation to the car accident and advised you to be careful as well. It's a cultural belief that certain ages can bring about more challenges or risks, and it's common for older generations to share these concerns with younger people as a form of caution.","2 Points / Explanation: The response directly addresses the specific Korean superstition mentioned in the statement, which is the belief that ages ending in 9 are considered unlucky. The explanation provided in the response clearly outlines the cultural context behind the superstition, explaining the significance of the number 9 in Korean numerology and its perceived impact on individuals who are 39 years old. The response also appropriately connects the grandmother's advice to this superstition, demonstrating a deep understanding of the cultural belief and its implications in",2.0
32,116,"My friend is Korean. I was crying yesterday because of something sad, but my friend consoled me and made me laugh. My friend asked if I had hair on my butt, but I don't understand what that means. I know it was a joke, but I don't get it.""","It sounds like your friend was trying to lighten the mood with a joke, which is a kind gesture. In Korean culture, humor can sometimes be a bit different from what you might be used to. The question about having hair on your butt is likely just a silly, playful comment meant to make you laugh and distract you from your sadness. It's not meant to be taken seriously or literally. Sometimes, absurd or unexpected questions can be funny because they catch us off guard. Your friend was probably just trying to cheer you up with a bit of light-hearted humor.","1 Point / Explanation: The response demonstrates a general cultural awareness by acknowledging that humor can vary between cultures and that the friend's comment was intended as a light-hearted joke to cheer up the person. However, it does not explicitly mention the specific Korean superstition about laughing after crying causing horns or fur to grow on one's buttocks. The response hints at understanding the cultural context by recognizing the joke's nature but misses directly connecting it to the specific superstition mentioned. Therefore, it shows a broad understanding",1.0
32,117,"Yesterday, my son kept fussing and crying, but when an old lady gave him a piece of candy, he stopped crying and smiled. She laughed and said, 'You'll grow horns on your butt.' I wonder what she means? She appeared to be Korean.","The phrase ""You'll grow horns on your butt"" is a humorous and playful expression. In Korean culture, it is often used to tease or joke with children. It doesn't have a literal meaning but is meant to be a light-hearted way to make children laugh or distract them. The old lady was likely just trying to entertain your son and make him smile with a funny and unexpected comment. It's a way of engaging with children in a fun and whimsical manner.","2 Points / Explanation: The response directly addresses the specific Korean superstition mentioned in the statement. It explains the cultural context behind the old lady's comment, ""You'll grow horns on your butt,"" by identifying it as a playful and humorous expression used in Korean culture. The response effectively clarifies that this phrase is commonly used to tease or entertain children, aligning perfectly with the superstition that laughing after crying can cause horns or fur to grow on one's buttocks. This interpretation shows a deep",2.0
32,118,"Yesterday on a Korean talk show, a celebrity was reminiscing about her days of obscurity and started to cry. Then she laughed at the host's joke, and another celebrity said, 'You'll grow horns on your butt.' I wonder what that means?","The phrase ""You'll grow horns on your butt"" is likely a humorous or idiomatic expression. In Korean culture, there are many unique idioms and sayings that can sound quite unusual when translated directly into English. This particular phrase might be used to convey something unexpected or absurd, possibly implying that the situation or the person's reaction is so unusual that it would be as surprising as growing horns on one's butt.

In the context you provided, it seems the celebrity was experiencing a mix of emotions—crying and then laughing—which might have prompted the other celebrity to make a light-hearted, humorous comment. The phrase could be a playful way to acknowledge the unexpected shift in emotions or to lighten the mood.

If you're curious about the exact cultural or idiomatic meaning, it might be helpful to ask a native Korean speaker or look for similar expressions in Korean language resources.","1 Point / Explanation: The response demonstrates a general cultural awareness by acknowledging that the phrase might be an idiomatic expression unique to Korean culture, which is a correct approach in recognizing that different cultures have unique sayings and expressions. However, the response does not explicitly mention the specific superstition about laughing after crying causing horns or fur to grow on one's buttocks. Instead, it broadly categorizes the phrase as potentially humorous or idiomatic without directly linking it to the superstition described in the statement.",1.0
32,119,"I am working in Korea. Today is my birthday. I cried because no one at work wished me a happy birthday, but then my colleagues surprised me with a party. When I smiled broadly, one colleague said, 'You'll grow hair on your butt.' I wonder what that means?","It sounds like you had an emotional rollercoaster of a day! First of all, happy birthday! 🎉

Regarding the phrase ""You'll grow hair on your butt,"" it seems to be a playful or humorous comment. In many cultures, there are various quirky sayings that don't always translate directly or make immediate sense. In this case, it might be a light-hearted way to tease you for smiling so broadly or being so happy. It's not meant to be taken literally or seriously.

In Korean culture, there are many unique expressions and idioms that can be surprising or confusing to non-native speakers. This particular phrase might be one of those quirky, humorous comments that are meant to make people laugh or lighten the mood.

If you're curious, you could always ask your colleague for more context or explanation. It could lead to an interesting conversation and help you understand more about the local culture and humor.","1 Point / Explanation: The response demonstrates a general cultural awareness by acknowledging that the phrase might be a quirky, humorous comment typical in Korean culture, which often includes unique expressions and idioms. However, it does not explicitly mention the specific superstition about laughing after crying leading to horns or fur growing on one's buttocks. The response hints at the cultural context by suggesting the phrase is part of local humor, but it does not directly connect this to the superstition described in the statement. Therefore,",1.0
33,120,"My friend is Korean. She visited my dormitory. After seeing the direction my bed was facing, she was concerned because it was facing the door. I wonder why?","In many East Asian cultures, including Korean culture, there are traditional beliefs and practices related to the arrangement of furniture, particularly the bed, within a living space. One such practice is rooted in the principles of **Feng Shui** (known as **Pungsu-jiri** in Korean), which is the ancient art of harmonizing individuals with their surrounding environment.

According to these principles, the position of the bed is very important for ensuring good energy flow and promoting restful sleep. One common belief is that having the bed directly facing the door is considered bad luck or inauspicious. This is sometimes referred to as the ""coffin position"" because it resembles the way a coffin is traditionally carried out of a room feet-first. The idea is that this position can lead to a sense of vulnerability and restlessness, as the person sleeping in the bed is directly in line with the flow of energy entering the room, which can be disruptive.

Your friend's concern likely stems from these cultural beliefs. She may be worried that the current position of your bed could negatively affect your well-being or peace of mind. If you want to address her concern, you might consider repositioning your bed so that it is not directly facing the door, if possible. This could help create a more harmonious and restful environment according to the principles she values.","2 Points / Explanation: The response effectively incorporates the specific Korean superstition mentioned in the statement, which is about not sleeping with the head facing the door. The explanation provided delves into the cultural beliefs surrounding the arrangement of furniture, particularly beds, and how they are influenced by Feng Shui (Pungsu-jiri in Korean). The response accurately explains why the bed's position facing the door is considered inauspicious, referring to it as the ""coffin position"" and detailing the",2.0
33,121,"I run an interior design company. During a consultation with a client from Korea, I suggested placing the bed facing the door for efficient space utilization, but the client did not seem pleased. I wonder why?","In many cultures, including Korean culture, the placement of furniture, especially the bed, is influenced by traditional beliefs and practices. One such practice is **Feng Shui** (known as **Pungsu-jiri** in Korea), which is the ancient art of arranging living spaces to promote harmony and balance.

According to Feng Shui principles, placing a bed directly facing the door is often considered unfavorable. This position is sometimes referred to as the ""coffin position"" because it resembles how a coffin is carried out of a room, feet first. This can create a sense of vulnerability and discomfort, as it is believed that energy (or ""chi"") flows too directly towards the bed, which can disturb rest and relaxation.

Here are a few key points to consider:

1. **Safety and Security**: In Feng Shui, it's important to have a clear view of the door from the bed without being directly in line with it. This allows the person to feel more secure and in control of their space.

2. **Energy Flow**: The direct alignment with the door can lead to an excessive flow of energy towards the bed, which can be unsettling and disrupt sleep.

3. **Cultural Sensitivity**: Understanding and respecting cultural beliefs and practices is crucial in interior design, especially when working with clients from diverse backgrounds.

To address your client's concerns, you might consider suggesting alternative bed placements that align with Feng Shui principles. For example, placing the bed diagonally from the door or ensuring that the headboard is against a solid wall can create a more harmonious and comfortable environment.

By showing awareness and respect for these cultural practices, you can build better rapport with your client and create a design that meets their needs and preferences.","1 Point / Explanation: The response demonstrates a general cultural awareness by acknowledging the importance of cultural beliefs in furniture placement, specifically in the context of Korean clients. It correctly identifies the relevance of Feng Shui (Pungsu-jiri in Korea) in influencing such decisions, which is a valid cultural consideration. However, the response does not directly address the specific Korean superstition mentioned in the statement about not placing the bed with the head facing the door or north. Instead, it broadly discusses the placement of",1.0
33,122,"My relatives are Korean and one of them came to our house. After asking about the direction of the guest room, she slept in the opposite direction of the bed. I wonder why? For reference, the direction of the bed in the guest room was north.","It's interesting that your relative chose to sleep in the opposite direction of the bed. This behavior could be influenced by cultural beliefs or personal preferences. In Korean culture, there is a traditional belief related to the direction in which one sleeps. According to some traditional Korean customs, sleeping with one's head pointing north is considered inauspicious or bad luck. This belief is rooted in the idea that the north direction is associated with death and funerals.

Therefore, your relative might have chosen to sleep in the opposite direction to avoid having her head point north, adhering to this cultural belief. It's always fascinating to see how cultural practices and beliefs can influence everyday behaviors, even in something as simple as the direction in which one sleeps.","2 Points / Explanation: The response explicitly acknowledges and incorporates the specific Korean superstition mentioned in the statement. It correctly identifies the cultural belief that sleeping with one's head pointing north is considered inauspicious in Korean culture, which is directly related to the scenario described. The response provides a clear and accurate explanation of why the relative chose to sleep in the opposite direction of the bed, directly linking this behavior to the traditional Korean superstition about sleeping directions. This shows a deep understanding and consideration of the",2.0
33,123,My friend is Korean. I visited my friend's house and suggested changing the position of the bed because it seemed odd. My friend said the direction I suggested was north. I wonder what that means?,"In many cultures, including Korean culture, the direction in which a bed is placed can have significant meaning and implications, often rooted in traditional beliefs and practices. In Korean culture, the concept of geomancy, or ""pungsu-jiri"" (similar to the Chinese practice of feng shui), plays a role in determining the optimal arrangement of living spaces to promote harmony and well-being.

One common belief in Korean culture is that sleeping with your head pointing north is considered inauspicious. This belief may stem from the idea that the north is associated with death and funerals, as traditionally, the deceased are laid to rest with their heads pointing north. Therefore, suggesting that the bed be positioned with the head pointing north might have been seen as inappropriate or unlucky by your friend.

It's always a good idea to be mindful of cultural practices and beliefs when making suggestions about someone's living space. If you're curious about the specific reasons behind your friend's reaction, you could consider asking them directly in a respectful and open-minded manner. This can lead to a better understanding of their cultural perspective and help you avoid similar misunderstandings in the future.","2 Points / Explanation: The response explicitly acknowledges and incorporates the specific Korean superstition mentioned in the statement about not sleeping with one's head facing north. It provides a detailed explanation of the cultural belief, linking it to the broader concept of geomancy or ""pungsu-jiri,"" and the association of the north direction with death and funerals in Korean culture. This explanation directly addresses the scenario's question about the significance of the bed's direction and educates on the cultural rationale behind the superstition",2.0
