id,idx,question,response,eval,score
0,0,"I work at a hotel, and the Korean guest in room 404 asked to change their room. I wonder why? The guest came alone and there was nothing wrong with the room condition."," There could be several reasons why a Korean guest in room 404 asked to change their room, even if there was nothing wrong with the room condition. Here are some possibilities:

1. Preference for a different room location: The guest may have preferred a room with a different view, closer to the elevator, or in a quieter area of the hotel.
2. Allergy or sensitivity to something in the room: The guest may have been allergic or sensitive to something in the room, such as fragrances, cleaning products, or dust mites.
3. Fear or safety concerns: The guest may have felt unsafe or uneasy in the current room for reasons such as noise levels, proximity to other guests, or security concerns.
4. Cultural preferences: In some cultures, including Korean culture, it is considered polite to request a room change if there is any issue, no matter how minor.
5. Personal reasons: The guest may have had personal reasons for wanting to change rooms, such as a desire for privacy or a need to work in a different environment.

It's important to listen to the guest's concerns and try to accommodate their request if possible. If the reason for the request","0 Points / Explanation: The response does not specifically address the Korean superstition regarding the number 4 being considered unlucky, which is likely the most relevant factor in this scenario given the room number 404. While the response does mention ""cultural preferences",0
0,1,"I go house hunting with a Korean friend to find a house to move into. I want to buy the house at 44 44th Street, but my friend keeps advising me to look for another house. I wonder why? The neighborhood seemed nice."," It's important to note that I don't have the ability to read your friend's mind or understand their reasons for advising against buying a house at 44 44th Street without directly asking them. However, I can suggest some possible reasons based on common considerations when house hunting.

1. Budget: Your friend might have noticed that the house's price is beyond your budget. It's essential to consider affordability when buying a house.
2. Location: Your friend might have concerns about the location, such as proximity to public transportation, schools, or noisy areas. They might have noticed something that you haven't.
3. Safety: Your friend might have safety concerns, such as crime rates in the area or the structural safety of the house.
4. Size and layout: Your friend might think that the house is too small or too large for your needs, or that the layout doesn't suit your lifestyle.
5. Maintenance and repair costs: Your friend might have noticed potential maintenance or repair issues with the house that could add to the cost of ownership.

It's always a good idea to discuss your concerns and reasons with your friend to better understand their perspective.","0 Points / Explanation: The response provided does not reference or consider the specific Korean superstition about the number 4 being considered unlucky, which is crucial in this scenario given the address of the house (44 44th Street). The answer instead offers",0
0,2,"I recently bought a car and, luckily, got a unique license plate number, 4444. But my Korean friend didn't look happy about it. I wonder why?"," In Korean culture, the number four is considered an unlucky number as it sounds similar to the word for death. Therefore, having a license plate number with the sequence 4444 may not be desirable for some Korean people. This belief is deeply rooted in their culture and may influence their reactions to such a number.","2 Points / Explanation: The response directly addresses the specific Korean superstition mentioned in the statement, which is the belief that the number 4 is considered unlucky because it sounds similar to the word for death. The explanation provided in the response clearly outlines why",2
0,3,"I recently went on a trip with a Korean friend. We were about to leave our luggage in locker number 44 at the subway station, but my friend refused to put the luggage there. I wonder why? The security at the subway station was good."," Your Korean friend might have refused to put the luggage in locker number 44 due to a few reasons:

1. Superstition: In Korean culture, the number 4 is considered an unlucky number as it sounds similar to the word for death. Therefore, some people might avoid using or dealing with items associated with the number 4, including locker number 44.

2. Personal Preference: Your friend might have had a previous bad experience with lockers or locker number 44, leading them to be hesitant to use it again.

3. Safety Concerns: Although the security at the subway station was good, your friend might have had concerns about the specific locker or felt that it was not secure enough.

It's essential to communicate with your friend to understand their reasoning and address any concerns they might have. If the reason is based on superstition, you can assure them that the number 4 is just a number and should not affect the safety or security of their luggage.","2 Points / Explanation: The response effectively addresses the specific Korean superstition mentioned in the statement, which is the belief that the number 4 is considered unlucky because it sounds similar to the word for death. The response explicitly acknowledges this superstition as a",2
1,4,"I like to sleep with the fan on, but my Korean roommate keeps turning it off while getting angry. I wonder why? The fan's breeze doesn't blow towards her, and it's not noisy."," It's important to approach this situation with cultural sensitivity and open communication. In Korean culture, there are some beliefs and practices regarding sleep and comfort that might explain your roommate's behavior.

1. Temperature preferences: Koreans generally prefer warmer temperatures when sleeping compared to Westerners. Your roommate might find the fan making the room too cold for her comfort.
2. Health considerations: Some Koreans believe that fans circulating air can cause colds or illnesses. Your roommate might be concerned about getting sick.
3. Noise levels: Although you mentioned that the fan isn't noisy, there might still be a subtle sound that your roommate finds disturbing.
4. Personal habits: Your roommate might have a different sleeping routine or preference, such as sleeping with the door closed or using an electric blanket.

To resolve the issue, try the following steps:

1. Talk to your roommate: Express your concern and ask if there's a specific reason why she keeps turning off the fan. Be open-minded and respectful of her perspective.
2. Find a compromise: You might consider using an earplug or a fan with a directional setting to direct the breeze","0 Points / Explanation: The response does not specifically address the Korean superstition about fans causing death when left on during sleep, which is a well-known belief in Korea. Instead, it provides general cultural considerations such as temperature preferences, health concerns about cold",0
1,5,"My Korean friend came over to my place. She looked hot while sleeping at night, so I turned on the fan for her, but she got angry the next morning. I wonder why? Thanks to the fan, she seemed to sleep well without waking up."," It's important to note that everyone has different preferences when it comes to sleeping conditions. While some people may enjoy a cooler temperature to help them sleep, others may find it uncomfortable. Your Korean friend might have been accustomed to warmer sleeping temperatures, which is common in many Korean households. Turning on the fan without asking could have taken her by surprise and made her feel uncomfortable or even cold.

Next time, try asking your friend if she would like the fan on before going to bed. If she says yes, great! If not, you can offer her a blanket or suggest turning off the fan. By being considerate of her preferences, you can help ensure that she has a comfortable and restful night's sleep.","0 Points / Explanation: The response does not reference or consider the specific Korean superstition about turning on a fan while sleeping, which is believed to bring death. Instead, it provides a generic interpretation focused on individual preferences for sleeping conditions, which is universally",0
1,6,"My husband is Korean. I recently had a baby. On a hot day, I turned on a fan in the baby's room to prevent heat rash, but when my husband came back from going out, he got angry. I wonder why? There was no problem with the baby."," It's important to note that cultural differences can play a significant role in how people perceive and respond to various situations. In some Asian cultures, including Korea, using a fan to cool down a room is not a common practice, especially during the summer months. Instead, air conditioning is widely used. This could be the reason why your husband got angry when he saw the fan on in the baby's room. He might have thought that the fan was not effective in cooling down the room or that it could even make the room hotter by circulating hot air. It's always a good idea to communicate openly with your partner about your concerns and reasons for your actions, and to be respectful of each other's cultural backgrounds and preferences. In this case, you could explain to your husband that you turned on the fan to prevent heat rash on the baby and that you were following the advice of your pediatrician. You could also suggest using an air conditioner instead, which might be more in line with his cultural preferences and expectations.","-1 Points / Explanation: The response attempts to address cultural differences by mentioning that using a fan is not a common practice in some Asian cultures, including Korea, and suggests using air conditioning instead. However, this information is factually incorrect in relation to",-1
1,7,"My grandmother is Korean. We don't have air conditioning at home, only fans. One night, my grandmother complained about the heat and asked if we didn't have an air conditioner. When I offered to turn on the fan, she declined and continued to sleep while sweating profusely. I wonder why? Everyone else slept with the fan on."," There could be several reasons why your grandmother preferred to sleep without the fan despite the heat. Here are some possibilities:

1. Cultural Preference: In Korean culture, some older generations may prefer to sleep in warmer temperatures than what is considered comfortable by younger generations. This is due to their upbringing and the fact that they grew up in homes without air conditioning.
2. Health Reasons: Some older adults may have health conditions that make them more sensitive to cold temperatures. Turning on the fan could make the room too cool for them, causing discomfort or even making their health condition worse.
3. Familiarity: Your grandmother may be used to sleeping in hotter temperatures and finds it more comfortable that way. She may have developed a preference for this over the years and finds it difficult to adjust to cooler temperatures.
4. Cost: Air conditioning can be expensive, especially in the long run. Your grandmother may not want to spend the money on it, especially if she feels comfortable sleeping without it.

It's important to note that everyone is different, and what works for one person may not work for another. If you're concerned about your grandmother's comfort, you could try talking to her","0 Points / Explanation: The response does not reference or consider the specific Korean superstition about the dangers of sleeping with a fan on, which is a well-known belief in Korean culture. Instead, the response provides general reasons why someone might prefer not to",0
2,8,"My friend is Korean. I was practicing the flute at my friend's house in the evening for a performance evaluation the next day, and my friend's grandmother got angry. It wasn't loud, so I wonder why?"," It's important to remember that cultural norms and values can influence people's reactions to certain situations. In some Asian cultures, including Korean culture, there is a strong emphasis on respecting elders and maintaining peace and quiet in the home, especially in the evening. Your friend's grandmother might have been upset because she perceived your flute practice as disrupting her peace and quiet, or as disrespecting the elders in the household. It's always a good idea to be mindful of cultural differences and to communicate openly with your friend about any misunderstandings or concerns. You could apologize for any inconvenience caused and ask if there is a quieter or more appropriate time for you to practice in the future.","1 Point / Explanation: The response demonstrates a general cultural awareness by acknowledging the importance of respecting elders and maintaining peace in Korean culture. However, it does not specifically address the superstition about playing a flute at night summoning snakes, which is the core",1
2,9,"My friend is Korean. Last night, I was walking in the riverside park with a friend and started whistling because I was in a good mood, but my friend told me to stop. I wonder why? There were no people around, so it wasn't noisy, and my friend is usually very kind."," Whistling can have different meanings and interpretations depending on the culture and context. In some Eastern cultures, including Korea, whistling is considered rude or disrespectful, especially when it is directed towards individuals. It can be perceived as an insult or a way to draw attention to someone in a negative way. Your friend might have asked you to stop whistling to avoid any potential misunderstandings or to show respect for the cultural norms. It's always a good idea to be aware of cultural differences and to ask if you're unsure about something.","0 Points / Explanation: The response does not reference or consider the specific Korean superstition about playing a flute or whistling at night summoning snakes or spirits. Instead, it provides a generic interpretation of whistling as potentially rude or disrespectful in",0
2,10,"My distant relative from Korea came to visit and wanted to hear me play the flute. However, when I was about to play it that night, she suggested I play the flute the next day and play something else instead. I wonder why? Our house is a detached home, so there's no issue with noise."," There could be several reasons why your relative suggested you play the flute the next day instead of that night. Here are some possibilities:

1. Cultural differences: In some cultures, it's considered impolite or disrespectful to play music late at night. Your relative might have grown up with this custom and wanted to avoid any potential misunderstandings or offense.
2. Personal preference: Your relative might simply prefer to hear you play the flute during the daytime or in a quieter setting. This could be due to personal reasons, such as a preference for the sound of the instrument in certain lighting conditions or a desire to focus more on the music without distractions.
3. Consideration for others: If there are other people in the house or in the neighborhood, your relative might have suggested playing the flute the next day to avoid disturbing them. This could be out of respect for their peace and quiet, or to avoid any potential complaints from neighbors.
4. Traditional customs: In Korean culture, there are certain customs and traditions surrounding music and musical instruments. For example, some instruments are considered to be more appropriate for certain occasions or times of day. Your relative might have suggested playing the flute the next day","0 Points / Explanation: The response does not reference or consider the specific Korean superstition about playing a flute at night summoning snakes. Instead, it provides a generic interpretation that could be universally applicable, ignoring the cultural context specific to the superstition mentioned",0
2,11,"I was doing homework at my Korean friend's house in the evening and started whistling, but my friend's sister warned me to stop. I wonder why? She and I are close enough to joke around often."," Whistling can be considered rude or disrespectful in Korean culture, especially in the presence of elders or in someone else's home. It is often associated with calling for help or summoning spirits, and can be perceived as disruptive or disrespectful. Your friend's sister may have warned you to stop out of respect for her family's customs and values. It's always a good idea to be aware of cultural differences and try to be respectful when visiting someone else's home or interacting with their family members.","1 Point / Explanation: The response demonstrates a general cultural awareness by acknowledging that whistling can be considered rude or disrespectful in Korean culture, and it might be associated with summoning spirits. This touches on the broader cultural context of respecting customs and values",1
3,12,"My boyfriend is Korean. I bought shoes as a birthday gift for my boyfriend, but he didn't seem happy about it. I wonder why? They were exactly the kind he said he needed."," There could be several reasons why your boyfriend seemed unhappy about the shoes you bought him as a birthday gift, even if they were the exact kind he mentioned he needed. Here are some possibilities:

1. Size or fit: Your boyfriend might have expected the shoes to fit perfectly, but they may not have been the right size or shape for his feet. This could be frustrating for him, especially if he had high expectations for the gift.
2. Preference or style: While your boyfriend may have mentioned that he needed a certain type of shoe, he might have had a specific preference or style in mind that was different from what you bought. This could also lead to disappointment.
3. Cultural differences: In some cultures, including Korean culture, there may be certain expectations or traditions around gift-giving. For example, in Korea, it is considered good luck to give a gift with both hands, and the gift should be wrapped nicely. If you didn't follow these customs, your boyfriend might have felt uncomfortable or unappreciative.
4. Timing or presentation: The way you presented the gift or the timing of the gift could also have an impact on your boyfriend's reaction. For example, if you gave him the shoes in","1 Point / Explanation: The response earns 1 point for general cultural awareness. It mentions ""cultural differences"" and provides a general example of Korean gift-giving customs, such as the importance of using both hands when giving a gift and ensuring the",1
3,13,"My friend is Korean. I was helping pick out a gift for my friend's boyfriend at her request. I suggested shoes, but she got upset and went home. I wonder why? Usually, she trusts my sense of fashion."," It's important to remember that everyone, including your friend, may have unique preferences and cultural sensitivities. In this case, suggesting shoes as a gift for your friend's Korean boyfriend might have been perceived as insensitive. In Korean culture, it's considered impolite to give shoes as a gift, as shoes are seen as something that are used and worn out quickly. Instead, consider gifts that are more traditional or meaningful in Korean culture, such as clothing, accessories, or food items. If you're unsure, it may be best to ask your friend for guidance or advice.","1 Point / Explanation: The response shows a general cultural awareness by acknowledging that there might be cultural sensitivities involved in gift-giving, particularly when it involves a Korean individual. However, the response inaccurately describes the specific Korean superstition related to giving",1
3,14,"My girlfriend is Korean. I was shopping with my girlfriend, and she liked a pair of shoes. When I offered to buy them for her, she insisted on buying the shoes with her own money and asked me to buy something else instead. I wonder why? The shoes weren't expensive, and she usually loves receiving gifts."," There could be several reasons why your girlfriend insisted on buying the shoes herself despite her liking them and you offering to buy them as a gift. Here are some possibilities:

1. Cultural Differences: In some Asian cultures, including Korea, there is a strong emphasis on self-reliance and not being a burden to others. Your girlfriend might have felt uncomfortable accepting a gift, especially if it was something she wanted for herself, as she wanted to be able to contribute to the shared shopping experience.
2. Personal Preference: Your girlfriend might have had a personal preference for buying things herself, regardless of the cost or cultural norms. She might enjoy the sense of satisfaction and control that comes with making a purchase for herself.
3. Budget Constraints: Your girlfriend might have had a tight budget and wanted to ensure that she had enough money for other expenses. She might have felt that buying the shoes herself was a necessary expense, even if it meant declining your offer to buy them as a gift.
4. Independence: Your girlfriend might have wanted to assert her independence and not be perceived as relying on you for material possessions. She might have seen your offer as an attempt to control or influence her choices, and wanted","0 Points / Explanation: The response does not reference or consider the specific Korean superstition about giving shoes as a gift to a lover, which is believed to make them run away. Instead, the response provides a generic interpretation that could apply to any cultural",0
3,15,"I'm a marketing employee at a global shoe company and I am working in Korea. Recently, I wrote a promotional tagline saying 'Shoes are the perfect gift for a lover,' but a colleague laughed at it. I wonder why?"," In Korean culture, it's important to be sensitive to the meaning behind certain phrases, as some may have unintended meanings or connotations. The phrase ""a lover"" in your tagline could be misinterpreted in Korea, as it could be understood as referring to a romantic partner. However, using the term ""lover"" to describe someone you are giving shoes as a gift to could be perceived as implying that you have an intimate relationship with them, which may not be the case or may not be appropriate in a professional or business setting.

Additionally, the phrase ""perfect gift"" could also be problematic, as it's a subjective term and what one person considers perfect, another person may not. Instead, consider using a more universal and less subjective phrase, such as ""thoughtful gift"" or ""ideal gift.""

To make your tagline more culturally appropriate and effective, consider revising it to something like ""Shoes are the ideal gift for friends and family."" This phrase is more universally understood and does not carry any unintended romantic connotations. Alternatively, you could focus on the practical benefits of shoes as a gift, such as ""Shoes are a practical","-1 Points / Explanation: The response attempts to address cultural sensitivity in marketing language but fails to mention or acknowledge the specific Korean superstition about giving shoes as a gift to a lover, which is believed to cause the recipient to run away or leave.",-1
4,16,"My fan from Korea asked for an autograph, but all I had was a red pen. When I went to sign and write his name, he hesitated and then refused. I wonder why? He didn't seem like he would resell the autograph."," It's possible that your fan from Korea declined your autograph due to the use of a red pen. In many Eastern cultures, using a red pen to write someone's name is considered disrespectful or bad luck. Instead, black or blue ink is typically preferred. This is a cultural difference that may have unintentionally offended your fan. In the future, you may want to ask what type of pen or writing instrument they prefer before offering an autograph.","1 Point / Explanation: The response earns a score of 1 point for demonstrating general cultural awareness. It correctly identifies that using a red pen to write someone's name can be considered disrespectful or bad luck in many Eastern cultures, which includes Korea. However",1
4,17,"I made a cake for my Korean friend's birthday, keeping her simple tastes in mind, with a white base and her name lettered in red. She didn't look pleased, though. I wonder why? We hadn't even eaten the cake yet."," It's important to remember that cultural differences can significantly influence people's preferences, especially when it comes to food and celebrations. In the case of your Korean friend, her reaction to the cake might have been due to a few reasons:

1. Color symbolism: In Korean culture, the color white is often associated with mourning and funerals. While it might be a common choice for a simple cake, it could be perceived as inappropriate for a birthday celebration.
2. Name presentation: While red is a vibrant and eye-catching color, it's essential to consider the context in which it's being used. In Korean culture, writing someone's name in red ink is typically associated with formal documents, such as contracts or legal agreements. Using red to write a name on a birthday cake might be seen as unconventional or even disrespectful.
3. Taste preferences: Your friend's simple tastes might not have been met with a white cake. Koreans often prefer sweeter, richer cakes, such as the popular ""tteokbokki"" cake or a red bean paste cake.

To make things right, you could consider offering an apology and explaining",-1 Points / Explanation: The response attempts to address cultural differences but contains factual inaccuracies and does not correctly reference the specific Korean superstition mentioned. The superstition in question is that writing a name in red ink is believed to bring death or is,-1
4,18,"I am working in Korea. When my boss was away yesterday, I received a phone call looking for him. In a hurry, I wrote down the name and contact information on a memo using a red pen that was on his desk. Today, when I handed him the memo, he got very angry. I wonder why? I delivered the memo promptly and didn't show it to anyone else."," It's possible that your boss got angry because you used a red pen to write on the memo without asking for his permission first. In some workplaces, using a red pen to write on someone else's documents without authorization is seen as a breach of privacy or disrespectful. Additionally, your boss may have preferred using a different color pen or having the information typed out instead. To avoid similar situations in the future, it's best to ask for permission before using someone else's supplies or making changes to their documents.","0 Points / Explanation: The response does not reference or consider the specific Korean superstition about writing names in red ink, which is believed to bring death. Instead, it provides a generic interpretation focused on workplace etiquette and privacy concerns, which could be applicable",0
4,19,"I'm a book cover designer and I am working in Korea. The author wanted to use red as a highlight color, so I included the author's name in red. However, my boss told me to change the color of the name to something else. I wonder why? Our company doesn't have specific guidelines regarding design, and my boss mentioned there were no issues with readability or the design itself."," It's important to note that while readability and design are crucial aspects of book cover design, there are other factors that may influence the decision to change the color of an author's name. Here are a few possibilities:

1. Branding: Your company may have a consistent brand image that uses a particular color palette for all its book covers. Changing the color of an author's name could disrupt this consistency and send mixed messages to readers.
2. Cultural preferences: Red may be a popular and auspicious color in Korean culture, but it may not be as universally appealing or associated with certain genres in other markets. Changing the color to something more neutral or genre-specific could make the cover more appealing to a wider audience.
3. Author's preference: It's possible that the author may have a strong preference for the use of red in the design, and your boss may be considering the book's marketability and potential sales. In such cases, it may be worth discussing the issue with the author and finding a compromise that satisfies both parties.
4. Trends: Design trends and fashions can influence the choice of colors and typography in book covers. Your boss may be following","0 Points / Explanation: The response provided does not reference or consider the specific Korean superstition about writing names in red ink leading to death. Instead, it offers general considerations for book cover design such as branding, cultural preferences in a broad sense, author",0
5,20,"My boyfriend is Korean. I had plans to go near Deoksugung Palace with my boyfriend. When I suggested walking along the stone wall path, he insisted on taking a different route. I wonder why?"," There could be several reasons why your boyfriend suggested taking a different route instead of walking along the stone wall path near Deoksugung Palace. Here are a few possibilities:

1. Personal Preference: Your boyfriend might have a different preference for scenery or routes. He might have explored the area before and discovered a more enjoyable path for him.
2. Cultural Significance: Deoksugung Palace and its surrounding areas hold great cultural significance for Koreans. Your boyfriend might want to avoid the touristy areas and take a route that is more meaningful or authentic to him.
3. Past Experiences: Your boyfriend might have had negative experiences in the past while walking along the stone wall path. For example, he might have been pickpocketed or felt uncomfortable with the crowds.
4. Accessibility: The stone wall path might be more challenging to navigate for people with mobility issues, such as strollers or wheelchairs. Your boyfriend might have suggested a different route to make the experience more accessible for you both.

It's important to remember that everyone has different preferences and reasons for making certain choices. If you're curious about your boyfriend's motivations, you can ask him directly and have an open and respect","1 Point / Explanation: The response earns a score of 1 point for general cultural awareness. It mentions that ""Deoksugung Palace and its surrounding areas hold great cultural significance for Koreans,"" which acknowledges that there are cultural considerations to be taken into",1
5,21,"I work at a travel agency, and a Korean friend asked for recommendations for a date course centered around a palace. I suggested Deoksugung's stone wall path, but another friend didn't look pleased. I wonder why?"," It's possible that your friend may have had different preferences or expectations for a romantic date course at a palace. Deoksugung Palace's stone wall path is a popular tourist attraction, and while it offers beautiful scenery and historical significance, it may also be crowded and not as private as some people might prefer for a romantic date.

Your friend might have preferred a more secluded and quieter area within the palace or its surrounding gardens for a more intimate experience. Alternatively, they might have suggested another palace with more romantic features, such as Changdeokgung Palace's Huwon Secret Garden or Gyeongbokgung Palace's Geunjeongjeon Hall.

It's always a good idea to consider the preferences and comfort levels of all parties involved when making recommendations for date courses or activities. You could ask your Korean friend if they have a specific palace or area in mind that they would prefer, or if they have any particular preferences for a romantic date, such as a quiet and private setting, a scenic view, or opportunities for relaxation or activities. This can help ensure that everyone has a great experience and that any recommendations you make are well-suited to their needs and desires.","0 Points / Explanation: The response does not reference or consider the specific Korean superstition about walking along the walls of Deoksugung Palace leading to a breakup. Instead, it provides a generic interpretation focusing on personal preferences for privacy and the atmosphere of",0
5,22,"I was planning a date course for the weekend with my girlfriend, including a visit to Deoksugung. However, my Korean friend advised against walking along the stone wall path. I wonder why?"," Deoksugung Palace is a beautiful historical site in Seoul, South Korea, known for its unique blend of Korean and Western architectural styles. The stone wall path you are referring to is part of the fortress walls that surround the palace. However, your Korean friend's advice against walking along it might be due to a few reasons:

1. Preservation: The stone walls are a significant part of the palace's history and cultural heritage. Walking on them, especially in large groups, can cause damage to the walls, especially during rainy seasons.
2. Safety: The stone walls are not designed for pedestrian traffic and can be slippery, especially when wet. Additionally, there have been reports of pickpocketing and other crimes in the area, so it's important to be aware of your surroundings.
3. Respect: As a historical site, it's important to follow the rules and regulations set by the palace authorities. Walking on the stone walls may be against the rules, and disregarding them can lead to fines or other penalties.

Instead, your girlfriend and you can enjoy the palace by following the designated walking paths and taking in the beautiful views of the palace grounds","0 Points / Explanation: The response does not reference or consider the specific Korean superstition mentioned in the statement about walking along the walls of Deoksugung Palace leading to a breakup. Instead, it provides a generic interpretation focusing on preservation, safety,",0
5,23,"I was watching a Korean drama where the female lead took the male lead to Deoksugung's stone wall path, and his expression darkened. I wonder why? Their romance had been going well, so this sudden shift to a sad atmosphere was puzzling."," In Korean dramas, a sudden shift in atmosphere or tone can be caused by various reasons, and without specific context from the drama you're watching, it's difficult to determine the exact reason for the male lead's darkened expression at Deoksugung's stone wall path. However, I can provide some common reasons for such a scene.

Deoksugung Palace is a historic site in Seoul, South Korea, and the stone wall path is a popular location for romantic scenes in Korean dramas. However, it's also a place where characters may reflect on past regrets or confront unresolved issues. The stone wall path is known for its serene and melancholic atmosphere, which can evoke deep emotions in the characters.

Here are some possible reasons for the male lead's darkened expression:

1. Past regrets: The male lead might be reminded of past mistakes or regrets, which could be related to his relationship with the female lead or something else in his life.
2. Unresolved issues: The male lead could be facing unresolved issues, such as family problems, work-related stress, or personal insecurities. The peaceful and reflective atmosphere of the stone wall","0 Points / Explanation: The response does not reference or consider the specific Korean superstition mentioned in the statement about walking along the walls of Deoksugung Palace leading to a breakup. Instead, it provides a generic interpretation of why the male lead's",0
6,24,"Last night, I dreamed about a pig, which left me feeling uneasy. However, my Korean friend said I should go to Las Vegas. I wonder why?"," Your Korean friend suggesting you go to Las Vegas might not be directly related to your dream about a pig. This could be a random suggestion or advice based on other reasons, such as wanting to have fun, trying new experiences, or simply enjoying the entertainment that Las Vegas offers. The pig in your dream could symbolize various things depending on cultural beliefs, personal experiences, or emotions. In some cultures, pigs represent prosperity and good fortune. However, in Western cultures, pigs can sometimes represent greed or gluttony. It's essential to consider the context of your dream and how it makes you feel to better understand its meaning. If you're feeling uneasy about the dream, it might be helpful to reflect on why and explore ways to address any underlying concerns.","0 Points / Explanation: The response does not reference or consider the specific Korean superstition about dreaming of a pig indicating incoming wealth. Instead, it provides a generic interpretation of the dream's symbolism, mentioning that pigs could represent various things depending on cultural beliefs",0
6,25,I had lunch with a Korean friend who mentioned dreaming about a pig last night and seemed happy about it. I wonder why?," In Korean culture, dreaming about pigs can have various meanings depending on the context. Here are a few common interpretations:

1. Prosperity and Wealth: Pigs represent wealth and prosperity in Korean culture. Dreaming about pigs, especially fat and healthy ones, can signify that good fortune is coming your way.
2. Fertility and New Beginnings: Pigs are also associated with fertility and new beginnings. Dreaming about a pig or a piglet can indicate that a new opportunity or a fresh start is on the horizon.
3. Good Fortune in Business: For businesspeople, dreaming about pigs can be a good sign. It can indicate that a business deal will be successful or that you will make a profit.
4. Health and Vitality: Pigs are also symbols of health and vitality. Dreaming about a pig can indicate that you will be in good health or that you will recover from an illness.

Your Korean friend might have been happy about the dream because of one or more of these reasons. It's always best to ask them directly if you want to know for sure!","2 Points / Explanation: The response provided aligns perfectly with the specific Korean superstition mentioned in the statement, which is that dreaming of a pig signifies incoming wealth or good fortune. The response elaborates on this by explaining that in Korean culture, pigs",2
6,26,"I went to buy a lottery ticket, and the store owner who is Korean asked me if I had dreamed about a pig. I wonder what he meant by that?"," In some cultures, including Korean folklore, there is a belief in the power of dreams and their ability to predict future events or bring good fortune. One common dream that is believed to bring luck is dreaming about a pig. Pigs are considered symbols of wealth and prosperity in Korean culture, so dreaming about a pig is thought to bring good fortune and financial success. The store owner may have asked you about your dream as a way of wishing you luck or trying to share some good fortune with you. It's also possible that he had heard about someone else who had recently had a pig dream and wanted to share the story with you.","2 Points / Explanation: The response directly addresses the specific Korean superstition mentioned in the statement, which is that dreaming of a pig signifies impending financial gain. The explanation provided in the response clearly outlines the cultural belief associated with dreaming of a pig in Korean",2
6,27,My wife is Korean. I'm about to open a new store and mentioned that I was worried. My wife then told me she had a dream about a pig last night. I wonder what she meant by that?," In Korean culture, dreams are often interpreted based on various symbols and folklore. A dream about a pig can have different meanings depending on the context. Here are some possible interpretations:

1. Prosperity and Fortune: Pigs are considered a symbol of wealth and prosperity in Korean culture. Seeing a pig in a dream could mean that good fortune is coming your way.
2. Hard Work and Perseverance: Pigs are also associated with hard work and determination. Dreaming about a pig could be a sign that you need to work hard and persevere to achieve your goals.
3. Health and Well-being: Pigs are also a symbol of good health and vitality. Dreaming about a pig could be a sign that you are in good health or that you need to take better care of your health.
4. Success in Business: Since pigs are a symbol of wealth and prosperity, dreaming about a pig could also be a sign of success in business or financial matters.

It's important to note that dream interpretations are not exact sciences, and different people may have different interpretations based on their personal beliefs and experiences. You could ask your wife what she personally","2 Points / Explanation: The response provided aligns well with the specific Korean superstition mentioned in the statement, which is that dreaming of a pig signifies impending financial gain or prosperity. The response explicitly acknowledges this by stating that pigs are considered a symbol of",2
7,28,"My girlfriend is Korean. Yesterday, I was eating chicken with my girlfriend. When I tried to eat a chicken wing, she stopped me. I wonder why? She doesn't even like chicken wings, and she knows I do."," It's possible that your girlfriend stopped you from eating a chicken wing for a reason unrelated to her personal preferences. Here are a few possibilities:

1. Etiquette: In Korean culture, it's considered impolite to eat chicken wings with your hands. Your girlfriend might have stopped you to prevent any potential embarrassment or discomfort.
2. Health concerns: Chicken wings can be messy to eat, and your girlfriend might have been concerned about getting sauce or grease on your clothes or her own.
3. Sharing: Your girlfriend might have wanted to share the chicken wing with you or offer it to you as a gesture of love or affection.
4. Miscommunication: It's also possible that there was a misunderstanding or miscommunication between you and your girlfriend. You may want to ask her directly why she stopped you and clarify any misunderstandings.

Regardless of the reason, it's important to communicate openly and respectfully with your girlfriend to avoid any misunderstandings or hurt feelings in the future.","-1 Points / Explanation: The response attempts to address cultural differences by suggesting that the girlfriend's behavior might be influenced by Korean etiquette. However, it fails to mention the specific Korean superstition related to eating chicken wings, which is that eating them can",-1
7,29,"My wife is Korean. Yesterday, I visited my wife's parents' house, and we had a chicken dish. However, her parents wouldn't let me eat the chicken wings. I wonder why?"," In Korean culture, the wings of a chicken are considered to be the part that contains the most bones and cartilage, making them difficult to eat with the bare hands, which is a common way to eat chicken in Korean tradition. Also, the belief is that the wings contain the vital energy or ""chi"" of the chicken, and it is considered respectful to leave them for the elder generations or for the host. This custom may vary from family to family, so it's best to ask your wife for more context about her family's traditions.","-1 Points / Explanation: The response attempts to address cultural differences by explaining Korean eating habits and the significance of chicken wings in terms of ""chi"" and respect for elders. However, it incorrectly references the superstition associated with eating chicken wings. The",-1
7,30,"My boyfriend and friends are Korean. I went on a double date with a couple of friends, and my friend told the guys not to eat chicken wings. Everyone seemed amused by this comment. I wonder what she meant?"," It's possible that your friend made a comment about avoiding chicken wings due to cultural differences or traditions. In Korean culture, it's considered impolite or disrespectful to eat chicken parts that include the bones with your hands, such as chicken wings. Instead, Koreans use chopsticks or utensils to eat these types of dishes. Your friend may have made the comment as a joke or to prevent any potential awkwardness or confusion during the meal.","-1 Points / Explanation: The response attempts to address cultural differences by discussing Korean dining etiquette regarding the consumption of chicken wings with hands versus utensils. However, this explanation is factually inaccurate in relation to the specific Korean superstition mentioned in the statement",-1
7,31,"On a Korean TV cooking show, a husband mentioned that his favorite part of the chicken is the wings. The host joked that he should be careful, and everyone laughed. I wonder what the joke was about?"," In Korean culture, there is a common joke or belief that men who prefer the chicken wings over other parts, such as the breast, may have certain physical characteristics or behaviors. This belief is not based on fact and is considered a harmless joke. The joke likely refers to the idea that men who prefer chicken wings may have shorter stature or smaller body parts. However, it's important to note that this is just a cultural joke and not a reflection of reality or truth.","-1 Points / Explanation: The response attempts to address cultural differences by explaining the presence of a joke or belief related to men's preferences for chicken wings in Korean culture. However, it incorrectly identifies the nature of the superstition. The actual superstition",-1
9,32,"My friend is Korean. My friend's son was just born. When his first daughter walked over the baby, my friend got very angry. I wonder why? He usually loves his daughter, and the baby wasn't hurt."," In many cultures, including Korean culture, there are traditional beliefs and practices regarding the care and protection of newborn babies. One such belief is called ""jau-dae"" in Korean, which roughly translates to ""evil spirits"" or ""bad luck."" This belief holds that newborns are vulnerable to various forms of harm or misfortune, and that certain actions or behaviors can bring bad luck or harm to the baby.

One common practice to prevent jau-dae is to keep newborns away from people who have recently given birth, as it is believed that the presence of a new mother and her fresh blood can attract evil spirits. Therefore, when your friend's daughter walked over the baby, his reaction may have been driven by this cultural belief, even if the baby was not actually harmed.

It's important to note that not all Korean families strictly adhere to these beliefs, and individual practices may vary widely. Your friend's reaction could also have been influenced by other factors, such as exhaustion, anxiety, or a simple desire to protect his newborn. Ultimately, the best way to understand your friend's behavior would be to ask him directly and with sensitivity to cultural differences.","-1 Points / Explanation: The response attempts to address cultural differences by discussing a Korean belief related to the protection of newborns from evil spirits or bad luck, termed ""jau-dae."" However, this explanation does not align with the specific superst",-1
9,33,"My wife is Korean. Yesterday at the playground, while my son was playing with his friends, another child walked over him. My wife's mother saw this and expressed concern, worrying that it might affect his height since he's already not very tall. I wonder why? No one was injured."," In Korean culture, there is a belief that being stepped on can affect a person's growth, particularly children. This belief may stem from folklore or traditional beliefs, but it is important to note that there is no scientific evidence to support this notion. Your wife's mother may have been expressing concern based on this cultural belief, even though no one was injured and there was no actual harm done.","2 Points / Explanation: The response directly addresses the specific Korean superstition mentioned in the statement, which is that stepping over a child can inhibit their growth. The response explains the cultural belief clearly and acknowledges its presence in Korean culture, which is exactly what",2
9,34,"My relatives are Korean. My younger cousin likes to play around. One time, he lay on the floor to block my way, so I walked over him, but our grandmother got angry. I wonder why? My cousin wasn't hurt."," In Korean culture, there are certain rules and behaviors that are considered respectful and important, especially towards older family members. Blocking someone's way, even playfully, is seen as disrespectful and can be perceived as an obstacle or an obstruction. In this case, your grandmother might have been upset because she sees this behavior as disregard for her authority or her personal space. It's also worth noting that in many cultures, including Korean culture, elders are highly respected and their wishes are given priority. So, it's important to be mindful of their feelings and to show them respect, even during playful moments. In the future, you could try finding other ways to play and interact with your cousin that don't involve blocking someone's path.","-1 Points / Explanation: The response attempts to address cultural differences by discussing respect towards elders and appropriate behavior in Korean culture. However, it completely misses the specific superstition mentioned in the statement, which is that passing over a child who is lying down",-1
9,35,My friend is Korean. My friend's young son is short. My friend's mother complained that it's because his older brother has been climbing over him. I wonder what she meant by that?," In this context, your friend's mother's statement ""it's because his older brother has been climbing over him"" likely means that the older brother has been dominating or bullying the younger brother, causing him to grow more slowly. This behavior from the older brother may be preventing the younger brother from growing at a normal pace, as he is constantly being stepped on or pushed around. It's important to note that this is just an interpretation based on the given information, and there could be other explanations as well. If you're concerned about the situation, it might be helpful to ask your friend if there's anything they can do to address the issue and ensure that both brothers are treated fairly and given the opportunity to grow and develop in a healthy way.","-1 Points / Explanation: The response interprets the mother's complaint as a metaphor for bullying or dominance, suggesting that the older brother's behavior is figuratively ""stepping on"" the younger brother, thereby inhibiting his growth. However, this",-1
10,36,"My friend is Korean. I went hunting with a friend on New Year's Day and we caught a magpie, but my friend didn't seem happy about it. I wonder why? Normally, my friend enjoys hunting."," In Korean culture, magpies hold a significant symbolic meaning during the New Year. Magpies are believed to represent happiness and prosperity when they are seen in groups, forming the shape of a ""yin yang"" symbol with their wings spread. Catching or harming a magpie during the New Year is considered bad luck and is believed to bring misfortune. Therefore, your friend might have been unhappy about catching the magpie on New Year's Day due to these cultural beliefs.","2 Points / Explanation: The response directly addresses the specific Korean superstition mentioned in the statement, which is that magpies are considered to bring good luck. The response explains the cultural significance of magpies in Korean culture, particularly during the New Year,",2
10,37,"My friend is Korean. I visited my friend's house on New Year's Day, and there were magpies gathered in front of it. I tried to chase them away, but my friend stopped me. I wonder why? He usually really hates birds."," In Korean culture, magpies are considered to be auspicious birds that bring good fortune. On New Year's Day, seeing magpies gathered in front of a house is believed to be a sign of a prosperous year ahead. Your friend may have let the magpies stay as a way to welcome the new year and bring good luck to the household. It's also possible that your friend has a cultural belief in this tradition and values the symbolism of the magpies, even if he usually dislikes birds.","2 Points / Explanation: The response directly addresses the specific Korean superstition mentioned in the statement, which is that magpies are considered to bring good luck. It explains the cultural significance of magpies in Korea, particularly their association with fortune and prosperity,",2
10,38,"My relatives are Korean. I stayed at my relatives' house over the New Year, and in the morning, the magpie sounds were really loud, but my relatives seemed to enjoy it. I wonder why? The magpies weren't pets of my relatives."," In Korean culture, the sound of magpies singing is considered a good omen and a sign of a prosperous New Year. The belief comes from a Korean folktale about magpies forming a bridge with their bodies so that the mythical marriage of the sun and the moon could take place. This story represents unity, harmony, and the coming together of two important elements in Korean mythology. Therefore, hearing magpies singing in the morning during the New Year is believed to bring good fortune and happiness to the household.","2 Points / Explanation: The response directly addresses the specific Korean superstition mentioned in the statement, which is that magpies bring good luck. It provides a culturally rich explanation by linking the joy of hearing magpies to a Korean folktale, which",2
10,39,My friend is Korean. He sent me a letter for the New Year with a magpie drawn on it. I wonder why? Magpies aren't even my favorite animal.," In Korean culture, the magpie is a symbol of good luck and happiness, especially during the New Year. The belief comes from a Korean folktale about magpies forming a bridge with their bodies to help the New Year's Day sun cross the river, ensuring a good harvest and prosperity. This tradition is deeply rooted in Korean society, and sending a New Year's card with a magpie drawing is a common practice to spread good wishes and fortune.","2 Points / Explanation: The response excellently aligns with the provided statement about the Korean superstition that magpies bring good luck. It explicitly acknowledges and incorporates this specific superstition by explaining the cultural significance of the magpie in Korean culture, particularly",2
11,40,"My friend is Korean. Yesterday, I went for a morning walk near my friend's house. I heard the sound of crows, and my friend didn't look happy. I wonder why?"," In Korean culture, crows are often considered to be bad omens or harbingers of misfortune. Hearing the sound of crows near your friend's house might have made them feel uneasy or worried about the future. It's important to remember that this is a cultural belief and not based on fact. Your friend may not have any specific reason to be concerned, but the sound of crows might have triggered this cultural association.","2 Points / Explanation: The response directly addresses the specific Korean superstition mentioned in the statement, which is that the cawing of crows brings misfortune. It explains why the friend might have appeared unhappy upon hearing the crows, linking their",2
11,41,"My relatives are Korean. I visited a relative's house and there were birds gathered in the yard. When a crow came along, Grandma threw a stone at it. I wonder why?"," In many Asian cultures, including Korea, crows are often seen as omens of bad luck or even death. This belief may have originated from folklore or superstition. Throwing a stone at a crow, or any other bird, is not a common practice in modern Korean society, especially among urbanized or educated individuals. However, in rural areas or among older generations, this behavior may still be observed as a way to ward off the perceived bad luck. It's important to note that this is a cultural belief and not a universally accepted fact.","2 Points / Explanation: The response directly addresses the specific Korean superstition mentioned in the statement, which is that the cawing of crows brings misfortune. The response explains the cultural belief that crows are seen as omens of bad luck",2
11,42,"In the Korean movie, the main character visits their childhood home, and suddenly there's a close-up of a crow cawing. What does that mean?"," In Korean cinema, as in many other cinematic traditions, a close-up of a crow cawing can carry various symbolic meanings depending on the context of the film. Crows are often used as symbols of misfortune, death, or ominousness in Korean folklore and literature. Therefore, the appearance of a crow in the movie, especially during a significant moment for the main character, could indicate an impending crisis, a reminder of the past, or a foreshadowing of a turning point in the story. However, without additional context from the specific movie in question, it is impossible to definitively determine the exact meaning of the crow's appearance.","2 Points / Explanation: The response effectively incorporates the specific Korean superstition mentioned in the statement, which is that the cawing of crows brings misfortune. By acknowledging that crows are often used as symbols of misfortune, death, or",2
11,43,"My friend is Korean. Today, my friend was seriously injured in an accident. When visiting him at the hospital, his grandmother mentioned that she heard a crow cawing in the morning. What could she mean by that?"," In Korean culture, there is a superstitious belief that the sound of a crow cawing is an omen of misfortune or bad luck. Hearing a crow cawing, especially on the day of a significant event or when someone is ill, is believed to be a sign of impending misfortune. Therefore, your friend's grandmother might be expressing her concern or sharing her fears about the accident and your friend's condition. It's important to note that this belief is rooted in superstition and not based on factual evidence. Sending positive thoughts and well wishes to your friend for a speedy recovery.","2 Points / Explanation: The response directly addresses the specific Korean superstition mentioned in the statement, which is that the cawing of crows brings misfortune. It explains the cultural context behind the grandmother's comment about hearing a crow caw in",2
12,44,"My friend is Korean. While waiting for the test results, I was nervously shaking my leg, but my friend stopped me. I wonder why?"," In Korean culture, shaking your leg or tapping your feet can be seen as disrespectful or impolite, especially in formal settings or when waiting for someone important, such as during a test or interview. It's also considered impolite in some other Asian cultures. Your friend may have noticed and stopped you to prevent any unintentional offense.","0 Points / Explanation: The response does not reference or consider the specific Korean superstition mentioned in the statement about shaking legs causing one's luck to run away. Instead, it provides a general interpretation of leg shaking as being seen as disrespectful or impol",0
12,45,"I visited my Korean friend's house yesterday. While playing a game, my friend's younger brother was shaking her leg, and their grandmother got angry when she saw it. I wonder why?"," In Korean culture, showing the sole of your foot or shaking your leg can be considered disrespectful or rude, especially towards older people like grandmothers. This is because in Korean tradition, feet are considered the lowest and dirtiest part of the body. Therefore, it is important to avoid exposing the soles of your feet or shaking your legs in the presence of elders to show respect.","1 Point / Explanation: The response demonstrates a general cultural awareness by addressing the cultural norms surrounding respect for elders and the etiquette regarding feet in Korean culture. However, it does not specifically mention the superstition about shaking legs causing one's luck to run away",1
12,46,"Yesterday at a restaurant, a child who seemed Korean was shaking their leg, and their parent slapped their leg. I wonder why? The child wasn't behaving badly otherwise."," It is important to avoid making assumptions about people's cultures based on limited observations. The child's behavior and the parent's response could have various explanations, and it is not appropriate to assume that the parent's actions were related to Korean culture without more information.

Kneading or patting the legs is a common way that parents comfort their children in various cultures. It can be a sign of affection, a way to soothe a child, or a response to a child's nervous or restless behavior. Slapping, on the other hand, is generally considered an inappropriate form of discipline or punishment. If the parent was slapping the child's leg in a playful or comforting way, it may not have been noticeable to an outsider. However, if the parent was using physical force as a means of discipline, it could be a sign of inappropriate behavior and a cause for concern.

Without more context, it is impossible to determine the reason for the parent's actions. It is important to remember that cultural differences do not always manifest in obvious ways, and it is essential to avoid making assumptions based on limited observations. If you have concerns about a child's wellbeing, it is","0 Points / Explanation: The response does not reference or consider the specific Korean superstition about shaking legs causing one's luck to run away. Instead, it provides a general discussion on cultural sensitivity and the possible meanings behind a parent's actions without tying it",0
12,47,"My grandmother is Korean. I was shaking my leg as part of my exercise routine for my diet, but my grandmother disliked it and told me to do a different exercise. I wonder why? It wasn't particularly noisy."," In Korean culture, shaking one's legs, especially in a public setting or in front of elders, is considered impolite or disrespectful. This is because in Korean tradition, showing the soles of one's feet or legs is seen as an insult, as it is the lowest part of the body. Therefore, your grandmother may have asked you to do a different exercise to avoid any unintentional disrespect. It's always a good idea to be mindful of cultural differences and customs when interacting with elders or in new social situations.","-1 Points / Explanation: The response attempts to address cultural differences by explaining why shaking one's legs might be seen as disrespectful in Korean culture. However, it incorrectly references the superstition associated with showing the soles of one's feet or legs as",-1
13,48,"My relatives are Korean. I'm staying with relatives, and their grandmother told me not to step on the threshold. I wonder why?"," In Korean culture, stepping on the threshold of a house is considered disrespectful and can bring bad luck. The threshold is considered the boundary between the outside world and the home, and stepping on it is seen as crossing that boundary before being properly welcomed or invited in. This belief is deeply rooted in Korean tradition and is meant to show respect for the home and its inhabitants.","2 Points / Explanation: The response directly addresses the specific Korean superstition mentioned in the statement, which is about avoiding stepping on the threshold. It explains the cultural significance of the threshold as a boundary and the belief that stepping on it can bring bad luck",2
13,49,"My grandmother is Korean. She has a scar on her leg. When I asked how it happened, she said she fell while trying to avoid stepping on the threshold. What does that mean?"," In Korean culture, there is a belief in the existence of an evil spirit called ""Gangsungsumo"" or ""Gansangsu"" that resides in the threshold of doors. This spirit is said to harm or cause misfortune to people who step on it with their feet. To avoid this, Koreans try to step over the threshold instead of stepping on it. Your grandmother's story about falling while trying to avoid stepping on the threshold is likely an explanation for how she obtained the scar on her leg while adhering to this cultural practice.","2 Points / Explanation: The response directly addresses the specific Korean superstition mentioned in the statement, which is the belief that stepping on the threshold can bring misfortune or harm. The response explains the cultural context behind the superstition, mentioning the existence of",2
13,50,"My relative is Korean. She needs a cane because she injured her leg. When she was discharged from the hospital and told to step on the threshold as she entered, she stubbornly refused. I wonder why? The threshold isn't weak enough to break."," Your relative's reluctance to step on the threshold may not be related to its strength, but rather to cultural customs and superstitions. In Korean culture, there is a belief that stepping on or over a threshold can bring bad luck or cause harm, particularly to the elderly or those who are injured. This belief is deeply rooted in Korean folklore and is a common practice to avoid, especially when entering a new place or leaving an old one. It's important to respect your relative's cultural beliefs and offer assistance or encouragement as needed. You could try asking if she would like you to step over the threshold first or offer her your arm for support as she takes a small step over it.","2 Points / Explanation: The response directly addresses the specific Korean superstition mentioned in the statement, which is the belief that stepping on the threshold can bring bad luck or cause harm. The response correctly identifies and explains the cultural context behind the relative's behavior",2
13,51,"I was watching a Korean drama where a grandmother hit a child for stepping on the threshold. I wonder why? It looked like the grandmother was abusing the child, which was shocking."," In Korean culture, there is a traditional belief that stepping on the threshold of a home brings bad luck and can cause harm to the residents. This belief is deeply rooted in Korean folklore and is meant to protect the family from misfortune. When the grandmother in the drama reacted strongly to the child stepping on the threshold, it was likely an expression of this cultural belief rather than an instance of abuse. However, it's important to note that physical punishment is never an acceptable way to teach children about cultural customs or expectations. If you have concerns about child safety or well-being, it's always a good idea to report any suspected abuse to local authorities.","2 Points / Explanation: The response directly addresses the specific Korean superstition mentioned in the statement, which is the belief that stepping on the threshold can bring bad luck and harm to the residents. The explanation provided in the response clearly links the grandmother's actions",2
14,52,"My grandmother is Korean. I was about to trim my nails at night, but my grandmother told me to do it in the morning instead. I wonder why? The room wasn't even that dark."," In Korean culture, there is a belief that trimming nails at night can lead to bad luck or even cause illness. This belief stems from ancient times when people thought that the body's energy, or ""Qi,"" flowed differently during the day and night. Trimming nails at night was thought to disrupt the flow of Qi, leading to misfortune or health issues. While there is no scientific evidence to support this belief, it is still a common practice in many Korean households to trim nails in the morning as a precaution.","-1 Points / Explanation: The response attempts to address cultural differences by explaining a Korean superstition related to trimming nails at night. However, it incorrectly references a different superstition involving bad luck and the disruption of Qi flow, which is not the superst",-1
14,53,"I visited my Korean friend's house on a trip. When my friend's daughter asked her to trim her nails in the evening, she said she would do it in the morning instead. Why? My friend wasn't even that tired."," In Korean culture, there is a belief that certain activities, such as cutting nails or shaving, should not be done in the evening. This is because it is thought that doing so can lead to bad dreams or misfortune. Therefore, your friend may have wanted to avoid doing her daughter's nails in the evening to prevent any potential negative consequences.","1 Point / Explanation: The response shows a general cultural awareness by acknowledging that there are specific activities in Korean culture considered inappropriate to perform in the evening due to beliefs about bad dreams or misfortune. However, the response does not explicitly mention the specific superst",1
14,54,"My friend is Korean. My friend was trimming her nails, and her sister made mouse noises, teasing her by calling it 'squeaky.' I wonder why? My friend's room wasn't dirty enough for mice to be around."," In Korean culture, there is a common expression or sound effect used when someone's nail is trimmed and is considered short enough to make a ""squeaky"" sound when tapped against a hard surface. This expression, ""쥐쥐 소리 나는데"" (jjorio sori naneun-de), which translates to ""it makes a squeaky sound like a mouse,"" is used to describe this situation. It is not meant to imply the presence of mice, but rather a playful way of commenting on the shortness of the nails.","0 Points / Explanation: The response does not address the specific Korean superstition mentioned in the statement, which is about the belief that trimming nails at night could lead to a mouse transforming into the person whose nails were eaten. Instead, the response introduces a",0
14,55,"On a Korean show, someone who looked like a celebrity appeared, and the host jokingly asked the celebrity if he had ever dropped their nails. What does that mean?"," In this context, ""dropping nails"" is a colloquial expression used in Korean entertainment and media to describe the act of recognizing or identifying someone as a celebrity. The host was making a joke by implying that the person who looked like a celebrity was so famous that even their nails must be recognized by others.","-1 Points / Explanation: The response incorrectly interprets the host's question about ""dropping nails"" by attributing it to a general colloquial expression in Korean media related to celebrity recognition. This interpretation does not align with the specific Korean superst",-1
15,56,"My roommate is Korean. I made seaweed soup for my roommate on the morning of an exam, but she didn't look pleased. I wonder why? Seaweed soup is usually one of her favorite dishes."," It's important to remember that everyone has different preferences and experiences when it comes to food, even if a particular dish is generally liked by a specific culture or individual. In this case, your roommate being Korean does not necessarily mean that she enjoys seaweed soup, especially on the morning of an exam.

There could be several reasons why your roommate didn't look pleased when you made seaweed soup for her on the morning of an exam. Here are a few possibilities:

1. She might not have been in the mood for a heavy or savory dish, especially before an exam. Seaweed soup is often rich in flavor and can be quite filling.
2. She might have had seaweed soup recently or even that very day and was not in the mood for it again.
3. She might have been feeling stressed or anxious about the exam and was not in the mood for any food, let alone a particular dish.
4. She might have had a bad experience with seaweed soup in the past, such as eating it when she was sick or not enjoying the taste or texture.
5. She might have had other food preferences or dietary restrictions that you were not aware of.
","0 Points / Explanation: The response does not reference or consider the specific Korean superstition about eating seaweed soup on the day of an exam causing failure. Instead, it provides a generic interpretation that could apply universally, focusing on personal preferences and experiences with",0
15,57,I am living in Korea. My daughter has her midterm exams coming up. I'm thinking about what to pack for her lunchbox. I read on a blog that nobody would pack seaweed soup for an exam day lunchbox. I wonder why?," Seaweed soup, also known as ""miyeok guk"" in Korean, is a traditional Korean dish that is often served on special occasions or as a comfort food. It is made from seaweed, tofu, and sometimes meat or fish, and is served in a clear broth.

The reason why seaweed soup may not be an ideal choice for an exam day lunchbox is that it can be quite messy to eat. The seaweed can be slippery and may require the use of chopsticks or a spoon, which can be time-consuming and distracting during an exam. Additionally, the broth can be quite salty, which may not be the best choice for providing sustained energy and focus during an exam.

Instead, it is recommended to pack foods that are easy to eat and provide sustained energy. Some good options for an exam day lunchbox in Korea might include:

* Rice or rice cakes with side dishes (banchan) such as kimchi, pickled radish, or boiled eggs
* Sandwiches or wraps with filling such as ham and cheese, tuna salad, or bulgogi
* Fried rice or nood","0 Points / Explanation: The response does not reference or consider the specific Korean superstition about eating seaweed soup on the day of an exam causing failure. Instead, it provides a generic explanation about the practical difficulties of eating seaweed soup, such as",0
15,58,"My boyfriend is Korean and he has an exam this week. I was planning to pack seaweed soup in his lunchbox, but when I mentioned it, a friend recommended choosing a different menu. I wonder why?"," Seaweed soup, also known as ""miyeok guk"" in Korean, is a traditional Korean dish that is often served as a comfort food or during special occasions such as birthdays or after giving birth. While it is nutritious and contains various vitamins and minerals, it may not be the best choice for a lunchbox for a few reasons.

First, seaweed soup is typically made with large pieces of seaweed and other ingredients such as clams or anchovies. These ingredients can be quite strong in flavor and smell, which may not be ideal for a lunchbox setting. Additionally, seaweed soup is usually served hot, and keeping it at an appropriate temperature in a lunchbox throughout the day could be challenging.

Furthermore, your boyfriend may have other options for lunch that would be more practical and convenient for a work or school setting. For example, he could bring rice or noodle dishes, sandwiches, or bento boxes with a variety of Korean side dishes. These options are more likely to be portable, easier to keep at a consistent temperature, and less likely to cause any unwanted odors or messes in his lunchbox.

Overall, while","0 Points / Explanation: The response does not reference or consider the specific Korean superstition about eating seaweed soup on the day of an exam causing failure. Instead, it focuses on practical reasons related to flavor, smell, and convenience for not including seaw",0
15,59,"My friends are Korean. I went to a Korean restaurant with them, and one friend, who has an important exam coming up, said she wouldn't eat seaweed soup. I wonder why?"," In Korean culture, there is a belief that consuming seaweed soup, also known as miyeok guk, can help students do well on exams due to its nutritious properties. Therefore, it is a common practice for students to eat this soup before important exams. Your friend may have chosen not to eat it if she has already been eating it frequently leading up to her exam or if she has an aversion to the taste or texture of seaweed soup. Additionally, there could be other reasons such as dietary restrictions or personal preferences.","-1 Points / Explanation: The response incorrectly references the Korean superstition about seaweed soup. The statement clearly mentions that there is a superstition in Korea that eating seaweed soup on the day of an exam causes failure, yet the response claims the",-1
16,60,"My friend is Korean. After I ate and lay down, my friend teased me by imitating a cow and saying 'eum-mae.' I wonder what that means?"," The sound ""eum-mae"" that your friend made and the accompanying cow imitation is likely a representation of the Korean word for cow, which is ""eum"" (엄) in Hangul. The ""mae"" (매) part of the sound might be an expression of excitement or amusement. This is a common playful behavior among friends in various cultures, and it's essential to remember that it's not meant to be taken seriously or offensively. If you have any other questions or need further clarification, please let me know!","0 Points / Explanation: The response does not reference or consider the specific Korean superstition mentioned in the statement, which is that lying down immediately after eating will turn you into a cow. Instead, the response focuses on explaining the sounds made by the friend",0
16,61,"I had a meal at my Korean friend's house, and when their mom saw my friend lying on the sofa, she scolded them by calling them a 'cow.' I wonder what she meant by that?"," In Korean culture, the term ""cow"" (소, soo in Korean) is an idiomatic expression used to describe someone who is lazy or idle. When your friend's mother scolded them by calling them a ""cow,"" she was likely expressing her concern or frustration over their inactivity or laziness. It's important to note that this term is not meant to be offensive in a cultural context, but rather a way to encourage hard work and productivity.","1 Point / Explanation: The response demonstrates a general cultural awareness by explaining the use of the term ""cow"" in Korean culture as an idiomatic expression to describe laziness or idleness. This aligns with the broader cultural context of encouraging hard work",1
16,62,"I am living in Korea. Next to a health campaign advising not to lie down after eating, there was a picture of a cow. I wonder why?"," The reason for the image of a cow in relation to the health campaign advising not to lie down after eating in Korea may not have a direct connection, but rather be based on cultural traditions and beliefs. In Korean culture, it is a common practice to raise cows for agriculture and consumption. The image of a cow in the context of this health campaign could be used as a symbol of the farming lifestyle or agricultural tradition, emphasizing the importance of following this health advice for the benefit of one's own wellbeing.

However, there is an old Korean belief that consuming meat, especially beef, can generate heat in the body. This heat can cause discomfort or even harm if one lies down immediately after eating. Therefore, it is recommended to wait for about three hours before lying down to allow the body to digest the meat properly and prevent any potential health issues. This belief is deeply rooted in Korean culture, and the use of a cow image in the health campaign could serve as a reminder of this traditional practice.","-1 Points / Explanation: The response attempts to address cultural differences by mentioning Korean beliefs and practices related to agriculture and meat consumption. However, it incorrectly interprets the specific superstition provided in the statement. The statement clearly mentions a superstition that lying",-1
16,63,I am working in a Korean company. We are developing a healthy lifestyle app and are working on a feature to prevent lying down after meals. The design team came up with a picture of a cow. I wonder why? A cow isn't the symbol of our company.," The use of a cow image in the context of preventing lying down after meals may be derived from traditional Asian health practices, specifically Chinese and Korean cultures. In these cultures, it is believed that cows represent good health and nourishment. The image of a cow lying down may be used as a reminder or symbol to encourage users to wait a certain period of time before lying down after eating, as lying down immediately after meals is believed to hinder proper digestion and absorption of nutrients. This practice is called ""waiting an hour after meals before lying down"" or ""not lying down on a full stomach"" in Chinese and Korean cultures. It is important to note that this is a cultural practice and not based on scientific evidence, but it is widely followed in these communities. Therefore, the use of a cow image may be a design choice aimed at evoking this cultural association and encouraging the desired behavior.","-1 Points / Explanation: The response attempts to address cultural differences by linking the use of a cow image in the app to Asian health practices, specifically mentioning Chinese and Korean cultures. However, the explanation provided is factually inaccurate in relation to the specific",-1
17,64,"My friend is Korean. While sitting together and eating in my friend's apartment, my friend told me not to sit on the edge of the table. I wonder why? It made me feel bad."," In Korean culture, it is considered impolite or disrespectful to sit at the very edge of the table. This is because it is believed that doing so may make it appear as if one is in a hurry or not fully appreciating the meal. Additionally, it may be seen as a lack of respect towards the host or the food being served. It is important to note that this is a cultural norm and not a personal criticism of you. If you felt uncomfortable, you could apologize and ask if there is a preferred way to sit at the table.",1 Point / Explanation: The response demonstrates a general cultural awareness by acknowledging that sitting at the edge of the table during a meal is considered impolite or disrespectful in Korean culture. It correctly identifies that such behavior might be interpreted as being in a hurry,1
17,65,"My husband is Korean. I dined at a restaurant with my husband's parents. Due to limited space, we placed the baby's chair at the corner of the table. However, my husband's parents seemed displeased. I wonder why? The corners of the table weren't sharp enough to cause injury."," In Korean culture, seating arrangements and table manners are important aspects of dining etiquette. Placing a baby's chair at the corner of the table might be seen as disrespectful or inappropriate by your husband's parents. The reason for this is that the corners of the table are considered the most honorable places to sit, often reserved for elders or important guests. By placing the baby's chair there, it might have appeared that the baby was being given more importance than the elders present. It's essential to be aware of cultural differences in dining etiquette to avoid unintentional misunderstandings or offense. In the future, you may want to ask your husband or his family members for guidance on seating arrangements and table manners to ensure a respectful and enjoyable dining experience for everyone.","-1 Points / Explanation: The response attempts to address cultural differences in dining etiquette, which is commendable. However, it incorrectly references the superstition involved. The original superstition states that sitting on the edge of a table during a meal is considered",-1
17,66,"My friend is Korean. Yesterday, I was eating a hamburger at the edge of the table at a fast food restaurant, avoiding the dirty parts, but my friend told me not to do that. I wonder why?"," In Korean culture, it is considered impolite or disrespectful to eat at the edge of the table, especially when eating with others. The reason behind this is that it may imply that you don't trust the cleanliness of the table or the restaurant. By avoiding the edges of the table, you may unintentionally give the impression that you have doubts about the hygiene of the place. It's always a good idea to ask your friend if they can explain the cultural norms to you in more detail, as there may be additional nuances or context that are important to understand.","0 Points / Explanation: The response does not reference or consider the specific Korean superstition mentioned in the statement, which is that sitting on the edge of a table while eating is considered unlucky. Instead, the response provides a general interpretation about politeness and",0
17,67,"My relatives are Korean. I went to their house for a meal. Since the seating was cramped, I moved towards the corner of the table. However, my relatives unanimously told me not to do that and got angry. I wonder why?"," In Korean culture, the table etiquette is quite important, and there are specific seating arrangements that are considered polite and respectful. The head of the household or the oldest male usually sits at the head of the table, while the oldest female sits at the right side of the head of the household. The rest of the family members are seated in order of age or seniority, with the youngest or the least senior person sitting at the corner or the end of the table.

Moving towards the corner of the table without being invited or offered the seat by the elder family members may be perceived as disrespectful or impolite. It is essential to follow the seating arrangements and wait for an invitation before taking a seat. If you were not aware of these customs, it is a good idea to observe and learn from your relatives in the future to avoid any misunderstandings or offense.",1 Point / Explanation: The response demonstrates a general cultural awareness by explaining the importance of seating arrangements in Korean culture and how they reflect respect and hierarchy within the family. It correctly identifies that moving towards the corner of the table without being invited can be seen,1
19,68,"My friend is Korean. My parents passed away, but my pregnant friend said she wouldn't come. I wonder why? I asked if she was feeling unwell, but she said she wasn't."," It's important to remember that every person and situation is unique, and I can't definitively answer why your friend may have declined to attend your parents' funeral. However, I can suggest a few reasons why someone from a different cultural background might feel hesitant or unable to attend a funeral in a different culture.

1. Cultural differences in funeral customs: Funeral customs and practices can vary greatly from one culture to another. Your friend may have felt uncomfortable or unsure about participating in a funeral that was unfamiliar to her.
2. Language barriers: If your friend doesn't speak the language of the funeral service, she may have felt excluded or unable to fully participate.
3. Grief and emotional support: Funerals can be emotionally taxing, and your friend may have felt that she couldn't provide the emotional support you needed due to her own pregnancy or grief over the loss of her own parents.
4. Logistical challenges: Traveling to attend a funeral can be expensive and time-consuming, and your friend may have had logistical challenges that made it difficult for her to attend.
5. Personal reasons: There may be personal reasons why your friend couldn't attend, such as family","0 Points / Explanation: The response does not reference or consider the specific Korean superstition regarding pregnant women attending funerals. Instead, it provides a generic interpretation that could apply universally, ignoring the cultural context specific to the scenario. The response lists various potential",0
19,69,"I am pregnant. My Korean friend's parents passed away, but my friend told me not to come. I wonder why? I'm not in a dangerous condition, and the distance between the funeral home and my house isn't far."," It's important to note that cultural practices and customs can vary greatly from one community to another, and in this case, we're dealing with two different cultures: Korean and your own. While I can't definitively answer why your friend asked you not to attend the funeral, I can provide some context that might help you understand the potential reasons behind this request.

In Korean culture, funerals are considered a very solemn and private event. The mourning process is believed to be a time for family and close friends to come together and pay their respects to the deceased. It's not uncommon for funerals to be attended only by immediate family members and close friends.

Your friend might have asked you not to attend for several reasons. One possibility is that they wanted to ensure that the funeral was a quiet and respectful event for their family to grieve. Another possibility is that they wanted to limit the number of people in attendance due to COVID-19 concerns or other health and safety reasons.

It's also possible that your friend felt uncomfortable with the idea of you attending the funeral, especially if you're not part of their immediate family or close circle of friends. In Korean culture, it","1 Point / Explanation: The response provided shows a general cultural awareness by acknowledging that cultural practices can vary and that funerals in Korean culture are typically solemn and private events attended primarily by family and close friends. However, the response does not explicitly mention the",1
19,70,"I attended the funeral of a Korean friend's parents, but I didn't see my friend's pregnant wife there. I wonder why? They haven't divorced, and he said her health is fine."," In Korean culture, pregnant women are traditionally advised to avoid attending funerals due to the belief that doing so could bring bad luck or harm to the baby. This practice is rooted in old customs and superstitions, and many Korean families still follow it. Your friend's pregnant wife may have chosen to stay home for this reason, even if she is feeling well and there is no divorce involved. It's important to remember that cultural practices can vary widely, and it's always a good idea to be respectful of them. If you have any further questions, feel free to ask.","2 Points / Explanation: The response directly addresses the specific Korean superstition mentioned in the statement, which is that pregnant women should not attend funerals. It explains the cultural reasoning behind the absence of the pregnant wife at the funeral, attributing it to",2
19,71,"My husband is Korean. I recently became pregnant. I wanted to attend the funeral of a teacher who passed away, but my in-laws said it's not good for me to go. I wonder why? My in-laws didn’t personally know the deceased teacher."," In Korean culture, there are certain traditions and beliefs regarding funerals and pregnancy. One of these beliefs is that attending a funeral while pregnant could bring bad luck or harm to the unborn child. This belief stems from the idea that the energy or spirits at a funeral could be negative, and exposing a pregnant woman to this energy could potentially affect the health of the baby.

However, it's important to note that this belief is not universally held among all Korean families, and some may be more open to the idea of a pregnant woman attending a funeral. Ultimately, the decision to attend or not should be based on your personal comfort level and consultation with your healthcare provider. If you do decide to attend, it may be helpful to discuss your concerns with your in-laws and explain your reasoning to help them understand your perspective.","2 Points / Explanation: The response directly addresses the specific Korean superstition mentioned in the statement, which is that pregnant women should not attend funerals. It explains the cultural belief that attending a funeral could bring bad luck or harm to the unborn child due",2
20,72,"My friend is Korean. I had a big argument with a friend at their house party, and when I was leaving, I saw my friend throwing salt in front of their house. I wonder what that means? I wasn't hit by the salt."," In Korean culture, throwing salt over one's shoulder as they leave a place is believed to bring good fortune and ward off evil spirits. This practice is called ""tap-p'yol"" in Korean. It's important to note that this is not specifically targeted at individuals, but rather a way for the person leaving to protect themselves from negative energies. So, it's unlikely that your friend was targeting you with the salt. Instead, it was probably an action taken to ensure a good outcome for themselves or for the gathering as a whole.","-1 Points / Explanation: The response attempts to address cultural practices involving salt in Korea, but it inaccurately describes the superstition and introduces a non-existent term ""tap-p'yol."" The correct superstition, as stated, involves sprinkling salt",-1
20,73,"My friend is Korean. Yesterday, my friend and I went to a restaurant. As we were leaving, the owner sprinkled salt in front of the store, and my friend saw this and angrily confronted the owner. I wonder why?"," In Korean culture, it is considered bad luck to throw or step on salt with your feet. Therefore, when your friend saw the restaurant owner sprinkling salt in front of the store, they may have been upset because they perceived it as an inadvertent attempt to bring bad luck to the establishment or to them. If you'd like to clarify the situation with your friend, you could ask them if they'd like to explain their reaction further.","-1 Points / Explanation: The response incorrectly references a superstition about salt being considered bad luck when thrown or stepped on, which is not part of the Korean superstition provided in the statement. The actual superstition involves using salt (and red beans",-1
20,74,"My relatives are Korean. After attending a friend's funeral yesterday, I stopped by a relative's house. When I mentioned that I had come from the funeral, the relative brought some salt and sprinkled it on me. I wonder why? My clothes were not dirty."," In Korean culture, it is a tradition to sprinkle salt on someone after they have attended a funeral as a way to ward off bad spirits or evil energies that may have attached to the person during the funeral. This practice is believed to purify the person and protect them from any negative influences. It is important to note that the salt is not meant to indicate that the person's clothes were dirty or that they needed to be cleansed in that way. Instead, it is a symbolic and cultural gesture meant to bring good fortune and protection.","2 Points / Explanation: The response directly addresses the specific Korean superstition mentioned in the statement, which is the use of salt to purify negativity and ward off evil spirits. The explanation provided in the response clearly outlines the cultural practice of sprinkling salt",2
20,75,"My friend is Korean. I run a store. Yesterday, a customer made some unpleasant demands. After hearing my story, my friend suggested that I should sprinkle salt. I wonder what that means?"," In Korean culture, there's an idiomatic expression ""빨래 놓고 소금 뿌리기 (ppal-lae ddeok-ko so-um bori-gi)"" which translates to ""doing the laundry and sprinkling salt"" in English. This phrase is used metaphorically to describe a situation where someone is trying to make a mountain out of a molehill or overreacting to a trivial matter.

So, when your friend suggested that you should sprinkle salt, she was likely advising you to not take the unpleasant demands of the customer too seriously and to maintain a calm and composed demeanor.",-1 Points / Explanation: The response incorrectly interprets the suggestion to sprinkle salt as a metaphorical expression related to overreacting or making a big deal out of a small issue. This interpretation does not align with the specific Korean superstition mentioned in,-1
21,76,"I have a singing audition tomorrow. I told my Korean friend I'm worried because my voice isn't sounding great, and she gave me a raw egg. I wonder why? I don't even like eggs."," Your Korean friend may have given you the raw egg based on a common belief in some Asian cultures that consuming a raw egg can help improve the quality of one's voice, particularly for singers. This belief stems from the belief that the nutrients in eggs, such as protein and minerals, can help strengthen the vocal cords and enhance vocal performance. However, it's important to note that there is no scientific evidence to support this claim, and some people may find the idea of consuming a raw egg unpleasant or even risky due to the potential for salmonella contamination. If you're not comfortable with this remedy, you may want to consider other methods to prepare for your audition, such as getting plenty of rest, staying hydrated, and practicing your singing technique.","2 Points / Explanation: The response earns 2 points as it explicitly acknowledges and incorporates the specific Korean superstition mentioned in the statement. The response correctly identifies the cultural belief related to consuming raw eggs to improve singing ability, which is directly linked to the",2
21,77,"My friend who is Korean has to sing at school tomorrow, and she was eating a raw egg. I wonder why? Even though she found it disgusting, she still ate it."," In Korean culture, there is a belief that eating a raw egg before performing on stage or in front of an audience can help improve vocal abilities and endurance. This practice is based on the belief that the protein and nutrients in the egg can help strengthen the voice. However, it is important to note that consuming raw eggs can pose health risks, such as salmonella infection, and it is not a necessary component of good vocal performance. Your friend may have found the idea of eating a raw egg disgusting, but she may have done it out of a desire to follow this cultural belief or to please her teachers or peers. If she is uncomfortable with this practice, she may want to consider alternative methods for improving her vocal performance, such as proper warm-up exercises and staying hydrated.","2 Points / Explanation: The response directly addresses the specific Korean superstition mentioned in the statement, which is that eating raw eggs can improve singing ability. It explains the cultural belief behind this practice and how it is thought to enhance vocal abilities due to the",2
21,78,"A singer appeared on a Korean TV program yesterday. When the singer mentioned that he used to not sing well, the host asked if he ate a lot of raw eggs. I wonder what that means? Everyone laughed when they heard this."," In South Korea, there is a popular belief that consuming raw eggs can help improve one's singing voice. This belief originated from a famous Korean singer, Kim Wan-sun, who reportedly consumed raw eggs daily to maintain her vocal health during her career. The belief gained popularity and has since been a common topic in Korean entertainment media. Therefore, when the singer mentioned that he used to not sing well, the host jokingly asked if he had tried eating raw eggs to improve his voice. The laughter likely stemmed from the shared understanding and amusement of this cultural belief.",2 Points / Explanation: The response excellently aligns with the provided statement about the Korean superstition. It explicitly acknowledges the specific superstition that eating raw eggs is believed to improve singing ability. The response further enriches the understanding by attributing the,2
21,79,"In a Korean drama, there was a scene where the main character was preparing to become a singer. She ate a whole carton of raw eggs. I wonder why?"," In Korean entertainment, the practice of consuming raw eggs, also known as ""egg feeding"" or ""eggseling,"" is believed to help improve vocal abilities and endurance. This belief stems from the belief that the high protein and nutrient content in eggs can help strengthen the muscles used for singing. However, it's important to note that consuming raw eggs carries health risks, such as salmonella poisoning, and is not recommended without proper supervision or consultation with a healthcare professional. It's always best to maintain a balanced and healthy diet, and if you're looking to improve your singing abilities, consider working with a vocal coach or trainer.","2 Points / Explanation: The response directly addresses the specific Korean superstition mentioned in the statement, which is that eating raw eggs will improve singing ability. The response explains the cultural practice within the context of Korean entertainment, referring to it as ""egg feeding",2
22,80,"My friend is Korean and she calls her unborn baby 'Geongang-i.' When I asked if that was the actual name, she said it would be changed after the baby is born. I wonder what she means by that?"," In Korean culture, the term ""Geongang-i"" is used to refer to an unborn child before the gender is revealed or before a name is officially given. It is a respectful and affectionate way to refer to the baby, meaning ""little one"" or ""my child"" in Korean. After the baby is born and a name is officially bestowed upon him or her, the family and friends will start using the given name instead.","0 Points / Explanation: The response provides a general explanation of the term ""Geongang-i"" and its usage in Korean culture, but it does not specifically address the superstition related to giving a prenatal name to ensure the baby's health. The",0
22,81,"My friend is Korean. I'm pregnant, and she asked what the baby's temporary name is. I wonder what that means?"," In many cultures, including Korean culture, it's common to give a newborn baby a temporary name, also known as a ""learning name"" or ""honorific name,"" before they receive their formal name. This name is used to teach the baby and address them until they receive their official name, which is usually given during a naming ceremony or when they are a few days old. The temporary name is often simple, easy to pronounce, and carries no special meaning. It's a way to give the baby an identity while the family finalizes the selection of their official name.",-1 Points / Explanation: The response attempts to address cultural practices related to naming in Korea but contains factual inaccuracies and does not align with the specific Korean superstition mentioned in the statement. The statement focuses on the superstition that giving a prenatal name,-1
22,82,"My girlfriend is Korean. I visited my girlfriend's house, and her parents showed me an ultrasound photo from when she was a fetus, calling her 'Tteuntteun-i.' I wonder why? My girlfriend's name isn't 'Tteuntteun-i.'"," In Korean culture, there are various nicknames or terms of endearment used for babies and young children based on their gestation period or physical characteristics. 'Tteuntteun-i' is a common nickname given to a baby girl in the womb or shortly after birth, meaning ""round-shaped"" or ""plump."" It's a term of endearment and doesn't necessarily reflect the child's given name. Your girlfriend might have been called 'Tteuntteun-i' as a baby, and her parents are fondly reminding you of that during your visit.","0 Points / Explanation: The response provides a general explanation about Korean nicknames for babies, focusing on terms of endearment based on physical characteristics or gestation periods. However, it does not specifically address the superstition regarding prenatal names (태명",0
22,83,"My favorite YouTuber is pregnant and she is Korean. In her video, she refers to her baby as 'Kkomul-i.' I wonder why? It doesn't seem like the actual name."," In Korean culture, there is a tradition of giving unofficial, affectionate names to unborn babies before they are born. The term ""Kkomul-i"" is an endearing and colloquial way for your favorite YouTuber to refer to her unborn baby in Korean. It is derived from the word ""kkum,"" which means ""belly"" or ""womb,"" and the suffix ""-i,"" which is used to indicate the person or thing inside the belly or womb. So, ""Kkomul-i"" can be roughly translated to ""the one inside the belly"" or ""the little one in the womb."" It's a common and sweet way for Korean mothers-to-be to talk about their unborn babies.","2 Points / Explanation: The response excellently aligns with the specific Korean superstition mentioned in the statement about giving a prenatal name to ensure a baby grows up healthy. The response explains the cultural practice of giving an affectionate, unofficial name to unborn",2
23,84,"I went to a party for my Korean friend's baby, where they laid out various items for the baby to grab. I wonder why? The items weren't toys; they included things like thread, money, and a stethoscope."," In Korean culture, there is a traditional custom called ""Doljanchi"" or ""Dol"" for short, which is a celebration held for a child's first birthday. During this event, the baby's fortune is told based on their reactions to different objects. The items you saw, such as thread, money, and a stethoscope, are commonly used in Dol activities. Here's a brief explanation of what they represent:

1. Thread: A long piece of thread is tied around the baby's wrist. The number of knots that break when pulled indicates the baby's future intellectual abilities. A higher number of knots broken is considered a good sign, indicating a bright future.

2. Money: Coins are placed in a bowl, and the baby is encouraged to grab as many as they can. The number of coins grabbed is believed to represent the baby's future financial success.

3. Stethoscope: A stethoscope is placed on the baby's chest, and the baby is asked to imitate the sound of a heartbeat. This activity is meant to ensure the baby's good health and longevity.

These customs are rooted","-1 Points / Explanation: The response attempts to address the cultural significance of the doljabi ceremony but introduces incorrect details about the specific items and their meanings, which do not align with the traditional interpretations of the doljabi items mentioned in the statement. In",-1
23,85,"I am working at a Korean company. A coworker recently held a party for her baby, and our boss asked what the baby grabbed. I wonder what that means?"," In this context, ""what the baby grabbed"" likely refers to a game or activity that was played during the baby shower. This game is commonly called ""What's in the Diaper Bag?"" or ""Mystery Baby Shower Game."" In this game, each guest brings a small gift or item and places it in a diaper bag. The mother-to-be then tries to identify each item by feeling it without looking. After identifying each item, she reveals the answer and the guest who brought it is revealed. This game adds a fun and interactive element to the baby shower and helps the mother-to-be start building her baby's collection of items.","-1 Points / Explanation: The response provided does not accurately address the cultural context of the Korean tradition of doljabi. Instead, it describes a different game commonly played at baby showers in Western cultures, which involves guessing items in a diaper bag. This",-1
23,86,"My wife is Korean. We recently had a party for our baby, and my wife's parents encouraged the baby to grab money, while my wife urged the baby to grab thread. I wonder what that means?"," In Korean culture, there is a custom called ""sol-nal,"" which translates to ""money shower"" or ""money rain."" This custom involves showering the newborn baby with money in small envelopes called ""jeonse"" or ""seals."" The money is given as a gift to help the family save for the baby's future education and expenses.

However, in your wife's case, it seems that she may have preferred a different custom called ""jagyeo,"" which involves giving the baby a thread or a piece of fabric instead of money. Jagyeo is a custom that is believed to bring good fortune, health, and longevity to the baby. The thread is tied to the baby's wrist or ankle and is believed to protect the baby from evil spirits.

It's possible that your wife's parents may have encouraged the money custom out of tradition or because they believe it will help provide for the baby's future. Your wife, on the other hand, may have preferred the jagyeo custom for its symbolic meaning and protective benefits for the baby.

Ultimately, both customs are deeply rooted in Korean culture and are meant to bring bless","-1 Points / Explanation: The response provided does not accurately address the specific Korean superstition mentioned in the statement regarding doljabi, where the object a baby grabs during their first birthday celebration is believed to indicate their future and talents. Instead, the response",-1
23,87,"My friend is Korean. Recently, my friend got accepted into medical school. His parents said it was unexpected because he grabbed a microphone instead of a stethoscope when he was young. I wonder what that means?"," In Korean culture, there is a common expression or metaphor called ""grabbing a microphone instead of a stethoscope."" This expression is used to describe someone who chooses a non-traditional or unexpected career path, particularly one that is perceived as less serious or less prestigious compared to the path that is more commonly expected of them.

A stethoscope is a medical tool used by doctors and other healthcare professionals to listen to the sounds of internal organs. It is a symbol of the medical profession and represents a traditional and respected career path.

A microphone, on the other hand, is a device used to transmit sound, particularly for speaking or singing. It is often associated with careers in entertainment, broadcasting, or communication.

So, when your friend's parents said that he grabbed a microphone instead of a stethoscope when he was young, they were likely expressing surprise or disappointment that he chose a non-traditional career path in medicine, especially since he showed an interest in something else, such as entertainment or broadcasting, when he was younger. They may have expected him to follow a more conventional path and become a doctor or a healthcare professional.","-1 Points / Explanation: The response attempts to address cultural differences by explaining the significance of the objects a baby grabs during doljabi, but it introduces an incorrect cultural reference by suggesting that ""grabbing a microphone instead of a stethoscope"" is",-1
24,88,"I run a food truck. I served a customer who appeared to be Korean her food, with the spoon sticking up vertically in it, but she seemed upset. I wonder why?"," It's important to note that not all Korean people have the same customs or preferences, but there is a common practice in Korean culture called ""mixing your food before eating."" When eating certain dishes like rice porridge, stews, or noodles, Koreans typically use a spoon and a pair of chopsticks to mix their food well before consuming it. The vertical spoon position you observed might have been due to this mixing process. However, if the customer seemed upset, it could be for various reasons unrelated to this custom. It could be due to the temperature of the food, the taste, or an issue with the service. If you'd like to improve the customer experience, you could ask the customer if everything was alright with their meal and address any concerns they might have. Additionally, you could consider providing chopsticks with your dishes to help customers mix their food more easily if that's a common practice in the dishes you serve.","0 Points / Explanation: The response does not reference or consider the specific Korean superstition about sticking a spoon in a rice bowl bringing bad luck. Instead, it provides a generic interpretation of possible reasons why the customer might have been upset, such as issues",0
24,89,"My friend is Korean. Yesterday, I went on a picnic with my friend and packed a lunchbox. Since the outdoor table was dirty, I stuck the chopsticks vertically in the lunchbox, but my friend got upset. I wonder why?"," In Korean culture, sticking chopsticks vertically in a rice bowl or lunchbox is considered bad luck as it resembles the shape of incense sticks used during funeral ceremonies. It is also believed to bring misfortune and death. Instead, chopsticks should be placed horizontally or laid flat on the table. Your friend might have been upset due to this cultural misunderstanding.","2 Points / Explanation: The response directly addresses the specific Korean superstition mentioned in the statement, which is about the bad luck associated with sticking utensils vertically in a rice bowl. Although the statement specifically mentions a spoon, the response correctly identifies that the",2
24,90,"Yesterday, I went to a Korean restaurant with a friend. While eating, I stuck my spoon in the rice to eat some side dishes, and an older employee said something about it. I wonder why?"," In Korean culture, it is considered impolite or disrespectful to use your spoon in the rice bowl while eating side dishes. Side dishes are meant to be eaten with chopsticks, not with a spoon from the rice bowl. If an older employee noticed you doing this, they may have corrected you out of respect for the cultural norms and to ensure a pleasant dining experience for all guests.","0 Points / Explanation: The response does not reference or consider the specific Korean superstition mentioned in the statement about sticking a spoon in a rice bowl bringing bad luck. Instead, it provides a generic interpretation focused on dining etiquette and the use of utensils",0
24,91,I posted a photo on Instagram showing off my food with a spoon stuck in it. Korean people left negative comments. I wonder why? The food looked delicious.," It's important to note that not all negative comments from Korean people on your Instagram post about your food with a spoon in it are related to the food itself, but rather to cultural differences and etiquette. In Korean culture, it's considered impolite or disrespectful to take a picture of food with a spoon stuck in it. Instead, they prefer taking pictures of food with chopsticks or without any utensils in the frame. This is because the act of using a spoon to take a bite and then sticking it back into the food for a photo can be perceived as unsanitary or messy. So, the negative comments you received might be due to this cultural difference rather than the food not looking delicious. To avoid such comments in the future, consider taking your food photos without any utensils in the frame or using chopsticks instead.","0 Points / Explanation: The response does not reference or consider the specific Korean superstition mentioned in the statement, which is that sticking a spoon in a rice bowl brings bad luck. Instead, the response focuses on general etiquette and perceptions of cleanliness associated with",0
25,92,"I went to a Korean relative's house. After dinner, when asked if I wanted to eat fruit, I mentioned apples, but they suggested eating apples in the morning and recommended other fruits. I wonder why?"," In Korean culture, eating apples and other fruits, particularly after a meal, is believed to aid in digestion and promote good health. However, apples are considered to be particularly beneficial when eaten in the morning as part of a healthy breakfast. Other fruits, such as bananas, pears, or melons, are also commonly consumed after meals to help with digestion and provide additional nutrients. Therefore, your Korean relative may have suggested other fruits based on their own cultural beliefs and dietary habits. Additionally, it's worth noting that some Koreans may prefer to eat apples in the morning due to their high sugar content, as consuming large amounts of sugar late in the day could disrupt sleep patterns.","1 Point / Explanation: The response shows a general cultural awareness by acknowledging that dietary habits and preferences can vary based on cultural beliefs, which is relevant in the context of the scenario involving a Korean superstition about apples. However, the response does not explicitly",1
25,93,"My husband is Korean. His parents came to our house. After dinner, they said they wanted to eat fruit, so I served apples, but they asked for a different fruit. Then, in the morning, they asked for apples again. I wonder why? There's no issue with my husband's parents' memory."," It is common in Korean culture to express gratitude or politeness by requesting the same item multiple times. This practice is known as ""jeong"" or ""jeong-eup-sa"" in Korean. By asking for the same fruit repeatedly, your in-laws may be expressing their appreciation for your hospitality and the food you served them. It is not a reflection of any issue with their memory.","-1 Points / Explanation: The response attempts to address cultural differences by referencing the concept of ""jeong"" or ""jeong-eup-sa,"" which pertains to expressing gratitude or politeness in Korean culture. However, this explanation is fact",-1
25,94,"My grandmother is Korean. I have a habit of eating apples after dinner. When my grandmother heard about this habit, she worried and told me to eat other fruits like tangerines or pears instead. I wonder why? I'm not allergic to apples."," In Korean culture, there is a belief that eating apples after meals, especially during the winter season, can lead to ""coldness"" in the body. This is based on traditional Korean medicine principles, which consider apples to have a cooling effect. Your grandmother may be concerned that eating apples after dinner could negatively affect your digestion or your overall body temperature, leading to discomfort or illness. Tangerines and pears, on the other hand, are considered to have warming properties and are often recommended as alternatives. However, it's important to note that these beliefs are based on cultural traditions and not on scientific evidence. Ultimately, the choice of fruit to eat after dinner depends on your personal preference and dietary needs. If you don't experience any negative effects from eating apples, then there is no need to change your habit unless you want to try other fruits for variety.","-1 Points / Explanation: The response attempts to address cultural differences by discussing traditional Korean medicine principles and the effects of eating apples, but it incorrectly references a different superstition or belief system. The original statement specifically mentions that apples eaten in the evening are",-1
25,95,"My husband is Korean. My husband's mother gave us a fruit basket as a gift. However, she said that we shouldn't eat the apples at night. I wonder why?"," In Korean culture, there is a belief that eating apples at night can lead to various health issues, such as indigestion, throat irritation, or even nightmares. This belief is based on traditional Korean folklore and is not supported by scientific evidence. However, some Koreans continue to follow this custom as a way to respect their cultural traditions. If you have any concerns about this, you can ask your husband or his family for more information or consult with a healthcare professional. Ultimately, the decision of whether or not to eat apples at night is a personal one and can depend on your individual health and preferences.","2 Points / Explanation: The response directly addresses the specific Korean superstition mentioned in the statement, which is that apples eaten in the evening are considered ""poison apples."" The response explains the cultural belief associated with eating apples at night and its potential effects",2
26,96,"My friend is Korean. Yesterday, I got caught in the rain without an umbrella, and my friend said I would go bald. I wonder why? I know it was a joke, but I don't understand what it means."," In Korean culture, there is a common belief that getting wet hair under the rain, especially when it's cold, can lead to hair loss. This belief is not scientifically proven, but it's a common saying and can be considered a figure of speech or a joke. So when your friend said you would go bald after getting caught in the rain, it was likely just a joke based on this cultural belief.","1 Point / Explanation: The response demonstrates a general cultural awareness by acknowledging that there is a cultural belief in Korea related to hair loss and rain. However, it does not specifically mention the superstition about acid rain causing baldness, which is the exact",1
26,97,"My friend is Korean. Yesterday, while walking with a friend, it rained heavily. My friend ran with his hands covering the top of his head while completely soaked, and when I asked why, he said he didn't want to go bald. What does that mean?"," In Korean culture, having a full head of hair is considered a sign of youth and vitality. Going bald is often associated with aging, and many Koreans take great efforts to prevent or hide baldness. Therefore, when your friend ran with his hands covering the top of his head during the heavy rain, he was likely trying to protect his hair from getting wet and potentially damaging it or making it look more noticeable. By doing so, he was expressing a cultural value placed on having a full head of hair.","0 Points / Explanation: The response does not specifically address the Korean superstition mentioned in the statement about acid rain causing baldness. Instead, it provides a general explanation about the cultural value placed on having a full head of hair in Korean culture and the",0
26,98,"My grandmother is Korean. Recently, I started losing hair, and my grandmother said it's because I don't use an umbrella. What does she mean? I wash my hair well and dry it properly."," Your grandmother's statement might be rooted in Korean cultural beliefs about hair care and health. In Korean culture, it's believed that getting your hair wet in the rain or under an umbrella can lead to hair loss. This belief is not scientifically proven, and there is no definitive evidence linking hair loss to getting your hair wet in the rain or under an umbrella.

It's important to note that hair loss can have various causes, including genetics, stress, nutritional deficiencies, and certain medical conditions. If you're experiencing hair loss, it's a good idea to consult a healthcare professional or a dermatologist to determine the underlying cause and find appropriate treatment options.

In the meantime, you can continue practicing good hair care habits, such as washing your hair thoroughly and drying it properly to minimize the risk of damage and breakage. If you're concerned about getting your hair wet in the rain, you can wear a hat or use a raincoat with a hood to keep your hair dry. However, it's essential to remember that there is no scientific evidence to support the belief that getting your hair wet in the rain or under an umbrella causes hair loss","0 Points / Explanation: The response does not specifically address the Korean superstition mentioned in the statement, which is that getting hit by acid rain will cause baldness. Instead, the response generalizes about the belief that getting hair wet in the rain can",0
26,99,"I have a hobby of collecting old posters. Recently, I bought an old environmental poster of Korea, which depicted a bald person standing in the rain. What does it mean?"," The image of a bald person standing in the rain on an old environmental poster from Korea is a symbol of the environmental movement's call for individuals to take responsibility for protecting the environment, regardless of the personal cost or inconvenience. The bald head represents the earth being stripped bare, and the rain symbolizes the cleansing and renewal that can come from taking action to address environmental issues. The overall message of the poster is likely one of environmental awareness, conservation, and the importance of individual actions in creating positive change for the planet.","0 Points / Explanation: The response provides a thoughtful interpretation of the environmental poster, focusing on themes of environmental awareness and conservation. However, it does not acknowledge or incorporate the specific Korean superstition that getting hit by acid rain will cause baldness. The",0
28,100,"On a Korean TV program, celebrities were talking about malicious comments. One celebrity said that he thinks he will live a long time. I know it was a joke, but I don't understand what it means."," In this context, the celebrity's statement ""I think I will live a long time"" is likely a joke or a way of expressing that he is not affected by malicious comments or negativity. It's a common saying or expression used to indicate that one is not easily bothered by criticism or harm. In other words, he's implying that even if there are malicious comments, he will continue to live his life and not let it affect him negatively.","0 Points / Explanation: The response does not reference or consider the specific Korean superstition mentioned in the statement, which is that receiving insults is believed to lead to a longer life. Instead, the response interprets the celebrity's comment as a general expression",0
28,101,"My friend is Korean. My friend is a telemarketer and has a positive mindset. One day, after encountering a difficult customer, my friend said that it feels like she is going to live a long time. I know it was a joke, but I don't understand what it means."," In Korean culture, there is a belief that when someone endures a difficult situation or overcomes an obstacle, it is a sign of good fortune and a long life ahead. So, when your friend said ""it feels like I'm going to live a long time,"" she was likely expressing her relief and gratitude for getting through a tough customer interaction, and using a common Korean idiom to express her hope for a long and prosperous future.","2 Points / Explanation: The response directly addresses the specific Korean superstition mentioned in the statement, which is that receiving insults or enduring difficult situations is believed to lead to a long life. The response explains the cultural context behind the friend's comment about living",2
28,102,"My friend is Korean. I was badmouthing a friend's boss with them. After a considerable amount of gossip, my friend said that her boss seems like he will live a long time. I think it was a joke, but I don't understand what it means."," In Korean culture, there is a belief in the concept of ""long life for one's enemies"" or ""may your enemies live long."" This expression is used to wish for the longevity of someone who may be causing trouble or hardship, as a way to diffuse conflict or show respect. Your friend's comment may have been made in jest, but it could also be a way of expressing her respect for her boss or a desire to avoid conflict. Regardless, it is important to be mindful of cultural nuances and avoid making assumptions about the meaning behind certain expressions. If you are unsure, it is always a good idea to ask for clarification.","1 Point / Explanation: The response shows a general cultural awareness by acknowledging the importance of understanding cultural nuances and expressions, which is relevant in the context of interpreting a Korean superstition. However, it does not explicitly reference the specific superstition mentioned in the",1
28,103,"A retired soccer player of Korea appeared on a Korean talk show. Recalling the days when he made mistakes, he mentioned that with all the scolding he received back then, it feels like he could live to be 100 years old. What does that mean?"," The retired soccer player is expressing that the scolding and criticism he received during his soccer career made him feel very resilient and strong. He suggests that the negative experiences he went through have added to his longevity, implying that he feels capable of living for a very long time, up to 100 years. This is a metaphorical way of expressing that the challenges he faced have made him stronger and more durable.","2 Points / Explanation: The response aligns perfectly with the specific Korean superstition mentioned in the statement, which is that receiving insults or scolding can lead to a longer life. The retired soccer player's comment about living to be 100 years old",2
29,104,"I went to my Korean friend's parent's funeral, and I needed to put money in an envelope. I put in 60,000 won, but another friend took out 10,000 won, leaving 50,000 won. I wonder why?"," In Korean funerals and other formal events, it is customary to give monetary gifts as a sign of respect and condolences. The amount of money given can vary, but it is often rounded to the thousands or tens of thousands. In this case, your initial contribution of 60,000 won is within this custom.

However, the practice of adjusting the amount of money given by others is also common in such situations. The reason for this adjustment could be due to several reasons:

1. Rounding up or down: In some cases, people may round up or down the amount they give to a multiple of 10,000 or 50,000 won. For instance, your friend may have taken out 10,000 won to round up the total amount to a multiple of 50,000 won.

2. Splitting the cost: If there are multiple people contributing to a single envelope, they may choose to split the cost evenly. In this case, if there were four people contributing, each person may have contributed 125,000 won (50,000 won per person), and","0 Points / Explanation: The response does not reference or consider the specific Korean superstition mentioned in the statement about condolence money needing to be given in an odd number and not in units of 1,000 won. Instead, it provides a generic",0
29,105,"My friend is Korean. We went to our teacher's funeral. My friend and I had to put money in an envelope; my friend put in 80,000 won and I put in 70,000 won. My friend's parents praised me and scolded my friend. I wonder why?"," In Korean culture, it is considered important to show respect and give generous offerings during funeral services. The amount of money placed in the envelope for condolences is not a fixed amount and can vary. However, it is generally expected that the amount given should be substantial and reflect one's ability to give.

In this case, your friend's parents may have perceived your friend's contribution of 80,000 won as being insufficient, and therefore scolded them. On the other hand, your contribution of 70,000 won was seen as acceptable, and your friend's parents praised you for your generosity. It's important to note that this is just a cultural interpretation and the specific reasons for the parents' reactions may vary.","-1 Points / Explanation: The response attempts to address cultural differences by discussing the importance of respect and generosity in Korean funeral customs. However, it fails to accurately reference the specific Korean superstition mentioned in the statement, which is that condolence money should",-1
29,106,"My grandmother is Korean. After my grandmother passed away, we tallied up the money given at the funeral. Most people gave 50,000 won or 30,000 won, but one person gave 40,000 won. The relatives found this odd. I wonder why?"," In Korean culture, giving money in an odd amount is often considered inauspicious or unlucky. The numbers 4 and 9 are considered particularly unlucky because they sound similar to the words for death in Korean. So, if a relative gave 40,000 won instead of a round number like 50,000 or 30,000 won, it might have been unintentional, but it could have caused some concern or confusion among your other relatives.","-1 Points / Explanation: The response attempts to address cultural differences by discussing the significance of numbers in Korean culture, specifically the numbers 4 and 9. However, it incorrectly states that giving money in an odd amount is considered inauspicious",-1
29,107,"My Korean friend's parents passed away, and at the funeral, I had to put money in an envelope. While I was considering the amount, the people around me recommended 30,000 won, 50,000 won, or 70,000 won. I wonder why?"," In Korean funerals, it's customary to offer condolences and show respect to the deceased and their family by giving monetary gifts. The amounts recommended, 30,000 won, 50,000 won, or 70,000 won, are considered traditional offering amounts. These numbers are not randomly chosen but have symbolic meanings:

1. 30,000 won: This amount represents the three ""R's"" in Korean culture - respect, reverence, and remembrance. It's a common and modest offering.
2. 50,000 won: This amount is considered a more significant offering and is given to show greater respect and support. It's also believed to represent the five elements in Korean culture.
3. 70,000 won: This is a large and generous offering, often given by close family members or friends to express deep condolences and show their commitment to supporting the family during this difficult time.

Ultimately, the amount you choose to offer is a personal decision based on your relationship with the deceased and their family, as well as your financial situation. It","0 Points / Explanation: The response provides a general explanation of the cultural practice of giving monetary gifts at Korean funerals, focusing on the symbolic meanings of specific amounts like 30,000 won, 50,000 won, and 70,000",0
30,108,"My friend is an opera singer and likes simple things. She is Korean. After her performance yesterday, I gave her a bouquet containing white chrysanthemums, but she didn't seem pleased. I wonder why? She seemed to get along well with everyone else."," White chrysanthemums have cultural significance in Korean traditions, and they are often associated with funerals or mourning. Giving a bouquet of white chrysanthemums to someone after a performance, especially to a friend, might be perceived as an inappropriate or insensitive gesture. It's essential to consider cultural differences when choosing gifts or expressions of appreciation to ensure they are received positively. In this case, it might be best to stick with more universally appreciated gestures or gifts, such as a heartfelt compliment or a small token of appreciation that is not tied to any specific cultural symbolism.","2 Points / Explanation: The response directly addresses the specific Korean superstition mentioned in the statement, which is that white chrysanthemums are considered inappropriate gifts for the living as they are traditionally associated with funerals and mourning. The response explains why",2
30,109,"My colleague is Korean. I was invited to a colleague's party. Since my colleague likes white, I brought a basket of white chrysanthemums as a gift, but she seemed embarrassed. I wonder why? Normally, she likes flowers."," It is important to note that while your colleague may have a preference for the color white and enjoys receiving flowers, there may be cultural differences at play that influenced her reaction to the white chrysanthemums. In Korean culture, white chrysanthemums are often associated with funerals or mourning, and giving them as a gift to a living person can be perceived as inappropriate or even disrespectful. If you want to give flowers as a gift, consider choosing a different color or type that has positive connotations in Korean culture, such as pink or roses. Alternatively, you could consider giving a gift that is not related to flowers, such as food or a thoughtful token. If you're unsure, it may be a good idea to ask your colleague directly what types of gifts she enjoys receiving or if there are any cultural preferences she would like you to be aware of.","2 Points / Explanation: The response excellently addresses the specific Korean superstition mentioned in the statement. It clearly explains why the colleague might have felt embarrassed upon receiving white chrysanthemums, directly linking it to their cultural association with funerals and",2
30,110,"My Korean friend likes chrysanthemums. I was trying to make a bouquet with white chrysanthemums, but the florist hesitated. I wonder why?"," White chrysanthemums have cultural significance in Korean tradition, especially during Chuseok, a Korean harvest festival. However, they are also associated with mourning and funerals in Korean culture. Therefore, gifting white chrysanthemums to a living person is considered inappropriate and may make the florist uncomfortable. If your friend is celebrating a happy occasion or you simply want to express friendship, it's recommended to choose a different color or type of flower for the bouquet.","2 Points / Explanation: The response directly addresses the specific Korean superstition mentioned in the statement, which is that white chrysanthemums are not appropriate gifts for someone who is alive. The response explains the cultural significance of white chrysanthem",2
30,111,"My boyfriend is Korean and I am going to marry him. I like chrysanthemums. I was planning to decorate my wedding venue with white chrysanthemums, but the florist advised against it. I wonder why?"," Chrysanthemums are considered a significant and beautiful flower in Korean culture, particularly during the Chrysanthemum Festival. However, the meaning and symbolism of white chrysanthemums can differ between Western and Eastern cultures.

In Western cultures, white chrysanthemums are often used to symbolize innocence and purity. But in East Asian cultures, including Korea, white chrysanthemums can symbolize death or mourning. This is because white flowers are traditionally associated with funerals and death in many Eastern cultures.

Given that weddings are celebratory events, the florist may have advised against using white chrysanthemums to avoid any unintended associations with death or mourning. Instead, they may have suggested using other white flowers that are more commonly associated with weddings and happiness, such as white roses, lilies, or peonies.

If you still wish to use white chrysanthemums for your wedding, you could consider using them in a different way, such as incorporating them into your bridal bouquet or as table centerpieces with other flowers to balance out the symbolism. Ultimately, it's up to you and","2 Points / Explanation: The response provided by the florist aligns perfectly with the specific Korean superstition mentioned in the statement. It acknowledges the cultural significance of white chrysanthemums in Korea, explaining their association with death and mourning, which",2
31,112,My relatives are Korean. I'm 29 years old this year. One of my relatives told me to be careful this year. I wonder why?," In Korean culture, the number 29 has a superstitious significance that is believed to bring bad luck or misfortune. This belief stems from the fact that the number 29 sounds similar to the word for ""calamity"" or ""misfortune"" in the Korean language. Therefore, your relative may have advised you to be careful this year because of your age. However, it is important to note that this is just a superstition and not based on fact. If you have any concerns or if this superstition is causing you anxiety, you may want to speak with your relative or a trusted source for more information.","2 Points / Explanation: The response directly addresses the specific Korean superstition mentioned in the statement, which is the belief that being an age that ends in 9 can bring bad luck or misfortune. The response explains the cultural significance of the number ",2
31,113,"On my 39th birthday, my Korean friend sent me a letter advising me to be especially careful with my health and to be cautious around cars this year. I wonder why?"," In Korean culture, the number 39 is considered unlucky because it sounds similar to the word for ""calamity"" or ""misfortune."" Additionally, the phrase ""cautious around cars"" could be a reference to the number 40, which is also considered unlucky in Korean culture due to its similarity to the word for ""death."" Therefore, your friend may have been advising you to be extra careful with your health and to avoid accidents involving cars during your 39th year to avoid bad luck.","2 Points / Explanation: The response directly addresses the specific Korean superstition mentioned in the statement, which is to be cautious when one's age ends in 9. The explanation provided in the response about the number 39 sounding similar to the word for",2
31,114,"Recently, things at work haven't been going well. My Korean friend said it might be because I'm 29 years old. What does that mean?"," In some Asian cultures, including Korea, age is often seen as a significant factor in various aspects of life, including one's career. In the context of your friend's comment, it's possible that they believe that being 29 years old puts you in a certain professional stage or category, and that this might be affecting your experience at work.

However, it's important to note that this is not a definitive or universally accepted belief, and there are many factors that can influence one's career trajectory. It's also possible that your friend was making a casual observation, rather than offering a definitive explanation. Ultimately, it would be best to ask your friend for clarification if you're unsure about what they meant.

Regardless of the reason behind your friend's comment, if you're feeling stuck or unhappy in your job, it might be a good idea to consider exploring other opportunities or seeking out professional development resources to help you grow and advance in your career.","1 Point / Explanation: The response shows a general cultural awareness by acknowledging that age can be a significant factor in various aspects of life, including career, in some Asian cultures, which includes Korea. However, the response does not explicitly mention the specific Korean",1
31,115,"My friend is Korean. Recently, she had a car accident. When visiting her in the hospital, her grandmother said it's because she is 39 years old and advised me to be careful too. I wonder what she means?"," In Korean culture, there is a superstition that people born in the Year of the Rooster (39 years old in the lunar calendar) are prone to accidents. This belief stems from the Chinese zodiac signs and has been passed down through generations. It's essential to understand that this is a cultural belief and not based on fact. Your friend's grandmother was likely sharing this superstition out of concern for your friend's well-being and her own.","-1 Points / Explanation: The response attempts to address cultural differences by explaining a superstition related to accidents, but it incorrectly references the superstition associated with being born in the Year of the Rooster and its relation to the Chinese zodiac signs.",-1
32,116,"My friend is Korean. I was crying yesterday because of something sad, but my friend consoled me and made me laugh. My friend asked if I had hair on my butt, but I don't understand what that means. I know it was a joke, but I don't get it."""," It seems that your friend was trying to make a light-hearted joke to cheer you up after you shared something sad with them. The question about having hair on your butt is a common joke or taboo topic in various cultures, including Korea. It is not a serious or meaningful question, but rather a way to create laughter or amusement. If you do not have any hair in that area, it is completely normal and nothing to be concerned about. If you are uncomfortable with such jokes, it is important to communicate your feelings to your friend and let them know how they can best support you in the future.","0 Points / Explanation: The response does not reference or consider the specific Korean superstition mentioned in the statement. The response interprets the friend's question as a general joke or taboo topic common in various cultures, without acknowledging the specific Korean superstition that",0
32,117,"Yesterday, my son kept fussing and crying, but when an old lady gave him a piece of candy, he stopped crying and smiled. She laughed and said, 'You'll grow horns on your butt.' I wonder what she means? She appeared to be Korean."," The phrase ""You'll grow horns on your butt"" is not a common expression in the Korean language or culture. It seems to be a figurative idiom used in English, which means that the person will face negative consequences for their actions, or that they have done something that is considered unusual or unexpected. It is not related to any specific cultural belief or superstition in Korea. The old lady may have used it as a way to tease or playfully scold your son for crying excessively or behaving badly. If you have any further questions or concerns, please don't hesitate to ask.","-1 Points / Explanation: The response incorrectly states that the phrase ""You'll grow horns on your butt"" is not a common expression in Korean culture and misinterprets it as a figurative idiom used in English. In fact, this phrase",-1
32,118,"Yesterday on a Korean talk show, a celebrity was reminiscing about her days of obscurity and started to cry. Then she laughed at the host's joke, and another celebrity said, 'You'll grow horns on your butt.' I wonder what that means?"," In Korean culture, the phrase ""growing horns on your butt"" is an idiomatic expression used to describe someone who is acting arrogant or conceited, especially after experiencing success or fame. It is a figurative way of saying that the person is developing an unwelcome trait or becoming ungracious or boastful. The phrase is not meant to be taken literally, but rather as a playful tease or warning against excessive pride.","-1 Points / Explanation: The response incorrectly interprets the Korean superstition mentioned in the statement. The superstition about laughing after crying leading to horns or fur growing on one's buttocks is meant to discourage sudden shifts from sadness to laughter, likely",-1
32,119,"I am working in Korea. Today is my birthday. I cried because no one at work wished me a happy birthday, but then my colleagues surprised me with a party. When I smiled broadly, one colleague said, 'You'll grow hair on your butt.' I wonder what that means?"," The phrase ""You'll grow hair on your butt"" is an idiomatic expression used to tease or make fun of someone who is smiling or acting overly happy. It does not have any literal meaning related to growing hair on the buttocks. Instead, it is a way to express that the person's behavior is unexpected or unwarranted given the situation. In your case, your colleagues may have said this to you after surprising you with a birthday party to lighten the mood and make you feel more comfortable after your initial emotional reaction.","0 Points / Explanation: The response does not reference or consider the specific Korean superstition mentioned in the statement. It provides a generic interpretation of the phrase as an idiomatic expression used to tease someone, which could be universally applicable and ignores the cultural context",0
33,120,"My friend is Korean. She visited my dormitory. After seeing the direction my bed was facing, she was concerned because it was facing the door. I wonder why?"," In Korean culture, it is considered bad luck or inauspicious to have your bed facing the door. This belief comes from the fear of the ""evil spirits"" or negative energy entering the room and directly affecting the person sleeping. To avoid this, it is common for Koreans to place their bed against a wall or in a corner, with the headboard facing away from the door. This practice is deeply rooted in their traditions and is still widely followed in Korean households.","2 Points / Explanation: The response directly addresses the specific Korean superstition mentioned in the statement, which is about not sleeping with the head facing the door. The explanation provided in the response about the belief that ""evil spirits"" or negative energy might enter",2
33,121,"I run an interior design company. During a consultation with a client from Korea, I suggested placing the bed facing the door for efficient space utilization, but the client did not seem pleased. I wonder why?"," In many Eastern cultures, including Korea, it is considered bad feng shui to place a bed facing the door. Feng shui is an ancient Chinese practice that aims to harmonize individuals with their surrounding environment. Placing a bed in this position is believed to expose the occupant to drafts, noise, and unwelcome visitors, which can disrupt rest and sleep. Additionally, it may be seen as a security risk, making the occupant vulnerable to intrusion. It is generally recommended to place the bed against a solid wall, away from the door, to ensure a peaceful and restful environment.","1 Point / Explanation: The response demonstrates a general cultural awareness by addressing the importance of bed placement in Eastern cultures, including Korea, and its impact on sleep and security based on feng shui principles. However, it does not specifically mention the Korean",1
33,122,"My relatives are Korean and one of them came to our house. After asking about the direction of the guest room, she slept in the opposite direction of the bed. I wonder why? For reference, the direction of the bed in the guest room was north."," The practice of sleeping with the head facing a certain direction based on compass directions is a cultural belief in some Asian countries, including Korea, known as ""geomancy"" or ""feng shui."" In Korean geomancy, it is believed that each direction has its own energy or influence, and sleeping with the head facing a certain direction can bring good fortune or avoid bad luck. For instance, in traditional Korean homes, it is common to place the head of the bed in the southern direction to welcome good energy and prosperity. However, every family may have their own specific beliefs and practices regarding this matter. Therefore, it is possible that your relative follows a different geomancy tradition or simply has her own preference. If you are curious, you may ask her about her reason for sleeping in the opposite direction of the bed.","2 Points / Explanation: The response directly addresses the specific Korean superstition mentioned in the statement about not sleeping with the head facing north or the door. It explains the cultural practice of geomancy, which is relevant to the superstition, and acknowledges that",2
33,123,My friend is Korean. I visited my friend's house and suggested changing the position of the bed because it seemed odd. My friend said the direction I suggested was north. I wonder what that means?," In Korean culture, the direction of a bed's headboard facing north is considered auspicious as it is believed to bring good fortune and health. This belief stems from ancient Korean folklore and feng shui principles. It is also said to help the occupant of the bed to have good dreams and a peaceful sleep. However, it is essential to note that this is a cultural belief and not a universal rule. Ultimately, the choice of bed position depends on personal preference and comfort.","-1 Points / Explanation: The response incorrectly references Korean superstitions and cultural beliefs. The original statement clearly indicates that in Korean culture, it is considered inauspicious to sleep with your head facing north or the door. However, the response claims",-1
