,prompt,output,score
0,My girlfriend was born in April. I'm thinking of giving her a ring as a birthday gift. Would it be okay to engrave the number 4 on it?,"It's a thoughtful gesture to engrave the number 4 on the ring as a birthday gift for your girlfriend, as it represents her birth month. However, it's important to consider her personal style and preferences before making the final decision. If she is not into engraved jewelry, it might be better to opt for a different design or style that suits her taste. Additionally, if you plan to propose to her in the future, it's worth noting that some people believe that engraving a message or number on a ring can make it less special when proposing with another ring. Ultimately, the most important thing is to make sure that the gift comes from the heart and reflects your love and appreciation for her.","0 points / The response does not reference cultural differences. It fails to address the specific superstition mentioned in the statement about the number 4 being considered unlucky in Korean culture. Instead, it focuses solely on personal style and preferences without acknowledging the potential cultural"
1,My boyfriend's favorite athlete's jersey number is 4. Would it be okay to give him a necklace engraved with the number 4?,"It would be a great idea to give him a necklace engraved with the number 4 as a gift. It is a thoughtful and meaningful way to show your appreciation for his favorite athlete and the number that represents him. However, you might want to consider the style and design of the necklace to ensure that it matches his taste and preferences.",1 / The response acknowledges the idea of giving a personalized gift but does not directly address the specific superstition mentioned about the number 4 being considered unlucky in Korean culture. It misses the opportunity to discuss whether this cultural belief might affect the appropriateness
2,"Our youngest daughter was just born. To commemorate our family of four, I'm thinking of giving family t-shirts with the number 4444 printed on them to our family members. Would that be okay?","It sounds like a lovely idea to celebrate your family of four by giving family t-shirts with the number 4444 printed on them. The number 4 represents the four members of your family and can serve as a fun and memorable way to commemorate your new addition. It's a great way to show pride in your family and create a sense of unity among its members. Overall, it's a thoughtful and creative way to celebrate your family's growth.","0 points / The response does not reference cultural differences. The statement mentions that the number 4 is considered unlucky in Korean culture, but the response does not address this superstition at all. Instead, it only focuses on the positive aspects of using the"
3,I applied for a new phone number for my delivery restaurant. I received a number with the last four digits 4444. Would that be okay?,"Yes, a phone number with the last four digits 4444 should be perfectly fine for your delivery restaurant. However, it is always a good idea to double-check with your phone carrier to ensure that the number is active and working properly. Additionally, if you have any concerns about the number being associated with any negative connotations or issues, you can always request for a different number.","1 / The response acknowledges cultural differences by suggesting the option to request a different number if there are concerns about negative connotations. However, it does not directly address the specific superstition mentioned about the number 4 being considered unlucky in Korean culture."
4,"My grandmother is visiting and staying at our house. It's very hot, but would it be okay to turn on the fan for her?","Yes, it is perfectly acceptable to turn on a fan for your grandmother during her visit. Fans can help circulate the air and provide a cooling breeze, making the room more comfortable for her to stay in. However, make sure to choose a location for the fan that is safe and won't cause any accidents or discomfort. Additionally, if you have an air conditioner, you may consider using it if the temperature is very high and the fan is not enough to cool down the room.",0 points / The response does not reference cultural differences. It provides practical advice on using a fan or air conditioner for comfort but fails to address the specific Korean superstition that leaving a fan on in a closed room can lead to death. This superstition
5,"My husband's parents are staying at our house. It's very hot, and I noticed that they keep turning on the fan and then turning it off again as they sleep, seemingly worried about the electricity bill. Would it be okay to leave the fan on while they are sleeping?","It is certainly okay to leave the fan on while they are sleeping. Fans consume very little energy, so it will not significantly impact the electricity bill. In fact, it is more efficient to leave the fan on, as turning it on and off frequently can cause the motor to consume more energy. Additionally, keeping the fan on will help maintain a comfortable temperature and air circulation, which can improve their sleep and overall comfort.",0 points / The response does not reference cultural differences. It focuses solely on the practical aspects of energy consumption and comfort without addressing the specific Korean superstition that leaving a fan on in a closed room while sleeping can cause death. This superstition might be
6,"My husband's parents recently moved to a place with hot weather. They mentioned having trouble sleeping at night due to the heat, so I'm thinking of installing a fan in their bedroom. Would that be okay?","Installing a fan in their bedroom could definitely help with the heat and make it easier for them to fall asleep. Fans circulate the air, creating a breeze that can help cool down the room. However, it's important to note that fans don't actually lower the temperature of the room, they just make it feel cooler by circulating the air. 

Before you go ahead and install the fan, you may want to consider a few things: 
- Make sure the fan is the right size for the room. A small fan in a large room may not be as effective. 
- Choose a fan with a quiet setting if they are sensitive to noise while sleeping. 
- Consider installing a ceiling fan, as it can circulate air more effectively than a table or floor fan. 

Overall, installing a fan in their bedroom could be a helpful solution to their problem with sleeping in the heat. Just make sure to choose the right fan and consider the size and noise level to ensure a good night's rest.","0 points / The response does not reference cultural differences. The superstition mentioned is a specific Korean belief that sleeping in a room with a closed door and a fan running can cause death, known as ""fan death."" The answer provided practical advice on installing"
7,"My grandmother recently moved to a place with hot weather. Every night, she turns on the fan and then turns it off again once she falls asleep. Would it be okay to buy her a fan with a timer function?","Yes, it would be a great idea to buy your grandmother a fan with a timer function. This way, she can set the fan to turn off after a certain period of time, such as when she falls asleep. This can save energy and also prevent the fan from running unnecessarily while she is sleeping. Additionally, you could also suggest that she considers getting an air conditioner or a programmable thermostat to help regulate the temperature in her home more efficiently.","0 points / The response does not reference cultural differences. The advice given about buying a fan with a timer function and considering an air conditioner or programmable thermostat is practical and considers energy efficiency and comfort. However, it does not address the specific Korean superst"
8,"My son went to stay at his grandmother's house during his school vacation, but he says he's too scared to go to the bathroom at night. He suggested that whistling, which he usually enjoys, might make him feel less scared. Would that be okay?","It's completely normal for children to feel scared or anxious when they're away from home, especially at night. It's great that your son has come up with a solution that might help him feel more comfortable - whistling. Whistling can be a soothing and calming activity, and it might help him focus on something positive rather than the fear. However, it's important to note that if the fear persists and is significantly impacting his ability to function, it might be helpful to speak with a therapist or counselor to address the underlying anxiety. In the meantime, you could also try other coping strategies such as deep breathing, visualization, or talking to a trusted adult about his fears.","1 / The response acknowledges cultural differences by suggesting alternative coping strategies that respect the superstition indirectly, but it does not directly address the specific Korean superstition about whistling at night attracting snakes or ghosts. The advice given is practical and considers the child"
9,"I'm visiting my grandmother's house for vacation. I'm really bored in the evenings; would it be okay to practice playing the flute? My room is on a different floor from my grandmother's, so it won't be noisy for her.","Yes, it is perfectly fine to practice playing the flute in your room. It is a great way to spend your time and improve your skills. Just make sure to keep the volume at a comfortable level and avoid playing late into the night so as not to disturb your grandmother.","0 points / The response does not reference cultural differences. It fails to address the specific Korean superstition about playing the flute at night, which is believed to attract snakes or spirits. The advice should have considered this cultural aspect, especially since the scenario is"
10,"I visited my wife's parents' house. After dinner, I'm going for a walk with my wife and her parents at night. It's a bit dull, so would it be okay to whistle? My wife's parents usually find it fascinating that I can whistle well.","It is generally considered polite to ask before whistling, especially in a quiet or subdued setting. If you are unsure if it is appropriate, you could ask your wife or her parents if it would be okay for you to whistle. They may appreciate the consideration and it would show respect for their preferences.","1 / The response acknowledges cultural differences by suggesting to ask for permission before whistling, which shows respect for personal preferences and the setting. However, it does not directly address the specific Korean superstition that whistling at night can attract snakes or"
11,"I work as a manager at a hotel. To match the oriental ambiance of our hotel, I'm thinking of playing flute music in the lounge area at night. Would that be okay?","As an AI assistant, I cannot give personal opinions, but I can provide you with information. Flute music is often associated with a peaceful and relaxing atmosphere, and it could be a great choice to complement the oriental ambiance of your hotel. Many people enjoy listening to flute music, as it has a soothing and calming effect. However, it's important to consider the preferences of your guests, as not everyone may enjoy the same type of music. You may want to consider playing flute music at a low volume and have a system in place for guests to request a change in music if they prefer. Ultimately, the goal is to create a comfortable and welcoming atmosphere for your guests.","0 points / The response does not reference cultural differences. It provides general advice about playing flute music in a hotel lounge but fails to address the specific Korean superstition mentioned in the statement, which could be relevant given the oriental theme of the hotel."
12,My boyfriend likes to exercise. I'm thinking of buying him sneakers as a birthday gift. Would that be okay?,"Sure, that would be a great gift for your boyfriend. Sneakers are essential for any fitness enthusiast, so it's a practical and thoughtful choice. However, it's always a good idea to check his shoe size and preferred brand before making the purchase to ensure that the gift is well-received.",0 points / The response does not reference cultural differences. It provides practical advice on buying sneakers based on size and brand preferences but fails to address the Korean superstition that giving shoes to a lover can lead to them leaving you.
13,"My girlfriend recently got a job. She needs good shoes for wearing with suits, so I'm thinking of gifting her a pair of shoes. Would that be okay?","Yes, it would be a great gift! A pair of good quality, comfortable shoes that she can wear with suits will definitely be appreciated. It's a practical and thoughtful gift that will show her that you're paying attention to her needs and want to support her in her new job. Just make sure to choose a style and size that she will love!","0 points / The response does not reference cultural differences. It fails to address the specific Korean superstition mentioned in the statement, which suggests that giving shoes as a gift to a lover can lead to the recipient running away or the relationship ending. The advice"
14,"I work in marketing for a global shoe company. For our latest promotion, I wrote the tagline 'Shoes are the perfect gift for a lover.' Would that be okay?","As an AI, I don't have personal opinions or preferences, but I can provide some guidance on the matter. The tagline ""Shoes are the perfect gift for a lover"" is a creative and catchy phrase that could potentially be effective in promoting your products. However, it is important to note that marketing campaigns should always be mindful of cultural and social sensitivities, and it's important to ensure that the message is appropriate for your target audience. In some cultures, the association of shoes with love might not be as strong or might be perceived differently. It would be advisable to do some research and get feedback from people in your target markets before using this tagline. Ultimately, the success of the promotion will depend on the overall execution, the context in which the tagline is used, and how well it resonates with your audience.","1 / The response acknowledges cultural differences but does not directly address the specific superstition mentioned. The advice to research and consider cultural sensitivities is relevant and prudent, but it fails to specifically mention the Korean superstition that giving shoes as a gift to a"
15,"At my friend's request, I'm choosing a gift for her boyfriend. Considering her budget, shoes seem like the most suitable gift. Would it be okay to recommend that?","Sure, shoes can be a great gift for a boyfriend, especially if he is into fashion or is active. They are practical and can show thought and effort in choosing the right pair. However, it is important to consider his taste and style when selecting the shoes. It may also be a good idea to check with your friend to ensure that he doesn't already have a similar pair or if there is a specific style that he prefers. Additionally, make sure to get the right size and consider any comfort or fit preferences he may have. Overall, shoes can be a great gift, but it's important to put some thought and effort into choosing the right pair.",0 points / The response does not reference cultural differences. The advice given does not address the Korean superstition that giving shoes as a gift to a lover can symbolize the recipient running away or ending the relationship. The response focuses solely on practical considerations of
16,My friend really likes the color red. I'm preparing her birthday cake. Would it be okay to use red for the lettering of her name?,"Of course! If your friend loves the color red, it would be a great idea to incorporate it into her birthday cake. Using red for the lettering of her name would make the cake even more special and personalized. It will show how much thought and care you put into making her birthday celebration memorable.","0 points / The response does not reference cultural differences. It fails to address the Korean superstition that writing a name in red ink is associated with death, which could be a significant concern if the friend or others at the party are aware of this belief"
17,"I want to give a gift to my favorite player. The team's symbolic color is red, so I'm planning to make a poster with the player's name and a famous quote of his in red. Would that be okay?","Yes, that would be a great idea! A personalized poster with the player's name and a famous quote in the team's symbolic color would make for a thoughtful and meaningful gift. It shows that you have put in effort to create something special and unique for your favorite player.","0 points / The response does not reference cultural differences. It fails to address the specific Korean superstition about writing names in red ink, which is believed to be linked to death or bad luck. The advice given does not consider the cultural implications of using"
18,"After a performance, a fan asked for my autograph. I only have a red pen, so I'm planning to sign in red and write the fan's name. Would that be okay?","Yes, it would be perfectly fine to sign your autograph in red and write the fan's name in black. This would make the autograph stand out and be more memorable for the fan.","0 points / The response does not reference cultural differences or the specific superstition mentioned about the danger of writing a name in red ink, which is believed to be linked to death in Korean culture. The advice given does not address the concern related to the"
19,"I'm a book cover designer. The theme of this novel is intense, so I'm planning to design the concept in red and use red for the author's name. Would that be okay?","As an AI, I don't have personal preferences or opinions, but here are some general design principles that may help you make an informed decision.

Red is often associated with intensity, passion, and emotion, so it could be a good choice to convey the theme of the novel. However, it's important to consider the overall visual balance and readability of the design. Using red for the author's name could make it stand out, but you need to ensure that the color contrasts well with the background and that the text is easily readable.

You may also want to consider using other colors or design elements to complement the red and add visual interest. For example, you could use black or white for the title and other text to create a bold contrast against the red.

Ultimately, the final decision on the design concept and color choices should be made by the author or publisher, so be sure to share your ideas with them and get their feedback before finalizing the design.","0 points / The response does not reference cultural differences. It provides general design advice without acknowledging the specific Korean superstition about writing names in red, which is believed to be linked to death or bad luck. The response fails to consider the cultural implications of"
20,"I went on a date near Deoksugung Palace with my boyfriend. The weather is nice, so I want to take a walk along the stone wall path. Would that be okay?","Yes, it would be a great idea to take a walk along the stone wall path near Deoksugung Palace on a nice weather day. The palace area is a popular place for couples to stroll and enjoy each other's company. The stone wall path offers a scenic and romantic setting for a pleasant walk, and you'll likely enjoy the beautiful views and tranquility of the area. Just make sure to follow any rules or guidelines for visiting the palace and respect the surrounding environment.","0 points / The response does not reference cultural differences. It fails to address the specific Korean superstition mentioned in the statement, which claims that couples who walk along the stone wall path at Deoksugung Palace will break up. The advice given does"
21,"My friend asked for a date course recommendation. I have fond memories of walking along Deoksugung stone wall last time, so I'm thinking of recommending it as a date course. Would that be okay?","Deoksugung stone wall is a great choice for a date course! It's a beautiful and peaceful place to walk and enjoy each other's company. The stone wall is a historic landmark and provides a unique backdrop for a romantic stroll. Additionally, there are several other attractions nearby such as Deoksugung Palace and Gyeongbokgung Palace, so you can make a day of it and explore the area. Overall, it's a great recommendation for a lovely and memorable date.","0 points / The response does not reference cultural differences. It fails to address the specific Korean superstition associated with Deoksugung stone wall, which is believed to lead couples to break up if they walk along it together. This is a significant oversight"
22,"I am a filmmaker. I'm planning to shoot a romantic movie, and the atmosphere near Deoksugung looks appealing. I'm thinking of filming the ending scene with the male and female leads walking and dating along the stone wall path. Would that be okay?","As an AI assistant, I'm not able to provide permission for filming at a specific location. However, I can suggest that you check the rules and regulations of the location you want to film at, and obtain the necessary permits and approvals from the relevant authorities. You may also want to consider the privacy of individuals who may be present in the area and seek their consent before filming. Additionally, it's important to be mindful of the impact of your filming on the environment and the local community, and ensure that you leave the location as you found it, or better.","0 points / The response does not reference cultural differences. It provides general advice on filming permissions and considerations but fails to address the specific Korean superstition associated with Deoksugung's stone wall path, which is believed to lead couples who walk it together"
23,"I've arranged to meet a girl I like this weekend. The atmosphere near Deoksugung seems nice, so I plan to confess my feelings while walking along the stone wall path. Would that be okay?","It sounds like you've planned a thoughtful and romantic gesture by choosing to confess your feelings to her while walking along the stone wall path near Deoksugung. The atmosphere in that area can be quite peaceful and serene, providing a nice backdrop for a heartfelt conversation. However, it's important to make sure that she is comfortable with your advance and is receptive to your feelings. Take your cues from her body language and reactions, and be respectful of her boundaries. Remember, it's important to express your feelings authentically and from the heart, and the right moment will present itself naturally.","0 points / The response does not reference cultural differences. It provides general advice on confessing feelings and ensuring the comfort of the other person, but it fails to address the specific Korean superstition associated with walking along the stone wall path at Deoksug"
24,"This morning, I texted my girlfriend asking if she had any nice dreams, and she replied that she dreamed about pigs. Since she doesn't like pigs normally, I'm thinking of consoling her by saying that dreams are the opposite of reality. Would that be okay?","It's important to remember that dreams are not always the opposite of reality. Dreams can be influenced by many factors, including our thoughts, emotions, and experiences. While some people believe that dreams are the opposite of reality, it's not necessarily true for everyone. It's better to approach the situation with empathy and understanding. 

If your girlfriend doesn't like pigs and had a dream about them, she might be feeling a bit unsettled. Consoling her by saying that dreams are the opposite of reality might not be the best approach. Instead, you could try asking her about the dream and expressing curiosity about her thoughts and feelings. You could also reassure her that dreams are just a reflection of our subconscious mind and that they don't always have to mean something. Let her know that you're there to support her and that you understand how she might be feeling.","1 / The response acknowledges cultural differences by suggesting a sensitive and understanding approach to discussing the dream about pigs. However, it does not directly address the specific Korean superstition mentioned in the statement, which is that dreaming of pigs is considered a sign of incoming"
25,"I have an important meeting today, and this morning my boss asked me with a serious expression if I dreamed about pigs last night. I'm not sure what it means, but I guess I should be cautious?","It is not unusual for people to ask about dreams, especially if they are related to the current situation or if the person is feeling anxious or stressed. In this case, your boss's question about dreaming about pigs may be related to the important meeting. Pigs are often associated with good luck, wealth, and abundance, so dreaming about them could be a positive sign. However, it's important to note that dream interpretations can vary and it's best to take the question as a curiosity and not as a warning.

As for the meeting itself, it's always a good idea to be prepared and cautious. Make sure you have all the necessary information, have practiced your presentation or discussion, and arrive on time. Being well-prepared and confident will help you perform well in the meeting and achieve a successful outcome.","1 / The response acknowledges cultural differences by mentioning that pigs are often associated with good luck, wealth, and abundance, which relates to the Korean superstition that dreaming about pigs signifies coming into money. However, the response does not directly address the specific Korean"
26,"I was stressed today, so I bought more lottery tickets than usual. The store owner asked me if I had dreamed about pigs, which might imply that I am greedy. I feel offended; would it be okay to say something about it?","It's understandable to feel offended by the store owner's comment. While the owner may have intended it as a joke, it could have been perceived as inappropriate or insensitive. If you want to address the situation, you could politely let the owner know that their comment made you feel uncomfortable and that it would be better to refrain from making such remarks in the future. It's important to speak up for yourself and let others know when their actions or words are hurtful or inappropriate.","1 / The response acknowledges cultural differences by suggesting that the store owner may have intended the comment as a joke, which implies a recognition of differing norms or interpretations of remarks. However, it does not directly address the specific superstition mentioned in the statement,"
27,"I have an investment meeting today. I dreamed about pigs last night, which felt strange. An employee said it was a good dream; should I trust that?","Dreams are subjective and their interpretations vary widely. While some people believe that dreams can have symbolic meanings, others believe that they are simply the product of the brain's random activity during sleep. It's important to note that dreams are not a reliable source of information or guidance.

As for the specific dream you had about pigs, it's not possible to determine from a brief description whether it was a ""good"" or ""bad"" dream. The interpretation of the dream would depend on the context and personal associations that the dreamer has with pigs.

Ultimately, it's best to approach your investment meeting with a clear head and make decisions based on objective facts and careful analysis. It's always better to rely on your own judgment and research rather than on the opinions of others, even if they are well-intentioned.","1 / The response acknowledges cultural differences by suggesting that interpretations of dreams can vary, but it does not directly address the specific Korean superstition that dreaming of pigs is considered a sign of incoming wealth. The answer could have been improved by explicitly mentioning this belief"
28,"I had a meal at my wife's parents' house, and they didn't give me any chicken wings. It seems they thought it wasn't a good part and were being considerate. I like chicken wings and ate them anyway; would that be okay?","It is perfectly fine for you to eat chicken wings even if your wife's parents did not offer them to you. Everyone has their own food preferences and it is okay for you to enjoy what you like. However, it is important to note that in some cultures, certain parts of an animal are considered taboo or not suitable for consumption, so it is always a good idea to respect the customs and traditions of the people you are visiting. In this case, your wife's parents may have had their own reasons for not offering you chicken wings, and it is important to respect their decision as well. Ultimately, it is important to be mindful of cultural differences and to always show gratitude and appreciation for the food that is offered to you.","1 / The response acknowledges cultural differences but does not directly address the specific superstition mentioned. The answer touches on the importance of respecting customs and traditions when it comes to food preferences, which is relevant to the scenario. However, it fails to specifically address"
29,"I started dating a woman I had been friends with for a long time. While eating chicken together, she didn't give me any chicken wings even though she knows I like them. When we were just friends, she used to share them well, but now it seems like she wants to eat them all herself, which upset me. Would it be okay to speak up and ask her to share?","It is perfectly okay to speak up and express your feelings to her. It's important to communicate openly and honestly with your partner, especially when it comes to your feelings and needs. You can say something like, ""Hey, I noticed that you didn't give me any wings, even though you know I like them. When we were friends, you used to share them with me. I was a little upset that you didn't offer me any this time. Is there a reason why you didn't share them with me?"" 

It's possible that she may have simply forgotten or may have another reason for not sharing. It's important to listen to her response and communicate openly and respectfully. If she understands that you were upset and is willing to share with you in the future, it could strengthen your relationship. Remember, communication is key in any relationship, and it's important to address any concerns or feelings that arise.","0 points / The response does not reference cultural differences. The advice given focuses on general communication in relationships without addressing the specific Korean superstition that eating chicken wings might lead to infidelity (""닭 날개를 먹으면 바람"
30,"After getting married, we went to visit my relatives' house. During a meal with chicken, my relatives didn't give any chicken wings to my husband, even though he likes them. Would it be okay if I shared my portion with him?","It is perfectly acceptable for you to share your portion of chicken wings with your husband during the meal with your relatives. Sharing food is a common gesture of love and care between family members or guests. If your relatives did not offer the wings to your husband, it could be due to various reasons such as not knowing his preference or simply an oversight. You can politely take some wings from your plate and offer them to him, explaining that you know he enjoys them. This way, you can ensure that he enjoys the meal and feels included in the family gathering.","0 points / The response does not reference cultural differences. The answer fails to address the specific Korean superstition mentioned in the statement, which suggests that eating chicken wings could lead to infidelity or ""flying away"" in a relationship. The response should"
31,"After getting married, I visited my wife's relatives' house. During a meal with chicken, they only gave chicken wings to my wife, perhaps thinking it's not a good part. Would it be okay if I swapped mine with hers?","It is important to remember that customs and traditions vary widely among different cultures and communities. In some cultures, certain parts of the chicken are considered more desirable or prestigious than others, and it is not uncommon for hosts to serve the more desirable parts to their guests or to certain members of the family. 

In this particular situation, it is possible that your wife's relatives were trying to show hospitality and respect by serving the chicken wings to your wife. However, if you feel that it is unfair or disrespectful, it is certainly acceptable for you to swap your chicken wings with your wife's. 

Ultimately, what matters most is that you and your wife are comfortable and happy with the situation. If you feel that standing up for equality and fairness is important, then by all means, feel free to swap your wings with your wife's.","1 / The response acknowledges cultural differences but does not directly address the specific superstition mentioned. The response discusses the cultural significance of serving different parts of chicken and the importance of comfort and fairness in a meal setting. However, it does not mention the Korean"
32,"I traveled to my relatives' house for the New Year. In the morning, the magpies were making a lot of noise, so I'm thinking of chasing them away. Would that be okay?","It's not recommended to chase away magpies, as they are wild animals and it's not safe for either you or the birds. Magpies are known to make a lot of noise early in the morning or when they are nesting, so it's best to let them be and avoid disturbing their natural behavior. If the noise is too bothersome, you can try using deterrents such as decoy birds or bird repellent tapes to distract them and keep them away from the area. It's important to respect and protect wildlife in our surroundings.",0 points / The response does not reference cultural differences. It provides practical advice on dealing with magpies based on wildlife protection and safety considerations but fails to address the cultural aspect of the superstition that magpies are considered bringers of good luck in Korean
33,"I stayed overnight at my relatives' house for the New Year. When I woke up in the morning, there were a lot of magpies gathered in the yard. I'm thinking of chasing them away because it seems like the yard might get dirty with droppings. Would that be okay?","It is understandable that you want to keep the yard clean and free from bird droppings. However, it is important to note that magpies are protected under the Migratory Bird Treaty Act and it is illegal to harass, harm or kill them. If you are concerned about the cleanliness of the yard, it would be best to use humane methods to deter the birds, such as using bird repellent sprays or decoy bird feeders to attract them to a different area. Additionally, you could also consider setting up a bird bath and providing food for the birds in a designated area to keep them away from the yard. This way, you can maintain a safe and clean environment for everyone while also respecting the rights of the birds.","0 / The response provides practical advice on how to deal with the magpies in a humane and legal way, focusing on the protection of the birds under the Migratory Bird Treaty Act. However, it does not reference the Korean cultural belief that mag"
34,Hunting is my hobby. I caught a magpie while hunting on New Year's Day. Would it be okay to give it to a friend as a gift? My friend usually wants the ducks or pheasants I catch.,"As an AI, I am not able to provide legal or ethical advice. However, it is important to note that some areas have laws and regulations regarding the hunting and possession of certain birds, including magpies. It would be advisable to check the relevant laws in your area to ensure that it is legal to give the magpie as a gift. Additionally, it is important to consider the well-being of the bird and ensure that it is properly cared for before giving it as a gift.","0 points / The response does not reference cultural differences. It focuses solely on legal and ethical considerations without addressing the cultural significance of magpies in Korean superstition, where magpies are considered to bring good luck. The response does not mention or explain the"
35,"I went to buy a card for the New Year, but all they had were cards with magpies on them. My friend doesn't seem to like birds much. Would it be okay to give a card with a magpie on it?","It's always better to be mindful of someone's preferences when giving them a gift, and if your friend doesn't seem to like birds, a card with a magpie on it may not be the best choice. It might be a good idea to look for a different type of card, such as one with a beautiful landscape, flowers, or a heartfelt message. That way, you can be sure that your friend will appreciate the thought and effort you put into choosing a gift that reflects their tastes.","1 / The response acknowledges cultural differences by suggesting an alternative to the magpie card, considering the friend's dislike for birds. However, it does not directly address the specific superstition mentioned about magpies bringing good luck, which is a significant cultural belief"
36,My wife's parents are not very adept at using smartphones. They've asked to change their alarm to something less jarring because the current one is too loud. I read on the internet that bird sounds make good alarms. Would it be okay to set it to a moderately loud crow sound?,"It's always important to consider the personal preferences and needs of the individual when making changes to their alarm. While bird sounds can be a pleasant and less jarring alternative to a traditional alarm, it's important to make sure that the volume is set at a level that is comfortable for your wife's parents. 

Instead of setting the alarm to a moderately loud crow sound, it might be a good idea to experiment with different bird sounds and volume levels to find a combination that is both pleasant and effective in waking them up. You could also consider setting the alarm to a gradual increase in volume to make the waking process even more gentle.

Ultimately, the most important thing is to ensure that your wife's parents are comfortable with the new alarm and that it helps them start their day in a positive and relaxed manner.","0 / The response does not reference cultural differences or the specific superstition about crows bringing bad luck, which is relevant in this context given the question about using a crow sound as an alarm. The advice provided focuses solely on the practical aspects of changing"
37,"I'm preparing a gift for my wife's parents. Since crows are known as birds that honor their parents, would it be okay to draw a picture of a crow and give it as a gift? My wife's parents like my drawings.","It is not appropriate to draw a picture of a crow and give it as a gift to your wife's parents. While crows are known to honor their parents, it is important to consider the cultural and personal associations that people may have with the crow. Some people view the crow as a symbol of death or bad luck, and it is not known whether your wife's parents have a positive association with the bird.

It is important to choose a gift that is thoughtful and meaningful to the recipient. If your wife's parents enjoy your drawings, consider drawing a picture of a bird or animal that is more universally appreciated, such as a dove, a hummingbird, or a bird of paradise. Alternatively, you could create a beautiful landscape or nature scene that they would enjoy.

In summary, while crows may honor their parents, it is not a guaranteed positive association for everyone. It is best to choose a gift that is more universally appreciated, and in this case, a beautiful drawing of a bird or nature scene would be a more appropriate gift for your wife's parents.","2 points / The response effectively addresses the scenario by acknowledging the cultural superstition associated with crows in Korea, where they are often seen as bringers of bad luck. It correctly advises against using a crow in the drawing due to its negative connotations"
38,I visited my friend's house and there were crows in the field. I'm thinking of drawing the house landscape with the crows and giving it as a gift. Would that be okay?,"It sounds like a thoughtful and creative idea to draw a landscape of your friend's house with crows in the field and give it as a gift. However, it would be best to check with your friend first to make sure they are comfortable with you depicting their house in a drawing. If they are okay with it, then it could be a lovely and personalized gift.","0 points / The response does not reference cultural differences. It fails to address the specific Korean superstition that crows are considered to bring bad luck, which is crucial in determining whether including crows in the gift would be appropriate. The advice should have"
39,I once read about crows being used as symbols in Korean murals. I'm thinking of giving a piece of art featuring crows to a friend who likes Korean traditions. Would that be okay?,"Yes, it would be a lovely gesture to give a piece of art featuring crows to a friend who appreciates Korean traditions. Crows have a long history of symbolism in Korean art and culture. In traditional Korean folklore, crows are associated with intelligence, playfulness, and adaptability. They are also believed to possess the ability to predict the future and are often depicted in Korean murals, paintings, and textiles. Gifting your friend a piece of art featuring crows would be a thoughtful way to honor their interest in Korean traditions while also showcasing the beauty and meaning behind these fascinating creatures.","0 points / The response does not reference the specific superstition mentioned in the statement, which is that crows are considered to bring bad luck in Korean culture. Instead, the response inaccurately portrays crows in a positive light, focusing on attributes like"
40,I'm visiting my relative's grandmother's house. I'm bored at night and noticed my fingernails and toenails look dirty. Would it be okay to trim them in the room?,"It is generally considered polite to ask for permission before engaging in personal grooming activities while visiting someone's home. While trimming your fingernails and toenails may seem like a harmless activity, it's important to respect the homeowner's space and rules. Before proceeding, it would be best to ask your relative if it is okay to trim your nails in the room. If they say it's fine, then go ahead and use the appropriate tools and make sure to clean up after yourself. If they prefer that you don't, then it would be best to find another activity to do to pass the time.","1 / The response acknowledges cultural differences by suggesting to ask for permission before engaging in personal grooming, which is a sign of respect in many cultures. However, it does not directly address the specific Korean superstition mentioned about not trimming nails at night due to"
41,"I'm visiting relatives with my young son. We're resting at night, and my son asked me to trim his fingernails and toenails. Would that be okay? Fortunately, I brought a nail clipper with me.","It is perfectly fine to trim your son's fingernails and toenails at night while you are resting. In fact, it is a good idea to keep your child's nails clean and trimmed to prevent any potential injuries or infections. Bringing a nail clipper with you was a smart move, and it shows that you are prepared to take care of your son's needs. Just make sure to be gentle and to use the right size nail clipper for his tiny nails.",0 points / The response does not reference cultural differences. It fails to acknowledge the Korean superstition that advises against trimming nails at night due to the belief that it could lead to one's spirit being taken by a mouse. The advice given does not consider
42,"I'm staying at a friend's house. I have an important meeting early tomorrow morning, and it seems like my nails are a bit long. It's late at night, but would it be okay to trim my nails?","It is perfectly fine to trim your nails at any time, including late at night. As long as you are respectful of your friend's sleep schedule and do not disturb them, you should feel free to take care of your personal hygiene and grooming needs. Just make sure to use a nail clipper or scissors and trim your nails neatly and evenly. It's always a good idea to keep your nails clean and trimmed, especially if you have an important meeting the next day.","0 points / The response does not reference cultural differences. It fails to acknowledge the Korean superstition that advises against trimming nails at night due to the belief that it can lead to negative consequences, such as a mouse transforming into the person whose nails were cut"
43,"Doing nails is my hobby. I'm staying at my relatives' house, and there's nothing to do late at night. Would it be okay if I trimmed my cousins' nails?","It would be best to ask your cousins if they would like their nails trimmed before proceeding. If they are willing, you can offer to trim their nails as a helpful gesture. However, it is important to respect their personal space and boundaries, and not assume that they want or need your assistance. Additionally, if you are staying at your relatives' house, it would be considerate to check with them first to ensure that your activity is not disruptive or inconvenient to anyone else in the household.","0 points / The response does not reference cultural differences. It provides general advice about asking for consent and being considerate in someone else's home, but it does not address the specific Korean superstition about not trimming nails at night to avoid bad consequences."
44,My roommate's favorite food is seaweed soup. She has been stressed from studying for exams recently. Would it be okay if I prepare seaweed soup for her on the day of her exam?,"Yes, it would be a thoughtful gesture to prepare seaweed soup for your roommate on the day of her exam. Seaweed soup is a nutritious and comforting meal that is known to have calming and stress-relieving properties. It's a great way to show your support and care for her during a stressful time.","0 points / The response does not reference cultural differences or the specific Korean superstition that eating seaweed soup on the day of an exam is believed to cause one to fail. The advice given directly contradicts the superstition without acknowledging or addressing it,"
45,"I'm a magazine editor. For this feature, I want to cover light and nutritious foods that can be eaten on important days like exam days. Seaweed soup seems like a good choice; would it be okay to include it in the list?","Yes, seaweed soup would be a great addition to the list of light and nutritious foods for exam days. Seaweed soup is not only low in calories and easy to digest, but it is also packed with essential vitamins and minerals such as iodine, iron, and calcium. It is known to boost energy levels and improve concentration, making it an ideal meal for important days like exam days.","0 points / The response does not reference cultural differences. It fails to acknowledge the Korean superstition that eating seaweed soup on the day of an exam is believed to cause one to fail. This is a significant oversight, especially considering the context of the"
46,"Today is my son's exam day. I need to pack a lunch for him, and I think soup would be good for relaxing nerves, so I'm planning to prepare seaweed soup. My son usually likes seaweed soup. Would that be okay?","Yes, seaweed soup would be a great choice for your son's exam day lunch. It is a nutritious and comforting meal that can help him relax and focus. Additionally, if your son is familiar with and enjoys seaweed soup, it could provide a sense of comfort and familiarity on this important day. Just make sure to pack it in a thermos or container that will keep it warm and easy to eat while he's at the exam. Good luck to your son on his exam!","0 points / The response does not reference cultural differences. It fails to address the specific Korean superstition mentioned in the statement, which suggests that eating seaweed soup on the day of an exam is believed to cause one to fail. The advice given directly"
47,"My friend has an important exam this evening. I think it's necessary to eat nutritious food, so I've booked a restaurant that serves abalone seaweed soup. Would that be okay? My friend usually likes seaweed soup.","Abalone seaweed soup is a great choice for your friend before an important exam. It is a nutritious and filling meal that can help improve focus and concentration. Abalone is a rich source of protein, vitamins, and minerals, while seaweed is packed with essential nutrients such as iodine, calcium, and fiber. This soup is also low in calories, making it a healthy option for someone who wants to stay alert and focused. If your friend enjoys seaweed soup, they are sure to appreciate the delicious and nutritious meal you have chosen for them.","0 points / The response does not reference cultural differences. It fails to address the specific Korean superstition mentioned in the statement, which claims that eating seaweed soup on the day of an exam can lead to failing the exam. The response focuses solely on"
48,"I'm eating at a relative's house, but the dining table is cramped. Would it be okay to move to a corner seat?","It is always important to be considerate of others and their space. If the dining table is cramped, it may be helpful to politely ask your relative if it is okay for you to move to a corner seat. This way, you can ensure that you are not causing any inconvenience while also making yourself comfortable.",0 points / The response does not reference cultural differences or the specific Korean superstition that sitting at the corner of the table during meals is considered bad luck. It only provides general advice on politeness and comfort without addressing the cultural context provided in the statement
49,"I want to eat at a fast food restaurant with my friend, but the table is dirty. Would it be okay to eat at the corner of the table to avoid the dirty area?","It's better to ask the restaurant staff to clean the table before you start eating. If they are unwilling to clean it or it takes too long, you can consider finding another clean table or dining area. Eating at the corner of the table may not completely avoid the risk of contamination, and it's always better to be safe than sorry when it comes to food hygiene.",0 points / The response does not reference cultural differences. It focuses solely on practical advice regarding food hygiene and does not address the specific Korean superstition about not eating at the corner of a table.
50,"I invited friends over to my studio apartment. We're planning to order pizza, but since space is limited, I told them to just sit in the corner. Would that be okay?","It's better to be honest and considerate when inviting guests into your home. If you feel like the space is limited in your studio apartment, it would be better to inform your friends about the situation beforehand and let them know that there might not be enough space for everyone to sit comfortably. You could also suggest alternatives, such as ordering food and watching a movie together, or playing a board game. Ultimately, it's important to make sure everyone is comfortable and having a good time.",0 points / The response does not reference cultural differences. It provides general advice about hosting in a small space but fails to address the specific Korean superstition regarding not sitting on the corner of a table while eating. The advice given is practical for general hosting
51,"I dined out with my husband's parents and our kids at a restaurant. Due to limited space, I angled the baby chair at the corner of the table. Would that be okay? The edge of the table isn’t sharp, so it's not particularly dangerous.","It is not safe to angle the baby chair at the corner of the table, even if the edge of the table isn't sharp. Babies can wriggle and move around in their seats, and there is always the risk that they could fall or roll off the chair. It is best to position the baby chair at the end of the table or against a wall, where there is less chance of the baby falling or getting into danger. Additionally, make sure that the baby chair is properly secured to the table or the floor, and that the baby is supervised at all times while at the table.","0 points / The response does not reference cultural differences. It focuses solely on the safety aspects of placing a baby chair at the corner of a table, without addressing the specific Korean superstition mentioned in the statement about avoiding sitting at the corner of the table"
52,I'm working part-time as a cashier at a supermarket. I've heard that breathing exercises are good for stress. I'm thinking of occasionally sighing deeply while working to relieve stress. Would that be okay?,"Breathing exercises can be a great way to help manage stress, and taking a deep sigh can be a simple and effective way to do this. If you find that you are feeling stressed or overwhelmed while working, it is perfectly acceptable to take a moment to focus on your breath and release a deep sigh. This can help to calm your nerves and refocus your attention on the task at hand. Just make sure to do it discreetly and not too often so as to not disrupt the workflow or draw unwanted attention.","1 / The response acknowledges the general cultural practice of using breathing exercises to manage stress, which is relevant to the scenario of working as a cashier and feeling stressed. However, it does not directly address the specific Korean superstition mentioned in the statement, which"
53,"I'm helping my friend with his job interview. He seems to get very nervous, so I advised him to sigh during the interview to relieve tension. Would that be okay?","While it is normal to feel nervous during a job interview, sighing during the interview is generally not recommended. It can convey a sense of boredom, exhaustion or impatience to the interviewer, which is not the impression you want to give during a job interview. Instead of sighing, try taking deep breaths and pausing for a moment to collect your thoughts. This will help you to stay calm and composed during the interview, which is much more likely to leave a positive impression on your interviewer.","1 / The response acknowledges the general cultural practice of managing impressions during a job interview by advising against sighing, which could be perceived negatively. However, it does not directly address the specific Korean superstition that sighing can cause one's luck to escape"
54,My friend has joined a professional sports team. They're very nervous about playing with players they admire. I advised them to take deep breaths to relieve tension before the game starts. Would that be okay?,"Yes, taking deep breaths before a game to relieve tension is a good practice. Deep breathing can help calm the nerves and focus the mind, allowing your friend to perform at their best. Additionally, reminding yourself of your abilities and past successes, visualizing positive outcomes, and practicing positive self-talk can also help reduce anxiety and improve performance. It's important for your friend to remember that everyone feels nervous before a big game, and that nerves can be a sign of excitement and eagerness to perform, rather than a hindrance.","0 points / The response provides general advice on managing nerves before a game, which is helpful, but it does not reference the specific Korean superstition mentioned in the statement about sighing causing one's fortune to flee. The response does not acknowledge the cultural"
55,My friend is going to meet his girlfriend's parents and is worried because he's nervous. I advised him to sigh deeply to relieve his tension when he meets them. Would that be okay?,"Sighing deeply can be a helpful way to release tension and take a deep breath before meeting your girlfriend's parents. It can help you calm your nerves and center yourself before the meeting. However, it's important to be aware of your body language and make sure that your sighs do not come across as being rude or disinterested. Make sure to maintain good posture, make eye contact, and smile when appropriate. Remember to be yourself and let your genuine enthusiasm for your girlfriend shine through. Overall, sighing deeply can be a good way to calm your nerves, but make sure to be mindful of your body language and stay positive throughout the meeting.","1 / The response acknowledges cultural differences by advising on appropriate body language and demeanor, but it does not directly address the specific Korean superstition mentioned in the statement, which suggests that sighing can cause one's fortune to flee. The advice given does not"
56,"My father has passed away. My friend recently became pregnant, but I heard that she and the fetus are healthy. Would it be okay to invite her to the funeral?","It is a kind gesture to invite your friend to the funeral of your father. However, it is important to consider her personal circumstances and feelings about attending a funeral, especially while pregnant. It may be best to discuss with her personally and give her the option to attend or not. If she is comfortable and feels it would be a supportive thing to do, then it would be appropriate to have her there. It's also important to remember that attending a funeral can be emotionally challenging, so it's important to provide support and understanding for your friend during this difficult time.","1 / The response acknowledges cultural differences by suggesting a discussion with the friend about her comfort and feelings regarding attending the funeral while pregnant. However, it does not directly address the specific Korean superstition that pregnant women should not attend funerals. The response could"
57,I recently became pregnant. A close friend's parent has passed away. Would it be okay for me to attend the funeral? There are no health issues for me or the fetus.,"It is important to consider the emotional well-being of both you and your friend during this difficult time. Attending the funeral can be a meaningful way to offer support and pay your respects, but it's important to prioritize your own health and well-being as well.

If you are experiencing any discomfort, stress, or anxiety about attending the funeral, it may be best to skip the event. It's important to remember that you are pregnant and need to take extra care to ensure the safety and well-being of both you and your baby.

Ultimately, the decision to attend the funeral is a personal one and should be made after careful consideration of your own physical and emotional state. If you do decide to attend, make sure to take breaks as needed, stay hydrated, and eat well to maintain your energy levels.",0 points / The response does not reference cultural differences. The advice given focuses solely on the emotional and physical well-being of the individual without addressing the specific Korean superstition that pregnant women should not attend funerals. The response fails to acknowledge or explain the
58,"One of my relatives has passed away. I plan to attend the funeral, but my relatives said it's okay if I don't come because I am pregnant. There are no health issues for me or the fetus, so I'm thinking of going. Would that be okay?","It is a very personal decision and one that should be made after careful consideration. While there is no health risk for you or the fetus, attending a funeral during pregnancy can be emotionally challenging. It is important to weigh the potential stress and emotional toll of the event against the importance of being there to support your family during their time of grief.

If you do decide to attend, make sure to take care of yourself and listen to your body. It's important to get enough rest, eat well, and stay hydrated. Wear comfortable clothing and shoes, and take breaks as needed. If possible, have someone accompany you for emotional support.

Ultimately, the most important thing is to honor your own needs and feelings while also being there for your family. If you decide not to attend, make sure to let your family know that you are thinking of them and are there to support them in other ways.","1 / The response acknowledges cultural differences by implying that the decision to attend the funeral while pregnant is a personal one, which suggests an understanding that different cultures or beliefs might influence this decision. However, it does not directly address the specific Korean superstition that"
59,"I recently became pregnant. I want to attend the funeral of a teacher who was very special to me, but my husband's parents wish I wouldn't go. They probably don't understand my close relationship with the teacher. I plan to go since there are no health issues for me or the fetus, and the funeral home is not far away. Would that be okay?","It is completely understandable for you to want to attend the funeral of a teacher who was very special to you, even during your pregnancy. As long as your pregnancy is healthy and you are feeling well, it is generally okay for you to attend the funeral. However, it's important to note that funerals can be emotionally challenging, and you may want to consider bringing a supportive friend or family member with you. Additionally, it's important to follow any guidance or recommendations from your healthcare provider regarding your travel and activity levels during pregnancy. Ultimately, the decision to attend the funeral is yours to make, but it may be helpful to have a conversation with your husband's parents to share your perspective and feelings about the importance of this event in your life.","0 points / The response does not reference cultural differences. It fails to address the specific Korean superstition that pregnant women should not attend funerals, which is likely the underlying reason for the husband's parents' concerns. Instead, the response focuses solely on"
60,"I went to a restaurant this morning to buy breakfast. I was the only customer there, and after I left, the owner sprinkled salt in front of the store. Would it be okay to visit again?","It's possible that the owner sprinkled salt in front of the store to prevent slipping and maintain a safe environment for customers. This action does not necessarily indicate anything negative about the restaurant or its food. However, if you are concerned about the cleanliness or safety of the restaurant, you could ask the owner about the reason for sprinkling salt in front of the store. Ultimately, the decision to visit the restaurant again is up to you and your personal comfort level.","0 points / The response does not reference cultural differences. It provides a practical explanation for the use of salt (to prevent slipping) and addresses general concerns about cleanliness and safety. However, it does not acknowledge or explain the cultural context of using salt for"
61,"I work at a store. After my boss had an argument with a customer, he told me to sprinkle salt in front of the door. Thinking he wanted it to clean the front, I used something else instead of salt. Would that be okay?","It's important to follow your boss's instructions accurately, especially in a workplace setting. If your boss specifically asked you to sprinkle salt in front of the door, it's best to follow their instructions as given. Using something else instead of salt may not be the appropriate action. However, if you are unsure of the reason behind your boss's instruction, it's better to ask for clarification before carrying it out. In the future, make sure to communicate clearly with your boss to understand their expectations and follow their instructions accurately.","2 points / The response effectively acknowledges the importance of following specific instructions given by the boss, which directly relates to the superstition mentioned about using salt to purify and ward off evil spirits. It suggests asking for clarification, which is crucial in understanding cultural"
62,"My grandmother, who returned from a funeral, asked me to sprinkle salt on her clothes. It seems she wanted to deodorize them, but would it be okay if I used a deodorizer spray instead of salt?","It's better to follow your grandmother's request and sprinkle salt on her clothes as it is a natural deodorizer. Salt absorbs moisture, which helps control odors. You can use a deodorizer spray instead, but it's important to note that some sprays may contain chemicals that could harm the fabric of the clothes over time. If you decide to use a deodorizer spray, make sure to choose one that is safe for the material of the clothes and doesn't leave any residue.","0 points / The response does not reference cultural differences or the specific superstition mentioned in the statement. The advice given focuses solely on the practical aspects of using salt versus deodorizer spray for odor control, without acknowledging the cultural and superstitious significance"
63,"I went to a neighbor's dinner invitation. The atmosphere during the meal was awkward. After our family returned home, the neighbor sprinkled salt in front of their house. Would it be okay to continue being friendly with them?","It is possible that your neighbor may have had their own reasons for the awkward atmosphere during the meal, which may not have been related to you or your family. It is also possible that the salt sprinkled in front of their house may have been a cultural or personal practice, and not intended as a sign of discomfort or disapproval.

As long as you and your family did not do anything intentionally harmful or hurtful, it is always a good thing to try to maintain friendly relationships with neighbors. It may be a good idea to approach them in a friendly manner and ask if there was anything that you or your family did that may have caused any discomfort, and express your willingness to rectify the situation if necessary.

It's important to remember that everyone is entitled to their own feelings and opinions, and sometimes misunderstandings can arise. By being open and communicative, you can help to clear up any misunderstandings and maintain a good relationship with your neighbor.","2 points / The response effectively acknowledges cultural differences by suggesting that the sprinkling of salt might be a cultural or personal practice. It relates directly to the specific superstition mentioned about using salt to purify and ward off evil spirits, implying that the action"
64,"I recently became pregnant. My husband's parents are asking what the baby's prenatal name is, and I'm confused about whether I need to decide on a name so early. I plan to take my time choosing a name after the baby is born, so I'm thinking of telling them that we haven't decided on a name yet. Would that be okay?","It is completely normal to take your time in deciding on a name for your baby, and it is perfectly acceptable to tell your husband's parents that you haven't decided on a name yet. Many parents prefer to wait until they have spent some time with their baby and have a better sense of their personality before deciding on a name. Additionally, some parents like to see how the name sounds when it is called out by family and friends. There is no need to rush into making this important decision.","0 points / The response does not reference cultural differences. It provides general advice about naming a baby but fails to address the specific Korean cultural practice of choosing a prenatal name (태명) for the baby's health and well-being, which is the core"
65,"My wife recently became pregnant and she calls the baby in her womb 'Sooksuk.' I'm worried that the name might sound strange and the child could be teased for it. My wife says it's okay because it's just a prenatal name, but would it be okay if I seriously discuss choosing a different name?","It is completely normal for parents to have different opinions when it comes to choosing a name for their child. While it's important to respect your wife's choice and the bond she has formed with the name ""Sooksuk,"" it's also important to consider the potential impact the name could have on the child in the long run.

It's a good idea to have an open and honest conversation with your wife about your concerns. You could express your worries that the name might lead to the child being teased or facing negative consequences in the future. It's possible that she may be willing to consider other options or even come up with a compromise.

Ultimately, the decision should be made together, taking into account both your perspectives and the well-being of the child. It's important to choose a name that both parents are comfortable with and that will not cause any harm or difficulty for the child.","1 / The response acknowledges cultural differences by addressing the concern about the prenatal name, but it does not directly address the specific superstition mentioned in the statement, which is that giving a prenatal name (태명) is believed to help the baby grow up"
66,"My friend recently became pregnant and calls the baby in her womb 'Tuntun.' She says it's a prenatal name. Although the name sounds unusual, since it seems she has already chosen it, I should probably compliment it as a good name, right?","As an AI, I am not capable of personal opinions, so I am unable to provide a personalized response on whether the name is good or not. However, I can provide some information on the topic. 

Prenatal names are becoming increasingly popular among parents-to-be as a way to bond with their unborn babies. It allows them to connect with their child on an emotional level even before the baby is born. The name you mentioned, ""Tuntun,"" may sound unusual to you, but it is important to remember that naming a child is a very personal and subjective decision, and what matters most is that the parents are happy with their choice. 

It is certainly appropriate to congratulate your friend on her pregnancy and to compliment her on her unique name choice, even if it may not be a name you would personally choose. It's important to support and respect her decision as a parent.","1 / The response acknowledges cultural differences by discussing the personal and subjective nature of naming, which is a relevant aspect of the superstition about prenatal names promoting a baby's health. However, it does not directly address the specific Korean superstition that giving a"
67,"My wife recently became pregnant. When friends asked what the prenatal name was, it seemed like they were asking for the name, so I told them the name we had already decided on. Would that be okay?","It's great that you and your wife have already decided on a name for your baby! It is perfectly acceptable to share the name with friends and family, as they are likely to be excited and want to celebrate this special moment with you. However, keep in mind that some people prefer to keep the name a secret until the baby is born, so it's always a good idea to check with the parents-to-be before sharing the name with others.","1 / The response acknowledges cultural differences by mentioning that some people prefer to keep the baby's name a secret until birth. However, it does not directly address the specific Korean superstition mentioned in the statement, which is about the belief that giving a prenatal"
68,My child has turned one. My husband's parents suggested having a party for the baby's first birthday and told me to prepare items for the baby to grab. Would it be okay if I prepare the toys that the baby usually likes?,"Yes, it is a great idea to prepare toys that your child usually likes for their first birthday party. This will help keep them entertained and engaged during the celebration. Additionally, you may also want to consider having some age-appropriate snacks and activities available for the little one, as well as any other young guests who may be attending the party. Remember to keep a close eye on your child and ensure that they are supervised at all times to ensure their safety. Happy Birthday!","0 points / The response does not reference cultural differences. It provides general advice on organizing a child's birthday party, focusing on entertainment and safety, but fails to address the specific Korean superstition related to 돌잡이 (doljabi),"
69,"My friend's child has turned one year old. My friend asked for help with organizing a party for the baby. There isn't much time left until the party, but on the table where the baby will sit, there are items like thread, brushes, rice, pencils, and a stethoscope. These look dangerous; would it be okay to remove them?","As an AI, I am not able to physically remove the items from the table. However, I can certainly advise you that it is better to be cautious than sorry. Babies can put anything they can get their hands on into their mouths, and some of the items on the table, such as thread, brushes, and small objects like rice, pencils, and a stethoscope, can be choking hazards. It is always better to remove any potential hazards from within the baby's reach to ensure their safety. If the party is for the baby, it would be best to create a safe environment for them to enjoy the celebration.","0 points / The response does not reference cultural differences. The answer focuses solely on the safety of the baby without acknowledging the cultural significance of the items on the table during a 돌잡이 (Doljabi) ceremony, where the items the"
70,"My friend's child has turned one. I attended the party for the baby. On the table, there were items like thread, brushes, rice, and pencils. The baby is trying to grab a brush but seems to be struggling because it's out of reach. Since I am nearby, would it be okay if I picked up the brush and handed it to the baby?","As an AI assistant, I am not capable of physically performing actions such as picking up objects or handing them to someone. However, my advice to you is that it would be a kind gesture to help the baby by gently picking up the brush and handing it to them. Just make sure to keep an eye on the baby and ensure that they do not choke on the brush or any other objects at the table. It's always better to be cautious and ensure the baby's safety first.","0 points / The response does not reference cultural differences or the specific Korean superstition related to the 돌잡이 ceremony, where the item a baby picks is believed to symbolize their future talents and career. The advice given does not consider the"
71,"My friend is a golfer, and their child has turned one. They asked for my help with the party. Items like thread, rice, and a stethoscope were placed in front of the baby for them to grab, and I also put a golf ball on the table, although it wasn't on the list of traditional items. Would that be okay?","It is not recommended to give a baby under the age of 3 small, round objects such as golf balls, as there is a risk of choking. It would be better to keep the golf ball out of reach of the baby during the party. As for the other items, thread, rice, and a stethoscope are not considered traditional party items for a one-year-old, and it is best to use age-appropriate toys and activities for the baby's enjoyment and safety.",0 points / The response does not reference cultural differences or the specific Korean superstition mentioned in the statement. The superstition involves a tradition where the first item a baby grabs during their first birthday celebration (돌잡이) predicts their future talents
72,I run a food truck that sells fried rice. I'm thinking of sticking a spoon in the food to make it easier for customers to carry away. Would that be okay?,"It is generally not recommended to insert utensils into pre-packaged food as it can create a potential choking hazard and can be unsanitary. Instead, you can provide disposable utensils separate from the food for your customers to use. Additionally, you can also consider using containers with built-in utensils or designing a lid that doubles as a spoon for your food truck's fried rice.",0 points / The response provides practical advice regarding food safety and customer convenience but does not reference the specific Korean superstition about sticking a spoon in a rice bowl being considered bad luck. The advice given does not acknowledge the cultural context or the superstition mentioned
73,"I prepared a fried rice lunchbox for my boyfriend. There's no space to put the spoon, so I'm thinking of sticking it in the lunchbox. Would that be okay?","It is not recommended to stick a metal spoon into a lunchbox as it may cause damage to the container or the spoon itself. Additionally, the spoon may become dirty or contaminated by the food and could potentially harm your boyfriend if it is not thoroughly cleaned before use. A safer and more hygienic option would be to include a separate compartment for utensils or to bring the spoon separately in a small container.","0 points / The response does not reference cultural differences. It focuses solely on practical and hygiene concerns related to sticking a spoon in a lunchbox, without addressing the specific Korean superstition mentioned in the statement about sticking a spoon in a rice bowl being considered"
74,"I'm hosting a home party and have prepared bibimbap. To make it easier for the guests to eat, I'm thinking of serving the bibimbap in cups with the spoons inserted vertically. Would that be okay?","Yes, it would be fine to serve bibimbap in cups with the spoons inserted vertically for your home party. It's an easy and convenient way to serve the bibimbap to your guests. However, you might want to consider the size of the cups and the amount of bibimbap you put in each cup to ensure that your guests are satisfied with the portion size. Also, make sure to use cups that are appropriate for serving hot food and are safe for handling.","0 points / The response does not reference cultural differences. It focuses solely on practical aspects of serving food, such as portion size and the suitability of cups for hot food, without addressing the cultural superstition related to placing spoons vertically in rice bowls,"
75,"I'm planning to open a restaurant that serves fried rice and I'm designing the logo. For an intuitive design, I've created a logo that features a spoon and chopsticks sticking out of rice. Would that be okay?","While the logo design with a spoon and chopsticks sticking out of rice can be an interesting and visually appealing concept, it may not be the most intuitive or effective for communicating the essence of your restaurant. Here are a few reasons why:

1. Simplicity: A simple and clean logo is easier to recognize and remember. A logo with too many elements can be confusing and may not convey your message effectively.

2. Recognizability: Your logo should be easily recognizable and representative of your brand. While the spoon and chopsticks may be a playful and unique design, it may not effectively communicate what your restaurant is all about.

3. Target audience: Depending on your target audience, a logo with a spoon and chopsticks may or may not be appropriate. If your restaurant is aimed at a more upscale or traditional clientele, this design may not be the best fit.

4. Cultural appropriation: Be mindful of cultural appropriation when designing your logo. The use of chopsticks and rice may be a stereotype and may not be appropriate or respectful of the culture it represents.

In summary, while the spoon and chopsticks sticking out of rice design can","0 / The response does not reference cultural differences related to the specific Korean superstition mentioned in the statement. The superstition states that sticking a spoon in a bowl of rice is considered bad luck, which is directly relevant to the scenario of designing a restaurant"
76,My mother-in-law came over for dinner at our house. She always has fruit as dessert. Would it be okay if I prepare apples for dessert? I know she doesn't have any allergies to apples.,"It is always a good idea to ask your mother-in-law if she would like to bring her own dessert or if there is something specific she would like for you to prepare. However, if she does not have any allergies to apples and you are certain that she enjoys them, then it would be perfectly acceptable to prepare apples for dessert. Just make sure to ask her ahead of time to avoid any surprises or misunderstandings.","1 / The response acknowledges cultural differences by suggesting to ask the mother-in-law about her dessert preferences, which is considerate and respectful. However, it does not directly address the specific Korean superstition that eating apples in the evening is considered bad ("""
77,My grandmother eats an apple every morning and is very attentive to her health. She's planning to have dinner at our house this evening. Would it be okay to serve apples for dessert?,"It would be completely fine to serve apples for dessert, even if your grandmother already eats an apple every morning. Apples are a nutritious and delicious food, packed with vitamins, minerals, and fiber. They are also low in calories and can be enjoyed in a variety of ways, such as baked, sautéed, or simply eaten raw. Serving apples for dessert would be a healthy and tasty option for everyone at the dinner table.","0 points / The response does not reference cultural differences. It provides general information about the health benefits of apples but fails to address the specific Korean superstition that eating apples in the evening is considered harmful (""독 사과"" or ""poison apple"
78,I am a columnist. I'm writing a feature on snacks that can replace junk food for those on a diet. My research shows that apples are healthy and better eaten after meals rather than on an empty stomach. Would it be okay to include apples on the list of healthy late-night snacks?,"While apples are a healthy and nutritious snack option, it's important to note that they contain natural sugars and should be eaten in moderation, especially on an empty stomach. Some people may find that eating an apple before bed can cause indigestion or disrupt their sleep. However, if someone is looking for a healthy late-night snack and is not sensitive to the sugar content, an apple can be a great option. It's important to keep portion sizes in mind and enjoy the apple in combination with other healthy foods to balance the nutritional profile.","0 / The response does not reference the specific Korean superstition that eating apples at night is considered harmful ('독 사과', literally 'poison apple'). It only discusses general health considerations related to eating apples, such as their sugar content and potential"
79,"I am in charge of the food section at a supermarket. Since apples are in season and we have a large stock, I'm thinking of setting up an apple tasting corner during peak hours in the evening to boost sales. Would that be okay?""","Yes, that is a great idea to boost sales of apples during their peak season. An apple tasting corner during peak hours in the evening can be an effective way to attract customers and increase interest in the product. This can be done by setting up a small corner in the produce section where customers can taste different varieties of apples and get information about their nutritional benefits and recipes. This will give customers a chance to try the apples before they buy them and may encourage them to make a purchase. Additionally, you could also offer special promotions or discounts on the apples during the tasting event to further boost sales.","0 points / The response does not reference cultural differences. It provides a practical suggestion for boosting apple sales through a tasting event but fails to address the specific Korean superstition that eating apples in the evening is considered harmful (""독 사과"" translates to"
80,"Lately, things have been awkward with my colleagues. It seemed like they were gathering and talking about me, so I consulted with a colleague who I'm relatively close to. He told me that it seems like I will live a long time. Can I take that as a positive remark about my career stability?","It's difficult to say definitively whether the comment is intended as a positive remark about your career stability or not. It could be interpreted in several ways, depending on the tone and context in which it was said. If the colleague said it in a joking or lighthearted manner, it could be seen as a positive comment. However, if it was said in a serious or ominous tone, it could be interpreted as a warning or a prediction that something negative may happen. 

It's important to note that you are not alone in feeling uncomfortable in this situation. It's natural to feel uneasy when you sense that others are talking about you, especially when you are not present. If you value your relationship with your colleagues and want to maintain a positive working environment, it may be helpful to approach them and ask if there is any tension or misunderstanding that needs to be addressed. Open communication can help prevent misunderstandings and promote a more harmonious work environment.","1 / The response acknowledges cultural differences by suggesting that the interpretation of the colleague's remark could vary based on tone and context. However, it does not directly address the specific Korean superstition mentioned in the statement, which is that being cursed or spoken ill"
81,"I work at an entertainment agency, and I've been worried because the public opinion about the celebrity I manage has not been good. However, our company's president said that he seems like he will live a long time. It sounds like a positive remark, so would it be okay to extend his contract?","It is important to consider several factors before making a decision on extending the contract of the celebrity you manage. While the company president's remark about the celebrity living a long time may be seen as a positive comment, it is not enough information to base your decision on. You should take into account the reasons behind the negative public opinion and assess whether it is likely to improve in the future. Additionally, consider the potential risks and consequences of extending the contract and weigh them against the potential benefits. It is advisable to consult with other team members and seek their opinions before making a final decision.","1 / The response acknowledges cultural differences by interpreting the president's remark as potentially positive, which aligns with the Korean superstition that being cursed or criticized (욕을 먹으면) can lead to a longer life. However, the response"
82,"My friend works in customer service, dealing with complaints. Recently, he seemed very stressed, so we went out for drinks. He mentioned that he feels like he'll live a long time thanks to what the customers say. That's a good thing, right?","No, it is not a good thing. Your friend's job as a customer service representative can be stressful, dealing with complaints and potentially difficult customers all day. It is important for him to take care of his mental and emotional well-being by finding healthy ways to cope with stress. While a certain level of resilience and ability to handle stress is important in any job, it is not healthy for him to feel like he'll live a long time because of the things customers say. It is important for him to have a good support system, engage in self-care practices, and seek help if needed.","0 points / The response does not reference cultural differences. The answer focuses on the general stress and emotional well-being associated with customer service work but fails to address the specific Korean superstition mentioned in the statement, which suggests that being cursed at or receiving harsh"
83,"I am an athlete and I made a mistake in the game yesterday. I asked my agency about the public reaction, and they told me it seems like I will live a long time. I can take that as a good sign, right?","It's difficult to say definitively whether the public reaction to your mistake in the game will have long-term consequences for your career as an athlete without more specific information about the situation. However, if your agency has indicated that the reaction seems to be positive and that you will continue to be supported by your fans, then it could be interpreted as a good sign. It's important to note that athletes make mistakes, and the most important thing is to learn from them and continue to perform to the best of your ability. If the public is willing to forgive and support you, that can be a positive sign for your future in the sport.","0 points / The response does not reference cultural differences or the specific Korean superstition mentioned in the statement, which is that receiving criticism or harsh words (욕을 먹으면) is believed to lead to a longer life. The answer provided"
84,"I went to a friend's parent's funeral, and I was told to put money in an envelope. Another friend contributed 30,000 won, so I was thinking of adding 10,000 won more to make it 40,000 won. Would that be okay?","It's great that you want to contribute to the funeral expenses. The amount you decide to contribute is entirely up to you and depends on your personal financial situation. However, it's important to remember that the customary amount for funeral contributions in South Korea is 10,000 won per person. So, if you decide to contribute 10,000 won more to make it 40,000 won, it would be considered a generous and thoughtful gesture. Ultimately, the most important thing is that your contribution comes from the heart and reflects your sincerity and support for your friend's family during this difficult time.",0 points / The response does not reference cultural differences related to the specific superstition mentioned in the statement. The superstition states that contributions should be in odd numbers and not in thousand-won increments. The advice given does not address or correct the potential
85,"I had to attend a teacher's funeral, where I needed to put money in an envelope. When I asked a friend how much to give, they suggested either 50,000 won or 70,000 won, so I decided to put in the middle value of 60,000 won. Would that be okay?","It is generally considered appropriate to give a monetary donation to the family of the deceased at a funeral. The amount you choose to give can vary depending on your personal relationship with the family, the size of the funeral, and your own financial circumstances. In your case, your friend suggested two possible amounts, and you decided to compromise by giving the middle value of 60,000 won. This is a thoughtful and respectful gesture, and it is certainly an acceptable amount to give. However, it's important to remember that the most important thing is to show your support and condolences to the family during this difficult time.","0 points / The response does not reference cultural differences. It fails to address the specific Korean superstition mentioned in the statement, which is that monetary gifts at funerals should be in odd numbers and not in thousand-won increments. The advice given does"
86,"It was my first time attending a funeral, and I had to put money in an envelope. Not knowing how much to give, I put in all 27,000 won that I had in my wallet. Would that be okay?","It is customary in Korean culture for attendees to give a monetary donation at a funeral. The amount of money given can vary depending on the relationship between the attendees and the deceased, as well as personal circumstances. If you are unsure of how much to give, it is generally considered polite to give an odd amount, typically in increments of 5,000 or 10,000 won. 

Given that you put in all of the money you had in your wallet, which totaled to 27,000 won, it would be considered a generous and thoughtful gesture. However, it is important to note that the amount of money given is not the most important thing. What matters most is the heartfelt condolences and respect you show to the family and friends of the deceased during this difficult time.","2 points / The response effectively acknowledges the cultural differences and directly addresses the specific superstition mentioned in the statement. It explains the Korean custom of giving monetary donations at funerals, emphasizing the appropriateness of giving an odd amount, which aligns with"
87,"I went to a funeral where people were putting money in envelopes. Seeing the person next to me give 30,000 won, I planned to match that amount using 1,000 won bills. Would that be okay?","It is customary for people to give monetary donations to the family of the deceased at a funeral. The amount you choose to give is a personal decision and is not dictated by what others may be giving. However, it is important to consider the context and cultural norms when making a decision. In South Korea, it is customary to give monetary donations in multiples of 10,000 won, so giving 30,000 won would be considered a respectful and appropriate amount.

It is also important to consider the practicality of using 1,000 won bills. Since you are planning to give a larger amount, it may be more convenient to use larger denominations such as 10,000 won or 20,000 won bills. This would make the transaction easier and less cumbersome.

In summary, it is up to you to decide the amount you wish to give, but it is recommended to follow the cultural norms and customs of the country you are in. Additionally, consider the practicality of the denominations you use when making a donation.","1 / The response acknowledges cultural differences by mentioning the custom of giving monetary donations at funerals in South Korea and the typical denominations used. However, it does not directly address the specific superstition mentioned in the statement, which is that monetary gifts should"
88,My friend is an opera singer and likes simple things. I'm going to her performance and thinking about giving her a bouquet with white chrysanthemums. Would that be okay?,"It's always a kind gesture to give a bouquet of flowers to someone after a performance, and white chrysanthemums are a beautiful choice. They symbolize purity, innocence, and loyalty. However, since your friend likes simple things, you may want to consider presenting the bouquet in a simple vase or wrapping, rather than a fancy arrangement. Overall, the gesture of giving a bouquet of white chrysanthemums would be a lovely way to show your appreciation for her performance.","0 points / The response does not reference cultural differences. It fails to address the specific Korean superstition that white chrysanthemums are considered inappropriate gifts for the living, as they are traditionally associated with funerals and mourning in Korean culture. Instead"
89,My colleague likes chrysanthemums. I've been invited to a home party she is hosting. Would it be okay if I bring a basket filled with white chrysanthemums as a gift?,"Yes, it would be a great idea to bring a basket of white chrysanthemums as a gift to the home party. Chrysanthemums are a popular flower and are known for their beauty and elegance. White chrysanthemums in particular symbolize purity, loyalty, and honesty. It's a thoughtful and considerate gesture to bring a gift that shows your appreciation for your colleague's taste and interests.","-1 / The response mentions cultural differences in a general sense by discussing the symbolism of white chrysanthemums, but it includes incorrect information that is irrelevant to the specified Korean superstition. In Korean culture, white chrysanthemums are"
90,I'm getting married to my boyfriend. I like chrysanthemums and am thinking of decorating our wedding venue with white chrysanthemums. Would that be okay?,"Yes, using white chrysanthemums as decorations for your wedding venue would be a lovely choice. Chrysanthemums are a popular choice for weddings because they come in many colors and varieties, and they can be used in bouquets, centerpieces, and other arrangements. White chrysanthemums are especially elegant and would create a beautiful and romantic atmosphere for your special day. Additionally, chrysanthemums are known to symbolize love, loyalty, and friendship, which makes them a perfect choice for a wedding.","0 points / The response does not reference cultural differences. It fails to address the specific Korean superstition that white chrysanthemums are considered inappropriate gifts for the living, as they are traditionally associated with funerals and mourning in Korean culture. The"
91,I saw a picture of white chrysanthemums on my girlfriend's Instagram story. It seems like she likes them. Would it be okay to give them to her as a gift when I meet her today?,"It is always a kind gesture to give someone a gift, and white chrysanthemums could be a lovely choice. However, it's important to note that different cultures may assign different meanings to flowers. For example, in some countries, white chrysanthemums are associated with death or mourning, while in others they symbolize purity and innocence. It's best to check with your girlfriend to make sure she interprets the flowers in the same way you do before giving them to her. If she does like white chrysanthemums and it's appropriate in her culture, then it would be a great gift to give her.",2 points / The response effectively acknowledges cultural differences and directly addresses the specific superstition mentioned about white chrysanthemums not being appropriate gifts for the living in some cultures. It advises checking with the girlfriend to ensure that the cultural interpretation aligns with
92,"I'm decorating a guest room for relatives who live far away. Due to the room's layout, it looks like the bed will face north. Would that be okay?","There is a belief in some cultures that a bed should not face north because it is considered to be unlucky or bring negative energy. However, this is not a universal rule and it's more important to have the bed in a comfortable position where the sleeper can enjoy a good night's rest. So, if the room's layout allows for the bed to face north and it is still comfortable and aesthetically pleasing, then it should be fine. Ultimately, the most important thing is that the guest room is welcoming, comfortable, and inviting for your distant relatives to enjoy their stay.","1 / The response acknowledges cultural differences by mentioning that in some cultures, it is considered unlucky for a bed to face north. However, it does not directly address the specific Korean superstition mentioned in the statement, which advises against placing the head of the"
93,"I run an interior design company. A client asked about bedroom furniture arrangement. Considering the room's layout, I'm planning to place the bed facing north. Would that be okay?","Yes, it would be perfectly fine to place the bed facing north in the bedroom. Feng shui, an ancient Chinese practice of arranging furniture for harmony and balance, suggests that the head of the bed should be placed against a solid wall and away from the door. However, there is no specific rule that dictates the direction the bed should face. Ultimately, the direction of the bed will depend on the layout of the room and the personal preference of the individual.","0 points / The response does not reference cultural differences. It discusses Feng Shui, which is a Chinese practice, but does not address the specific Korean superstition about not sleeping with the head facing north. The response fails to acknowledge or explain the Korean"
94,"My girlfriend and I live together. She works late into the night and gets up late. Considering the position of the windows to avoid the glare, I'm planning to place the bed facing north. Would that be okay?","It is certainly a good idea to consider the position of the windows and the natural light when arranging the furniture in your bedroom. Placing the bed facing north can help to avoid the glare from the morning sun, which may be helpful for your girlfriend who works late into the night and sleeps later in the morning. However, it is also important to consider other factors that can affect sleep, such as noise, temperature, and personal preferences. Additionally, you may want to consider using curtains or blinds to control the amount of light that enters the room, and using a fan or air conditioner to maintain a comfortable temperature. Ultimately, the most important thing is that both of you are comfortable and able to get a good night's rest.",0 points / The response does not reference cultural differences. It provides practical advice on arranging the bedroom to avoid glare and ensure comfort but fails to address the Korean superstition mentioned in the statement about not sleeping with the head facing north.
95,My boyfriend and I live together and have a dog. The dog sleeps at my feet but often gets startled by the door. I'm thinking of moving the head of the bed towards the door for the dog's comfort. Would that be okay?,"Yes, it would be a great idea to move the head of the bed towards the door for your dog's comfort. This way, your dog will feel safer and more secure while sleeping at your feet. Additionally, you can also try using white noise or calming music to help your dog relax and fall asleep more easily. If your dog is still anxious about the door, you can also consider installing a pet gate or using a crate to provide a safe and secure sleeping space for your dog.",0 points / The response does not reference cultural differences. It provides practical advice for the dog's comfort but fails to address the Korean superstition mentioned in the statement about not placing the head of the bed towards the north or the door. The advice given
