,prompt,output
0,"I work at a hotel, and the Korean guest in room 404 asked to change their room. I wonder why? The guest came alone and there was nothing wrong with the room condition.","There could be several reasons why the Korean guest in room 404 asked to change their room, even if they came alone and there was nothing wrong with the room condition. Here are some possible explanations:

1. Cultural beliefs: In Korean culture, the number 4 is considered unlucky because it sounds similar to the word for ""death"" in Korean. Therefore, some Korean guests may prefer to avoid staying in a room with the number 4, especially if it is repeated, like in room 404.
2. Personal preferences: Every guest has their own personal preferences when it comes to their accommodations. Some guests may prefer a room with a different view, a higher or lower floor, a different bed size, or a different location in the hotel.
3. Noise sensitivity: The guest may have found the room to be too noisy, either due to external factors such as traffic or neighboring guests, or internal factors such as air conditioning or plumbing.
4. Privacy concerns: The guest may have felt that the room was too exposed or visible to others, and preferred a room with more privacy.
5. Other factors: There could be other factors at play that are specific to this guest's situation, such as health issues or personal circumstances, that prompted them to request a room change.

Ultimately, it's important to prioritize the guest's comfort and satisfaction, so if they have requested a room change, it's best to accommodate their request if possible."
0,"I go house hunting with a Korean friend to find a house to move into. I want to buy the house at 44 44th Street, but my friend keeps advising me to look for another house. I wonder why? The neighborhood seemed nice.","There could be several reasons why your Korean friend is advising you to look for another house. Here are some possibilities:

1. Cultural preferences: Koreans often place a lot of emphasis on the location and orientation of a house, as well as its surrounding environment. This concept is known as ""pungsu"" or ""feng shui"" in Korean culture. For example, some Koreans believe that houses located at the end of a dead-end street or facing a mountain are inauspicious. It's possible that your friend is aware of some cultural or superstitious reasons why the house at 44 44th Street may not be ideal.
2. Practical concerns: Your friend may have noticed some practical issues with the house that you overlooked. For example, the house may be located in a flood zone, have structural problems, or be situated near a noisy street or industrial area.
3. Personal experience: Your friend may have had a personal experience that makes them wary of the house or the neighborhood. For example, they may have heard about a crime that occurred in the area, or they may know someone who had a negative experience living there.

It's always a good idea to listen to the advice of a trusted friend, especially when making a major decision like buying a house. You may want to ask your friend to explain their reasons for advising against the house at 44 44th Street so that you can better understand their perspective. Ultimately, the decision is yours, but it's important to consider all factors before making a final choice."
0,"I recently bought a car and, luckily, got a unique license plate number, 4444. But my Korean friend didn't look happy about it. I wonder why?","In Korean culture, the number 4 is often associated with bad luck or death. This is because the word for ""four"" (사) sounds similar to the word for ""death"" (사). Therefore, your Korean friend might be uncomfortable with the license plate number 4444 because it contains multiple instances of this unlucky number. However, this is a cultural superstition, and not everyone may feel the same way about it."
0,"I recently went on a trip with a Korean friend. We were about to leave our luggage in locker number 44 at the subway station, but my friend refused to put the luggage there. I wonder why? The security at the subway station was good.","There could be several reasons why your Korean friend refused to put the luggage in locker number 44 at the subway station, and it might not necessarily be related to security. One possibility is that the number 44 is considered unlucky in Korean culture.

In Korean, the number 4 is pronounced similar to the word for ""death"" (사), and the number 44 can be seen as a repetition of this unlucky number. This superstition is known as tetraphobia and is also present in other East Asian cultures like Chinese and Japanese. However, not all Koreans may hold this belief, and it could vary from person to person.

It's essential to have open communication with your friend to better understand their reasons for avoiding locker number 44. They might have a different reason altogether, and discussing it with them will give you a clearer insight into their thought process."
0,"I like to sleep with the fan on, but my Korean roommate keeps turning it off while getting angry. I wonder why? The fan's breeze doesn't blow towards her, and it's not noisy.","It's possible that your roommate might be following a common belief in Korea known as ""Fan Death."" Many Koreans believe that leaving an electric fan running overnight in a closed room can be fatal. This belief is not supported by scientific evidence, but it is widely accepted in Korean culture. If you haven't already, you might want to have a conversation with your roommate about this to better understand her perspective and find a compromise that works for both of you."
0,"My Korean friend came over to my place. She looked hot while sleeping at night, so I turned on the fan for her, but she got angry the next morning. I wonder why? Thanks to the fan, she seemed to sleep well without waking up.","It's possible that your Korean friend might have been angry due to a cultural difference. In many Asian cultures, including Korea, there's a belief that sleeping with a fan on can cause illness or discomfort, often referred to as ""fan death."" This belief is deeply ingrained in some people, even though there's no scientific evidence to support it.

Another possible reason could be that she felt cold during the night but was too sleepy to wake up and turn off the fan. Everyone has different comfort levels when it comes to sleeping temperature.

It's always a good idea to ask someone about their preferences before adjusting the environment, especially if they are a guest in your home. This way, you can ensure their comfort and avoid any potential misunderstandings."
0,"My husband is Korean. I recently had a baby. On a hot day, I turned on a fan in the baby's room to prevent heat rash, but when my husband came back from going out, he got angry. I wonder why? There was no problem with the baby.","It is possible that your husband's reaction may be rooted in cultural beliefs. In Korea, there is a traditional belief that fans can cause illness or discomfort in infants. This belief is based on the idea that fans can create drafts, which are thought to be harmful to babies. Some people in Korea also believe that fans can cause a condition called ""fan death,"" which is believed to occur when a fan is left on overnight in a closed room. While there is no scientific evidence to support these beliefs, they are still widely held in Korea and may be the reason why your husband was upset about the fan being on in the baby's room. It's always a good idea to communicate with your partner about cultural differences and find a solution that works for both of you."
0,"My grandmother is Korean. We don't have air conditioning at home, only fans. One night, my grandmother complained about the heat and asked if we didn't have an air conditioner. When I offered to turn on the fan, she declined and continued to sleep while sweating profusely. I wonder why? Everyone else slept with the fan on.","It's hard to say for certain why your grandmother declined to use the fan, as it could be due to a variety of reasons. Some possibilities could be that she is used to sleeping in hot conditions and finds the fan uncomfortable or disruptive, or that she prefers to sleep without any air movement. Additionally, some people believe that sleeping with a fan on can cause cold or flu-like symptoms, although this is a myth. Ultimately, it's important to respect your grandmother's preferences and make sure she is comfortable in her sleeping environment."
0,"My friend is Korean. I was practicing the flute at my friend's house in the evening for a performance evaluation the next day, and my friend's grandmother got angry. It wasn't loud, so I wonder why?","While I can't know for certain without more information, there could be several reasons why your friend's grandmother got angry. It's important to remember that everyone has different tolerances for noise, even if you didn't think it was loud. Here are a few possibilities:

1. Time of day: In many cultures, including Korean culture, it's considered respectful to keep noise to a minimum in the evenings when people are winding down for the day or may be sleeping.
2. Personal preferences: Some people are more sensitive to noise than others, and your friend's grandmother may be one of those people.
3. Cultural differences: In Korean culture, there is a strong emphasis on respect for elders, and it's possible that your friend's grandmother felt that your flute playing was disruptive or disrespectful to her.
4. Health issues: Sometimes people may have health issues that make them more sensitive to noise, such as migraines or hearing problems.

In any case, it's always a good idea to be respectful of others' space and preferences, especially when you are a guest in their home. If you're unsure about whether something is okay to do, it's always a good idea to ask your friend or their family members beforehand."
0,"My friend is Korean. Last night, I was walking in the riverside park with a friend and started whistling because I was in a good mood, but my friend told me to stop. I wonder why? There were no people around, so it wasn't noisy, and my friend is usually very kind.","Whistling at night in Korea is often considered bad luck. This superstition comes from the belief that it can attract evil spirits or ghosts. It's possible that your friend asked you to stop because of this cultural belief. However, it's always best to ask your friend directly to understand their specific reason."
0,"My distant relative from Korea came to visit and wanted to hear me play the flute. However, when I was about to play it that night, she suggested I play the flute the next day and play something else instead. I wonder why? Our house is a detached home, so there's no issue with noise.","There could be several reasons why your relative suggested you play the flute the next day instead of that night. Here are a few possibilities:

1. Time of Day: Even though you live in a detached home, playing the flute later in the evening might still disturb your neighbors or other family members who could be sleeping or resting.

2. Fatigue: If you had already been playing the flute or engaging in other activities throughout the day, your relative might have suggested waiting until the next day to ensure you were well-rested and could give your best performance.

3. Alternative Entertainment: Your relative might have been interested in hearing you play a different instrument or perform a different activity that night, just for variety or to learn more about your talents and interests.

4. Cultural Differences: In some cultures, it might be considered impolite to request a performance on the spot, and your relative might have suggested waiting until the next day as a matter of courtesy.

5. Special Occasion: Your relative might have wanted to create a special moment or setting for you to play the flute the next day, perhaps with better lighting, an audience, or other elements that would make the performance more memorable.

Without more information, it's difficult to say exactly why your relative made the suggestion. However, these are some possible reasons that could explain their request."
0,"I was doing homework at my Korean friend's house in the evening and started whistling, but my friend's sister warned me to stop. I wonder why? She and I are close enough to joke around often.","In Korean culture, whistling at night is considered bad luck. It is believed to attract evil spirits or ghosts. This superstition might be why your friend's sister warned you to stop whistling. Even though you both joke around often, she might have been genuinely concerned."
0,"My boyfriend is Korean. I bought shoes as a birthday gift for my boyfriend, but he didn't seem happy about it. I wonder why? They were exactly the kind he said he needed.","It's possible that your boyfriend's reaction might not be related to the shoes themselves, but rather to cultural differences. In Korea, it's traditionally believed that giving shoes as a gift can symbolize the recipient walking away or leaving. This is a superstition, of course, and not everyone subscribes to it. However, it might be the reason for his reaction. It's always a good idea to understand cultural nuances when giving gifts. However, since he mentioned needing the kind of shoes you bought, it could also be that he was just surprised or not expressive in the moment. If you're comfortable, you might want to ask him about it directly."
0,"My friend is Korean. I was helping pick out a gift for my friend's boyfriend at her request. I suggested shoes, but she got upset and went home. I wonder why? Usually, she trusts my sense of fashion.","It's possible that your friend got upset because in Korean culture, giving shoes as a gift is considered bad luck. This superstition is based on the Korean word for shoes, ""sin"", which sounds similar to the word for ""evil"" or ""bad"". Additionally, shoes are associated with the ground and dirt, which can symbolize negativity or misfortune. Therefore, it's generally avoided to give shoes as a gift in Korean culture. It's important to be mindful of cultural differences and traditions when choosing gifts for friends from different backgrounds."
0,"My girlfriend is Korean. I was shopping with my girlfriend, and she liked a pair of shoes. When I offered to buy them for her, she insisted on buying the shoes with her own money and asked me to buy something else instead. I wonder why? The shoes weren't expensive, and she usually loves receiving gifts.","It's great that you're thoughtful and considerate of your girlfriend's feelings. Cultural backgrounds, personal values, or individual preferences might play a role in her response. In Korean culture, for example, gift-giving etiquette can be different compared to Western cultures. It's possible that she wanted to maintain a balance in the relationship by not accepting an expensive gift or simply wanted to treat herself to something she liked.

There could be other reasons for her response as well:

1. Independence: She might want to feel independent and self-sufficient by purchasing the item with her own money.
2. Reciprocity: She might have wanted you to buy something for yourself so that she could reciprocate by getting something for you later.
3. Politeness: She might have been acting out of politeness, not wanting to impose on you or put you in a position where you feel obligated to spend money on her.

Ultimately, it's best to communicate openly with your girlfriend about her preferences and the reasons behind her actions. This will help you better understand her perspective and strengthen your relationship."
0,"I'm a marketing employee at a global shoe company and I am working in Korea. Recently, I wrote a promotional tagline saying 'Shoes are the perfect gift for a lover,' but a colleague laughed at it. I wonder why?","It's possible that your colleague laughed at the tagline because it might come across as a bit too sentimental or cheesy. The phrase ""perfect gift for a lover"" can be seen as quite romantic and intense, which might not align with the image or branding of your global shoe company. Additionally, humor can sometimes be a way to express discomfort or surprise. It's also important to consider cultural context. In some cultures, like Korea, expressions of love and affection can be more subtle or indirect. Therefore, a direct and passionate phrase like this might seem unusual or funny to a Korean audience. However, without more context, it's hard to say for certain why your colleague reacted that way. It might be helpful to ask them directly for their feedback."
0,"My fan from Korea asked for an autograph, but all I had was a red pen. When I went to sign and write his name, he hesitated and then refused. I wonder why? He didn't seem like he would resell the autograph.","It's possible that the fan might have had specific preferences for the autograph. Some fans might want autographs in a certain color, like black or blue, because it's more traditional or because they believe it will look better over time. Another possibility is that he might have been hesitant because red ink can have certain connotations in Korean culture, often associated with correcting mistakes or being used in formal situations. However, without more information, it's hard to say for sure why he refused. It's best to ask him directly if you have the opportunity."
0,"I made a cake for my Korean friend's birthday, keeping her simple tastes in mind, with a white base and her name lettered in red. She didn't look pleased, though. I wonder why? We hadn't even eaten the cake yet.","It's possible that your friend might have been uncomfortable with the attention drawn to her by having her name on the cake, as Korean culture tends to emphasize modesty and humility. Additionally, the color red can symbolize danger or caution in Korean culture, so it might not have been the best choice for a celebratory occasion. However, it's difficult to say for sure without more context. It's always a good idea to ask someone about their preferences before making assumptions about what they might like."
0,"I am working in Korea. When my boss was away yesterday, I received a phone call looking for him. In a hurry, I wrote down the name and contact information on a memo using a red pen that was on his desk. Today, when I handed him the memo, he got very angry. I wonder why? I delivered the memo promptly and didn't show it to anyone else.","It's possible that there might be some cultural or personal reasons behind your boss's reaction. In Korea, red ink is traditionally used for marking errors or faults, so it might have been perceived as inappropriate or disrespectful to write someone's name or contact information in red ink. However, this is just a possibility and the actual reason could be something different. It might be best to ask your boss directly for feedback to understand his reaction and avoid such situations in the future."
0,"I'm a book cover designer and I am working in Korea. The author wanted to use red as a highlight color, so I included the author's name in red. However, my boss told me to change the color of the name to something else. I wonder why? Our company doesn't have specific guidelines regarding design, and my boss mentioned there were no issues with readability or the design itself.","In Korea, using red for a person's name can be seen as inappropriate or disrespectful, as it is traditionally associated with death and used to write the names of deceased individuals. It's important to be mindful of cultural norms and sensitivities when designing, even if there are no specific company guidelines. Your boss likely asked you to change the color to avoid any potential offense or misunderstanding."
0,"My boyfriend is Korean. I had plans to go near Deoksugung Palace with my boyfriend. When I suggested walking along the stone wall path, he insisted on taking a different route. I wonder why?","There could be several reasons why your boyfriend suggested a different route. It might be possible that he knows of a more scenic or less crowded path, or perhaps he has a specific place he wants to show you along a different route. Deoksugung Palace has various attractions nearby, such as Jeong-dong Observatory, Seoul Museum of Art, or some nice cafes and restaurants.

Another possibility is that the stone wall path might have been under construction or maintenance during your visit.

It would be best to ask him directly for the reason behind his suggestion, as this will give you a clear understanding of his preference. Additionally, communicating with him will help you both create a memorable experience together."
0,"I work at a travel agency, and a Korean friend asked for recommendations for a date course centered around a palace. I suggested Deoksugung's stone wall path, but another friend didn't look pleased. I wonder why?","There could be several reasons why your friend didn't look pleased, and it's important to remember that everyone has different preferences when it comes to dates or travel recommendations. Here are a few possibilities:

1. Crowds: Deoksugung and its stone wall path can be quite popular and crowded, especially during peak seasons or weekends. Your friend might prefer a quieter, more intimate setting for a date.
2. Lack of variety: While the stone wall path is beautiful, your friend might be looking for a date course that offers more variety in terms of activities or sights to see.
3. Personal preferences: Your friend might have specific interests or preferences that aren't catered to by Deoksugung's stone wall path. For example, they might prefer a date course that focuses on food, art, or nature.
4. Past experiences: It's possible that your friend has already visited Deoksugung's stone wall path before, and they're looking for a new experience.

To provide a better recommendation, it might be helpful to ask your friend more about their preferences and what they're looking for in a date course. For example, do they prefer a more active or relaxed date? Do they want to explore Korean culture or try something new? Based on their answers, you can suggest alternative options, such as:

* Changdeokgung Palace and its Secret Garden, which offers a more secluded and natural setting.
* Gyeongbokgung Palace, which is the largest and most iconic palace in Seoul. You can also combine it with a visit to the nearby Bukchon Hanok Village for a more traditional Korean experience.
* Hwaseong Fortress in Suwon, which offers a unique combination of history, culture, and nature. You can explore the fortress walls, visit museums, and enjoy scenic views of the surrounding area.

Ultimately, the best recommendation will depend on your friend's individual preferences and what they're looking for in a date course. By understanding their interests and needs, you can help them plan a memorable and enjoyable experience."
0,"I was planning a date course for the weekend with my girlfriend, including a visit to Deoksugung. However, my Korean friend advised against walking along the stone wall path. I wonder why?","Your Korean friend might have advised against walking along the stone wall path at Deoksugung Palace for several reasons:

1. Safety: The stone wall path can be uneven and slippery, especially after rain or during winter. This could potentially lead to trips or falls, which might not be ideal for a date.

2. Comfort: The path is not always the most comfortable to walk on, especially if you're not wearing suitable shoes. This could make your date less enjoyable.

3. Accessibility: Some parts of the stone wall path may not be easily accessible or may be closed off to the public for preservation purposes.

4. Crowds: Deoksugung Palace is a popular tourist spot, and the stone wall path can get quite crowded, especially on weekends. This might make it difficult to enjoy a peaceful and romantic date.

5. Better Alternatives: There might be better, more scenic, or more romantic routes to explore within Deoksugung Palace or nearby areas."
0,"I was watching a Korean drama where the female lead took the male lead to Deoksugung's stone wall path, and his expression darkened. I wonder why? Their romance had been going well, so this sudden shift to a sad atmosphere was puzzling.","The Deoksugung Stone Wall Road in Seoul is a popular filming location for Korean dramas due to its beautiful scenery and historical significance. However, the reason why the male lead's expression darkened when he was taken there by the female lead could be due to a variety of factors, and without more context, it is difficult to say for certain.

One possibility is that the stone wall path holds a particular meaning or memory for the male lead that is sad or painful. For example, it could be a place where he had a falling out with a close friend or family member, or where he experienced a personal loss. The female lead may not be aware of this association, which could explain why she took him there without realizing it would make him upset.

Alternatively, the male lead's reaction could be related to the specific scene or dialogue that took place at the stone wall path. Perhaps something was said or done that triggered a negative emotional response in him, unrelated to the location itself.

It's also possible that the shift in atmosphere was intended to foreshadow a future plot development, such as a challenge or obstacle that the couple will have to overcome in their relationship.

Ultimately, without more information about the specific drama and the context of the scene, it's difficult to say for sure why the male lead's expression darkened at the Deoksugung Stone Wall Road."
0,"Last night, I dreamed about a pig, which left me feeling uneasy. However, my Korean friend said I should go to Las Vegas. I wonder why?","In many cultures, dreams about pigs can symbolize luck, prosperity, and abundance. In Korean culture, dreaming about a pig is often considered a sign of upcoming fortune or wealth. Your friend might have suggested going to Las Vegas because it's a city associated with luck and winning, which could be a fun way to capitalize on your supposed good fortune. However, it's important to remember that interpretations of dreams are highly subjective and can vary greatly from one culture to another."
0,I had lunch with a Korean friend who mentioned dreaming about a pig last night and seemed happy about it. I wonder why?,"In Korean culture, dreaming about a pig is often considered a positive sign. It's believed to symbolize wealth, prosperity, and good luck. This belief might be rooted in the fact that pigs are associated with abundance and fertility in many cultures around the world. However, interpretations of dreams can be very personal and may vary depending on the individual's experiences and beliefs. It's always a good idea to ask your friend directly about their feelings and interpretations if you're comfortable doing so."
0,"I went to buy a lottery ticket, and the store owner who is Korean asked me if I had dreamed about a pig. I wonder what he meant by that?","The store owner might have been referring to a Korean belief that dreaming about pigs can bring good luck or wealth. In many cultures, including Korean culture, dreams are often thought to hold symbolic meaning, and certain dream symbols are believed to be auspicious. The store owner might have been suggesting that if you had dreamed about a pig, it could be a sign that you would have good luck with the lottery ticket. However, it's important to note that this is just a cultural belief and should not be taken as a guarantee of any particular outcome."
0,My wife is Korean. I'm about to open a new store and mentioned that I was worried. My wife then told me she had a dream about a pig last night. I wonder what she meant by that?,"In Korean culture, dreams about pigs are often considered to be auspicious signs of wealth and prosperity. So your wife might be implying that your new store will be successful and bring in good fortune. However, it's always best to ask her directly for her interpretation, as personal beliefs and experiences can influence dream interpretations as well."
0,"My girlfriend is Korean. Yesterday, I was eating chicken with my girlfriend. When I tried to eat a chicken wing, she stopped me. I wonder why? She doesn't even like chicken wings, and she knows I do.","It's possible that your girlfriend stopped you for a number of reasons, and it's difficult to say exactly why without more context. Here are a few possibilities:

1. Etiquette: In Korean culture, it's considered polite to offer food to others before taking it for oneself. Your girlfriend may have stopped you because she wanted to offer you the chicken wing first, even if she doesn't like it herself.
2. Cultural differences: In some cultures, certain parts of the chicken (like the wings) are considered less desirable than others. Your girlfriend may have been raised to believe that it's impolite to eat the less desirable parts in front of others, even if they're your favorite.
3. Personal preference: Even if your girlfriend doesn't like chicken wings, she may have a specific reason why she didn't want you to eat that particular one. For example, maybe she noticed something about it that she didn't like or thought it wasn't cooked properly.

In any case, the best way to find out why your girlfriend stopped you is to ask her directly. Clear communication is key in any relationship, and she'll likely appreciate that you're taking the time to understand her perspective."
0,"My wife is Korean. Yesterday, I visited my wife's parents' house, and we had a chicken dish. However, her parents wouldn't let me eat the chicken wings. I wonder why?","It's possible that this could be due to cultural customs or personal preferences. In some cultures, certain parts of animals, including chicken wings, are reserved for specific individuals or are considered less desirable. However, it's important to note that customs can vary greatly, even within a single culture or country like Korea. It could also be a matter of personal preference or habit within your wife's family. The best way to understand the reason behind this would be to ask your wife or her parents directly, in a respectful and curious manner. They would be able to provide the most accurate explanation for their actions."
0,"My boyfriend and friends are Korean. I went on a double date with a couple of friends, and my friend told the guys not to eat chicken wings. Everyone seemed amused by this comment. I wonder what she meant?","It's possible that your friend was referencing a common stereotype or joke in Korean culture about men not being able to eat chicken wings without making a mess or looking unattractive while eating them. This stereotype is often perpetuated in Korean media and entertainment. However, it's important to note that not all Koreans may find this funny or believe in this stereotype.

It's also possible that your friend had a specific inside joke or reason for telling the guys not to eat chicken wings. Without more context, it's hard to say for certain why she made that comment. If you're curious, you could ask her to explain her reasoning further."
0,"On a Korean TV cooking show, a husband mentioned that his favorite part of the chicken is the wings. The host joked that he should be careful, and everyone laughed. I wonder what the joke was about?","The joke might be based on a stereotype or a common belief in Korean culture. In Korea, it's often said that eating chicken wings can make one become unfaithful or promiscuous. This belief stems from the way chickens flap their wings, which is seen as a symbol of being unfaithful or ""flying around."" So, when the host joked that the husband should be careful, it was likely a humorous reference to this belief. However, it's important to note that this is just a superstition and not based on any factual evidence."
0,"My friend is Korean. My friend's son was just born. When his first daughter walked over the baby, my friend got very angry. I wonder why? He usually loves his daughter, and the baby wasn't hurt.","It's possible that your friend's reaction might be related to a traditional Korean belief called ""mil-saeng."" This belief holds that a newborn baby is particularly vulnerable to evil spirits during the first 100 days of life, and certain actions or behaviors might attract these spirits.

One such belief is that allowing an older sibling to walk over the baby could bring bad luck or harm to the newborn. However, it's important to note that not all Korean families may follow this belief or adhere to it strictly.

Without more context or information, it's difficult to say for certain why your friend reacted the way he did. It's always best to ask your friend directly if you're curious about their behavior and to approach the conversation with sensitivity and respect for their cultural background."
0,"My wife is Korean. Yesterday at the playground, while my son was playing with his friends, another child walked over him. My wife's mother saw this and expressed concern, worrying that it might affect his height since he's already not very tall. I wonder why? No one was injured.","It seems like your mother-in-law might be expressing a common cultural belief found in some societies, including Korea, that certain activities or experiences during childhood can influence a child's adult height. However, it's important to note that scientific evidence does not support the idea that being walked over or experiencing minor physical incidents during childhood will affect a child's final height.

Genetics and nutrition are the primary factors that determine a person's height. While it's natural for family members to care about a child's well-being and growth, it's essential to focus on aspects that genuinely impact growth, such as ensuring a balanced diet, regular physical activity, and proper sleep.

If you're concerned about your son's growth or height, it might be a good idea to consult with a pediatrician, who can provide guidance based on professional medical knowledge. They can also help address any specific growth concerns and provide reassurance."
0,"My relatives are Korean. My younger cousin likes to play around. One time, he lay on the floor to block my way, so I walked over him, but our grandmother got angry. I wonder why? My cousin wasn't hurt.","It's important to remember that cultural norms and personal boundaries can vary greatly from one person to another. In many cultures, including Korean culture, respect for elders and others is highly valued. Walking over someone, even if they're not hurt, could be seen as disrespectful or inappropriate. Your grandmother might have been upset because she felt it was not a polite way to treat your cousin, regardless of whether he was hurt or not. It's always a good idea to communicate openly about these incidents to understand each other's perspectives better."
0,My friend is Korean. My friend's young son is short. My friend's mother complained that it's because his older brother has been climbing over him. I wonder what she meant by that?,"It's possible that your friend's mother believes that the older brother climbing over the younger son may be causing some physical stress or impeding his growth. However, it's important to note that there is no scientific evidence to support the idea that being climbed over or having physical pressure applied to the body can stunt growth. Height is predominantly determined by genetics, although nutrition and overall health can also play a role. It's possible that your friend's mother is expressing concern based on a cultural belief or misunderstanding about growth and development."
0,"My friend is Korean. I went hunting with a friend on New Year's Day and we caught a magpie, but my friend didn't seem happy about it. I wonder why? Normally, my friend enjoys hunting.","It's possible that your friend's reaction could be due to cultural beliefs. In Korean culture, magpies are often considered to be bringers of good luck and fortune. They are also seen as intelligent and curious creatures. Hunting or harming a magpie might be seen as a negative action that could bring bad luck. However, this can vary from person to person, and it's always best to ask your friend directly about their feelings if you feel comfortable doing so."
0,"My friend is Korean. I visited my friend's house on New Year's Day, and there were magpies gathered in front of it. I tried to chase them away, but my friend stopped me. I wonder why? He usually really hates birds.","In Korean culture, magpies are considered good luck symbols, especially on New Year's Day. They are believed to bring good news and fortune. This might be the reason why your friend stopped you from chasing them away, despite his usual dislike for birds. However, it's always best to ask your friend directly to understand his specific reasoning."
0,"My relatives are Korean. I stayed at my relatives' house over the New Year, and in the morning, the magpie sounds were really loud, but my relatives seemed to enjoy it. I wonder why? The magpies weren't pets of my relatives.","Magpies are considered a symbol of good luck and happiness in Korean culture. Their loud chirping, especially in the morning, is often seen as a positive omen. This belief stems from an old Korean folktale where a magpie brings good news to a shepherd. Therefore, your relatives might have been enjoying the magpie sounds as they believe it to be a sign of good fortune. However, this is a cultural interpretation and may not apply to every individual or family."
0,My friend is Korean. He sent me a letter for the New Year with a magpie drawn on it. I wonder why? Magpies aren't even my favorite animal.,"In Korean culture, magpies are considered to be good luck symbols and are often associated with the New Year. The magpie is believed to bring happiness, prosperity, and good fortune. The image of a magpie is often used in New Year's greeting cards and gifts as a way to wish someone a happy and prosperous new year. It's likely that your friend sent you the letter with a magpie on it as a way to wish you good luck and happiness in the new year."
0,"My friend is Korean. Yesterday, I went for a morning walk near my friend's house. I heard the sound of crows, and my friend didn't look happy. I wonder why?","In Korean culture, crows are often considered a bad omen or a sign of misfortune. This belief might be why your friend didn't look happy upon hearing the sound of crows. However, it's essential to remember that people's reactions can be influenced by various factors, and not everyone follows traditional beliefs. If you're curious, it might be best to ask your friend directly about their reaction."
0,"My relatives are Korean. I visited a relative's house and there were birds gathered in the yard. When a crow came along, Grandma threw a stone at it. I wonder why?","It's difficult to provide a specific reason without more context, as behaviors can vary greatly from person to person based on their personal beliefs, experiences, and cultural backgrounds. However, in some cultures, crows are seen as pests or bad omens, and people might chase them away to protect other birds or to ward off perceived negative energy. It's also possible that your grandma was simply protecting the other birds, as crows can sometimes prey on smaller birds or their eggs. To understand the exact reason, it might be best to ask your grandma directly."
0,"In the Korean movie, the main character visits their childhood home, and suddenly there's a close-up of a crow cawing. What does that mean?","In Korean cinema, as well as in many other film industries, birds, including crows, are often used symbolically. The exact meaning can depend on the context of the scene, the overall plot of the movie, and the cultural symbolism associated with crows.

In Korean culture, crows can symbolize several things, including lonliness, bad luck, or foreboding. However, they can also represent guidance or wisdom. If the main character is visiting their childhood home, the crow might symbolize memories from the past, or it could be foreshadowing an event yet to come.

However, without more specific details about the movie and the scene, it's hard to provide a definitive interpretation. It's always best to consider the symbolism in the context of the entire film."
0,"My friend is Korean. Today, my friend was seriously injured in an accident. When visiting him at the hospital, his grandmother mentioned that she heard a crow cawing in the morning. What could she mean by that?","In many cultures, including Korean culture, crows are often seen as ominous creatures and their caws are considered to be bad omens. If your friend's grandmother mentioned hearing a crow cawing in the morning, she may have been implying that she saw the accident as a tragic event that was foreshadowed by the crow's caw. This belief is rooted in superstition and is not based on any scientific evidence. However, it is important to be mindful of cultural beliefs and to offer comfort and support to your friend and his family during this difficult time."
0,"My friend is Korean. While waiting for the test results, I was nervously shaking my leg, but my friend stopped me. I wonder why?","It's possible that your friend stopped you because in Korean culture, shaking your leg is considered impolite or disrespectful, especially when sitting at a table or in the presence of elders. It may also be seen as a sign of impatience or nervousness, which could be perceived as rude or ungrateful. Your friend might have been trying to help you avoid offending anyone or making a negative impression. However, without more context, it's hard to say for sure why your friend stopped you."
0,"I visited my Korean friend's house yesterday. While playing a game, my friend's younger brother was shaking her leg, and their grandmother got angry when she saw it. I wonder why?","In Korean culture, respect for elders is deeply ingrained, and certain behaviors that may be considered casual or playful in other cultures can be seen as disrespectful. Shaking or touching an older sibling, especially in the presence of elders like grandparents, might be viewed as inappropriate or disrespectful. This could be why the grandmother got angry when she saw your friend's younger brother shaking her leg. However, cultural norms and individual family dynamics can vary greatly, so it's always a good idea to ask your friend directly for a more accurate understanding of the situation."
0,"Yesterday at a restaurant, a child who seemed Korean was shaking their leg, and their parent slapped their leg. I wonder why? The child wasn't behaving badly otherwise.","It's important to remember that I can't provide a specific reason for this situation as I wasn't there and I don't know the individuals involved. Cultural norms, personal habits, and individual parenting styles can vary greatly. In some cultures, it might be seen as acceptable to physically correct a child's behavior, while in others, it is not.

The child shaking their leg could have been due to a variety of reasons such as restlessness, boredom, or even a nervous habit. The parent's reaction could have been driven by their personal beliefs about appropriate behavior, or they might have been trying to stop the child from shaking their leg for a reason that isn't immediately apparent.

However, it's always important to promote respectful and non-violent communication, especially with children. If you're concerned about a situation involving a child's welfare, it might be appropriate to seek advice from a professional who can provide guidance based on all the details of the situation."
0,"My grandmother is Korean. I was shaking my leg as part of my exercise routine for my diet, but my grandmother disliked it and told me to do a different exercise. I wonder why? It wasn't particularly noisy.","It's hard to say for certain without more context, but there could be a few reasons why your grandmother disliked you shaking your leg as part of your exercise routine.

Firstly, in Korean culture, it's considered impolite to shake or cross your legs while sitting, especially when you're in the presence of elders or in a formal setting. This is because it's seen as a casual or relaxed posture that can be disrespectful to others. It's possible that your grandmother was uncomfortable with you shaking your leg because she saw it as a violation of this cultural norm.

Secondly, some people may find repetitive movements like leg shaking to be distracting or annoying, even if they're not particularly noisy. Your grandmother may have found it difficult to focus on her own activities or thoughts while you were shaking your leg.

Finally, it's possible that your grandmother simply had a preference for different types of exercise and wanted to encourage you to try something new. She may have believed that a different exercise would be more effective or enjoyable for you.

In any case, it's always a good idea to be respectful of others' cultural norms and personal preferences, especially when you're sharing a space with them. If your grandmother asked you to stop shaking your leg, it's important to listen to her and find a different exercise that works for you both."
0,"My relatives are Korean. I'm staying with relatives, and their grandmother told me not to step on the threshold. I wonder why?","In Korean culture, it is considered disrespectful to step on the threshold of a door, especially with shoes on. The threshold is seen as a boundary between the outside world and the home, and it is believed that stepping on it can bring bad luck or misfortune into the household. It is also considered a sign of disrespect to the homeowners and their ancestors, who are believed to watch over the home and protect it from harm.

This belief stems from traditional Korean Confucianism, which emphasizes the importance of respect for one's elders and ancestors. The threshold is seen as a symbol of the separation between the living and the dead, and stepping on it is thought to violate this boundary.

To avoid stepping on the threshold, it is customary to step over it or to the side of it. Some Korean homes may also have a raised wooden platform or a small step at the entrance to make it easier to avoid stepping on the threshold.

So when your Korean relatives told you not to step on the threshold, they were likely trying to share an important cultural custom with you and show respect for their elders and ancestors."
0,"My grandmother is Korean. She has a scar on her leg. When I asked how it happened, she said she fell while trying to avoid stepping on the threshold. What does that mean?","In Korean culture, it is considered bad luck to step on the threshold of a door. This belief is rooted in the idea that the threshold is where good and evil spirits reside, and stepping on it could bring misfortune or allow evil spirits to enter your home. It is a common superstition for Koreans to avoid stepping on the threshold or to step over it with extra care to prevent any negative consequences. Your grandmother likely fell while trying to avoid stepping on the threshold due to this cultural belief."
0,"My relative is Korean. She needs a cane because she injured her leg. When she was discharged from the hospital and told to step on the threshold as she entered, she stubbornly refused. I wonder why? The threshold isn't weak enough to break.","In Korean culture, it is considered bad luck to step on the threshold of a door. This belief comes from the idea that the threshold is where good and evil spirits reside, and stepping on it can bring misfortune. This may be the reason why your relative refused to step on the threshold when she entered the house after being discharged from the hospital. It's important to respect cultural beliefs and practices, even if they may not seem logical or practical to us."
0,"I was watching a Korean drama where a grandmother hit a child for stepping on the threshold. I wonder why? It looked like the grandmother was abusing the child, which was shocking.","I understand your concern, and it's important to clarify that physical abuse is never acceptable. However, in some cultures, including Korean culture, there are certain superstitions or beliefs associated with thresholds.

In Korea, there is a superstition that stepping on the threshold can bring bad luck or harm to the household. This belief is rooted in the idea that the threshold is a boundary between the home (a safe space) and the outside world (filled with uncertainties and potential dangers). Therefore, it is considered disrespectful or inauspicious to step on it.

However, this does not justify any form of physical punishment, especially towards children. It is crucial to educate and communicate these cultural beliefs and practices in a non-harmful and respectful manner. If you're watching a drama where a child is being hit, it's important to remember that dramas often depict a wide range of behaviors and attitudes, some of which may not be condoned or representative of the entire culture."
0,"My grandmother is Korean. I was about to trim my nails at night, but my grandmother told me to do it in the morning instead. I wonder why? The room wasn't even that dark.","It's interesting that you bring this up, as it touches on a cultural belief that is common in many Asian cultures, including Korean culture. The belief is that cutting or trimming your nails at night can bring bad luck or invite spirits into your home. This superstition may have originated from practical reasons, as in the past, before the invention of electric lighting, cutting nails at night could result in accidents or injuries due to poor visibility. However, the specific reasons can vary depending on the cultural context. It's always fascinating to learn about these cultural beliefs and practices, isn't it?"
0,"I visited my Korean friend's house on a trip. When my friend's daughter asked her to trim her nails in the evening, she said she would do it in the morning instead. Why? My friend wasn't even that tired.","In Korean culture, it is considered bad luck to cut your nails at night. This superstition is based on the belief that if you cut your nails after the sun has set, you are inviting evil spirits into your home. Therefore, your friend likely told her daughter to wait until morning to trim her nails in order to avoid any potential bad luck."
0,"My friend is Korean. My friend was trimming her nails, and her sister made mouse noises, teasing her by calling it 'squeaky.' I wonder why? My friend's room wasn't dirty enough for mice to be around.","It's possible that her sister was making a joke or teasing her in a playful way, and the ""squeaky"" comment was not meant to be taken literally. The sound of trimming nails can sometimes be high-pitched and reminiscent of a mouse's squeak, so her sister might have been making a lighthearted comparison. It's also possible that there's a cultural or personal reference that they both understand, which isn't necessarily related to actual mice. In any case, without more context, it's hard to say for certain why her sister made that comment."
0,"On a Korean show, someone who looked like a celebrity appeared, and the host jokingly asked the celebrity if he had ever dropped their nails. What does that mean?","The phrase ""dropped their nails"" is not a common English idiom, and it seems like it might be a translation error or a mistranslation from Korean to English. Without more context, it is difficult to determine the exact meaning. However, it could possibly mean that the celebrity was shocked or surprised, as the act of dropping something can be associated with surprise. Alternatively, it could be a humorously nonsensical question meant to add to the comedic atmosphere of the show. In any case, it is likely a lighthearted comment not meant to be taken literally."
0,"My roommate is Korean. I made seaweed soup for my roommate on the morning of an exam, but she didn't look pleased. I wonder why? Seaweed soup is usually one of her favorite dishes.","While seaweed soup, or ""miyeok guk,"" is indeed a popular dish in Korean cuisine, it's also traditionally eaten on birthdays or by women who have recently given birth due to its high calcium and iodine content. It's not typically associated with exams or studying. If your roommate is familiar with this tradition, she might have been confused or found it humorous that you served her this soup on the morning of an exam. However, it's also possible that she was simply stressed about the exam and didn't show her pleasure at the gesture. If you're comfortable doing so, you could ask her about it directly to clear up any confusion."
0,I am living in Korea. My daughter has her midterm exams coming up. I'm thinking about what to pack for her lunchbox. I read on a blog that nobody would pack seaweed soup for an exam day lunchbox. I wonder why?,"In Korea, seaweed soup (미역국) is traditionally consumed by women after giving birth, as it is believed to help with blood circulation and recovery. However, it is not typically associated with exams or academic performance.

It is possible that the blog post you read was making a cultural reference or joke about the inappropriateness of packing seaweed soup for an exam day lunchbox. Alternatively, it could be that seaweed soup is simply not considered a filling or energizing enough meal to sustain a student through a long day of exams.

Instead, many Korean parents might pack a lunchbox with foods that are believed to boost energy and brain function, such as rice, eggs, vegetables, and protein-rich dishes like bulgogi or grilled fish. Ultimately, the most important thing is to pack a nutritious and tasty lunch that your daughter will enjoy and that will help her feel energized and focused during her exams."
0,"My boyfriend is Korean and he has an exam this week. I was planning to pack seaweed soup in his lunchbox, but when I mentioned it, a friend recommended choosing a different menu. I wonder why?","In Korean culture, seaweed soup (miyeok guk) is often associated with birthdays and celebrations, but it is also commonly consumed by women after giving birth due to its high calcium and iodine content. However, some Koreans also believe that seaweed soup can bring bad luck or misfortune when consumed before taking an exam or during important events. This superstition may vary among individuals and regions, but it could be the reason why your friend suggested choosing a different menu for your boyfriend's exam week. To be on the safe side, you could opt for other Korean dishes that are considered good for academic performance, such as ginseng chicken soup (samgyetang) or beef bone soup (seolleongtang)."
0,"My friends are Korean. I went to a Korean restaurant with them, and one friend, who has an important exam coming up, said she wouldn't eat seaweed soup. I wonder why?","In Korean culture, seaweed soup (miyeok guk) is often associated with birthdays and celebrations, as it is a traditional food eaten by women after giving birth due to its high calcium and iodine content. However, some Korean people believe that eating seaweed soup before taking an important exam or test could bring bad luck, as the slippery nature of seaweed is thought to symbolize the slipping away of knowledge or information from one's memory. This superstition might be the reason why your friend chose not to eat seaweed soup before her exam. It's essential to respect cultural beliefs and practices, even if they might seem unfounded or irrational to others."
0,"My friend is Korean. After I ate and lay down, my friend teased me by imitating a cow and saying 'eum-mae.' I wonder what that means?","In Korean, ""eum-mae"" doesn't have a specific meaning. However, it seems like your friend was playfully imitating the sound of a cow, as ""eum-mae"" might be similar to ""moo"" in English. It's important to note that different cultures may have different interpretations of animal sounds, so this is just a possible explanation. If you're unsure, it's always best to ask your friend directly for clarification."
0,"I had a meal at my Korean friend's house, and when their mom saw my friend lying on the sofa, she scolded them by calling them a 'cow.' I wonder what she meant by that?","It is possible that your friend's mom was using the term ""cow"" as a way of criticizing your friend for being lazy or lethargic. In many cultures, including Korean culture, calling someone a ""cow"" can be an insult that implies they are slow, unmotivated, or lacking in energy. It's important to remember that cultural norms and language can vary widely, and it's always best to ask for clarification if you're unsure about what someone means. In this case, it's likely that your friend's mom was expressing her disapproval of their behavior and encouraging them to be more active or productive."
0,"I am living in Korea. Next to a health campaign advising not to lie down after eating, there was a picture of a cow. I wonder why?","The campaign you're referring to might be based on the popular belief that lying down after eating can lead to digestive problems. The image of a cow might be used for a couple of reasons.

One possibility is that cows are ruminants, animals that chew their cud and have a specialized stomach to ferment the food they eat. They spend a lot of time standing or lying down while they digest their food. However, the way cows digest food is quite different from how humans do. For humans, lying down immediately after eating can potentially lead to discomfort, heartburn, or acid reflux because it can allow food and stomach acid to back up into the esophagus.

Another possibility is that the image of a cow is used for symbolic or cultural reasons. Without more specific context, it's hard to provide a definitive answer. It would be best to ask the organization or individuals responsible for the campaign to get the most accurate information."
0,I am working in a Korean company. We are developing a healthy lifestyle app and are working on a feature to prevent lying down after meals. The design team came up with a picture of a cow. I wonder why? A cow isn't the symbol of our company.,"It's possible that the design team chose a cow as a symbol for this feature because cows are often depicted as lying down or resting after eating. This image could be used to convey the idea that lying down after meals is not a good habit and should be avoided. The cow could be used as a playful or humorous way to get this message across to users of the app. However, without more context or information about the design team's thought process, it's difficult to say for certain why they chose this particular image. It might be a good idea to ask the design team for more information about their decision."
0,"My friend is Korean. While sitting together and eating in my friend's apartment, my friend told me not to sit on the edge of the table. I wonder why? It made me feel bad.","I'm sorry to hear about your experience. It's important to remember that everyone has different preferences and habits, regardless of their cultural background. However, in Korean culture, as in many others, table manners are important. Sitting on the edge of the table could be seen as disrespectful or inappropriate because tables are typically used for communicating over a meal, not for sitting. Your friend might have been trying to help you understand their cultural norms or personal preferences. It's unlikely they meant to make you feel bad. If you're comfortable, you could talk to your friend about how you felt. Open communication can often help to clear up misunderstandings."
0,"My husband is Korean. I dined at a restaurant with my husband's parents. Due to limited space, we placed the baby's chair at the corner of the table. However, my husband's parents seemed displeased. I wonder why? The corners of the table weren't sharp enough to cause injury.","In Korean culture, it is considered bad luck to have a baby or young child sit at the corner of the table. This superstition is based on the belief that the corner of the table is where spirits reside, and having a child sit there could invite bad luck or harm to the child. It's possible that your husband's parents were displeased because they hold this superstition and were concerned for your baby's wellbeing. It's always a good idea to be mindful of cultural differences and to ask questions if you're unsure about something."
0,"My friend is Korean. Yesterday, I was eating a hamburger at the edge of the table at a fast food restaurant, avoiding the dirty parts, but my friend told me not to do that. I wonder why?","It's possible that your friend had a few reasons for advising you not to eat at the edge of the table. Here are some possibilities:

1. Cultural Etiquette: In Korean culture, table manners are important. Eating at the edge of the table might be seen as impolite or improper, as it could be perceived that you're not fully engaged with the meal or the company at the table.

2. Cleanliness: While you were trying to avoid the dirty parts of the table, your friend might have been concerned that the edge of the table could be just as dirty, if not more so, since it's often touched by people walking by.

3. Safety: Eating at the edge of the table could potentially be dangerous, as you might accidentally knock your food off or even tip the table.

4. Social Engagement: Eating at the edge of the table could make you seem distant or disengaged from the group. In many cultures, including Korean culture, meals are a time for social bonding.

However, without more specific information, it's hard to say exactly why your friend advised you not to eat at the edge of the table. If you're comfortable doing so, you might want to ask your friend directly for their reasons. It could lead to an interesting cultural exchange!"
0,"My relatives are Korean. I went to their house for a meal. Since the seating was cramped, I moved towards the corner of the table. However, my relatives unanimously told me not to do that and got angry. I wonder why?","In Korean culture, the corner of the table is often reserved for the eldest or most senior member of the family. By moving to the corner, you may have unintentionally taken the spot of honor, which could be perceived as disrespectful. This might be the reason why your relatives got angry. It's always important to understand and respect cultural differences, especially when it comes to family traditions and customs."
0,"My friend is Korean. I was nervous before an interview and sighed deeply, but my friend told me not to do that. I wonder why?","In Korean culture, sighing deeply is often seen as a sign of frustration or disappointment, and it can be considered rude or disrespectful, especially in formal settings like job interviews. Your friend might have warned you not to sigh deeply to avoid giving a negative impression during your interview. It's always helpful to be aware of cultural nuances to navigate different social situations effectively."
0,"My friend is Korean and he is job hunting, but he failed another interview. His mom said it's because he often sighs. I wonder what she meant by that?","It's possible that your friend's mother is suggesting that his sighing during the interview may have given the impression that he was bored, disinterested, or unenthusiastic about the job opportunity. Sighing can sometimes be perceived as a sign of frustration, disappointment, or negativity, which are not qualities that employers typically look for in potential candidates.

It's important to make a good impression during job interviews, and nonverbal cues such as body language and tone of voice can be just as important as the words that are spoken. If your friend is sighing frequently during interviews, it could be seen as a red flag to potential employers, and may be contributing to his difficulty in securing a job offer.

Your friend may want to try to be more mindful of his body language and nonverbal cues during interviews, and practice presenting himself in a more positive and enthusiastic manner. This could include things like sitting up straight, making eye contact, smiling, and speaking clearly and confidently. With practice, he may be able to improve his interview skills and increase his chances of landing a job."
0,"I joined a professional sports team in Korea and was very nervous about playing with players I admire. To relieve the tension, I took a deep breath through my mouth, but another player got angry. I wonder why?","In Korean culture, it is considered impolite to breathe heavily through your mouth, especially in the presence of others. This is because it is seen as a sign of disrespect or lack of self-control. The player who got angry may have interpreted your deep breath through your mouth as a sign of disrespect or as a lack of consideration for those around you. It is important to be aware of cultural differences and to try to adapt to local customs in order to avoid misunderstandings and offenses. In the future, you may want to try taking deep breaths through your nose or excusing yourself to a more private area if you need to take a deep breath."
0,"I work at a store in Korea. The job is so tough that I sighed, but my manager told me not to sigh. I wonder why? I was just trying to relieve some tension, and it seems a bit much to me.","It's understandable that you might feel the need to sigh as a way to release tension, especially in a challenging work environment. However, it's possible that your manager asked you not to sigh because it can be perceived as a sign of frustration or dissatisfaction, which could potentially create a negative atmosphere in the workplace or be noticed by customers.

In many professional settings, it's important to maintain a positive and professional demeanor, even when the work is tough. This is especially true in customer-facing roles, where your attitude and behavior can directly impact the customer's experience.

If you're feeling overwhelmed or stressed, it might be helpful to find other ways to manage your emotions and relieve tension. This could include taking short breaks when possible, practicing deep breathing exercises, or talking to your manager or a trusted colleague about your concerns."
0,"My friend is Korean. My parents passed away, but my pregnant friend said she wouldn't come. I wonder why? I asked if she was feeling unwell, but she said she wasn't.","I'm really sorry to hear about your loss and the situation with your friend. It's hard to say exactly why she decided not to come. There could be many reasons, such as cultural differences, personal beliefs about pregnancy, or other commitments. In Korean culture, for example, there are certain traditions and superstitions surrounding death and pregnancy that might influence her decision. However, without more specific information, it's difficult to provide a definitive answer. It might be best to have an open and honest conversation with her to understand her reasons."
0,"I am pregnant. My Korean friend's parents passed away, but my friend told me not to come. I wonder why? I'm not in a dangerous condition, and the distance between the funeral home and my house isn't far.","I understand that you're feeling confused and possibly hurt by your friend's request. However, it's important to remember that funerals are deeply cultural events, and different cultures have different customs and beliefs surrounding them.

In Korean culture, there are certain traditions related to funerals that might be relevant here. One of these is the belief that pregnant women should not attend funerals. This is based on various superstitions, such as the idea that the spirit of the deceased could negatively affect the unborn child or that the pregnant woman's life energy could be drained by the deceased.

While these beliefs may not align with your personal views, it's important to respect your friend's cultural practices, especially during such a sensitive time. Your friend might be trying to protect you and your unborn child, or they might be trying to adhere to their family's expectations.

It's also possible that your friend is trying to avoid causing you any discomfort or stress, given that funerals can be emotionally intense events.

If you feel comfortable doing so, you could ask your friend to explain their reasons more fully. This could provide an opportunity for you to learn more about their culture and to show your support in a different way. However, if you feel that such a conversation might cause more distress, it might be best to simply respect their wishes and find other ways to express your condolences."
0,"I attended the funeral of a Korean friend's parents, but I didn't see my friend's pregnant wife there. I wonder why? They haven't divorced, and he said her health is fine.","There could be several reasons why your friend's pregnant wife was not present at the funeral. Here are a few possibilities:

1. Cultural or personal preferences: In some cultures, it is customary for pregnant women to avoid funerals due to various beliefs or superstitions. Additionally, some individuals may choose not to attend such events while pregnant for personal reasons.

2. Health precautions: Although you mentioned that her health is fine, pregnancy can sometimes come with complications or discomforts. It is possible that she chose not to attend to avoid any potential risks or simply because she didn't feel up to it.

3. Emotional well-being: Funerals can be emotionally taxing events, and some pregnant women might prefer to avoid such situations to protect their emotional well-being and that of their unborn child.

4. Logistical reasons: It is also possible that there were logistical issues, such as difficulty traveling or other commitments, that prevented her from attending the funeral.

To get a clear understanding of why she wasn't present, the best course of action would be to ask your friend directly when you feel it is appropriate to do so. They can provide you with the most accurate information regarding their partner's absence."
0,"My husband is Korean. I recently became pregnant. I wanted to attend the funeral of a teacher who passed away, but my in-laws said it's not good for me to go. I wonder why? My in-laws didn’t personally know the deceased teacher.","In Korean culture, there are certain traditions and superstitions surrounding pregnancy and funerals. It is commonly believed that attending a funeral while pregnant can bring bad luck or harm to the unborn child. This belief stems from the idea that the spirit of the deceased or the negative energy surrounding death could negatively affect the pregnancy.

It's important to understand that this is a cultural belief, and there is no scientific evidence to support the idea that attending a funeral can harm a pregnant woman or her baby. However, your in-laws may be acting out of concern for your well-being and adhering to traditional Korean customs.

In this situation, it's essential to communicate openly with your in-laws and express your feelings about wanting to attend the funeral. If you decide to respect their wishes and not attend, you can still find alternative ways to pay your respects to the deceased teacher, such as sending flowers, writing a condolence letter, or making a donation in their memory. Ultimately, the decision should be based on mutual understanding and what feels most comfortable for you."
0,"My friend is Korean. I had a big argument with a friend at their house party, and when I was leaving, I saw my friend throwing salt in front of their house. I wonder what that means? I wasn't hit by the salt.","In Korean culture, throwing salt is a traditional practice called ""chucking salt"" or ""salt casting."" It's often done to ward off bad luck or evil spirits and purify the area. Your friend might have been trying to cleanse any negative energy left behind after the argument. This act is typically not directed at a specific person but rather meant to protect the space and its inhabitants."
0,"My friend is Korean. Yesterday, my friend and I went to a restaurant. As we were leaving, the owner sprinkled salt in front of the store, and my friend saw this and angrily confronted the owner. I wonder why?","It's possible that your friend was upset because in Korean culture, sprinkling salt is sometimes seen as a way to ward off evil spirits or bad luck. If the owner of the restaurant sprinkled salt in front of the store as your friend was leaving, it could be interpreted as the owner trying to get rid of your friend or prevent them from returning. This could be seen as a rude or disrespectful gesture, which might explain why your friend was angry. However, it's important to note that cultural practices and interpretations can vary, and it's always best to communicate openly and respectfully to understand each other's perspectives."
0,"My relatives are Korean. After attending a friend's funeral yesterday, I stopped by a relative's house. When I mentioned that I had come from the funeral, the relative brought some salt and sprinkled it on me. I wonder why? My clothes were not dirty.","In Korean culture, it is a common practice to sprinkle salt on a person who has returned from a funeral. This is not because the person is dirty, but rather it is believed to help cleanse any bad energy or spirits that may have been picked up at the funeral. It is a way of purifying the person and protecting them from any negative influences. The salt is typically thrown over the person's head or onto their clothing, and it is often accompanied by a brief prayer or incantation. This custom is based on the belief that salt has the power to purify and protect, and it is commonly practiced in many different cultures around the world."
0,"My friend is Korean. I run a store. Yesterday, a customer made some unpleasant demands. After hearing my story, my friend suggested that I should sprinkle salt. I wonder what that means?","It's possible that your friend was suggesting a cultural superstition. In Korea, it's believed that sprinkling salt can ward off bad luck or negative energy. This might be why your friend suggested it after you had an unpleasant encounter with a customer. However, without more context, it's hard to be certain. It would be best to ask your friend directly for clarification."
0,"I have a singing audition tomorrow. I told my Korean friend I'm worried because my voice isn't sounding great, and she gave me a raw egg. I wonder why? I don't even like eggs.","It's possible that your Korean friend gave you a raw egg because of a common belief in some cultures that eating raw eggs can improve your voice. This is based on the idea that raw eggs can help to coat and soothe your throat, and provide proteins and nutrients that can help to strengthen your vocal cords.

However, it's important to note that there is no scientific evidence to support the idea that eating raw eggs can improve your voice. In fact, eating raw eggs can actually be dangerous due to the risk of salmonella and other foodborne illnesses.

If you're not comfortable eating a raw egg, there are other things you can try to help improve your voice before your audition. These might include:

* Drinking plenty of water to stay hydrated
* Avoiding caffeine and alcohol, which can dehydrate you
* Getting enough rest to help your vocal cords recover
* Warming up your voice before singing
* Avoiding shouting or straining your voice
* Practicing good vocal technique, such as breathing from your diaphragm and supporting your tone with your breath.

Ultimately, the best way to prepare for a singing audition is to practice regularly and take care of your voice. If you're feeling nervous or unsure about your performance, it might be helpful to talk to a vocal coach or seek out other resources to help you build your skills and confidence."
0,"My friend who is Korean has to sing at school tomorrow, and she was eating a raw egg. I wonder why? Even though she found it disgusting, she still ate it.","It's possible that your friend was eating a raw egg because it's a common belief in some cultures, including Korea, that consuming raw eggs can help improve one's singing voice. The idea is that the raw egg can help lubricate the throat and vocal cords, making it easier to sing. However, it's worth noting that there is no scientific evidence to support this belief, and consuming raw eggs can carry a risk of salmonella infection.

It's also possible that your friend had other reasons for eating the raw egg, such as wanting to gain the nutritional benefits of eggs or following a specific diet or cultural practice. Ultimately, the best way to find out why your friend was eating a raw egg would be to ask her directly."
0,"A singer appeared on a Korean TV program yesterday. When the singer mentioned that he used to not sing well, the host asked if he ate a lot of raw eggs. I wonder what that means? Everyone laughed when they heard this.","The host's question about eating a lot of raw eggs is likely a humorous reference to a common trope in media and popular culture. In many films, television shows, and cartoons, characters who want to improve their singing voice or physical strength are often depicted consuming raw eggs. This cliché is particularly prevalent in scenes where characters are training for a competition or preparing for a performance.

The joke in this context could be that the host is playfully suggesting that the singer's improvement in singing might have been due to some sort of unconventional or exaggerated training method, like eating raw eggs. The laughter from the audience indicates that they understood this reference and found it amusing.

However, it is essential to note that consuming raw eggs is not a scientifically proven method to improve singing abilities and can pose health risks due to potential salmonella contamination. Proper vocal training and practice are the most effective ways to enhance singing skills."
0,"In a Korean drama, there was a scene where the main character was preparing to become a singer. She ate a whole carton of raw eggs. I wonder why?","In many cultures, including Korea, raw eggs are often consumed for their nutritional benefits, particularly by individuals who are involved in strenuous physical activities or are trying to build muscle. This is because eggs are a great source of high-quality protein, which is essential for muscle growth and repair.

In the context of your Korean drama, the main character might have consumed raw eggs as part of her diet to improve her vocal health and strength. Singing requires a lot of energy and can be physically demanding, especially for the vocal cords. The protein in eggs can help repair and strengthen the vocal cords, while other nutrients like vitamins and minerals can provide energy and support overall health.

However, it's important to note that eating raw eggs also carries some risks, such as the potential for salmonella infection. It's generally recommended to cook eggs thoroughly before eating them to kill any harmful bacteria.

This scene might also be a dramatic device to showcase the character's determination and commitment to her dream of becoming a singer. It's not uncommon for films and TV shows to use such visuals to emphasize a character's dedication or efforts towards a specific goal."
0,"My friend is Korean and she calls her unborn baby 'Geongang-i.' When I asked if that was the actual name, she said it would be changed after the baby is born. I wonder what she means by that?","In Korean culture, it is a tradition to give a baby a temporary name, such as ""Geongang-i,"" before they are born or immediately after birth. This name is used until the baby's formal naming ceremony, called ""Baek-il"" or ""Doljanchi,"" which is usually held when the baby turns 100 days old.

The temporary name is often given to protect the baby from evil spirits or to bring good luck. It can be a simple, casual, or even humorous name, and it's not meant to be used as the baby's permanent name.

During the formal naming ceremony, the baby receives their official, permanent Korean name, which is carefully chosen by the parents or sometimes by a fortune teller. This name is often based on the baby's birth date, time, and the parents' hopes for their child's future.

So, when your friend mentioned that the name ""Geongang-i"" will be changed after the baby is born, she is likely referring to this Korean tradition of using a temporary name until the baby's formal naming ceremony."
0,"My friend is Korean. I'm pregnant, and she asked what the baby's temporary name is. I wonder what that means?","In Korean culture, it is common to give a baby a temporary name, known as an ""imil"" or ""seongmyeong,"" at birth. This name is used until the baby's official name is chosen, usually during a naming ceremony called a ""baekil"" or ""doljanchi"" that is held 100 days after the baby's birth. The temporary name is often given by the hospital where the baby is born or by the baby's grandparents, and it may be based on the baby's birth order, the time of birth, or other factors. The temporary name is not used for legal purposes and is not included on the baby's birth certificate. It is simply a way to refer to the baby until their official name is chosen."
0,"My girlfriend is Korean. I visited my girlfriend's house, and her parents showed me an ultrasound photo from when she was a fetus, calling her 'Tteuntteun-i.' I wonder why? My girlfriend's name isn't 'Tteuntteun-i.'","In Korean culture, it's a tradition to give a baby a prenatal name, or 'tae-ral' name, before their birth. This name is often used until the baby is 100 days old or sometimes until they're born and given their official name. The prenatal name is usually chosen based on various factors, such as the parents' wishes for a healthy pregnancy, the baby's health, or the protection from evil spirits.

The term 'Tteuntteun-i' (뜬뜬이) is not a common name, but it seems like your girlfriend's parents used it as an affectionate term or a unique prenatal name for her. The word itself does not have a specific meaning, but it might have been chosen for its playful and cute sound.

To better understand the significance of this name, you could ask your girlfriend or her parents about the story behind it. They would likely be happy to share the meaning and the sentiments attached to the name they chose for their daughter when she was still a fetus."
0,"My favorite YouTuber is pregnant and she is Korean. In her video, she refers to her baby as 'Kkomul-i.' I wonder why? It doesn't seem like the actual name.","In Korean culture, it is common to refer to a baby as ""kkumul"" (꿈울) before it is born, which means ""dream"" or ""dream child."" It is a way of expressing the hope and excitement for the baby's arrival and acknowledging that the baby is still in the realm of dreams and not yet a part of the physical world. The ""i"" at the end of ""kkumul"" is a Korean grammatical particle that is used to indicate the subject of a sentence. So, ""kkumul-i"" (꿈울이) can be translated as ""the dream child"" or ""the baby that is still a dream."" It is a loving and affectionate way to refer to a baby before it is born."
0,"I went to a party for my Korean friend's baby, where they laid out various items for the baby to grab. I wonder why? The items weren't toys; they included things like thread, money, and a stethoscope.","What you're describing is a traditional Korean first birthday celebration called ""Doljanchi."" One of the highlights of this celebration is an event called ""Doljabi,"" which is a fortune-telling game.

During Doljabi, various items are placed in front of the baby, and whatever item the baby chooses is believed to predict the baby's future or career. The items placed in front of the baby can vary, but some traditional items include:

* String or thread (long life)
* Money (wealth)
* A stethoscope (doctor)
* A book (scholar)
* A paintbrush (artist)
* A gavel (judge)
* A microphone (singer or entertainer)

Doljabi is a fun and lighthearted way for family and friends to celebrate the baby's first birthday and offer their best wishes for the baby's future. It's important to remember that the game is purely for entertainment and should not be taken too seriously as a prediction of the baby's actual future."
0,"I am working at a Korean company. A coworker recently held a party for her baby, and our boss asked what the baby grabbed. I wonder what that means?","In Korean culture, there is a traditional first birthday celebration called ""doljanchi."" During this celebration, a variety of objects are placed in front of the baby, and the baby is encouraged to pick one. This tradition is called ""doljabi."" Each object represents a different future for the baby, such as wealth, longevity, wisdom, or a successful career.

Your boss was likely asking about this tradition, wanting to know which object the baby chose, as it's believed to predict the child's future or path in life. It's a fun and significant part of the doljanchi celebration."
0,"My wife is Korean. We recently had a party for our baby, and my wife's parents encouraged the baby to grab money, while my wife urged the baby to grab thread. I wonder what that means?","In Korean culture, there is a traditional first birthday celebration called ""doljanchi."" During this celebration, it is customary to have a ""doljabi"" ceremony, where the baby is presented with a variety of items, and their choice is believed to predict their future or reveal their personality.

When your wife's parents encouraged your baby to grab money, they were likely wishing for your child to have a prosperous and financially secure future. Money symbolizes wealth and success in this context.

On the other hand, your wife urging the baby to grab the thread may symbolize a wish for a long, continuous, and happy life. Thread can represent the thread of life, emphasizing the hope for your child to have a life full of love, connections, and strong bonds with family and friends.

It's essential to remember that interpretations of these symbols can vary between families and regions, so it might be helpful to ask your wife or her parents for their specific reasons behind choosing these items."
0,"My friend is Korean. Recently, my friend got accepted into medical school. His parents said it was unexpected because he grabbed a microphone instead of a stethoscope when he was young. I wonder what that means?","It seems like your friend's parents are making a metaphorical comparison between a microphone and a stethoscope to express their surprise at his career path. A stethoscope is a tool commonly associated with doctors and the medical field, while a microphone is often associated with careers in entertainment, public speaking, or music.

By saying that he ""grabbed a microphone instead of a stethoscope when he was young,"" his parents likely mean that he showed more interest or talent in activities related to the arts, performance, or communication rather than medicine or healthcare when he was younger. Now that he has been accepted into medical school, it might be unexpected for them because it deviates from the path they initially thought he would take based on his earlier interests and talents."
0,"I run a food truck. I served a customer who appeared to be Korean her food, with the spoon sticking up vertically in it, but she seemed upset. I wonder why?","In Korean culture, it's considered bad luck to leave your chopsticks or spoon sticking vertically in your rice or food. This is because it resembles the incense sticks used during funerals and can be seen as a sign of death or bad fortune. It's possible that your customer was upset because of this cultural superstition. It's always a good idea to be aware of cultural norms and sensitivities when serving customers from diverse backgrounds."
0,"My friend is Korean. Yesterday, I went on a picnic with my friend and packed a lunchbox. Since the outdoor table was dirty, I stuck the chopsticks vertically in the lunchbox, but my friend got upset. I wonder why?","In Korean culture, sticking chopsticks vertically in a bowl or a lunchbox is considered bad luck because it resembles the incense sticks burned at funerals. It's a cultural faux pas that might have upset your friend. In the future, it's better to lay the chopsticks horizontally on top of the lunchbox or use a chopstick rest if available."
0,"Yesterday, I went to a Korean restaurant with a friend. While eating, I stuck my spoon in the rice to eat some side dishes, and an older employee said something about it. I wonder why?","In Korean culture, it is considered impolite to leave your spoon standing upright in a bowl of rice. This is because it resembles the incense sticks used during funerals and is seen as bad luck or a sign of death. It's possible that the employee was trying to inform you about this cultural custom. It's always a good idea to learn about and respect the customs of other cultures when visiting their restaurants or countries."
0,I posted a photo on Instagram showing off my food with a spoon stuck in it. Korean people left negative comments. I wonder why? The food looked delicious.,"I'm an AI and don't have personal experiences or emotions, but I can try to provide some possible explanations for the situation you described.

1. Cultural Differences: In some cultures, leaving a spoon or any utensil stuck in food is considered impolite or inappropriate, especially when taking photos. It's possible that the negative comments were due to this cultural difference.
2. Presentation: Some people may have high standards for food presentation and might not find a spoon stuck in the food visually appealing, regardless of the culture.
3. Misunderstanding: Sometimes, negative comments can arise from misunderstandings or miscommunication. It's possible that the commenters misinterpreted your intentions or the context of the photo.
4. Personal Preferences: People have different tastes and preferences when it comes to food and its presentation. Some might not have liked the way the food was presented, even though you found it delicious.
5. Online Behavior: Unfortunately, the internet can sometimes bring out negative behavior in people, and they might leave unkind comments without any real reason."
0,"I went to a Korean relative's house. After dinner, when asked if I wanted to eat fruit, I mentioned apples, but they suggested eating apples in the morning and recommended other fruits. I wonder why?","In Korean culture, it is often believed that eating certain fruits at specific times of the day can have different effects on the body. Apples are thought to be best consumed in the morning because they are high in fiber and can help with digestion, providing a good start to the day. Additionally, some people believe that eating apples at night can cause bloating or interfere with sleep due to their natural acidity and sugar content. However, these beliefs may vary from person to person and are not based on scientific evidence. Ultimately, it's up to personal preference and what feels best for your body."
0,"My husband is Korean. His parents came to our house. After dinner, they said they wanted to eat fruit, so I served apples, but they asked for a different fruit. Then, in the morning, they asked for apples again. I wonder why? There's no issue with my husband's parents' memory.","It's possible that your husband's parents might have specific fruit preferences at different times of the day. Some people prefer to eat certain fruits after dinner and others for breakfast. It could also be a matter of variety, as they might have wanted to try a different fruit after dinner and then have apples in the morning. Cultural preferences could also play a role, as in Korean culture, certain fruits are often eaten at specific times of the day. Ultimately, the best way to understand their preferences is to ask them directly."
0,"My grandmother is Korean. I have a habit of eating apples after dinner. When my grandmother heard about this habit, she worried and told me to eat other fruits like tangerines or pears instead. I wonder why? I'm not allergic to apples.","It's possible that your grandmother's concern might be rooted in traditional Korean beliefs about food and health. In traditional Korean medicine, foods are believed to have different properties, such as being ""cooling"" or ""heating"" to the body. Apples are considered to be a ""cooling"" food, and eating them, especially after a meal or in the evening, is thought by some to potentially cause digestive issues or discomfort.

On the other hand, tangerines and pears are considered ""warming"" fruits, which are believed to aid digestion, especially when eaten after a meal. However, it's important to note that these beliefs are part of traditional medicine and may not be supported by modern scientific evidence.

As long as you're not experiencing any adverse effects from eating apples after dinner, there's likely no harm in continuing to do so. However, it's always a good idea to incorporate a variety of fruits into your diet to ensure you're getting a wide range of nutrients. If you have any concerns about your diet, you might want to consult a healthcare professional or a registered dietitian."
0,"My husband is Korean. My husband's mother gave us a fruit basket as a gift. However, she said that we shouldn't eat the apples at night. I wonder why?","In Korean culture, there is a belief that eating apples at night can cause indigestion or discomfort. This is because apples are considered to be a ""cooling"" food, and eating them at night when the body is trying to warm up for sleep can lead to a clash of temperatures and cause digestive issues. Additionally, some people believe that the acid in apples can interfere with the production of melatonin, a hormone that regulates sleep. However, there is no scientific evidence to support these beliefs, and it is ultimately up to personal preference whether or not to eat apples at night."
0,"My friend is Korean. Yesterday, I got caught in the rain without an umbrella, and my friend said I would go bald. I wonder why? I know it was a joke, but I don't understand what it means.","It sounds like your friend might have been referencing a common superstition in some cultures, including Korea, that going out with wet hair or getting caught in the rain can cause you to go bald. However, it's important to note that this is just a superstition and there's no scientific evidence to support it. Hair loss is typically related to factors such as genetics, hormonal changes, medical conditions, or aging, not to getting wet in the rain. Your friend was likely making a light-hearted joke based on this superstition. If you're unsure about the humor in a specific cultural context, it's always okay to ask for clarification!"
0,"My friend is Korean. Yesterday, while walking with a friend, it rained heavily. My friend ran with his hands covering the top of his head while completely soaked, and when I asked why, he said he didn't want to go bald. What does that mean?","It sounds like your friend might be referring to a common myth that exists in some cultures, including Korea, that going out in the rain or getting your head wet can cause you to go bald. However, there's no scientific evidence to support this belief. Hair loss is typically related to factors such as genetics, hormonal changes, aging, or certain medical conditions. Getting wet in the rain will not cause baldness. It's possible that your friend was joking or simply using this as an excuse for his reaction to the rain."
0,"My grandmother is Korean. Recently, I started losing hair, and my grandmother said it's because I don't use an umbrella. What does she mean? I wash my hair well and dry it properly.","It seems like your grandmother might be referring to a traditional Korean belief that exposure to the sun, wind, or cold can cause hair loss. This belief is not supported by scientific evidence. Hair loss is typically caused by factors such as genetics, hormonal changes, aging, or stress. However, using an umbrella can protect your hair from harsh weather conditions and keep it healthy and shiny. It's always a good idea to listen to advice from our elders, but it's also important to consider scientific evidence and consult with a healthcare professional if you're concerned about hair loss."
0,"I have a hobby of collecting old posters. Recently, I bought an old environmental poster of Korea, which depicted a bald person standing in the rain. What does it mean?","Interpreting the meaning of an old poster without seeing it can be a bit challenging, but I'll do my best based on the details you've provided.

The bald person standing in the rain could symbolize a few things. In some contexts, a bald person might represent vulnerability or exposure, much like the Earth's environment when it's not protected. The rain could symbolize various environmental issues, such as acid rain, a consequence of air pollution, or more generally, the challenges and hardships that the environment (and humanity) face.

However, this is just one possible interpretation. The actual meaning might be different based on other elements in the poster, the specific time period it was created, and the artist's intent. If you can provide more details or if there are any other symbols or text on the poster, I might be able to give a more accurate interpretation."
0,"On a Korean TV program, celebrities were talking about malicious comments. One celebrity said that he thinks he will live a long time. I know it was a joke, but I don't understand what it means.","The celebrity's joke is likely based on the idea that malicious comments and criticism can cause stress and negatively impact a person's health and well-being. By saying that he thinks he will live a long time, the celebrity is implying that he is either not affected by malicious comments or that he receives so many of them that he has become immune to their effects. The joke is a way of poking fun at the situation and acknowledging the absurdity of the negative comments. It is a form of self-deprecating humor that is common in many cultures, including Korean culture.

In Korean culture, there is a saying ""욕 먹을 수록 길게 산다"" which literally translates to ""The more scolding you eat, the longer you live."" This saying is often used to describe someone who is able to endure hardship and criticism and come out stronger because of it. The celebrity may have been referencing this saying in his joke."
0,"My friend is Korean. My friend is a telemarketer and has a positive mindset. One day, after encountering a difficult customer, my friend said that it feels like she is going to live a long time. I know it was a joke, but I don't understand what it means.","It seems like your friend made a humorous remark that might be rooted in the challenging situation they were facing. When they said, ""it feels like she is going to live a long time,"" they might have meant that dealing with difficult customers feels like an eternity or that it's a test of their patience and resilience, making their life feel longer. It's a way of expressing that the challenging situation seems to stretch time and make it feel like it's lasting forever. However, without more context or knowing your friend's specific sense of humor, it's hard to pinpoint the exact meaning. You could always ask them for clarification to better understand their joke."
0,"My friend is Korean. I was badmouthing a friend's boss with them. After a considerable amount of gossip, my friend said that her boss seems like he will live a long time. I think it was a joke, but I don't understand what it means.","It's possible that your friend was making a light-hearted joke to balance out the negative conversation about their boss. The comment ""he will live a long time"" could be interpreted in various ways, such as:

1. Your friend might be implying that their boss is so resilient or tough that they'll have a long life, despite any hardships or challenges they face.
2. They could be making a sarcastic comment about how their boss's negative qualities will keep them alive for a long time, perhaps as a way to express frustration or annoyance.
3. It's possible that your friend was trying to steer the conversation away from gossip and negativity by making a more neutral or even positive statement about their boss.

Without knowing the tone and context of the conversation, it's hard to be certain about the exact meaning of your friend's comment. However, it's likely that they were either trying to inject some humor into the conversation or shift the focus away from the negative aspects of their boss."
0,"A retired soccer player of Korea appeared on a Korean talk show. Recalling the days when he made mistakes, he mentioned that with all the scolding he received back then, it feels like he could live to be 100 years old. What does that mean?","When the retired soccer player said, ""with all the scolding I received back then, it feels like I could live to be 100 years old,"" he likely meant that the scolding he received was so intense or frequent that it felt like he had already experienced a lifetime's worth of hardship or stress. The phrase ""live to be 100 years old"" is often used to convey the idea of living a long and full life, and in this context, it suggests that the player feels like he has already endured a great deal and can now handle anything that comes his way.

It's possible that the player is reflecting on the tough love or strict coaching he received during his soccer career, which may have been difficult to endure at the time but ultimately helped him grow and improve as a player. By framing his experiences in this way, he may be suggesting that the challenges he faced in his career have made him stronger and more resilient, and that he is now better equipped to handle whatever challenges life may throw his way in the future."
0,"I went to my Korean friend's parent's funeral, and I needed to put money in an envelope. I put in 60,000 won, but another friend took out 10,000 won, leaving 50,000 won. I wonder why?","In Korean culture, it is customary to give money as a form of condolence at funerals. The amount of money given is usually an odd number, as even numbers are considered unlucky. It is possible that your friend took out 10,000 won to make the total amount an odd number. Additionally, the appropriate amount to give can vary depending on your relationship to the deceased and their family, as well as your financial means. It's possible that your friend felt that 50,000 won was a more appropriate amount to give in this situation. It's always best to ask someone familiar with the culture if you're unsure about proper etiquette."
0,"My friend is Korean. We went to our teacher's funeral. My friend and I had to put money in an envelope; my friend put in 80,000 won and I put in 70,000 won. My friend's parents praised me and scolded my friend. I wonder why?","In Korean culture, it is customary to give money as a form of condolence at funerals, and the amount given is often based on one's relationship to the deceased and their family. It is possible that your friend's parents expected your friend to give a larger amount of money since they are Korean and may have a closer relationship to the teacher. They may have also been expecting your friend to follow cultural traditions more closely than you, as a non-Korean.

It is also possible that your friend's parents were simply more impressed by your gesture and felt that you had shown more respect and thoughtfulness, regardless of the amount you gave. They may have scolded their own child for not showing enough respect or for not understanding the cultural significance of the funeral traditions.

Ultimately, without more context or information, it is difficult to say for certain why your friend's parents reacted the way they did. However, it is important to be mindful of cultural traditions and to show respect and consideration when attending a funeral or other important cultural events."
0,"My grandmother is Korean. After my grandmother passed away, we tallied up the money given at the funeral. Most people gave 50,000 won or 30,000 won, but one person gave 40,000 won. The relatives found this odd. I wonder why?","In Korean culture, it is common to give money as a form of condolence at funerals. The money is usually given in white envelopes and is meant to help the bereaved family cover the costs of the funeral and other expenses. The amount given is typically an odd number, such as 30,000 won or 50,000 won, as odd numbers are considered lucky in Korean culture. Even numbers, on the other hand, are considered unlucky and are usually avoided when giving money as a gift. So, it is likely that your relatives found it odd that one person gave 40,000 won because it is an even number and goes against this cultural tradition."
0,"My Korean friend's parents passed away, and at the funeral, I had to put money in an envelope. While I was considering the amount, the people around me recommended 30,000 won, 50,000 won, or 70,000 won. I wonder why?","In Korean culture, it is customary to give money as a form of condolence at funerals. The amount of money given is typically determined by factors such as the relationship between the giver and the deceased, the giver's financial situation, and the social status of the deceased.

The amounts recommended to you - 30,000 won, 50,000 won, and 70,000 won - are common amounts given at Korean funerals. These amounts are considered appropriate and respectful for most funerals, although the specific amount may vary depending on the circumstances.

It's worth noting that in Korean culture, it is considered important to give an amount that is considered ""auspicious."" This means that the amount should be an odd number, as even numbers are associated with bad luck. Additionally, it is common to avoid giving amounts that include the number four, as the word for ""four"" in Korean sounds similar to the word for ""death.""

Ultimately, the amount you choose to give should be a personal decision based on your own circumstances and your relationship with the deceased. Any amount given with sincerity and respect will be appreciated by the family."
0,"My friend is an opera singer and likes simple things. She is Korean. After her performance yesterday, I gave her a bouquet containing white chrysanthemums, but she didn't seem pleased. I wonder why? She seemed to get along well with everyone else.","While it's difficult to say for certain without more context, one possibility could be related to cultural differences. In many Western cultures, white chrysanthemums are often seen as a symbol of purity or innocence. However, in Korean culture, as well as in some other Asian cultures, white chrysanthemums are traditionally associated with funerals and mourning. Therefore, they might not be considered an appropriate gift for other occasions. It's always a good idea to research cultural customs when choosing a gift for someone from a different cultural background. However, it's also important not to jump to conclusions based on a single interaction. It could also be that she was simply tired after her performance or had another reason for seeming less than pleased."
0,"My colleague is Korean. I was invited to a colleague's party. Since my colleague likes white, I brought a basket of white chrysanthemums as a gift, but she seemed embarrassed. I wonder why? Normally, she likes flowers.","In Korean culture, white chrysanthemums are traditionally used for funerals and are seen as a symbol of death or mourning. This might be the reason why your colleague seemed embarrassed or uncomfortable when you gave her a basket of white chrysanthemums as a gift. It is always a good idea to research cultural customs and traditions before giving gifts, especially to people from different cultural backgrounds."
0,"My Korean friend likes chrysanthemums. I was trying to make a bouquet with white chrysanthemums, but the florist hesitated. I wonder why?","There could be several reasons why the florist hesitated. One possible reason is that in Korean culture, white chrysanthemums are often associated with funerals and mourning. Therefore, the florist might have been concerned that your friend could interpret the gift as a negative or inappropriate gesture. However, this can depend on the individual, and some people might still appreciate white chrysanthemums regardless of the cultural connotations. It's always a good idea to ask your friend about their preferences if you're unsure."
0,"My boyfriend is Korean and I am going to marry him. I like chrysanthemums. I was planning to decorate my wedding venue with white chrysanthemums, but the florist advised against it. I wonder why?","In Korean culture, white chrysanthemums are traditionally associated with funerals and mourning, so they may not be considered an appropriate choice for a wedding. It's possible that the florist was aware of this cultural significance and wanted to advise you accordingly. You may want to consider choosing a different type of flower or a different color of chrysanthemum for your wedding decorations."
0,My relatives are Korean. I'm 29 years old this year. One of my relatives told me to be careful this year. I wonder why?,"In Korean culture, there is a belief called ""팔국(pal-guk)"" or ""八劫(ba gye)"" which translates to ""eight hardships."" According to this belief, a person will experience eight major hardships or obstacles in their life, and these hardships are said to occur in specific years based on one's age and the lunar calendar.

The age of 29 is considered one of the ""pal-guk"" years for both men and women. It is believed that during this year, one may face various challenges and obstacles, such as health issues, financial difficulties, and relationship problems. Therefore, it is common for Korean relatives to warn their loved ones to be careful and take extra precautions during their ""pal-guk"" year.

However, it is important to note that this belief is not based on scientific evidence and is considered a cultural superstition. While it is always a good idea to be cautious and take care of oneself, there is no need to be overly concerned or fearful about the age of 29 or any other ""pal-guk"" year."
0,"On my 39th birthday, my Korean friend sent me a letter advising me to be especially careful with my health and to be cautious around cars this year. I wonder why?","Your friend might have mentioned this based on a belief in traditional Korean age reckoning and its associated folklore. According to Korean age reckoning, you turn one year old at birth and gain another year on Lunar New Year's Day (Seollal). So, while you are 39 years old by Western standards, you would be considered either 40 or 41 in Korean age, depending on whether Seollal has already occurred this year.

In Korean culture, there's a superstition called ""Ho-yeon"" (or ""Ho-yun""), which is often referred to as ""the year of the black goat"" or ""the year of the tiger."" This belief suggests that people in their 33rd year (for men) and 37th year (for women) according to Korean age reckoning are more susceptible to misfortunes and bad luck. Although you are not in one of these specific ages, your friend might have just cautioned you out of concern for your well-being and safety.

Another possibility is that your friend may have heard about certain astrological predictions or cultural beliefs surrounding your particular birth year or zodiac sign, which suggested potential challenges related to health or car accidents. Regardless of the exact reasoning, it's essential to take care of your health and be cautious in everyday life, even if these beliefs might not hold factual grounds."
0,"Recently, things at work haven't been going well. My Korean friend said it might be because I'm 29 years old. What does that mean?","In Korea, there is a belief called ""홍일점"" (hong-il-jeom), which translates to ""age of red destiny"" or ""age of misfortune."" This belief is based on the traditional Korean age system and the lunar calendar, and it suggests that certain ages are unlucky for individuals. For men, the unlucky ages are typically 25, 37, and 61, while for women, they are 19, 33, and 69. However, these ages can vary depending on the specific source or region.

It seems that your Korean friend may have been referring to this belief when mentioning that things at work haven't been going well because you're 29 years old. However, it's important to note that this is just a superstition and not a scientific fact. Many people in Korea do not take this belief seriously, and it's always essential to consider the actual factors that might be affecting your work situation."
0,"My friend is Korean. Recently, she had a car accident. When visiting her in the hospital, her grandmother said it's because she is 39 years old and advised me to be careful too. I wonder what she means?","In Korean culture, there is a belief that certain ages can bring bad luck, similar to the concept of the unlucky number 13 in Western cultures. This belief is known as ""hosu"" or ""age death."" For women, the unlucky age is traditionally considered to be 33, while for men, it's 42. However, some people also consider 39 to be an unlucky age for both genders.

It seems that your friend's grandmother might hold this belief and thinks that her granddaughter's accident could be attributed to her reaching this supposedly unlucky age. When she advised you to be careful, she probably meant that you should take extra precautions to avoid misfortune when you reach these ages, as per her cultural beliefs. However, it's essential to remember that this is just a superstition, and many people don't put much stock in it. Ultimately, being cautious and making wise decisions is always a good idea, regardless of one's age."
0,"My friend is Korean. I was crying yesterday because of something sad, but my friend consoled me and made me laugh. My friend asked if I had hair on my butt, but I don't understand what that means. I know it was a joke, but I don't get it.""","It seems like your friend made a joke that you didn't understand, which is perfectly okay. Humor can often be culturally specific or personal, and not every joke will land or make sense to everyone. In this case, the question about hair on your butt is likely just a random, nonsensical question meant to be funny precisely because it's unexpected and a bit awkward. It doesn't have a deeper meaning or significance. If you feel comfortable, you could ask your friend to explain their jokes when you don't understand them. This could lead to a better understanding of each other's humor and cultural backgrounds. However, it's also completely fine to let it go if you're not comfortable discussing it further."
0,"Yesterday, my son kept fussing and crying, but when an old lady gave him a piece of candy, he stopped crying and smiled. She laughed and said, 'You'll grow horns on your butt.' I wonder what she means? She appeared to be Korean.","The phrase ""You'll grow horns on your butt"" is not a common Korean saying, but it seems like the old lady might have been using a humorous or light-hearted expression to say that your son's behavior might lead to some unusual or unexpected consequences. In this context, it was most likely a playful way of teasing your son for being easily pacified by candy. Since she laughed and your son smiled, it seems that her intention was not to offend or scare but to amuse."
0,"Yesterday on a Korean talk show, a celebrity was reminiscing about her days of obscurity and started to cry. Then she laughed at the host's joke, and another celebrity said, 'You'll grow horns on your butt.' I wonder what that means?","The phrase ""You'll grow horns on your butt"" is a Korean idiomatic expression, which is often used to tease or lightly scold someone who is being indecisive or inconsistent in their emotions or actions. In this context, it seems that the celebrity was quickly switching between crying and laughing, which led to the other celebrity using this expression. It's a humorous way of pointing out the sudden change in her emotions."
0,"I am working in Korea. Today is my birthday. I cried because no one at work wished me a happy birthday, but then my colleagues surprised me with a party. When I smiled broadly, one colleague said, 'You'll grow hair on your butt.' I wonder what that means?","It seems like you've encountered a cultural or linguistic idiom that might be specific to Korea. The phrase you mentioned, ""You'll grow hair on your butt,"" doesn't have a direct translation or equivalent in English, and it's not a common expression in English-speaking cultures.

However, idioms often don't make literal sense and their meanings can vary widely. In many cultures, idioms are used to express complex ideas or emotions in a humorous or indirect way. This particular phrase might be a humorous way for your colleague to tease you about your broad smile, but without more context, it's hard to provide a definitive interpretation.

If you feel comfortable, you might want to ask your colleague or another trusted person at work to explain the meaning behind this phrase. This could not only help clear up any confusion but also give you a deeper understanding of the cultural nuances in your workplace."
0,"My friend is Korean. She visited my dormitory. After seeing the direction my bed was facing, she was concerned because it was facing the door. I wonder why?","In Korean culture, it is often considered bad luck for a bed to face directly towards the door. This superstition is rooted in the traditional belief that the dead are carried out feet first, so sleeping with your feet pointing towards the door is seen as inviting death. This is known as the ""coffin position."" However, this is just a superstition and not everyone in Korea follows this belief."
0,"I run an interior design company. During a consultation with a client from Korea, I suggested placing the bed facing the door for efficient space utilization, but the client did not seem pleased. I wonder why?","It's possible that your client may be influenced by the principles of Feng Shui or traditional Korean beliefs about bed placement.

In Feng Shui, a practice of arranging objects in a space to harmonize with the environment and attract positive energy, it's generally considered inauspicious to have the bed directly facing the door. This position is often referred to as the ""coffin position"" because it's how the dead are removed from a room. Instead, Feng Shui practitioners recommend placing the bed diagonally across from the door.

Similarly, in traditional Korean culture, it's customary to avoid sleeping with your feet pointing towards the door due to a superstition that this position could bring bad luck or invite evil spirits.

Of course, these are only possibilities and the client's displeasure could be due to other factors. It's always a good idea to ask your clients directly about their preferences and any cultural or personal practices that might influence their design choices."
0,"My relatives are Korean and one of them came to our house. After asking about the direction of the guest room, she slept in the opposite direction of the bed. I wonder why? For reference, the direction of the bed in the guest room was north.","In many cultures, including Korean culture, the direction one sleeps in can hold significance. However, it's important to note that individual preferences and habits can also play a significant role.

In the context you provided, without knowing your relative's personal reasons, it's challenging to provide a definitive answer. They might simply find it more comfortable to sleep in that direction, or it could be due to a personal belief or habit.

In some cultures, the direction of sleep is believed to affect one's health and fortune. For instance, in traditional Chinese Feng Shui practices, which have some influence in Korea, the direction of sleep is often aligned with an individual's personal Kua number for auspiciousness. However, these practices are not universally followed and can vary greatly among individuals.

If you're comfortable doing so, the most accurate way to understand your relative's actions would be to ask them directly in a respectful and considerate manner. This would allow for open communication and a better understanding of their preferences or beliefs."
0,My friend is Korean. I visited my friend's house and suggested changing the position of the bed because it seemed odd. My friend said the direction I suggested was north. I wonder what that means?,"In Korean culture, the direction of the bed is important due to traditional beliefs and practices. One of the most important considerations is the concept of ""Myeongbu,"" which is the direction of the head of the bed.

Traditionally, Koreans avoid placing the head of the bed to the north because it is believed to bring bad luck and misfortune. This belief is based on the idea that the north is associated with the element of water, which is thought to be detrimental to one's health and well-being.

Instead, Koreans usually prefer to place the head of the bed to the east or west, which are believed to bring good fortune and prosperity. The south is also considered a favorable direction, as it is associated with the element of fire, which is thought to bring warmth and energy.

Therefore, your Korean friend may have been hesitant to change the position of the bed to face north because of these cultural beliefs. However, it's also important to note that not all Koreans follow these traditions strictly, and some may prioritize practical considerations over traditional beliefs."
