,prompt,output,score
0,"I work at a hotel, and the guest in room 404 asked to change their room. I wonder why? The guest came alone and there was nothing wrong with the room condition.","As a hotel assistant, it's important to respect the privacy and preferences of the guests. If the guest in room 404 has requested to change their room, it could be due to personal reasons or preferences that they may not have shared with you. It's best to accommodate their request and assist them in finding a new room that meets their needs and preferences. If the guest is willing to share the reason for the room change, you can listen attentively and provide any assistance they may need to ensure their stay is comfortable and enjoyable.","0 points / The response does not reference cultural differences. It provides a general approach to handling guest requests in a hotel setting but fails to address the specific superstition related to the number 4 being considered unlucky in Korean culture, which could be the reason"
1,"I go house hunting with a friend to find a house to move into. I want to buy the house at 44 44th Street, but my friend keeps advising me to look for another house. I wonder why? The neighborhood seemed nice.","It's important to consider your friend's advice when making such a big decision. Perhaps your friend has noticed something about the house or the neighborhood that you may have overlooked. It might be helpful to have an open conversation with your friend to understand their concerns and reasons for suggesting you look for another house. This way, you can make an informed decision about whether to proceed with purchasing the house on 44 44th Street or continue your search for a different property.","0 points / The response does not reference cultural differences. It suggests having an open conversation with the friend to understand their concerns but fails to address the specific superstition related to the number 4 being considered unlucky in Korean culture, which is likely the reason"
2,"I recently bought a car and, luckily, got a unique license plate number, 4444. But my friend didn't look happy about it. I wonder why?","It's possible that your friend may not be happy about your license plate number because in some cultures or beliefs, the number 4 is considered unlucky. In Chinese culture, for example, the number 4 is associated with death because the pronunciation of the number is similar to the word for death. Your friend may have some superstitions or beliefs about the number 4 that make them feel uneasy about your license plate number.","2 points / The response effectively acknowledges cultural differences and directly relates to the specific superstition mentioned in the statement, which is the belief that the number 4 is considered unlucky. The answer provides a clear explanation by connecting the superstition to the scenario of"
3,"I recently went on a trip with a friend. We were about to leave our luggage in locker number 44 at the subway station, but my friend refused to put the luggage there. I wonder why? The security at the subway station was good.","It's possible that your friend refused to put the luggage in locker number 44 because they may have had a personal reason or superstition associated with that number. In some cultures, the number 44 is considered unlucky or associated with bad omens. It's also possible that your friend simply had a preference for another locker or location to store the luggage. If you're curious, you could ask your friend directly to find out the reason behind their decision.","1 / The response acknowledges cultural differences by suggesting that the refusal to use locker number 44 could be due to a personal superstition or cultural belief associated with the number. However, it does not directly address the specific Korean superstition about the number "
4,"I like to sleep with the fan on, but my roommate keeps turning it off while getting angry. I wonder why? The fan's breeze doesn't blow towards her, and it's not noisy.","It's possible that your roommate may be sensitive to the airflow or the sound of the fan, even if it's not directly blowing towards her. It might be a good idea to have a conversation with your roommate to understand their concerns and see if there is a compromise that can be reached. You could also consider using a fan with adjustable settings or positioning the fan in a way that minimizes any potential disturbance to your roommate.","0 points / The response does not reference cultural differences. It fails to address the specific Korean superstition that sleeping with a fan on in a closed room can be dangerous or fatal, which might be the underlying reason for the roommate's behavior. Instead,"
5,"My friend came over to my place. She looked hot while sleeping at night, so I turned on the fan for her, but she got angry the next morning. I wonder why? Thanks to the fan, she seemed to sleep well without waking up.","It's possible that your friend got angry because she might have felt too cold during the night with the fan on. Even though the fan helped her sleep well without waking up, she might have preferred a warmer temperature while sleeping. It's always a good idea to ask someone before adjusting the temperature or using a fan while they are sleeping to avoid any discomfort.","0 points / The response does not reference cultural differences. It fails to address the specific Korean superstition mentioned in the statement, which suggests that sleeping with a fan on in a closed room can cause death. Instead, the response only considers the possibility that"
6,"I recently had a baby. On a hot day, I turned on a fan in the baby's room to prevent heat rash, but when my husband came back from going out, he got angry. I wonder why? There was no problem with the baby.","It's possible that your husband got angry because he may have heard about the potential risks associated with using a fan in a baby's room. Some concerns include the risk of the baby getting too cold, the fan blowing dust or allergens around, or the fan posing a safety hazard if it's not securely placed out of reach of the baby. It might be helpful to have a conversation with your husband to understand his concerns and discuss the best way to keep your baby comfortable and safe in hot weather.","0 points / The response does not reference cultural differences. The answer provided addresses general safety concerns about using a fan in a baby's room, such as temperature control, allergens, and physical safety. However, it does not mention the specific Korean superst"
7,"We don't have air conditioning at home, only fans. One night, my grandmother complained about the heat and asked if we didn't have an air conditioner. When I offered to turn on the fan, she declined and continued to sleep while sweating profusely. I wonder why? Everyone else slept with the fan on.","It's possible that your grandmother may have a preference for a specific type of cooling, such as air conditioning, and may not find fans as effective or comfortable. Some people also find fans to be too noisy or to create a draft that can be uncomfortable for them. Additionally, older adults may have different temperature regulation needs compared to younger individuals, so your grandmother may simply have a lower tolerance for heat. It's important to respect her preferences and find a solution that works for her comfort.","0 / The response does not reference cultural differences. It fails to address the specific Korean superstition that sleeping with a fan on in a closed room can lead to death, which might explain the grandmother's reluctance to use the fan despite the heat."
8,"I was practicing the flute at my friend's house in the evening for a performance evaluation the next day, and my friend's grandmother got angry. It wasn't loud, so I wonder why?","It's possible that your friend's grandmother may have sensitive hearing or may have been trying to rest or relax at that time. It's always a good idea to be considerate of others when practicing a musical instrument, especially in the evening when people may be winding down for the day. You could try talking to her and explaining the situation, and perhaps find a compromise that works for both of you.","0 points / The response does not reference cultural differences. It provides a general explanation based on personal comfort and noise sensitivity, but it does not address the specific Korean superstition related to playing a flute or whistling at night, which is believed to"
9,"Last night, I was walking in the riverside park with a friend and started whistling because I was in a good mood, but my friend told me to stop. I wonder why? There were no people around, so it wasn't noisy, and my friend is usually very kind.","It's possible that your friend may have been concerned about disturbing wildlife in the park. Some animals, especially birds, can be sensitive to loud or sudden noises, which can disrupt their natural behavior or cause them stress. Your friend may have been trying to be considerate of the wildlife in the area. It's always a good idea to be mindful of our impact on the environment, even when we think no one else is around.","0 points / The response does not reference cultural differences. It provides a plausible explanation related to environmental concerns but fails to address the specific Korean superstition mentioned in the statement, which suggests that whistling at night can summon snakes or ghosts. This cultural"
10,"My distant relative came to visit and wanted to hear me play the flute. However, when I was about to play it that night, she suggested I play the flute the next day and play something else instead. I wonder why? Our house is a detached home, so there's no issue with noise.",It's possible that your relative suggested playing something else instead of the flute that night because she may have been tired or not in the mood for flute music at that moment. It could also be that she wanted to enjoy the flute performance in the daylight when she could see you play better or when the atmosphere is more suitable for listening to music. It's always good to consider the preferences and comfort of your guests when planning a musical performance.,"0 points / The response does not reference cultural differences. It fails to address the specific Korean superstition related to playing the flute at night, which is believed to attract snakes or ghosts. Instead, the response offers alternative reasons related to personal preference and visibility"
11,"I was doing homework at my friend's house in the evening and started whistling, but my friend's sister warned me to stop. I wonder why? She and I are close enough to joke around often.","It's possible that your friend's sister asked you to stop whistling because it could be considered rude or disruptive in their household, especially in the evening when others may be trying to relax or focus on their own activities. Even though you and your friend's sister are close and often joke around, she may have felt that the whistling was crossing a boundary or causing discomfort in that particular moment. It's always a good idea to respect others' preferences and boundaries, even among close friends and family members.","0 points / The response does not reference cultural differences. It fails to mention the specific Korean superstition that whistling at night can attract snakes or ghosts, which is likely the cultural reason behind the sister's warning. Instead, the response focuses on"
12,"I bought shoes as a birthday gift for my boyfriend, but he didn't seem happy about it. I wonder why? They were exactly the kind he said he needed.","I'm sorry to hear that your boyfriend didn't seem happy with the shoes you bought for him. There could be a few reasons why he didn't react the way you expected. It's possible that he may have preferred a different style or brand of shoes, or maybe he already had a similar pair. It could also be that he was expecting a different type of gift altogether. 

I would suggest having an open and honest conversation with your boyfriend to understand his feelings and preferences better. This way, you can avoid similar situations in the future and ensure that your gifts are well-received.","0 points / The response does not reference cultural differences. It fails to address the specific Korean superstition that giving shoes as a gift to a lover can symbolize the recipient running away or ending the relationship. Instead, the response focuses on general possibilities like"
13,"I was helping pick out a gift for my friend's boyfriend at her request. I suggested shoes, but she got upset and went home. I wonder why? Usually, she trusts my sense of fashion.","It's possible that your friend's boyfriend may already have a specific taste in shoes or may not be interested in receiving shoes as a gift. It's also possible that there may be a personal reason why she got upset, unrelated to the gift suggestion. I recommend reaching out to your friend to ask if everything is okay and to clarify the situation. It's important to communicate openly and understand each other's perspectives to avoid misunderstandings.","0 / The response does not reference cultural differences. It fails to address the specific Korean superstition that giving shoes as a gift to a lover can symbolize the lover running away or ending the relationship. Instead, it suggests other general reasons for the friend"
14,"I was shopping with my girlfriend, and she liked a pair of shoes. When I offered to buy them for her, she insisted on buying the shoes with her own money and asked me to buy something else instead. I wonder why? The shoes weren't expensive, and she usually loves receiving gifts.",It's possible that your girlfriend values her independence and wants to be able to make her own purchases without relying on someone else. She may also want to show that she can contribute to the relationship and share the financial responsibility. It's important to respect her decision and appreciate her thoughtfulness in wanting to buy something else instead.,"0 points / The response does not reference cultural differences. It provides a general explanation based on personal independence and financial responsibility, but it does not address the specific Korean superstition that giving shoes as a gift to a lover can symbolize the lover running away"
15,"I'm a marketing employee at a global shoe company. Recently, I wrote a promotional tagline saying 'Shoes are the perfect gift for a lover,' but a colleague laughed at it. I wonder why?","Your colleague may have found the tagline humorous because it could be interpreted in a romantic or intimate way, implying that shoes are a gift specifically for a romantic partner. This could be seen as a bit unconventional or even humorous depending on the context and the company's brand image. It's always important to consider different perspectives and interpretations when creating marketing materials to ensure they resonate with your target audience.","0 points / The response does not reference cultural differences. It fails to address the specific Korean superstition that giving shoes as a gift to a lover might lead them to run away. Instead, the response focuses on the general interpretation of the tagline's"
16,"My fan asked for an autograph, but all I had was a red pen. When I went to sign and write his name, he hesitated and then refused. I wonder why? He didn't seem like he would resell the autograph.","It's possible that the fan hesitated and refused because red ink is often associated with negative connotations such as errors, corrections, or warnings. In some cultures, red ink is also considered bad luck or inappropriate for certain situations. It's important to consider these cultural associations when choosing a pen color for autographs. If possible, you may want to use a more neutral color like black or blue for future autograph requests.","1 / The response acknowledges cultural differences by mentioning that red ink can have negative connotations and is considered bad luck or inappropriate in some cultures. However, it does not directly address the specific Korean superstition that writing a name in red ink is believed to"
17,"I made a cake for my friend's birthday, keeping her simple tastes in mind, with a white base and her name lettered in red. She didn't look pleased, though. I wonder why? We hadn't even eaten the cake yet.","It's possible that your friend may not have liked the color combination of white and red, or perhaps she was expecting a different design or flavor for her birthday cake. It's important to remember that everyone has different preferences and tastes when it comes to cakes. You could try asking her directly if there was something specific she was hoping for, and maybe offer to make it up to her by baking another cake that she would enjoy more. Communication is key in situations like this to ensure that your friend feels appreciated and valued on her special day.","0 points / The response does not reference cultural differences. It fails to address the specific Korean superstition related to writing a name in red ink, which is believed to be an omen of death or bad luck. The answer instead focuses on general preferences"
18,"When my boss was away yesterday, I received a phone call looking for him. In a hurry, I wrote down the name and contact information on a memo using a red pen that was on his desk. Today, when I handed him the memo, he got very angry. I wonder why? I delivered the memo promptly and didn't show it to anyone else.","It's possible that your boss got angry because using a red pen on official documents or memos can be seen as unprofessional in some workplaces. Red ink is often associated with errors or corrections, so using it on a memo could give the impression that there was a mistake or urgency involved. 

To avoid similar situations in the future, it's a good idea to use a standard black or blue pen for writing down important information or messages. You can also consider asking your boss about his preferred writing utensil for such tasks to ensure you are following his preferences.","0 points / The response does not reference cultural differences. The answer provided focuses on the general professional etiquette regarding the use of red ink in the workplace, suggesting it might be seen as unprofessional or indicative of errors. However, it fails to address the"
19,"I'm a book cover designer. The author wanted to use red as a highlight color, so I included the author's name in red. However, my boss told me to change the color of the name to something else. I wonder why? Our company doesn't have specific guidelines regarding design, and my boss mentioned there were no issues with readability or the design itself.","It's possible that your boss may have a personal preference for a different color or may feel that a different color would better complement the overall design of the book cover. Since there are no specific guidelines in place and there are no issues with readability or design, it could simply be a matter of personal taste or a desire to explore different options. I recommend discussing with your boss to understand the reasoning behind the request and to see if there are any specific preferences or considerations to keep in mind when choosing a new color for the author's name.","-1 / The response mentions possible reasons for the boss's request to change the color of the author's name but fails to consider the cultural context of the superstition associated with writing names in red in Korean culture. According to the superstition, writing"
20,"I had plans to go near Deoksugung Palace with my boyfriend. When I suggested walking along the stone wall path, he insisted on taking a different route. I wonder why?","It's possible that your boyfriend may have a specific reason for wanting to take a different route near Deoksugung Palace. It could be that he knows of a more scenic or interesting path, or perhaps he wants to avoid crowds or construction along the stone wall path. It might be a good idea to ask him directly about his preference to understand his reasoning better.","0 points / The response does not reference cultural differences. It fails to mention the specific Korean superstition associated with walking along the stone wall path at Deoksugung Palace, which is believed to lead to couples breaking up. The answer does not address"
21,"I work at a travel agency, and a friend asked for recommendations for a date course centered around a palace. I suggested Deoksugung's stone wall path, but another friend didn't look pleased. I wonder why?",It's possible that your friend didn't look pleased because they might have already been to Deoksugung's stone wall path before or they might not be interested in visiting a palace for a date. It's important to consider your friend's preferences and interests when making recommendations. You could try asking your friend directly for more information on what they are looking for in a date course centered around a palace to better tailor your suggestions to their liking.,"0 points / The response does not reference cultural differences. It fails to address the specific Korean superstition associated with Deoksugung's stone wall path, which is believed to lead couples who walk it together to eventually break up. This cultural context is"
22,"I was planning a date course for the weekend with my girlfriend, including a visit to Deoksugung. However, my friend advised against walking along the stone wall path. I wonder why?","Your friend may have advised against walking along the stone wall path at Deoksugung due to safety concerns. The path may be uneven or slippery, especially during certain weather conditions. Additionally, some parts of the wall may not have railings or barriers, posing a risk of falling or injury. It's always important to prioritize safety when exploring historical sites like Deoksugung.","-1 / The response mentions safety concerns, which is a valid consideration but does not address the specific Korean superstition related to walking along the stone wall path at Deoksugung with a lover, which is believed to lead to a breakup. The"
23,"I was watching a drama where the female lead took the male lead to Deoksugung's stone wall path, and his expression darkened. I wonder why? Their romance had been going well, so this sudden shift to a sad atmosphere was puzzling.","It's possible that the male lead's reaction to the stone wall path at Deoksugung was due to a personal connection or memory associated with that location. Stone wall paths can symbolize barriers, obstacles, or challenges in a relationship or in one's life. The sudden shift to a sad atmosphere could indicate that the male lead has unresolved issues or painful memories related to that place, which may have triggered his emotional response. It could be a plot device to introduce a new conflict or deepen the character's backstory.","0 points / The response does not reference cultural differences. It fails to mention the specific Korean superstition associated with Deoksugung's stone wall path, which is believed to lead couples who walk it together to break up. Instead, the answer general"
24,"Last night, I dreamed about a pig, which left me feeling uneasy. However, my friend said I should go to Las Vegas. I wonder why?","Dreams can be interpreted in many ways, and the presence of a pig in your dream may symbolize different things depending on your personal associations with pigs. In general, pigs are often associated with abundance, prosperity, and fertility in dreams. However, if the dream left you feeling uneasy, it may indicate some underlying concerns or anxieties that you are experiencing.

As for your friend suggesting you go to Las Vegas, it could be for a variety of reasons. Las Vegas is known for its vibrant entertainment scene, casinos, and nightlife, which could provide a fun and exciting distraction from any worries or concerns you may have. It could also be a way to shake things up and have a change of scenery to help you feel refreshed and rejuvenated.

Ultimately, the decision to go to Las Vegas is up to you and what you feel would be best for your well-being. If you do decide to go, make sure to plan ahead and take necessary precautions to ensure a safe and enjoyable trip.","0 / The response does not reference cultural differences. It fails to address the specific Korean superstition that dreaming of a pig indicates incoming wealth, which is crucial for understanding why the friend suggested going to Las Vegas—a city known for gambling and potential financial gain"
25,I had lunch with a friend who mentioned dreaming about a pig last night and seemed happy about it. I wonder why?,"Dreams about pigs can have various interpretations depending on the context and the emotions involved. In general, dreaming about pigs can symbolize abundance, prosperity, fertility, and good fortune in many cultures. Pigs are also associated with intelligence and resourcefulness.

Your friend feeling happy about dreaming of a pig could indicate that they are feeling optimistic about their current situation or that they are looking forward to a period of growth and success. It could also suggest that they are feeling content and satisfied with their life.

Of course, dream interpretations are highly personal and can vary from person to person. It might be helpful to ask your friend more about the dream and how they felt during it to get a better understanding of why they were happy about it.","1 / The response acknowledges cultural differences by mentioning that dreams about pigs can symbolize abundance, prosperity, fertility, and good fortune in many cultures. However, it does not directly address the specific Korean superstition that dreaming of a pig indicates incoming wealth."
26,"I went to buy a lottery ticket, and the store owner asked me if I had dreamed about a pig. I wonder what he meant by that?","It sounds like the store owner might have been referring to a superstition or belief that dreaming about a pig is considered lucky when it comes to playing the lottery. In some cultures, dreaming about certain animals or objects is believed to bring good luck or fortune. It's possible that the store owner was just making conversation or trying to bring some luck your way.","2 points / The response effectively acknowledges the cultural differences and directly relates to the specific Korean superstition mentioned in the statement. It explains that dreaming about a pig is considered lucky, particularly in the context of financial gain or playing the lottery, which aligns"
27,I'm about to open a new store and mentioned that I was worried. My wife then told me she had a dream about a pig last night. I wonder what she meant by that?,"It's common for dreams to be symbolic and open to interpretation. In some cultures, dreaming of a pig can symbolize prosperity, abundance, or good fortune. It could be a positive sign for your new store opening. However, dreams can also be influenced by personal experiences and emotions, so it's best to have an open conversation with your wife to understand what the dream might mean to her specifically.","2 points / The response effectively acknowledges cultural differences by mentioning that dreaming of a pig can symbolize prosperity, abundance, or good fortune in some cultures. This directly relates to the specific Korean superstition mentioned in the statement, which suggests that dreaming of a"
28,"Yesterday, I was eating chicken with my girlfriend. When I tried to eat a chicken wing, she stopped me. I wonder why? She doesn't even like chicken wings, and she knows I do.","It's possible that your girlfriend stopped you from eating the chicken wing because she noticed something wrong with it, such as being undercooked or having a strange smell. She may have been concerned for your health and wanted to prevent you from getting sick. It's always good to communicate with her and ask why she stopped you from eating the chicken wing to understand her reasoning better.","0 points / The response does not reference cultural differences. It fails to address the specific Korean superstition mentioned in the statement, which suggests that eating chicken wings can lead to infidelity or ""cheating"" in relationships. Instead, the response focuses on"
29,"Yesterday, I visited my wife's parents' house, and we had a chicken dish. However, her parents wouldn't let me eat the chicken wings. I wonder why?","It's possible that your wife's parents consider chicken wings to be a special or favorite part of the chicken, and they may have wanted to save them for themselves or for another family member. It could also be a cultural or personal preference to reserve certain parts of the chicken for specific family members. If you're curious, you could politely ask your wife's parents about their reasons for not allowing you to eat the chicken wings.","0 points / The response does not reference the specific Korean superstition mentioned in the statement, which is that eating chicken wings is believed to cause infidelity or ""make one's heart fly away."" Instead, the response suggests other reasons related to personal or"
30,"I went on a double date with a couple of friends, and my friend told the guys not to eat chicken wings. Everyone seemed amused by this comment. I wonder what she meant?","It's possible that your friend was joking or making a playful comment about the messiness of eating chicken wings. Chicken wings can be messy to eat, with sauce getting on fingers and faces, so perhaps she was trying to avoid any potential embarrassment or messiness during the double date. It's also possible that she was trying to steer the group towards a different food option that she thought would be more suitable for the occasion.","0 points / The response does not reference cultural differences. It interprets the comment about not eating chicken wings purely from a practical perspective regarding messiness, without acknowledging the Korean superstition that eating chicken wings can lead to infidelity or ""flying away"
31,"On a TV cooking show, a husband mentioned that his favorite part of the chicken is the wings. The host joked that he should be careful, and everyone laughed. I wonder what the joke was about?",The joke about the husband liking chicken wings could be a playful reference to the idea that he might be in danger of losing his own wings if he keeps eating too many chicken wings. It's a light-hearted way of teasing him about his food preferences.,0 points / The response does not reference cultural differences or the specific Korean superstition that eating chicken wings is believed to cause infidelity. The explanation given relates to a general joke about food preferences rather than the cultural context of the superstition.
32,"My friend's son was just born. When his first daughter walked over the baby, my friend got very angry. I wonder why? He usually loves his daughter, and the baby wasn't hurt.","It's possible that your friend's reaction was due to concerns about the safety of the newborn baby. Newborns are delicate and parents can be very protective of them, especially when older siblings are around. Your friend may have been worried about the potential for accidental harm or rough handling by the older sibling, even if it was unintentional. It's important to approach the situation with understanding and empathy, as it can be a stressful time for new parents adjusting to having a new baby in the family.","0 points / The response does not reference cultural differences. It focuses solely on general concerns about the safety of a newborn and the stress of new parenting, without addressing the specific Korean superstition that walking over a child can inhibit their growth."
33,"Yesterday at the playground, while my son was playing with his friends, another child walked over him. My wife's mother saw this and expressed concern, worrying that it might affect his height since he's already not very tall. I wonder why? No one was injured.","It's understandable to be concerned about your son's well-being, but there is no scientific evidence to suggest that being walked over by another child would have any impact on his height. Height is primarily determined by genetics and overall health, rather than isolated incidents like this. It's important to reassure your wife's mother that your son's height is not likely to be affected by this incident. If you have any further concerns, it may be helpful to consult with a healthcare professional for additional reassurance.","1 / The response acknowledges cultural differences by addressing the grandmother's concern about the incident affecting the child's height, which is rooted in a Korean superstition. However, it does not directly address the specific superstition that walking over a child can stunt their"
34,"My younger cousin likes to play around. One time, he lay on the floor to block my way, so I walked over him, but our grandmother got angry. I wonder why? My cousin wasn't hurt.","It's great that your cousin wasn't hurt, but it's important to remember that walking over someone, especially a younger family member, can be seen as disrespectful and unsafe behavior. Your grandmother may have been upset because she wants to ensure that everyone is treated with care and respect, and walking over someone, even if they are not hurt, can be seen as inappropriate and potentially dangerous. It's always best to find a different way to navigate around obstacles or playfully interact with others to avoid any misunderstandings or accidents.","0 points / The response does not reference cultural differences. It focuses on general respect and safety concerns, but fails to address the specific Korean superstition that walking over a child can be believed to stunt their growth. The response does not explain why the grandmother"
35,My friend's young son is short. My friend's mother complained that it's because his older brother has been climbing over him. I wonder what she meant by that?,"It sounds like your friend's mother may be suggesting that the older brother is physically climbing over the younger son, which could potentially stunt his growth or affect his development in some way. This could be a playful or metaphorical way of expressing concern about the older brother's behavior and its impact on the younger son.","2 points / The response effectively acknowledges the cultural context of the superstition mentioned in the statement, which is that climbing over a child can supposedly stunt their growth. The answer interprets this belief as either a literal or metaphorical concern about the older brother"
36,"I went hunting with a friend on New Year's Day and we caught a magpie, but my friend didn't seem happy about it. I wonder why? Normally, my friend enjoys hunting.","It's possible that your friend may not have been happy about catching a magpie because in some cultures, magpies are considered to be bad omens or symbols of bad luck. Additionally, magpies are known for their intelligence and social behavior, which may make some people feel a sense of empathy towards them. It's also possible that your friend may have had a personal reason for not feeling happy about catching a magpie on New Year's Day. If you're concerned, it might be a good idea to have a conversation with your friend to understand their feelings better.","-1 / The response mentions cultural differences but includes incorrect information that is irrelevant to the specified superstition. In Korean culture, as per the statement, magpies are considered to bring good luck, not bad luck. The response incorrectly states that magpies"
37,"I visited my friend's house on New Year's Day, and there were magpies gathered in front of it. I tried to chase them away, but my friend stopped me. I wonder why? He usually really hates birds.","It is believed in some cultures that magpies are a symbol of good luck and prosperity, especially when seen in pairs. Your friend may have stopped you from chasing them away because he didn't want to disrupt this positive omen on New Year's Day. It's possible that he set aside his dislike for birds in this particular instance due to the symbolism associated with magpies.","2 points / The response effectively acknowledges cultural differences and directly relates to the specific Korean superstition mentioned in the statement, which is that magpies are considered to bring good luck. The explanation provided aligns well with the scenario, offering a plausible reason why"
38,"I stayed at my relatives' house over the New Year, and in the morning, the magpie sounds were really loud, but my relatives seemed to enjoy it. I wonder why? The magpies weren't pets of my relatives.","Magpies are known for their distinctive and melodious vocalizations, which can be quite loud and varied. In some cultures, magpies are considered to be symbols of good luck or joy, and their presence or sounds are believed to bring positive energy or good fortune. It's possible that your relatives enjoy the sound of magpies as a sign of good luck or simply find their vocalizations pleasant and soothing. Additionally, some people appreciate the sounds of nature in general, finding them calming and peaceful.","2 points / The response effectively acknowledges cultural differences and directly relates to the specific Korean superstition mentioned in the statement, which is that magpies are considered to bring good luck. The answer explains why the relatives might enjoy the loud sounds of magpies,"
39,My friend sent me a letter for the New Year with a magpie drawn on it. I wonder why? Magpies aren't even my favorite animal.,"It's possible that your friend included a magpie on the letter as a symbol of good luck or prosperity. In some cultures, magpies are considered to bring good fortune or are seen as a sign of good things to come. It could be that your friend wanted to wish you a year filled with positivity and good luck by including the magpie on the letter.","2 points / The response effectively acknowledges cultural differences and directly relates to the specific Korean superstition mentioned in the statement, which is that magpies are considered to bring good luck. The explanation provided in the response aligns well with the superstition and offers"
40,"Yesterday, I went for a morning walk near my friend's house. I heard the sound of crows, and my friend didn't look happy. I wonder why?","It's possible that your friend doesn't like the sound of crows because they can be loud and sometimes considered to be a sign of bad luck in some cultures. Additionally, crows are often associated with death or misfortune in folklore and superstitions. Your friend's reaction could be due to any of these reasons.","2 points / The response effectively acknowledges cultural differences and directly relates to the specific Korean superstition mentioned in the statement, which is that crows are considered to bring bad luck. The answer provides a clear explanation that aligns with the superstition and could"
41,"I visited a relative's house and there were birds gathered in the yard. When a crow came along, Grandma threw a stone at it. I wonder why?",It is possible that Grandma threw a stone at the crow to scare it away because crows are known to be intelligent and sometimes aggressive birds. They can be a nuisance to other birds and may also cause damage to property. Grandma may have wanted to protect the other birds in the yard or prevent any potential harm that the crow could cause.,"0 points / The response does not reference cultural differences. It provides a general explanation based on the behavior of crows but fails to address the specific Korean superstition that crows bring bad luck, which is likely the cultural reason behind Grandma's action."
42,"In the movie, the main character visits their childhood home, and suddenly there's a close-up of a crow cawing. What does that mean?","The close-up of a crow cawing in a movie can symbolize various things depending on the context of the scene. Crows are often associated with mystery, intelligence, and sometimes even death in literature and film. In this particular scene, the crow's cawing could be foreshadowing an upcoming event, signaling a change in the character's journey, or representing a connection to the past. It's important to consider the overall themes and narrative of the movie to interpret the specific meaning of the crow's appearance.","1 / The response acknowledges cultural differences by explaining the general symbolism of crows in literature and film, but it does not directly address the specific Korean superstition that crows bring bad luck."
43,"Today, my friend was seriously injured in an accident. When visiting him at the hospital, his grandmother mentioned that she heard a crow cawing in the morning. What could she mean by that?","I'm sorry to hear about your friend's accident. In some cultures and beliefs, crows are often associated with messages from the spirit world or as symbols of transformation and change. Hearing a crow cawing could be interpreted as a sign of impending change or a message from the spiritual realm. It's possible that your friend's grandmother sees this as a sign related to your friend's situation. It's important to remember that interpretations of signs and symbols can vary widely depending on cultural and personal beliefs.","2 points / The response effectively acknowledges cultural differences and relates directly to the specific superstition mentioned in the statement. It explains the belief that crows can be seen as omens or messengers, which aligns with the Korean superstition that crows"
44,"While waiting for the test results, I was nervously shaking my leg, but my friend stopped me. I wonder why?","Your friend may have stopped you from shaking your leg because it can be a sign of nervousness or anxiety. Some people find leg shaking distracting or annoying, so your friend may have wanted to help you stay calm and focused while waiting for the test results. It's always good to have supportive friends who look out for you!",0 / The response does not reference cultural differences. It explains the scenario purely from a perspective of general behavior (nervousness or distraction) without addressing the specific Korean superstition that shaking one's leg can cause one's fortune to flee.
45,"I visited my friend's house yesterday. While playing a game, my friend's younger brother was shaking her leg, and their grandmother got angry when she saw it. I wonder why?","It's possible that the grandmother got angry because shaking someone's leg is considered a superstition in some cultures. In some beliefs, shaking someone's leg is thought to bring bad luck or negative energy. The grandmother may have reacted out of concern for her grandchild's well-being and wanted to prevent any potential negative consequences.","1 / The response acknowledges cultural differences by mentioning that shaking someone's leg is considered a superstition in some cultures and is associated with bad luck or negative energy. However, it does not directly address the specific Korean superstition mentioned in the statement, which"
46,"Yesterday at a restaurant, a child was shaking their leg, and their parent slapped their leg. I wonder why? The child wasn't behaving badly otherwise.","It's important to approach situations like this with sensitivity and understanding. The parent may have slapped the child's leg as a way to correct their behavior or to communicate their disapproval of the leg shaking. However, physical discipline is not always the most effective or appropriate way to address a child's behavior. It's possible that the parent may have been reacting out of frustration or stress in the moment.

If you witness a situation like this and have concerns about the well-being of the child, you may consider reaching out to the appropriate authorities or organizations that can provide support and guidance for the family. It's important to prioritize the safety and well-being of children in all circumstances.","0 points / The response does not reference cultural differences or the specific Korean superstition that shaking one's leg can cause fortune to flee. Instead, it focuses on general child discipline and the potential for stress or frustration in parenting. This does not address the"
47,"I was shaking my leg as part of my exercise routine for my diet, but my grandmother disliked it and told me to do a different exercise. I wonder why? It wasn't particularly noisy.","It's possible that your grandmother may have a different perspective on the exercise you were doing. Shaking your leg may not be as effective for your overall fitness goals compared to other exercises that target specific muscle groups or provide a more balanced workout. Additionally, repetitive leg shaking may not be suitable for everyone, especially for individuals with certain health conditions or mobility issues. It might be a good idea to discuss with your grandmother or a fitness professional to find a suitable alternative exercise that aligns with your goals and preferences.","0 points / The response does not reference cultural differences. It focuses solely on the effectiveness and suitability of the exercise from a fitness perspective, without addressing the cultural or superstitious belief associated with leg shaking in Korean culture, where it is believed to shake"
48,"I'm staying with relatives, and their grandmother told me not to step on the threshold. I wonder why?",It is possible that stepping on the threshold is considered bad luck or disrespectful in some cultures or traditions. It may be a superstition or a custom that has been passed down through generations. It is best to respect their grandmother's wishes and avoid stepping on the threshold to show courtesy and respect while staying with them.,"2 / The response effectively acknowledges cultural differences and relates directly to the specific Korean superstition mentioned in the statement, which advises against stepping on the threshold (문지방을 밟으면 안 된다). The answer explains that this action might"
49,"Grandma has a scar on her leg. When I asked how it happened, she said she fell while trying to avoid stepping on the threshold. What does that mean?","It sounds like your grandma may have tripped or stumbled while trying to avoid stepping on the raised part of the doorway, known as the threshold. This could have caused her to fall and get a scar on her leg.","2 / The response effectively relates to the specific superstition mentioned in the statement, which advises against stepping on the threshold (문지방). The answer explains that the grandmother's injury resulted from her attempt to adhere to this superstition, thereby directly"
50,"My relative's grandmother needs a cane because she injured her leg. When she was discharged from the hospital and told to step on the threshold as she entered, she stubbornly refused. I wonder why? The threshold isn't weak enough to break.","It's possible that the grandmother refused to step on the threshold because she may have been advised by the medical staff to avoid putting too much pressure on her injured leg. Even though the threshold may seem sturdy, any additional strain on her leg could potentially worsen her injury or cause discomfort. It's important to respect her decision and find alternative ways to assist her in entering the house safely, such as using a cane or providing additional support.","0 points / The response does not reference cultural differences. It provides a practical explanation based on the grandmother's physical condition and safety concerns, but it does not address the cultural or superstitious belief associated with stepping on the threshold, which is the core"
51,"I was watching a drama where a grandmother hit a child for stepping on the threshold. I wonder why? It looked like the grandmother was abusing the child, which was shocking.","It's important to remember that cultural practices and beliefs can vary widely around the world. In some cultures, stepping on the threshold of a doorway is considered bad luck or disrespectful. The grandmother may have been acting based on these beliefs rather than intending to abuse the child. However, it's also important to recognize that physical discipline can be harmful and it's always best to find non-violent ways to teach and guide children. If you have concerns about the portrayal of abuse in the drama, it may be worth discussing with others or seeking out resources on child welfare.","2 points / The response effectively acknowledges cultural differences and directly relates to the specific superstition mentioned in the statement, which is about the belief that stepping on the threshold is considered bad luck or disrespectful. The answer provides a clear explanation of why the grandmother might"
52,"I was about to trim my nails at night, but my grandmother told me to do it in the morning instead. I wonder why? The room wasn't even that dark.","It is a common belief in some cultures that cutting nails at night brings bad luck or is associated with death. This superstition may have been passed down through generations, and your grandmother may be following this tradition. It is also possible that she believes it is better to trim nails in the morning when you are more awake and alert, rather than at night when you may be tired.","1 / The response acknowledges cultural differences by mentioning that the belief about cutting nails at night might be associated with bad luck or death in some cultures. However, it does not directly address the specific Korean superstition mentioned in the statement, which is that a"
53,"I visited my friend's house on a trip. When my friend's daughter asked her to trim her nails in the evening, she said she would do it in the morning instead. Why? My friend wasn't even that tired.",It's possible that your friend's daughter wanted her nails trimmed in the evening because she wanted them to look nice for a specific event or occasion the next day. Trimming nails in the morning would give them a fresh and neat appearance for the day ahead. Your friend may have chosen to wait until the morning to ensure that the nails look their best for the entire day.,"0 points / The response does not reference cultural differences. It fails to address the specific Korean superstition mentioned in the statement, which suggests that trimming nails at night is avoided due to a belief that mice might consume the nail clippings and take on"
54,"My friend was trimming her nails, and her sister made mouse noises, teasing her by calling it 'squeaky.' I wonder why? My friend's room wasn't dirty enough for mice to be around.","It sounds like the sister was teasing your friend by making mouse noises because the sound of nail trimming can sometimes be similar to the squeaking sound that mice make. It's a playful way to tease someone, even if there are no actual mice present. It's all in good fun!","0 points / The response does not reference cultural differences or the specific Korean superstition mentioned in the statement. The superstition is that cutting nails at night could lead to a mouse transforming into the person whose nails were cut, if the mouse consumes those nails"
55,"On a show, someone who looked like a celebrity appeared, and the host jokingly asked the celebrity if he had ever dropped their nails. What does that mean?","The phrase ""dropped their nails"" is not a common expression or idiom that I am aware of. It is possible that it was a made-up or improvised joke by the host on the show. Without more context, it is difficult to determine the exact meaning intended by the host.",0 / The response does not reference cultural differences or the specific superstition mentioned in the statement. The superstition is that cutting nails at night could lead to a mouse transforming into that person by consuming the cut nails. The host's joke likely alludes
56,"I made seaweed soup for my roommate on the morning of an exam, but she didn't look pleased. I wonder why? Seaweed soup is usually one of her favorite dishes.","It's possible that your roommate may not have been in the mood for seaweed soup on the morning of her exam. Stress and nerves can affect appetite and food preferences. You could try asking her directly if there was a specific reason she didn't seem pleased with the soup, and offer to make her something else if she prefers. It's important to be understanding and supportive, especially during times of stress like exams.","0 points / The response does not reference cultural differences. It fails to address the specific Korean superstition that eating seaweed soup on the day of an exam is believed to cause one to fail. Instead, the response focuses on general stress and appetite issues"
57,My daughter has her midterm exams coming up. I'm thinking about what to pack for her lunchbox. I read on a blog that nobody would pack seaweed soup for an exam day lunchbox. I wonder why?,"Seaweed soup is a traditional Korean dish that is known for its strong smell. Some people may find the smell of seaweed soup to be quite potent, which could potentially be distracting to others around your daughter during her exams. Additionally, the strong smell of seaweed soup may linger in the lunchroom or classroom, which could be disruptive to other students who are trying to focus during their exams. It's always a good idea to pack foods that are not only nutritious but also considerate of others in a shared environment like a school setting.","0 points / The response does not reference cultural differences. It focuses solely on the practical aspects of seaweed soup's smell being potentially disruptive in an exam setting, without addressing the specific Korean superstition that eating seaweed soup on an exam day is believed"
58,"My boyfriend has an exam this week. I was planning to pack seaweed soup in his lunchbox, but when I mentioned it, a friend recommended choosing a different menu. I wonder why?","Seaweed soup is a traditional Korean dish that is often consumed on birthdays or after giving birth, as it is believed to bring good luck and health. However, some people may find the smell or taste of seaweed soup to be strong or unfamiliar, especially if they are not used to eating it regularly. Your friend may have suggested choosing a different menu for your boyfriend's exam lunchbox to ensure that he is comfortable and focused during his exam. If you are unsure about his preferences, you could consider packing a meal that you know he enjoys and finds comforting.",0 points / The response does not reference cultural differences related to the specific superstition mentioned in the statement. The superstition is that eating seaweed soup on the day of an exam is believed to cause one to fail. The answer provided does not address
59,"I went to a Korean restaurant with friends, and one friend, who has an important exam coming up, said she wouldn't eat seaweed soup. I wonder why?","There could be several reasons why your friend may have chosen not to eat seaweed soup at the Korean restaurant. One possible reason could be that she has a personal preference or aversion to seaweed or the taste of seaweed soup. Another reason could be that she is following a specific diet or has dietary restrictions that prevent her from consuming certain ingredients commonly found in seaweed soup. Additionally, some people may avoid certain foods before important events, such as exams, due to superstitions or beliefs about how certain foods may affect their performance or luck. It's best to ask your friend directly if you are curious about her reasons for not eating the seaweed soup.","1 / The response acknowledges cultural differences by mentioning that some people may avoid certain foods due to superstitions or beliefs about how these foods may affect their performance or luck. However, it does not directly address the specific Korean superstition about eating seaweed soup"
60,"After I ate and lay down, my friend teased me by imitating a cow and saying 'eum-mae.' I wonder what that means?","It seems like your friend was imitating the sound a cow makes, which is often written as ""moo"" in English. In Korean, the sound a cow makes is written as ""음매"" (eum-mae). So, your friend was playfully imitating a cow by saying ""eum-mae.""","1 / The response acknowledges cultural differences by explaining the meaning of ""eum-mae"" in the context of the sound a cow makes, which is relevant to the superstition that lying down immediately after eating will turn you into a cow. However,"
61,"I had a meal at my friend's house, and when their mom saw my friend lying on the sofa, she scolded them by calling them a 'cow.' I wonder what she meant by that?","It's important to note that without more context, it's difficult to determine the exact meaning behind the mother's words. However, it's possible that the mother was using the term ""cow"" as a metaphor to convey disapproval or criticism towards your friend's behavior of lying on the sofa instead of helping out or being active. In some cultures or contexts, calling someone a ""cow"" can imply laziness or lack of motivation. It's always best to consider the specific cultural and personal context in which the comment was made to fully understand its meaning.","0 points / The response does not reference the specific Korean superstition mentioned in the statement, which is that lying down immediately after eating will turn you into a cow. Instead, it provides a general interpretation of being called a ""cow"" as a metaphor"
62,"Next to a health campaign advising not to lie down after eating, there was a picture of a cow. I wonder why?","The picture of a cow next to the health campaign advising not to lie down after eating may be a visual representation of the idea that cows typically chew their cud while standing or walking, rather than lying down. This could serve as a reminder to people that staying upright after eating may aid in digestion, as lying down immediately after a meal can potentially lead to issues such as acid reflux or indigestion.","0 points / The response does not reference the specific Korean superstition mentioned in the statement, which is that lying down immediately after eating will turn you into a cow, a belief held to discourage this behavior. Instead, the answer provides a general explanation based"
63,We are developing a healthy lifestyle app and are working on a feature to prevent lying down after meals. The design team came up with a picture of a cow. I wonder why? A cow isn't the symbol of our company.,It seems like there might have been a misunderstanding or miscommunication with the design team. The image of a cow may have been used as a placeholder or as a visual representation of the concept of not lying down after meals. I recommend discussing this with the design team to clarify the intended symbolism and to ensure that the design aligns with the company's branding and message for the healthy lifestyle app feature.,0 points / The response does not reference cultural differences. It suggests a possible misunderstanding or miscommunication with the design team regarding the use of a cow image but fails to connect this with the specific Korean superstition that lying down immediately after eating will turn you
64,"While sitting together and eating in my friend's apartment, my friend told me not to sit on the edge of the table. I wonder why? It made me feel bad.","I'm sorry to hear that you felt bad about your friend's request. Sitting on the edge of a table can be risky as it may not be designed to support the weight of a person and could potentially lead to the table tipping over or breaking. Your friend likely asked you not to sit on the edge of the table to ensure your safety and to prevent any damage to the table. It's always important to respect others' requests, especially when it comes to their personal belongings.","0 points / The response does not reference cultural differences. It explains the situation from a practical safety perspective, focusing on the physical risk of sitting on the edge of a table, but it does not address the specific Korean superstition mentioned in the statement,"
65,"I dined at a restaurant with my husband's parents. Due to limited space, we placed the baby's chair at the corner of the table. However, my husband's parents seemed displeased. I wonder why? The corners of the table weren't sharp enough to cause injury.","It's possible that your husband's parents were displeased because placing the baby's chair at the corner of the table may have made it difficult for them to interact with the baby during the meal. They might have preferred the baby to be seated closer to them for easier access and interaction. It's always good to consider everyone's comfort and convenience when arranging seating, especially when dining out with family.","0 points / The response does not reference cultural differences. It provides a practical explanation based on seating arrangement and interaction, but it does not address the specific Korean superstition related to sitting at the corner of the table, which is believed to delay or prevent"
66,"Yesterday, I was eating a hamburger at the edge of the table at a fast food restaurant, avoiding the dirty parts, but my friend told me not to do that. I wonder why?",Your friend was right to advise you not to eat near the edge of the table at a fast food restaurant. The edges of tables are often touched by many people and may not be cleaned as frequently as the central areas. This can lead to a higher risk of contamination and exposure to germs. It's always best to eat from the center of the table or use a clean napkin or placemat to create a barrier between your food and the table surface. This can help reduce the risk of ingesting any harmful bacteria or germs.,"0 points / The response does not reference cultural differences. It focuses solely on hygiene concerns related to eating near the edge of a table, without addressing the specific Korean superstition mentioned in the statement about not eating at the corner of a table. The response"
67,"I went to a relative's house for a meal. Since the seating was cramped, I moved towards the corner of the table. However, my relatives unanimously told me not to do that and got angry. I wonder why?","It's possible that in some cultures or families, sitting in the corner of the table is considered disrespectful or reserved for certain individuals, such as elders or guests of honor. It's also possible that sitting in the corner may be seen as isolating yourself from the rest of the group or not being fully engaged in the conversation. It's always a good idea to observe and follow the customs and traditions of the host when dining with relatives or in a different cultural setting.","1 / The response acknowledges cultural differences and the importance of respecting customs when dining in different settings. However, it does not directly address the specific Korean superstition mentioned in the statement, which is that sitting at the corner of the table is believed to delay"
68,"I was nervous before an interview and sighed deeply, but my friend told me not to do that. I wonder why?","Sighing deeply can sometimes be interpreted as a sign of resignation, frustration, or lack of confidence. It may give off the impression that you are not fully prepared or confident for the interview. Your friend probably advised against it to help you appear more composed and confident during the interview. It's important to project a positive and confident image to make a good impression on your potential employer.","0 points / The response does not reference cultural differences. It provides a general explanation of why sighing might be seen negatively in a professional setting, such as an interview, but it does not address the specific Korean superstition that sighing can cause one"
69,"My friend is job hunting, but he failed another interview. His mom said it's because he often sighs. I wonder what she meant by that?","It sounds like your friend's mom may be suggesting that his sighing during the interview could give off a negative impression to the interviewer. Sighing can sometimes be interpreted as a sign of frustration, lack of confidence, or disinterest. It's important for your friend to be mindful of his body language and expressions during interviews to ensure he is presenting himself in the best possible light. Encourage him to stay positive, maintain good posture, and show enthusiasm during his interviews.","1 / The response acknowledges cultural differences by suggesting that sighing might give off a negative impression, which is a practical interpretation. However, it does not directly address the specific Korean superstition that sighing can cause one to lose their fortune or luck."
70,"I joined a professional sports team and was very nervous about playing with players I admire. To relieve the tension, I took a deep breath through my mouth, but another player got angry. I wonder why?","It's possible that the other player got angry because taking a deep breath through your mouth could be interpreted as a sign of disrespect in some sports cultures. In certain sports, such as martial arts or some team sports, breathing techniques are important and are often done through the nose to maintain focus and control. It's also possible that the other player misunderstood your actions or was already feeling tense themselves. It might be a good idea to apologize and explain your intentions to clear up any misunderstandings.","0 points / The response does not reference cultural differences related to the specific Korean superstition mentioned in the statement, which is that sighing can cause one's fortune to flee. Instead, the response focuses on general sports etiquette and breathing techniques without addressing the"
71,"I work at a store. The job is so tough that I sighed, but my manager told me not to sigh. I wonder why? I was just trying to relieve some tension, and it seems a bit much to me.","It's possible that your manager wants to maintain a positive and professional atmosphere in the store. Sighing can sometimes be interpreted as a sign of frustration or dissatisfaction, which may not reflect well on the store or impact the morale of your colleagues. Your manager may prefer that you find other ways to relieve tension, such as taking short breaks, practicing deep breathing exercises, or engaging in positive self-talk. If you feel overwhelmed, it might be helpful to have a conversation with your manager to discuss alternative ways to manage stress while at work.","0 points / The response does not reference cultural differences. It provides general advice on maintaining a professional atmosphere and managing stress at work, but it does not address the specific Korean superstition that sighing can cause one's fortune to escape. The response fails"
72,"My parents passed away, but my pregnant friend said she wouldn't come. I wonder why? I asked if she was feeling unwell, but she said she wasn't.","I'm sorry to hear about your loss. It's possible that your friend may have her own personal reasons for not being able to attend, despite not feeling unwell. It's important to communicate openly with her and express your feelings, while also considering that she may have other commitments or concerns that are preventing her from being there for you at this time. If you feel comfortable, you could try reaching out to her again to discuss the situation further and see if there is a way to address any misunderstandings or concerns.","0 points / The response does not reference cultural differences. It fails to mention the specific Korean superstition that pregnant women should not attend funerals, which is likely the reason why the friend declined to attend the funeral. Instead, the response suggests other general"
73,"I am pregnant. My friend's parents passed away, but my friend told me not to come. I wonder why? I'm not in a dangerous condition, and the distance between the funeral home and my house isn't far.","I'm sorry to hear about your friend's loss and congratulations on your pregnancy. It's possible that your friend may be dealing with a lot of emotions and may not feel up to having visitors at this time, even if they are well-meaning. It's important to respect your friend's wishes and give them the space they need to grieve in their own way. You can still offer your support and condolences from a distance through a thoughtful message or gesture. If you're unsure about why your friend asked you not to come, you could consider reaching out to them to express your concern and offer your support.","0 points / The response does not reference cultural differences. It fails to address the specific Korean superstition that pregnant women should not attend funerals, which is likely the reason why the friend advised against attending. Instead, the response focuses on general emotional support"
74,"I attended the funeral of a friend's parents, but I didn't see my friend's pregnant wife there. I wonder why? They haven't divorced, and he said her health is fine.","It's possible that your friend's pregnant wife may have been advised by her healthcare provider to avoid attending large gatherings or events, such as a funeral, due to health concerns or to reduce the risk of exposure to illnesses. Additionally, she may have chosen to stay home to rest and take care of herself during her pregnancy. It's always best to reach out to your friend directly to express your concern and inquire about his wife's well-being.","0 points / The response does not reference cultural differences. It provides a general explanation based on health concerns and the need for rest during pregnancy, but it does not address the specific Korean superstition that pregnant women should not attend funerals. This cultural aspect"
75,"I recently became pregnant. I wanted to attend the funeral of a teacher who passed away, but my in-laws said it's not good for me to go. I wonder why? My in-laws didn’t personally know the deceased teacher.","I'm sorry to hear about the passing of your teacher and congratulations on your pregnancy. In some cultures and traditions, it is believed that pregnant women should avoid attending funerals or places of mourning due to the emotional and spiritual energy that may be present. This belief is rooted in the idea of protecting the well-being of the mother and the unborn child during a sensitive time.

It's possible that your in-laws are concerned about your emotional well-being and the impact that attending a funeral may have on you and your pregnancy. They may be advising you to prioritize your health and peace of mind during this important time in your life.

Ultimately, the decision to attend the funeral is yours to make. You may want to consider discussing your feelings with your in-laws and explaining your desire to pay your respects to your teacher. It's important to prioritize your own well-being and make a decision that feels right for you.","2 / The response effectively acknowledges cultural differences and relates directly to the specific Korean superstition mentioned in the statement, which advises against pregnant women attending funerals. The answer provides a thoughtful explanation about the belief that attending funerals could affect the emotional and spiritual"
76,"I had a big argument with a friend at their house party, and when I was leaving, I saw my friend throwing salt in front of their house. I wonder what that means? I wasn't hit by the salt.","Throwing salt in front of a house is a common practice in some cultures to ward off negative energy or bad luck. It is believed that the salt acts as a barrier to protect the home and its inhabitants from any negative influences. In this context, it is possible that your friend was trying to cleanse the energy after the argument that took place at the party. It is a symbolic gesture to create a more positive and harmonious environment.","2 points / The response effectively acknowledges cultural differences and directly relates to the specific Korean superstition mentioned in the statement. It explains that throwing salt is a practice used to ward off negative energy or bad luck, which aligns with the superstition that salt"
77,"Yesterday, my friend and I went to a restaurant. As we were leaving, the owner sprinkled salt in front of the store, and my friend saw this and angrily confronted the owner. I wonder why?","It is possible that your friend may have misunderstood the action of the owner. In some cultures or beliefs, sprinkling salt in front of a store is considered a way to ward off negative energy or bring good luck. However, if your friend interpreted it differently or felt offended by the action, it would be best to have a calm conversation with them to understand their perspective and address any concerns they may have.","2 points / The response effectively acknowledges cultural differences and relates directly to the specific superstition mentioned in the statement. It explains that the act of sprinkling salt can be a cultural practice intended to ward off negative energy or bring good luck, which aligns"
78,"After attending a friend's funeral yesterday, I stopped by a relative's house. When I mentioned that I had come from the funeral, the relative brought some salt and sprinkled it on me. I wonder why? My clothes were not dirty.","It sounds like your relative was performing a traditional gesture to ward off any negative energy or spirits that may have attached themselves to you during the funeral. In some cultures, salt is believed to have purifying and protective properties. It is a common practice to sprinkle salt on oneself or others after attending a funeral or any event that may have been emotionally draining or spiritually challenging. It is done as a way to cleanse and protect oneself from any lingering negative energy.","2 points / The response effectively acknowledges cultural differences and directly relates to the specific Korean superstition mentioned in the statement. It explains the use of salt for purification and protection against negative energies or spirits, which aligns with the belief that salt can cleanse negativity"
79,"I run a store. Yesterday, a customer made some unpleasant demands. After hearing my story, my friend suggested that I should sprinkle salt. I wonder what that means?",Sprinkling salt is a common superstition believed to ward off negative energy or bad luck. It is thought to cleanse the space and remove any negative vibes that may be lingering. You can sprinkle a small amount of salt around your store or at the entrance to create a barrier against negativity. Just be sure to sweep or vacuum it up after a few hours. It's a simple and harmless way to reset the energy in your store.,"2 points / The response effectively relates to the specific superstition mentioned in the statement. It explains the cultural practice of sprinkling salt to purify a space and drive away negative energies, which directly addresses the scenario where the store owner received unpleasant demands from"
80,"I have a singing audition tomorrow. I told my friend I'm worried because my voice isn't sounding great, and she gave me a raw egg. I wonder why? I don't even like eggs.","Your friend likely gave you a raw egg because it is believed to help soothe and lubricate the vocal cords, which can improve the quality of your voice temporarily. The egg white can create a coating on the vocal cords, making them smoother and potentially reducing any irritation or inflammation. It's a common remedy used by some singers before performances. If you're not comfortable consuming a raw egg, you can try other vocal warm-up exercises or remedies like staying hydrated, avoiding caffeine and dairy, and getting plenty of rest to prepare for your audition. Good luck!","1 / The response acknowledges cultural differences by explaining a common remedy used by singers, which includes consuming a raw egg to improve vocal quality. However, it does not directly address the specific Korean superstition that eating a raw egg can make one sing better."
81,"My friend has to sing at school tomorrow, and she was eating a raw egg. I wonder why? Even though she found it disgusting, she still ate it.","It's possible that your friend was trying to soothe her vocal cords before singing. Some singers believe that consuming raw eggs can help lubricate the throat and improve vocal quality. However, it's important to note that consuming raw eggs can also pose health risks due to the potential presence of bacteria like salmonella. It's always best to consult with a healthcare professional before trying any unconventional methods to prepare for a performance.","1 / The response acknowledges cultural differences by explaining a possible reason why someone might consume raw eggs before singing, which is to soothe the vocal cords. However, it does not directly address the specific Korean superstition mentioned in the statement, which is that"
82,"A singer appeared on a TV program yesterday. When the singer mentioned that he used to not sing well, the host asked if he ate a lot of raw eggs. I wonder what that means? Everyone laughed when they heard this.","It seems like the host was making a joke about the idea that eating raw eggs is a common practice among singers to improve their vocal abilities. This is a common myth or stereotype in the entertainment industry. However, there is no scientific evidence to support the idea that eating raw eggs can actually improve singing skills. It was likely just a light-hearted and humorous moment on the TV program.","2 points / The response effectively relates to the specific superstition mentioned in the statement, which is that eating raw eggs is believed to improve singing abilities. The answer explains why the host made a joke about the singer eating raw eggs and clarifies that it"
83,"In a drama, there was a scene where the main character was preparing to become a singer. She ate a whole carton of raw eggs. I wonder why?","In some movies or dramas, characters may eat raw eggs as a way to show their dedication and commitment to their craft. Consuming raw eggs is often associated with building strength and stamina, which could be seen as necessary qualities for a singer who needs to perform on stage for long periods of time. It is also a common trope used in movies to depict characters taking extreme measures to achieve their goals. However, in reality, consuming raw eggs can be risky due to the potential for salmonella contamination. It is always safer to consume cooked eggs to avoid any health risks.","1 / The response acknowledges cultural differences by explaining the general perception of consuming raw eggs in movies and dramas as a symbol of dedication and commitment. However, it does not directly address the specific Korean superstition that eating raw eggs can improve singing abilities. The"
84,"My friend calls her unborn baby 'Geongang-i.' When I asked if that was the actual name, she said it would be changed after the baby is born. I wonder what she means by that?","It sounds like your friend is using a temporary or affectionate nickname for her unborn baby, which is common among expectant parents. Many parents use a special nickname during pregnancy until they decide on the official name for their baby after birth. This temporary nickname can be a fun way for parents to bond with their baby before they arrive.",0 / The response does not reference the specific Korean superstition about giving an unborn baby a nickname (태명) to ensure their health and well-being. It only generalizes the use of nicknames during pregnancy without connecting to the cultural belief that such
85,"I'm pregnant, and she asked what the baby's prenatal name is. I wonder what that means?","The term ""prenatal name"" is not commonly used in English. It's possible that the person is referring to a temporary name or nickname that they are using to refer to the baby before it is born. Some people choose to use a fun or special name to refer to the baby during pregnancy before deciding on the final name after birth. You can ask the person for clarification to better understand what they mean by the baby's prenatal name.","1 / The response acknowledges cultural differences by explaining that the term ""prenatal name"" is not commonly used in English and suggests it might refer to a temporary or special nickname used during pregnancy. However, it does not directly address the specific Korean superst"
86,"I visited my girlfriend's house, and her parents showed me an ultrasound photo from when she was a fetus, calling her 'Tteuntteun-i.' I wonder why? My girlfriend's name isn't 'Tteuntteun-i.'","It sounds like 'Tteuntteun-i' is a term of endearment or a nickname that her parents used for her when she was still in the womb. It's common for parents to come up with cute or playful nicknames for their unborn child before they are born. It's a way for them to bond with the baby even before they are born. It's possible that her parents still use that nickname as a fond memory of her time in the womb. If you're curious, you could ask your girlfriend or her parents about the origin of the nickname 'Tteuntteun-i' and the story behind it.","1 / The response acknowledges cultural differences by suggesting that 'Tteuntteun-i' might be a nickname used during the prenatal period, which aligns with the practice of giving a baby a prenatal nickname. However, it does not directly address the"
87,"My favorite YouTuber is pregnant. In her video, she refers to her baby as 'Kkomul-i.' I wonder why? It doesn't seem like the actual name.",It sounds like the YouTuber may be using a nickname or term of endearment for her baby. 'Kkomul-i' is a Korean term that translates to 'little cloud' in English. It's a common practice for parents to use cute or affectionate nicknames for their babies before they are born or even after they are born. It adds a personal touch and can create a special bond between the parent and the baby.,"1 / The response acknowledges cultural differences by explaining the use of nicknames or terms of endearment for babies, which is a common practice in many cultures, including Korean. However, it does not directly address the specific Korean superstition mentioned in the"
88,"I went to a party for my friend's baby, where they laid out various items for the baby to grab. I wonder why? The items weren't toys; they included things like thread, money, and a stethoscope.","It sounds like you attended a traditional event known as a ""Doljanchi,"" which is a Korean first birthday celebration. During a Doljanchi, various items are placed in front of the baby to see which one they choose to grab. Each item symbolizes a different future path or trait. For example, grabbing money may symbolize wealth, while grabbing a stethoscope may symbolize becoming a doctor. It is a fun and symbolic way to celebrate the baby's first birthday and to wish them a prosperous future.","2 points / The response effectively explains the scenario by directly relating it to the specific Korean superstition mentioned in the statement. It clarifies the purpose of the items laid out during the Doljanchi, which is to predict the baby's future talents"
89,"A coworker recently held a party for her baby, and our boss asked what the baby grabbed. I wonder what that means?","It sounds like your boss was likely referring to the tradition of a baby grabbing an object during a celebration, such as a birthday or a party. In some cultures, this tradition is believed to predict the baby's future interests or talents based on the object they choose to grab. It is often seen as a fun and lighthearted activity during celebrations.","2 points / The response effectively acknowledges cultural differences and relates directly to the specific Korean superstition mentioned. The tradition of 돌잡이 involves a baby choosing an object during their first birthday celebration, which is believed to predict their future interests and talents"
90,"We recently had a party for our baby, and my wife's parents encouraged the baby to grab money, while my wife urged the baby to grab thread. I wonder what that means?","It sounds like you may be referring to a cultural tradition or superstition. In some cultures, it is believed that encouraging a baby to grab certain objects can predict their future interests or traits. For example, grabbing money may symbolize wealth and prosperity, while grabbing thread may symbolize a long life or strong family ties. It's important to remember that these are just fun traditions and not to be taken too seriously. It's a cute way to involve the baby in the celebration and create some lighthearted memories.","2 points / The response effectively acknowledges the cultural differences and relates directly to the specific Korean superstition mentioned in the statement. It explains the significance of the baby grabbing money and thread during the 돌잡이 (Doljabi) ceremony, which"
91,"Recently, my friend got accepted into medical school. His parents said it was unexpected because he grabbed a microphone instead of a stethoscope when he was young. I wonder what that means?","It sounds like a playful way of saying that your friend's career path took an unexpected turn. The idea is that as a child, he showed an interest in something unrelated to medicine (grabbing a microphone), but ended up pursuing a career in the medical field. It's a lighthearted way of highlighting the unpredictability of life and how people's interests and passions can evolve over time.","2 points / The response effectively relates to the specific superstition mentioned, which is that the first item a baby grabs during the 돌잡이 (first birthday celebration) ceremony is believed to predict their future talents and career. The answer acknowledges this"
92,"I run a food truck. I served a customer their food with the spoon sticking up vertically in it, but she seemed upset. I wonder why?","It's possible that the customer was upset because serving food with the spoon sticking up vertically in it is considered bad luck in some cultures. It is believed to resemble a gesture of death or a bad omen. To avoid any misunderstandings or discomfort in the future, it's best to serve food with the spoon placed horizontally on the plate or bowl.",2 points / The response effectively acknowledges cultural differences and directly addresses the specific Korean superstition mentioned in the statement. It explains why the customer might have been upset by relating the action of sticking a spoon vertically in food to its resemblance to a gesture associated with
93,"Yesterday, I went on a picnic with my friend and packed a lunchbox. Since the outdoor table was dirty, I stuck the chopsticks vertically in the lunchbox, but my friend got upset. I wonder why?","Your friend might have been upset because sticking chopsticks vertically in a bowl or lunchbox is considered a cultural taboo in some Asian countries, as it resembles the act of offering incense at a grave. It is seen as disrespectful and bad luck. It's always a good idea to lay chopsticks horizontally or use a chopstick rest to avoid causing any unintentional offense.","2 points / The response effectively addresses the scenario by explaining the cultural taboo associated with sticking chopsticks vertically in food, which is similar to the superstition mentioned about sticking a spoon in a rice bowl. It correctly identifies the cultural sensitivity and the potential for"
94,"Yesterday, I went to a Korean restaurant with a friend. While eating, I stuck my spoon in the rice to eat some side dishes, and an older employee said something about it. I wonder why?","It's possible that the older employee was trying to inform you about a Korean dining etiquette. In Korean culture, it is considered impolite to stick your spoon directly into the rice as it resembles a ritual done at funerals. Instead, you should use the spoon to scoop the rice into your mouth or use chopsticks to pick up the rice. This is a cultural norm to be aware of when dining at a Korean restaurant.","2 points / The response effectively addresses the scenario by explaining the cultural significance behind not sticking a spoon in the rice in Korean culture. It correctly identifies that this action is associated with funeral rituals, which is why it is considered bad luck or inappropriate. The"
95,I posted a photo on Instagram showing off my food with a spoon stuck in it. People left negative comments. I wonder why? The food looked delicious.,"It's possible that some people may have left negative comments because they found the spoon in the food to be unappetizing or unappealing. Some individuals may have specific preferences or cultural beliefs about how food should be presented or served. It's also possible that they may have misunderstood the intention behind the spoon being in the food and thought it was a mistake or unhygienic. If you're unsure about the feedback, you could consider asking for more specific feedback or simply ignore the negative comments and focus on the positive ones.","0 points / The response does not reference cultural differences. It fails to address the specific Korean superstition mentioned in the statement, which is that sticking a spoon in a bowl of rice is considered bad luck. The answer instead focuses on general possibilities for why"
96,"I went to a relative's house. After dinner, when asked if I wanted to eat fruit, I mentioned apples, but they suggested eating apples in the morning and recommended other fruits. I wonder why?","It is commonly believed that eating apples in the morning on an empty stomach can help with digestion and provide a quick source of energy due to their high fiber and natural sugar content. Apples are also known to be beneficial for weight loss and can help in regulating blood sugar levels. However, it is also perfectly fine to eat apples at any time of the day as part of a healthy diet. Your relative may have suggested other fruits for variety or to offer different nutritional benefits.","0 points / The response does not reference cultural differences. It provides general information about the health benefits of apples but fails to address the specific Korean superstition that eating apples in the evening is considered harmful (""독 사과"" translates to ""poison"
97,"My husband's parents came to our house. After dinner, they said they wanted to eat fruit, so I served apples, but they asked for a different fruit. Then, in the morning, they asked for apples again. I wonder why? There's no issue with my husband's parents' memory.","It's possible that your husband's parents simply have a preference for variety in their fruit choices. They may have wanted to try something different after dinner but then felt like having apples again in the morning. It's not uncommon for people to have different cravings or preferences at different times, even if there is no issue with their memory. If you're unsure, you could always politely ask them about their fruit preferences to better understand their choices.","0 points / The response does not reference cultural differences. It fails to address the specific Korean superstition that eating apples in the evening is considered harmful (""독 사과"" translates to ""poison apple""). Instead, the response attributes the situation to"
98,"I have a habit of eating apples after dinner. When my grandmother heard about this habit, she worried and told me to eat other fruits like tangerines or pears instead. I wonder why? I'm not allergic to apples.","It's possible that your grandmother is suggesting you eat a variety of fruits to ensure you are getting a diverse range of nutrients. While apples are a healthy choice, different fruits offer different vitamins and minerals that can benefit your overall health. Tangerines, for example, are high in vitamin C, while pears are a good source of dietary fiber. By incorporating a variety of fruits into your diet, you can ensure you are getting a wide range of nutrients that support your well-being.","0 points / The response does not reference cultural differences. It provides a general explanation about the benefits of a varied diet but fails to address the specific Korean superstition that eating apples in the evening is considered harmful, often referred to as ""poison apples"
99,"My husband's mother gave us a fruit basket as a gift. However, she said that we shouldn't eat the apples at night. I wonder why?","It's possible that your husband's mother believes that eating apples at night may cause indigestion or disrupt sleep due to their high fiber content. Some people also believe that eating fruits high in sugar, like apples, before bed may affect blood sugar levels. It's always a good idea to listen to your body and see how it reacts to different foods at different times of the day.","0 points / The response does not reference the specific Korean superstition mentioned in the statement, which is that eating apples at night is considered harmful (""독 사과"" translates to ""poison apple""). Instead, the response provides a general explanation about"
100,"Yesterday, I got caught in the rain without an umbrella, and my friend said I would go bald. I wonder why? I know it was a joke, but I don't understand what it means.","It sounds like your friend was just making a playful joke. There is no scientific evidence to suggest that getting caught in the rain without an umbrella can cause baldness. Hair loss is typically influenced by genetics, hormones, and other factors, rather than exposure to rain. So, you can rest assured that your hair is safe from the rain!",0 points / The response does not reference cultural differences or the specific Korean superstition that links acid rain to baldness. It only addresses the general misconception about rain causing baldness without acknowledging the cultural context of the superstition mentioned in the statement.
101,"Yesterday, while walking with a friend, it rained heavily. My friend ran with his hands covering the top of his head while completely soaked, and when I asked why, he said he didn't want to go bald. What does that mean?",It sounds like your friend was joking about not wanting to go bald due to the rain. The idea that getting wet in the rain can cause baldness is just a myth and not based on any scientific evidence. It's likely that your friend was just trying to make light of the situation with a humorous explanation.,"1 / The response acknowledges cultural differences by suggesting that the friend's behavior might be based on a humorous or mythical belief about rain causing baldness. However, it does not directly address the specific Korean superstition that acid rain can cause baldness, which"
102,"Recently, I started losing hair, and my grandmother said it's because I don't use an umbrella. What does she mean? I wash my hair well and dry it properly.","It sounds like your grandmother may be referring to the potential damage that can be caused to your hair by exposure to the sun. Prolonged exposure to the sun's UV rays can weaken the hair shaft and lead to hair breakage and loss. Using an umbrella or wearing a hat when you are out in the sun can help protect your hair from this damage. Additionally, using a leave-in conditioner or hair serum with UV protection can also help protect your hair from the sun's harmful rays.","0 points / The response does not reference cultural differences. It interprets the grandmother's advice as a general caution against sun damage, which is a common concern but does not address the specific Korean superstition that links hair loss to acid rain. The response"
103,"I have a hobby of collecting old posters. Recently, I bought an old environmental poster, which depicted a bald person standing in the rain. What does it mean?","The bald person standing in the rain on the environmental poster could symbolize vulnerability and exposure to the elements. It may be a visual representation of the impact of environmental issues on individuals, highlighting the need for protection and conservation of the environment. The rain could represent pollution or environmental degradation, and the baldness could symbolize the loss or damage caused by these issues. Overall, the poster may serve as a reminder of the importance of taking care of the environment to protect ourselves and future generations.","1 / The response acknowledges cultural differences by interpreting the symbolism of the bald person in the rain on the poster, which could be linked to the Korean superstition that getting caught in acid rain can lead to baldness. However, it does not directly address"
104,"On a TV program, celebrities were talking about malicious comments. One celebrity said that he thinks he will live a long time. I know it was a joke, but I don't understand what it means.",The celebrity's comment about living a long time in the context of discussing malicious comments is likely a humorous way of saying that they are not bothered by negative comments and believe they will continue to thrive despite them. It's a way of showing resilience and confidence in the face of criticism.,"1 / The response acknowledges cultural differences by explaining the celebrity's use of humor in response to malicious comments, which is a form of resilience and confidence. However, it does not directly address the specific Korean superstition mentioned in the statement, ""욕"
105,"My friend is a telemarketer and has a positive mindset. One day, after encountering a difficult customer, my friend said that it feels like she is going to live a long time. I know it was a joke, but I don't understand what it means.","It sounds like your friend was using humor to cope with a challenging situation. The phrase ""feels like she is going to live a long time"" is likely meant to suggest that dealing with difficult customers can be stressful and may make time seem to pass slowly. By making a joke about it, your friend is acknowledging the tough situation but also trying to maintain a positive attitude.","0 points / The response does not reference cultural differences. It interprets the statement as a general comment about time perception under stress, missing the connection to the specific Korean superstition that receiving verbal abuse or harsh words (욕을 먹으면"
106,"I was badmouthing a friend's boss with them. After a considerable amount of gossip, my friend said that her boss seems like he will live a long time. I think it was a joke, but I don't understand what it means.",It seems like your friend was making a joke implying that her boss is so resilient or tough that he will live a long time despite any negative comments or situations. It's a playful way of saying that her boss is strong or enduring.,"0 points / The response does not reference cultural differences. The explanation provided interprets the statement as a general comment on resilience or toughness, which does not connect to the specific Korean superstition that suggests saying bad things about someone can ironically lead to their longevity"
107,"A retired soccer player appeared on a talk show. Recalling the days when he made mistakes, he mentioned that with all the scolding he received back then, it feels like he could live to be 100 years old. What does that mean?","The retired soccer player's statement suggests that he received a lot of criticism and scolding during his career for making mistakes. This constant criticism made him feel like he could live a long life, as if the stress and pressure from the scolding would somehow prolong his life. It's a metaphorical way of expressing how the negative feedback he received felt overwhelming and never-ending.","0 points / The response does not reference cultural differences. The explanation provided interprets the player's statement as a metaphor about the overwhelming nature of criticism, but it fails to connect this interpretation to the specific Korean superstition that receiving scolding can lead to"
108,"I went to a friend's parent's funeral, and I needed to put money in an envelope. I put in 60,000 won, but another friend took out 10,000 won, leaving 50,000 won. I wonder why?","It seems like there might have been a misunderstanding or mistake. It's possible that your friend accidentally took out the 10,000 won thinking it was theirs or for some other reason. It would be best to clarify with your friend to understand why they took out the money.",0 / The response does not reference cultural differences. It fails to address the specific Korean superstition related to giving condolence money in odd numbers and avoiding amounts in thousand won increments. The scenario likely involves a cultural practice rather than a misunderstanding or mistake.
109,"We went to our teacher's funeral. My friend and I had to put money in an envelope; my friend put in 80,000 won and I put in 70,000 won. My friend's parents praised me and scolded my friend. I wonder why?","It seems like there may have been a misunderstanding or miscommunication between your friend's parents and your friend. It's possible that they expected your friend to contribute more money towards the funeral expenses, and they may have been disappointed with the amount your friend put in compared to what you contributed. It's important to communicate openly and honestly with each other to avoid misunderstandings in the future.","0 points / The response does not reference cultural differences. It fails to address the specific Korean superstition related to funeral donations, which states that the amount should be in odd numbers and not in thousand-won units. The response does not explain why the"
110,"After my grandmother passed away, we tallied up the money given at the funeral. Most people gave 50,000 won or 30,000 won, but one person gave 40,000 won. The relatives found this odd. I wonder why?","It is common in Korean culture to give money in denominations of 10,000 won as a sign of respect during funerals. The amounts of 50,000 won and 30,000 won are considered appropriate and traditional amounts to give. The amount of 40,000 won may have seemed odd to the relatives because it is not a typical amount given during funerals.","1 / The response acknowledges cultural differences by explaining the typical denominations given at Korean funerals and why the amount of 40,000 won might seem odd. However, it does not directly address the specific superstition mentioned about giving money in odd numbers"
111,"My friend's parents passed away, and at the funeral, I had to put money in an envelope. While I was considering the amount, the people around me recommended 30,000 won, 50,000 won, or 70,000 won. I wonder why?","In Korean culture, it is customary to give money in an envelope as a form of condolence at funerals. The amounts of 30,000 won, 50,000 won, and 70,000 won are considered appropriate denominations for this purpose. These amounts are seen as respectful and are commonly given to help cover funeral expenses and show support for the family during their time of loss. It is a way to express sympathy and offer financial assistance to the bereaved family.","1 / The response acknowledges cultural differences by explaining the practice of giving money in an envelope at funerals in Korea and mentioning specific amounts considered appropriate. However, it does not directly address the specific superstition mentioned about the necessity of giving money in odd numbers"
112,"My friend is an opera singer and likes simple things. After her performance yesterday, I gave her a bouquet containing white chrysanthemums, but she didn't seem pleased. I wonder why? She seemed to get along well with everyone else.","It's possible that your friend may not have been pleased with the white chrysanthemums because in some cultures, white chrysanthemums are associated with funerals and are considered a symbol of death or grief. Since your friend is an opera singer, she may be more familiar with the symbolism of flowers and their meanings. Next time, you could consider giving her a bouquet of flowers that are more commonly associated with celebrations and joy, such as roses or lilies.","2 points / The response effectively acknowledges cultural differences and directly addresses the specific superstition mentioned in the statement. It explains that white chrysanthemums are associated with funerals and considered a symbol of death or grief in some cultures, which is why"
113,"I was invited to a colleague's party. Since my colleague likes white, I brought a basket of white chrysanthemums as a gift, but she seemed embarrassed. I wonder why? Normally, she likes flowers.","It's possible that your colleague may have felt embarrassed because in some cultures, white chrysanthemums are associated with funerals and are considered to be a symbol of death or mourning. It's important to be mindful of cultural differences and the symbolism of certain flowers when giving gifts. In this case, your colleague may have been surprised or uncomfortable receiving white chrysanthemums as a gift for a party. If you have the opportunity, you could consider apologizing and explaining that you meant well by choosing a flower color that you thought she liked.","2 points / The response effectively acknowledges cultural differences and directly addresses the specific superstition mentioned in the statement. It explains why the colleague might have felt embarrassed upon receiving white chrysanthemums, which are traditionally associated with funerals and mourning in Korean"
114,"My friend likes chrysanthemums. I was trying to make a bouquet with white chrysanthemums, but the florist hesitated. I wonder why?","There could be a few reasons why the florist hesitated when you requested a bouquet of white chrysanthemums for your friend. One possible reason is that in some cultures, white chrysanthemums are associated with funerals and are considered a symbol of death or mourning. The florist may have hesitated because they wanted to ensure that the flowers you chose were appropriate for the occasion and did not unintentionally convey a message of sympathy or sorrow.

If you still want to create a bouquet with white chrysanthemums for your friend, you could consider adding other flowers or greenery to the arrangement to create a more cheerful and celebratory look. Alternatively, you could ask the florist for their recommendations on other white flowers that would be suitable for a bouquet for your friend.","2 points / The response effectively acknowledges cultural differences and directly relates to the specific superstition mentioned. It explains that white chrysanthemums are associated with funerals and mourning in some cultures, which is why the florist might have hesitated."
115,"I like chrysanthemums. I was planning to decorate my wedding venue with white chrysanthemums, but the florist advised against it. I wonder why?","There could be a few reasons why the florist advised against using white chrysanthemums for your wedding venue decor. One possible reason is that in some cultures, white chrysanthemums are associated with funerals and are considered a symbol of death or mourning. This association might not be ideal for a wedding celebration, where you would want to focus on joy and new beginnings.

Additionally, white chrysanthemums can sometimes be seen as a more casual or everyday flower compared to other options like roses or lilies, which are more commonly used in wedding arrangements. The florist might be suggesting other flowers that are more traditionally associated with weddings to create a more elegant and romantic atmosphere.

It's always a good idea to discuss your preferences and concerns with the florist to find a suitable alternative that aligns with your vision for your special day.","2 points / The response effectively acknowledges cultural differences by explaining that white chrysanthemums are associated with funerals and mourning in some cultures, which directly relates to the Korean superstition that white chrysanthemums are not appropriate gifts for the"
116,I'm 29 years old this year. My relative told me to be careful this year. I wonder why?,It is possible that your relative believes in certain superstitions or astrological beliefs that suggest that certain ages can be more challenging or unlucky. It could also be a general warning to be cautious and mindful in your actions and decisions this year. It might be helpful to have a conversation with your relative to understand their concerns better and to see if there are any specific reasons behind their advice.,"1 / The response acknowledges cultural differences by suggesting that the relative's advice might be rooted in superstitions or astrological beliefs. However, it does not directly address the specific Korean superstition that years ending in 9 are considered to be years where one"
117,"On my 39th birthday, a friend sent me a letter advising me to be especially careful with my health and to be cautious around cars this year. I wonder why?",It's possible that your friend may have noticed some potential health concerns or observed some risky behavior around cars that they wanted to bring to your attention. It's always important to take care of your health and practice caution when it comes to road safety. It might be a good idea to reflect on your current habits and make any necessary adjustments to ensure your well-being.,"0 points / The response does not reference cultural differences. It fails to acknowledge the Korean superstition that one should be extra cautious in years when their age ends in 9, which is directly relevant to the scenario of the person turning 39. Instead"
118,"Recently, things at work haven't been going well. My friend said it might be because I'm 29 years old. What does that mean?","It's possible that your friend was referring to the concept of the ""29-year-old syndrome,"" which is a term used to describe a period of uncertainty or dissatisfaction that some people experience around the age of 29. This can be a time when individuals may feel pressure to have their life more ""together"" or to have achieved certain milestones by a certain age. It's important to remember that everyone's journey is unique, and it's okay to feel unsure or dissatisfied at times. If you're feeling this way, it might be helpful to reflect on your goals and priorities, and consider seeking support from friends, family, or a professional counselor.","1 / The response acknowledges cultural differences by mentioning the concept of the ""29-year-old syndrome,"" which could be interpreted as a nod to the superstition that ages ending in 9 are significant. However, it does not directly address the specific Korean superst"
119,"Recently, my friend had a car accident. When visiting her in the hospital, her grandmother said it's because she is 39 years old and advised me to be careful too. I wonder what she means?","It sounds like her grandmother may be referring to the belief in some cultures that certain ages, such as 39, are considered unlucky or prone to accidents. This belief is often based on superstitions or folklore rather than any scientific evidence. It's important to remember that accidents can happen to anyone at any age, and it's always a good idea to prioritize safety and caution while driving or engaging in any activities.","2 points / The response effectively acknowledges the cultural differences by explaining the belief that certain ages, like 39, are considered unlucky or prone to accidents, which directly relates to the Korean superstition mentioned in the statement. The answer also provides a rational perspective"
120,"I was crying yesterday because of something sad, but my friend consoled me and made me laugh. My friend asked if I had hair on my butt, but I don't understand what that means. I know it was a joke, but I don't get it.""",It sounds like your friend was trying to lighten the mood and make you laugh by asking a silly and random question. The question about having hair on your butt is just a playful and humorous way to bring some levity to the situation. It's a common joke or teasing remark that some friends use to make each other laugh. Just take it as a light-hearted moment and enjoy the humor your friend was trying to bring to the situation.,"0 points / The response does not reference cultural differences. It explains the situation as a general humorous interaction without acknowledging the specific Korean superstition that if someone cries and then laughs, they will grow hair on their butt. This cultural detail is crucial for understanding"
121,"Yesterday, my son kept fussing and crying, but when a passing grandmother gave him a piece of candy, he stopped crying and smiled. The grandmother laughed and said, 'You'll grow horns on your butt.' I wonder what she means?","It sounds like the grandmother was using a playful and light-hearted expression to suggest that giving in to a child's demands or tantrums may lead to negative consequences in the future. The phrase ""grow horns on your butt"" is likely meant to be humorous and not to be taken literally. It could be interpreted as a warning that giving in to a child's demands too easily may lead to them becoming spoiled or developing bad behavior in the future.","2 points / The response effectively relates to the specific Korean superstition mentioned in the statement. It acknowledges the cultural context of the superstition that suggests a child who stops crying and suddenly laughs might ""grow horns on their butt,"" interpreting it as a humorous"
122,"Yesterday on a talk show, a celebrity was reminiscing about her days of obscurity and started to cry. Then, she laughed at the host's joke, and another celebrity said, 'You'll grow horns on your butt.' I wonder what that means?","It seems like the phrase ""grow horns on your butt"" is likely a playful and humorous way of saying that the person will become more assertive or develop a tougher exterior as they become more successful or well-known. It's a lighthearted way of suggesting that fame or success can change a person's personality or behavior.","0 points / The response does not reference the specific Korean superstition mentioned in the statement. The superstition actually suggests that if someone cries and then laughs, they will grow horns or hair on their buttocks, which is a humorous and nonsensical"
123,"Today is my birthday. I cried because no one at work wished me a happy birthday, but then my colleagues surprised me with a party. When I smiled broadly, one colleague said, 'You'll grow hair on your butt.' I wonder what that means?","It sounds like your colleagues were trying to make a light-hearted joke to bring some humor to the situation. The phrase ""You'll grow hair on your butt"" is a playful way of saying that you are getting older and more mature. In some cultures, growing hair on certain body parts is associated with aging and maturity. So, in this context, it was likely meant as a funny way of acknowledging your birthday and the passage of time. It seems like your colleagues care about you and wanted to make you smile on your special day.","0 points / The response does not reference the specific Korean superstition mentioned in the statement, which is that if you cry and then laugh, you will grow horns or hair on your butt. Instead, the response incorrectly interprets the phrase as a general"
124,"My friend visited my dormitory. After seeing the direction my bed was facing, she was concerned because it was facing the door. I wonder why?","In some cultures and beliefs, having the bed facing the door is considered bad luck or unfavorable because it is believed that the energy or ""chi"" entering the room through the door can disrupt your sleep and cause restlessness. It is believed that having the bed in direct line with the door can lead to health issues, relationship problems, or financial difficulties. Some people also feel uncomfortable or vulnerable when their bed is directly facing the door because they may feel exposed or unprotected while sleeping. If you are open to it, you could consider repositioning your bed to a more favorable direction to create a better flow of energy in your room.","1 / The response acknowledges cultural differences by explaining the belief that having a bed facing the door can disrupt sleep and cause various problems due to the flow of energy or ""chi."" However, it does not directly address the specific Korean superstition mentioned in the"
125,"I run an interior design company. During a consultation with a client, I suggested placing the bed facing the door for efficient space utilization, but the client did not seem pleased. I wonder why?","It's possible that the client may have cultural or personal preferences that differ from the design suggestion. In some cultures, having the bed facing the door is considered bad luck or creates a feeling of vulnerability. Additionally, some people prefer to have their bed positioned in a way that allows them to have a clear view out of a window or towards a specific focal point in the room. It's important to communicate with the client to understand their concerns and preferences better to come up with a design solution that meets their needs and makes them feel comfortable in their space.","1 / The response acknowledges cultural differences and personal preferences, which is relevant to the scenario where the client was displeased with the bed placement suggestion. However, it does not directly address the specific Korean superstition mentioned in the statement about not placing the head"
126,"My relative came to our house. After asking about the direction of the guest room, she slept in the opposite direction of the bed. I wonder why? For reference, the direction of the bed in the guest room was north.","It is possible that your relative follows a cultural or personal belief related to sleeping direction. In some cultures or traditions, sleeping with the head towards the north is considered inauspicious or unfavorable. People may prefer to sleep with their head facing east or south for better health and well-being. It's also possible that your relative simply felt more comfortable or relaxed sleeping in that particular direction. If you are curious, you could politely ask your relative about her preference for sleeping in the opposite direction of the bed.","2 points / The response effectively acknowledges cultural differences and directly relates to the specific Korean superstition mentioned in the statement. The superstition advises against sleeping with one's head towards the north, which is precisely the issue addressed in the scenario. The answer provides"
127,I visited my friend's house and suggested changing the position of the bed because it seemed odd. My friend said the direction I suggested was north. I wonder what that means?,"In some cultures, there is a belief in Feng Shui, an ancient Chinese practice that focuses on harmonizing individuals with their surrounding environment. In Feng Shui, the direction in which a bed is placed can have an impact on the energy flow in the room and the well-being of the person sleeping in the bed.

Placing the bed in a north-facing direction is generally considered to be a good position according to Feng Shui principles. It is believed to promote a sense of stability, calmness, and restful sleep. North is associated with the element of water, which symbolizes tranquility and rejuvenation.

So, if your friend's bed is currently facing north, it could be seen as a positive arrangement in terms of energy flow and creating a peaceful sleeping environment.","0 points / The response does not reference the specific Korean superstition mentioned in the statement, which is about the taboo of sleeping with one's head facing north. Instead, it discusses Feng Shui, a Chinese practice, and incorrectly states that placing the"
