id,idx,question,response,eval,score
0,0,"I work at a hotel, and the Korean guest in room 404 asked to change their room. I wonder why? The guest came alone and there was nothing wrong with the room condition.","As a helpful assistant, I recommend approaching the Korean guest in room 404 politely and asking if there is anything specific they would like to change about their current room. It's possible that the guest may have personal preferences or specific needs that they would like to address. By communicating directly with the guest, you can better understand their request and provide appropriate assistance to ensure their comfort and satisfaction during their stay at the hotel.","0 Points / Explanation: The response does not reference or consider the specific Korean superstition about the number 4 being considered unlucky, which is likely the reason the guest requested a room change. Instead, the response suggests a generic approach to handling guest requests",0
0,1,"I go house hunting with a Korean friend to find a house to move into. I want to buy the house at 44 44th Street, but my friend keeps advising me to look for another house. I wonder why? The neighborhood seemed nice.","It's possible that your Korean friend is advising you to look for another house because the number 4 is considered unlucky in Korean culture. In Korean, the number 4 (사) sounds similar to the word for death (사). This superstition about the number 4 being unlucky is known as ""tetraphobia."" Your friend may be concerned about the negative connotations associated with the address 44 44th Street. It's important to respect and consider cultural beliefs and superstitions when making decisions, especially when it comes to something as significant as buying a house.","2 Points / Explanation: The response directly addresses the specific Korean superstition mentioned in the statement, which is the belief that the number 4 is considered unlucky. The response explains the cultural reasoning behind the superstition, noting that the number 4 sounds",2
0,2,"I recently bought a car and, luckily, got a unique license plate number, 4444. But my Korean friend didn't look happy about it. I wonder why?","In Korean culture, the number 4 is considered unlucky because it sounds similar to the word for ""death"" in Korean. Therefore, your Korean friend might not be happy about your license plate number being 4444 because it is associated with bad luck.","2 Points / Explanation: The response directly addresses the specific Korean superstition mentioned in the statement, which is the belief that the number 4 is considered unlucky because it sounds similar to the word for ""death"" in Korean. By explaining why the friend",2
0,3,"I recently went on a trip with a Korean friend. We were about to leave our luggage in locker number 44 at the subway station, but my friend refused to put the luggage there. I wonder why? The security at the subway station was good.","It's possible that your Korean friend avoided locker number 44 because the number 4 is considered unlucky in Korean culture. In Korean, the number 4 sounds similar to the word for ""death,"" so many people try to avoid anything associated with the number 4. Your friend may have been superstitious and preferred to choose a different locker number to avoid any negative connotations.","2 Points / Explanation: The response directly addresses the specific Korean superstition mentioned in the statement, which is that the number 4 is considered unlucky. It explains the cultural reasoning behind the superstition, noting that the number 4 sounds similar to the",2
1,4,"I like to sleep with the fan on, but my Korean roommate keeps turning it off while getting angry. I wonder why? The fan's breeze doesn't blow towards her, and it's not noisy.","It's possible that your Korean roommate may have a cultural belief that sleeping with a fan on in a closed room can cause health issues. This belief is known as ""fan death"" in Korean culture, where some people believe that sleeping in a closed room with a fan running can lead to suffocation or hypothermia. It might be helpful to have a conversation with your roommate to understand her concerns and find a compromise that works for both of you.","2 Points / Explanation: The response directly addresses the specific Korean superstition mentioned in the statement, which is the belief in ""fan death."" It correctly identifies and explains the cultural belief that turning on a fan while sleeping in a closed room can cause death",2
1,5,"My Korean friend came over to my place. She looked hot while sleeping at night, so I turned on the fan for her, but she got angry the next morning. I wonder why? Thanks to the fan, she seemed to sleep well without waking up.","It's possible that your Korean friend may have been upset because in Korean culture, it is believed that sleeping with a fan on in a closed room can cause health issues such as hypothermia or even death. This belief is known as ""fan death."" While it may seem unusual to those from other cultures, it is a widely held belief in Korea. It's important to be mindful of cultural differences and beliefs when hosting guests from different backgrounds.","2 Points / Explanation: The response directly addresses the specific Korean superstition mentioned in the statement, which is the belief in ""fan death"" or the idea that sleeping with a fan on can cause death. The response explains why the Korean friend might have",2
1,6,"My husband is Korean. I recently had a baby. On a hot day, I turned on a fan in the baby's room to prevent heat rash, but when my husband came back from going out, he got angry. I wonder why? There was no problem with the baby.","It sounds like your husband may be following a Korean cultural belief that having a fan on in a closed room with a baby can cause harm. In Korean culture, there is a belief in ""fan death,"" which is the idea that running an electric fan in a closed room with unopened or slightly opened windows can cause death. This belief is not based on scientific evidence, but it is deeply ingrained in Korean culture.

To address this situation, you may want to have a conversation with your husband to understand his concerns and beliefs about using a fan in the baby's room. You can explain the reasons why you turned on the fan to prevent heat rash and discuss any potential compromises or alternative solutions that would make both of you feel comfortable and ensure the baby's well-being. It's important to communicate openly and respectfully to find a solution that works for both of you.","2 Points / Explanation: The response directly addresses the specific Korean superstition mentioned in the statement, which is the belief in ""fan death."" It accurately explains the cultural belief that running a fan in a closed room can cause death, which is exactly the",2
1,7,"My grandmother is Korean. We don't have air conditioning at home, only fans. One night, my grandmother complained about the heat and asked if we didn't have an air conditioner. When I offered to turn on the fan, she declined and continued to sleep while sweating profusely. I wonder why? Everyone else slept with the fan on.","It's possible that your grandmother is following a traditional belief that sleeping with a fan on can cause health problems. In Korean culture, there is a common belief called ""fan death,"" which suggests that sleeping in a closed room with a fan running can lead to asphyxiation or hypothermia. This belief has been passed down through generations and some people still adhere to it, even though there is no scientific evidence to support it. Your grandmother may be avoiding the fan due to this cultural belief.","2 Points / Explanation: The response directly addresses the specific Korean superstition mentioned in the statement, which is the belief in ""fan death"" or the idea that sleeping with a fan on can cause death. The response explains the superstition clearly and relates",2
2,8,"My friend is Korean. I was practicing the flute at my friend's house in the evening for a performance evaluation the next day, and my friend's grandmother got angry. It wasn't loud, so I wonder why?","It's possible that your friend's grandmother may have cultural beliefs or preferences that influenced her reaction. In some Korean households, playing musical instruments in the evening may be seen as disruptive or disrespectful, especially if it is considered a time for relaxation or quiet. It's always a good idea to be mindful and respectful of cultural norms and practices when visiting someone's home. You could consider apologizing and explaining the situation to your friend's grandmother to show your understanding and respect for her feelings.","1 Point / Explanation: The response shows a general cultural awareness by acknowledging that playing musical instruments in the evening might be seen as disruptive or disrespectful in some Korean households. It suggests that cultural beliefs or preferences could have influenced the grandmother's reaction, which align",1
2,9,"My friend is Korean. Last night, I was walking in the riverside park with a friend and started whistling because I was in a good mood, but my friend told me to stop. I wonder why? There were no people around, so it wasn't noisy, and my friend is usually very kind.","It's possible that your friend asked you to stop whistling because in Korean culture, whistling at night is considered bad luck or is believed to attract spirits or ghosts. It is a superstition that is commonly held in Korean culture. Your friend may have asked you to stop out of respect for these beliefs.","2 Points / Explanation: The response directly addresses the specific Korean superstition mentioned in the statement, which is that playing a flute or whistling at night is believed to summon snakes or spirits. The response correctly identifies that the friend's request to stop",2
2,10,"My distant relative from Korea came to visit and wanted to hear me play the flute. However, when I was about to play it that night, she suggested I play the flute the next day and play something else instead. I wonder why? Our house is a detached home, so there's no issue with noise.","It's possible that your relative may have cultural beliefs or superstitions about playing musical instruments at night. In some cultures, playing musical instruments at night is believed to bring bad luck or disturb spirits. It's also possible that your relative simply prefers to listen to music during the daytime when it's brighter and more cheerful. It might be a good idea to ask your relative directly to understand her reasoning and to respect her preferences.","1 Point / Explanation: The response earns a score of 1 point for demonstrating general cultural awareness. It acknowledges that the relative's suggestion might be rooted in cultural beliefs or superstitions related to playing musical instruments at night, which aligns with the idea",1
2,11,"I was doing homework at my Korean friend's house in the evening and started whistling, but my friend's sister warned me to stop. I wonder why? She and I are close enough to joke around often.","It's possible that in Korean culture, whistling at night is considered bad luck or disrespectful. In Korean superstition, it is believed that whistling at night can attract spirits or ghosts. Your friend's sister may have warned you to stop out of respect for these cultural beliefs. It's always good to be mindful and respectful of different cultural practices, even when joking around with close friends.","2 Points / Explanation: The response earns 2 points as it explicitly acknowledges and incorporates the specific Korean superstition mentioned in the statement. The response correctly identifies that in Korean culture, whistling (or playing a flute) at night is believed to",2
3,12,"My boyfriend is Korean. I bought shoes as a birthday gift for my boyfriend, but he didn't seem happy about it. I wonder why? They were exactly the kind he said he needed.","It's possible that cultural differences may be at play here. In Korean culture, giving shoes as a gift can be seen as a bad omen because it symbolizes the recipient running away from the relationship. It's important to be aware of cultural nuances when giving gifts to someone from a different background. You may want to have an open and honest conversation with your boyfriend to understand his perspective and find a solution that works for both of you.","2 Points / Explanation: The response directly addresses the specific Korean superstition mentioned in the statement, which is that giving shoes as a gift to a lover might cause them to run away. The response explains the cultural significance of this superstition and suggests that",2
3,13,"My friend is Korean. I was helping pick out a gift for my friend's boyfriend at her request. I suggested shoes, but she got upset and went home. I wonder why? Usually, she trusts my sense of fashion.","It's possible that your friend's reaction was due to a cultural difference. In Korean culture, giving shoes as a gift can be seen as bad luck because it symbolizes the recipient running away from the relationship. It's important to be mindful of cultural customs and taboos when selecting gifts for friends from different backgrounds. You could consider apologizing to your friend and explaining that you were not aware of this cultural belief. Perhaps you can suggest alternative gift ideas that would be more appropriate.","2 Points / Explanation: The response provided is highly considerate of the specific Korean superstition mentioned in the statement. It accurately explains why the friend might have reacted negatively to the suggestion of giving shoes as a gift, directly linking it to the belief that",2
3,14,"My girlfriend is Korean. I was shopping with my girlfriend, and she liked a pair of shoes. When I offered to buy them for her, she insisted on buying the shoes with her own money and asked me to buy something else instead. I wonder why? The shoes weren't expensive, and she usually loves receiving gifts.","It's possible that your girlfriend values independence and self-sufficiency. In some cultures, like Korean culture, it is common for individuals to prefer to pay for things themselves as a way of showing respect and maintaining their own autonomy. By insisting on buying the shoes with her own money, she may be expressing her desire to be self-reliant and not rely on others for her own needs. It's important to respect her wishes and understand that her actions may be influenced by cultural values and personal beliefs.","1 Point / Explanation: The response earns 1 point for demonstrating general cultural awareness. It acknowledges that cultural values can influence behavior, specifically mentioning Korean culture and the value placed on independence and self-sufficiency. However, the response does not directly address",1
3,15,"I'm a marketing employee at a global shoe company and I am working in Korea. Recently, I wrote a promotional tagline saying 'Shoes are the perfect gift for a lover,' but a colleague laughed at it. I wonder why?","Your colleague might have found the tagline amusing because it could be interpreted in a romantic or intimate way, suggesting that shoes are a suitable gift for a romantic partner or lover. This could be seen as humorous or unconventional, as shoes are not typically associated with romantic gifts. It's important to consider cultural norms and perceptions when creating promotional content, especially in a global context like Korea. You may want to review the tagline and consider if it aligns with the brand's image and the target audience's preferences.","0 Points / Explanation: The response does not reference or consider the specific Korean superstition about giving shoes as a gift to a lover, which is believed to make them run away. Instead, it provides a generic interpretation of why the tagline might be",0
4,16,"My fan from Korea asked for an autograph, but all I had was a red pen. When I went to sign and write his name, he hesitated and then refused. I wonder why? He didn't seem like he would resell the autograph.","It's possible that in Korean culture, using a red pen to write someone's name can be seen as disrespectful or bad luck. In Korea, red ink is traditionally used to write the names of deceased individuals in family registers, so using a red pen to write someone's name while they are alive can be considered taboo. This cultural belief may have led your fan to hesitate and refuse the autograph. If you have the opportunity, you could apologize to your fan and explain that you were not aware of this cultural significance.",2 Points / Explanation: The response provided explicitly acknowledges and incorporates the specific Korean superstition mentioned in the statement about writing names in red ink. It correctly explains the cultural belief that writing a person's name in red ink is associated with death or bad luck,2
4,17,"I made a cake for my Korean friend's birthday, keeping her simple tastes in mind, with a white base and her name lettered in red. She didn't look pleased, though. I wonder why? We hadn't even eaten the cake yet.","It's possible that your friend may have cultural preferences or superstitions that influenced her reaction to the cake. In Korean culture, the color white is often associated with funerals and mourning, so a white cake may have negative connotations for some people. Additionally, the color red is traditionally associated with happiness and good luck in Korean culture, but it can also symbolize danger or anger in certain contexts. 

It's important to consider cultural sensitivities when choosing colors and designs for gifts, especially when it comes to food. You may want to have a conversation with your friend to understand her perspective and preferences better. Perhaps you can offer to make her another cake with colors and decorations that she would appreciate more.","-1 Points / Explanation: The response attempts to address cultural differences by discussing the significance of colors in Korean culture. However, it incorrectly references the cultural meanings of the colors used on the cake. The response states that the color white is associated with fun",-1
4,18,"I am working in Korea. When my boss was away yesterday, I received a phone call looking for him. In a hurry, I wrote down the name and contact information on a memo using a red pen that was on his desk. Today, when I handed him the memo, he got very angry. I wonder why? I delivered the memo promptly and didn't show it to anyone else.","It's possible that your boss got angry because using a red pen in Korea can be seen as disrespectful or inappropriate, especially when writing someone's name. In Korean culture, red ink is traditionally used to write the names of deceased individuals or to indicate errors, so using it to write someone's name while they are alive can be considered bad luck or offensive. It's important to be aware of cultural norms and practices in the country where you are working to avoid unintentionally causing offense. You could apologize to your boss and explain that you were not aware of this cultural sensitivity, and assure him that it won't happen again.","2 Points / Explanation: The response directly addresses the specific Korean superstition mentioned in the statement, which is that writing a name in red ink is believed to bring death or is associated with death. The response explains the cultural significance of using red ink in",2
4,19,"I'm a book cover designer and I am working in Korea. The author wanted to use red as a highlight color, so I included the author's name in red. However, my boss told me to change the color of the name to something else. I wonder why? Our company doesn't have specific guidelines regarding design, and my boss mentioned there were no issues with readability or the design itself.","If your boss has asked you to change the color of the author's name from red to something else, it could be for a variety of reasons. Here are a few possibilities:

1. **Market Research**: Your boss may have insights from market research or industry trends that suggest using a different color for the author's name could be more appealing to the target audience or help the book stand out on shelves.

2. **Brand Consistency**: Even though your company may not have specific design guidelines, your boss may be considering overall brand consistency. Using a different color for the author's name could align better with the company's overall branding or future marketing strategies.

3. **Aesthetic Balance**: Sometimes, design decisions are made based on achieving a better overall aesthetic balance. Your boss may feel that changing the color of the author's name could improve the visual harmony of the cover.

4. **Personal Preference**: Ultimately, design decisions can also come down to personal preference. Your boss may simply have a different vision for the cover and believes that a different color for the author's name would enhance the overall look.

It might be helpful to have a conversation with your boss to understand their reasoning behind the change and to see if there are any specific considerations you should keep in mind for future designs.","0 Points / Explanation: The response provided does not reference or consider the specific Korean superstition about writing names in red ink, which is believed to bring death. The answer explores various potential reasons for the boss's request to change the color of the author",0
5,20,"My boyfriend is Korean. I had plans to go near Deoksugung Palace with my boyfriend. When I suggested walking along the stone wall path, he insisted on taking a different route. I wonder why?","It's possible that your boyfriend preferred a different route due to cultural beliefs or superstitions. In Korean culture, some people believe that walking along the stone wall path can bring bad luck or negative energy. It's considered unlucky to walk along the walls of historical sites, as it is believed to disturb the spirits of the past. Your boyfriend may be avoiding this route out of respect for these cultural beliefs.","1 Point / Explanation: The response demonstrates a general cultural awareness by acknowledging that the boyfriend's insistence on taking a different route could be rooted in cultural beliefs or superstitions related to historical sites in Korea. However, it does not specifically mention the well-known",1
5,21,"I work at a travel agency, and a Korean friend asked for recommendations for a date course centered around a palace. I suggested Deoksugung's stone wall path, but another friend didn't look pleased. I wonder why?","It's possible that your friend didn't look pleased because Deoksugung Palace is not as well-known or popular as other palaces in Seoul, such as Gyeongbokgung or Changdeokgung. Additionally, the stone wall path at Deoksugung may not offer as much to see or do compared to other palace grounds. Your friend might be looking for a more iconic or picturesque location for a date. You could consider suggesting a different palace or a different type of date activity to better suit your friend's preferences.","0 Points / Explanation: The response does not reference or consider the specific Korean superstition mentioned in the statement about walking along the walls of Deoksugung Palace leading to a breakup. Instead, it provides a generic interpretation based on the popularity and visual",0
5,22,"I was planning a date course for the weekend with my girlfriend, including a visit to Deoksugung. However, my Korean friend advised against walking along the stone wall path. I wonder why?","Your Korean friend may have advised against walking along the stone wall path at Deoksugung due to superstitions surrounding the path. In Korean culture, it is believed that walking along a stone wall path can bring bad luck or negative energy. This superstition is based on the idea that evil spirits can linger along such paths, and walking on them may invite misfortune. It is a common belief in Korea to avoid walking on stone wall paths, especially at night or during certain times of the year. It's always good to respect local customs and beliefs when visiting a new place.","-1 Points / Explanation: The response attempts to address cultural differences by mentioning a superstition related to walking along stone wall paths in Korea. However, it incorrectly references the nature of the superstition. The specific superstition mentioned in the statement is that",-1
5,23,"I was watching a Korean drama where the female lead took the male lead to Deoksugung's stone wall path, and his expression darkened. I wonder why? Their romance had been going well, so this sudden shift to a sad atmosphere was puzzling.","In Korean dramas, scenes at historical sites like Deoksugung Palace's stone wall path are often used to convey emotional depth and significance. The male lead's darkened expression could be due to a variety of reasons:

1. **Past Trauma or Memories**: The stone wall path may hold personal significance for the male lead, triggering memories of a past trauma or painful event. This could explain his sudden change in mood.

2. **Foreshadowing**: The shift in atmosphere could be a foreshadowing of future conflicts or obstacles in their relationship. The male lead's reaction may hint at challenges to come.

3. **Cultural Significance**: Deoksugung Palace is a historical site with cultural significance in Korea. The male lead's reaction could be tied to the weight of history and tradition, adding a layer of complexity to the scene.

4. **Character Development**: The darkened expression could be a way to deepen the male lead's character development, revealing hidden layers or vulnerabilities that were previously unknown.

Overall, the sudden shift in atmosphere at Deoksugung's stone wall path likely serves to add depth and complexity to the storyline, keeping viewers engaged and intrigued by the characters' emotional journey.",0 Points / Explanation: The response does not specifically address the Korean superstition mentioned in the statement about walking along the walls of Deoksugung Palace leading to a breakup. While the response does mention the cultural significance of Deoksugung Palace and,0
6,24,"Last night, I dreamed about a pig, which left me feeling uneasy. However, my Korean friend said I should go to Las Vegas. I wonder why?","Dreams can be interpreted in many ways, and the symbolism of a pig in your dream could represent various things such as abundance, fertility, or even greed. As for your Korean friend suggesting Las Vegas, it could be because Las Vegas is known for its vibrant entertainment scene, casinos, and nightlife. Perhaps your friend believes that a trip to Las Vegas could help you shake off the uneasy feeling from your dream and have a fun and exciting experience. Ultimately, the decision to go to Las Vegas is up to you and what you feel would be best for your well-being.","0 Points / Explanation: The response does not reference or consider the specific Korean superstition about dreaming of a pig indicating incoming wealth. Instead, it provides a generic interpretation of what a pig might symbolize in dreams, such as abundance, fertility, or",0
6,25,I had lunch with a Korean friend who mentioned dreaming about a pig last night and seemed happy about it. I wonder why?,"In Korean culture, dreaming about a pig is considered to be a positive sign, symbolizing good luck and prosperity. Pigs are associated with wealth and abundance in Korean folklore, so dreaming about a pig is often seen as a promising omen. Your friend's happiness about dreaming of a pig may stem from the belief that it signifies good fortune and success in the future.","2 Points / Explanation: The response directly addresses the specific Korean superstition mentioned in the statement, which is that dreaming of a pig signifies incoming wealth. The interpretation correctly explains the cultural significance of pigs in Korean folklore as symbols of wealth and abundance, and",2
6,26,"I went to buy a lottery ticket, and the store owner who is Korean asked me if I had dreamed about a pig. I wonder what he meant by that?","It sounds like the store owner might have been referring to a common belief in Korean culture that dreaming about a pig is a sign of good luck and potential wealth. In some Asian cultures, pigs are seen as symbols of prosperity and good fortune. It's possible that the store owner was just making conversation or trying to share a bit of cultural insight with you. If you're curious, you could always ask him for more information about the significance of dreaming about a pig in Korean culture.","2 Points / Explanation: The response directly addresses the specific Korean superstition mentioned in the statement, which is that dreaming of a pig signifies impending financial gain. The responder accurately explains the cultural belief tied to the scenario, noting the association of pigs with prosperity",2
6,27,My wife is Korean. I'm about to open a new store and mentioned that I was worried. My wife then told me she had a dream about a pig last night. I wonder what she meant by that?,"It's common in Korean culture to interpret dreams as having symbolic meanings. In Korean culture, dreaming about a pig is often considered a positive sign, symbolizing good luck, prosperity, and wealth. It could be seen as an auspicious sign for your new store opening. Your wife's dream about a pig could be her way of reassuring you that things will go well with your new venture.","2 Points / Explanation: The response directly addresses the specific Korean superstition mentioned in the statement, which is that dreaming of a pig signifies impending financial gain or prosperity. The interpretation provided in the response explicitly acknowledges this superstition by explaining the cultural significance of",2
7,28,"My girlfriend is Korean. Yesterday, I was eating chicken with my girlfriend. When I tried to eat a chicken wing, she stopped me. I wonder why? She doesn't even like chicken wings, and she knows I do.","It's possible that your girlfriend stopped you from eating the chicken wing because in Korean culture, it is considered polite to offer the best parts of the meal to others as a sign of respect and care. Chicken wings are often seen as a special treat or delicacy, so she may have wanted you to enjoy it instead of her. It's a thoughtful gesture on her part to prioritize your enjoyment of the meal.","0 Points / Explanation: The response does not reference or consider the specific Korean superstition mentioned in the statement, which is that eating chicken wings is believed to make one flirtatious. Instead, the response provides a generic interpretation based on general politeness",0
7,29,"My wife is Korean. Yesterday, I visited my wife's parents' house, and we had a chicken dish. However, her parents wouldn't let me eat the chicken wings. I wonder why?","In Korean culture, chicken wings are considered a special and prized part of the chicken. It is often seen as a gesture of respect and hospitality to offer the chicken wings to the most honored guest at the table. By not allowing you to eat the chicken wings, your wife's parents were likely showing you respect and treating you as an honored guest. It is a cultural gesture to show their appreciation for your visit and to make you feel welcomed and respected in their home.","-1 Points / Explanation: The response attempts to address cultural differences by explaining the significance of chicken wings in Korean culture. However, it incorrectly references the cultural practice surrounding chicken wings. The specific superstition mentioned states that eating chicken wings is believed to make",-1
7,30,"My boyfriend and friends are Korean. I went on a double date with a couple of friends, and my friend told the guys not to eat chicken wings. Everyone seemed amused by this comment. I wonder what she meant?","It's possible that your friend was making a joke or referencing a common stereotype about Korean people not liking to eat chicken wings in public or on a date because they can be messy and difficult to eat gracefully. In Korean culture, there is an emphasis on manners and etiquette, especially when dining with others. Chicken wings can be messy to eat, and some people may feel self-conscious about getting their hands dirty while eating them. Your friend's comment was likely meant to be lighthearted and humorous, poking fun at this stereotype.","-1 Points / Explanation: The response attempts to address cultural differences by discussing Korean dining etiquette and the potential messiness of eating chicken wings. However, it incorrectly references a stereotype about Koreans not liking to eat chicken wings in public due to their messiness",-1
7,31,"On a Korean TV cooking show, a husband mentioned that his favorite part of the chicken is the wings. The host joked that he should be careful, and everyone laughed. I wonder what the joke was about?","The joke about being careful when liking chicken wings is likely a playful reference to the idea that the husband might be in danger of becoming addicted to chicken wings or gaining weight if he eats too many of them. Chicken wings are often considered a tasty but indulgent food choice due to their high fat and calorie content, so the host's comment was likely meant to be lighthearted and humorous.","0 Points / Explanation: The response does not reference or consider the specific Korean superstition about eating chicken wings leading to flirtatious behavior. Instead, it provides a generic interpretation focused on the health implications of eating chicken wings, such as addiction and weight",0
9,32,"My friend is Korean. My friend's son was just born. When his first daughter walked over the baby, my friend got very angry. I wonder why? He usually loves his daughter, and the baby wasn't hurt.","It is possible that your friend got angry because in Korean culture, there is a belief that a baby should not be touched by someone who has not washed their hands or who is not close family. This is to protect the baby from any potential harm or illness. It is also possible that your friend was concerned about the baby's safety and well-being, as newborns are delicate and need to be handled with care. It would be a good idea to talk to your friend and ask him about his feelings and concerns to better understand the situation.","-1 Points / Explanation: The response attempts to address cultural differences by mentioning a belief about handling babies in Korean culture. However, it incorrectly references a superstition about babies needing to be touched only by those who have washed their hands or are close family",-1
9,33,"My wife is Korean. Yesterday at the playground, while my son was playing with his friends, another child walked over him. My wife's mother saw this and expressed concern, worrying that it might affect his height since he's already not very tall. I wonder why? No one was injured.","It sounds like your wife's mother may be referring to a common belief in some cultures that physical pressure or impact on a child's body, especially during their growth years, can affect their height. This belief is not scientifically proven, but it is a cultural belief in some communities. It's important to reassure your wife's mother that occasional incidents like this are unlikely to have a significant impact on your son's height. It's always a good idea to encourage safe and respectful play at the playground to prevent any accidents or injuries.","1 Point / Explanation: The response demonstrates a general cultural awareness by acknowledging that there are cultural beliefs regarding physical impacts on children's growth, which aligns with the concern expressed by the wife's mother. However, the response does not specifically mention the Korean",1
9,34,"My relatives are Korean. My younger cousin likes to play around. One time, he lay on the floor to block my way, so I walked over him, but our grandmother got angry. I wonder why? My cousin wasn't hurt.","In Korean culture, it is considered disrespectful to step over someone, especially an elder or a family member, as it is seen as a sign of disrespect and disregard for their dignity. It is important to show respect to elders and family members in Korean culture, so your grandmother may have been upset because she saw it as a breach of respect towards your cousin. It's always good to be mindful of cultural norms and traditions when interacting with family members, especially in situations like this.","0 Points / Explanation: The response does not reference or consider the specific Korean superstition mentioned in the statement, which is that stepping over a child can prevent their growth. Instead, the response focuses on the general cultural norm of respect towards others, particularly",0
9,35,My friend is Korean. My friend's young son is short. My friend's mother complained that it's because his older brother has been climbing over him. I wonder what she meant by that?,"It sounds like your friend's mother may be suggesting that the older brother is physically climbing over the younger son, which could potentially affect his growth or development. This could be a playful or rough behavior between siblings, but it's always important to ensure that all interactions between children are safe and respectful. If you're concerned about this behavior, you may want to gently bring it up with your friend to make sure that everyone is safe and happy.","0 Points / Explanation: The response does not reference or consider the specific Korean superstition mentioned in the statement, which is that passing over a child who is lying down can prevent the child from growing tall. Instead, the response interprets the scenario in",0
10,36,"My friend is Korean. I went hunting with a friend on New Year's Day and we caught a magpie, but my friend didn't seem happy about it. I wonder why? Normally, my friend enjoys hunting.","In Korean culture, magpies are considered to be symbols of good luck and happiness. It is believed that harming or killing a magpie can bring bad luck. This could be the reason why your friend was not happy about catching a magpie on New Year's Day, despite enjoying hunting in general. It is important to be mindful of cultural beliefs and practices when engaging in activities that may have symbolic meanings.","2 Points / Explanation: The response directly addresses the specific Korean superstition mentioned in the statement, which is that magpies are considered to bring good luck. The interpretation provided explains why the friend, who is Korean, was unhappy about catching a magpie",2
10,37,"My friend is Korean. I visited my friend's house on New Year's Day, and there were magpies gathered in front of it. I tried to chase them away, but my friend stopped me. I wonder why? He usually really hates birds.","It sounds like your friend follows the Korean tradition that views magpies as symbols of good luck and prosperity. In Korean culture, it is believed that seeing magpies on New Year's Day is a sign of good fortune for the coming year. That's why your friend stopped you from chasing them away. It's great that you are curious about your friend's culture and traditions!","2 Points / Explanation: The response directly addresses the specific Korean superstition mentioned in the statement, which is that magpies bring good luck. It explains why your friend, despite generally disliking birds, would stop you from chasing away the magpies",2
10,38,"My relatives are Korean. I stayed at my relatives' house over the New Year, and in the morning, the magpie sounds were really loud, but my relatives seemed to enjoy it. I wonder why? The magpies weren't pets of my relatives.","In Korean culture, magpies are considered to be a symbol of good luck and happiness. The sound of magpies in the morning is believed to bring good news and positive energy for the day ahead. It is also said that hearing magpies in the morning is a sign of visitors coming to your home. This is why your relatives may have enjoyed hearing the magpie sounds in the morning.","2 Points / Explanation: The response directly addresses the specific Korean superstition mentioned in the statement, which is that magpies bring good luck. It explains the cultural significance of magpies in Korean culture, noting that their sounds are considered auspicious and are",2
10,39,My friend is Korean. He sent me a letter for the New Year with a magpie drawn on it. I wonder why? Magpies aren't even my favorite animal.,"In Korean culture, magpies are considered to be a symbol of good luck and happiness. They are often associated with the arrival of good news or the fulfillment of wishes. Your friend likely included the magpie drawing on the New Year letter as a gesture of wishing you good fortune and happiness in the coming year. It's a thoughtful and positive gesture, even if magpies aren't your favorite animal.","2 Points / Explanation: The response directly addresses the specific Korean superstition mentioned in the statement, which is that magpies are considered to bring good luck. It explains the cultural significance of magpies in Korea and relates this to the scenario of receiving a",2
11,40,"My friend is Korean. Yesterday, I went for a morning walk near my friend's house. I heard the sound of crows, and my friend didn't look happy. I wonder why?","It's possible that your friend may have a cultural belief or superstition related to crows. In Korean culture, crows are often associated with bad luck or death. Hearing the sound of crows can be seen as an ominous sign or a warning of something negative to come. Your friend's reaction may have been influenced by this cultural belief.","2 Points / Explanation: The response directly addresses the specific Korean superstition mentioned in the statement, which is that the cawing of crows is believed to bring misfortune. The response explains that in Korean culture, crows are often associated with",2
11,41,"My relatives are Korean. I visited a relative's house and there were birds gathered in the yard. When a crow came along, Grandma threw a stone at it. I wonder why?","In some cultures, including Korean culture, crows are often seen as symbols of bad luck or omens of death. It is believed that crows can bring negative energy or bad news. Therefore, some people may try to scare away crows or prevent them from coming near their homes to avoid any potential harm or misfortune. Grandma may have thrown a stone at the crow to protect her family and home from any perceived negative influence.","2 Points / Explanation: The response directly addresses the specific Korean superstition mentioned in the statement, which is that the cawing of crows brings misfortune. The explanation provided in the response clearly outlines the cultural belief that crows are seen as",2
11,42,"In the Korean movie, the main character visits their childhood home, and suddenly there's a close-up of a crow cawing. What does that mean?","In Korean culture, crows are often seen as symbols of bad luck or impending danger. The close-up of a crow cawing in the movie could be used to create a sense of unease or foreshadowing of negative events to come. It is a common cinematic technique to use symbolism like this to enhance the mood or convey deeper meanings in a scene.","2 Points / Explanation: The response directly addresses the specific Korean superstition mentioned in the statement, which is that the cawing of crows brings misfortune. By explaining that in Korean culture, crows are seen as symbols of bad luck and",2
11,43,"My friend is Korean. Today, my friend was seriously injured in an accident. When visiting him at the hospital, his grandmother mentioned that she heard a crow cawing in the morning. What could she mean by that?","In Korean culture, hearing a crow cawing in the morning is considered a bad omen or a sign of impending danger. It is believed that the crow's call can signify a warning or a message of misfortune. In this context, your friend's grandmother may be expressing her concern or belief that the accident was foreshadowed by the crow's call. It is a superstition deeply rooted in Korean folklore and beliefs.","2 Points / Explanation: The response directly addresses the specific Korean superstition mentioned in the statement, which is that the cawing of crows brings misfortune. It accurately explains the cultural belief that hearing a crow caw in the morning is considered",2
12,44,"My friend is Korean. While waiting for the test results, I was nervously shaking my leg, but my friend stopped me. I wonder why?","Your friend may have stopped you from shaking your leg because in Korean culture, shaking your leg is considered to bring bad luck. It is believed that shaking your leg can shake off your good luck and bring misfortune. Your friend may have stopped you to prevent any negative consequences.","2 Points / Explanation: The response directly addresses the specific Korean superstition mentioned in the statement, which is that shaking your legs will make your luck run away. The response explains the cultural belief that shaking one's leg can result in losing good luck and",2
12,45,"I visited my Korean friend's house yesterday. While playing a game, my friend's younger brother was shaking her leg, and their grandmother got angry when she saw it. I wonder why?","In Korean culture, it is considered disrespectful to shake one's leg while sitting, especially in the presence of elders. This action is believed to bring bad luck and is associated with the belief that it can shake away one's good fortune. The grandmother may have gotten angry because she saw this as a sign of disrespect towards her and the family's traditions. It is important to be mindful of cultural customs and practices when visiting someone's home to show respect and avoid causing any unintentional offense.","2 Points / Explanation: The response directly addresses the specific Korean superstition mentioned in the statement, which is that shaking one's legs can cause one's luck to run away. The response explains that this action is considered disrespectful and is believed to bring bad",2
12,46,"Yesterday at a restaurant, a child who seemed Korean was shaking their leg, and their parent slapped their leg. I wonder why? The child wasn't behaving badly otherwise.","It's important to approach situations like this with cultural sensitivity and understanding. In some cultures, such as Korean culture, shaking one's leg at the table is considered impolite or disrespectful. The parent may have reacted by slapping the child's leg as a way to correct their behavior and teach them proper manners in a public setting. It's possible that the parent's action was meant to address the behavior in a culturally appropriate way.","1 Point / Explanation: The response earns 1 point for demonstrating general cultural awareness. It correctly identifies that in Korean culture, shaking one's leg can be considered impolite or disrespectful, especially in public settings like a restaurant. This shows an understanding",1
12,47,"My grandmother is Korean. I was shaking my leg as part of my exercise routine for my diet, but my grandmother disliked it and told me to do a different exercise. I wonder why? It wasn't particularly noisy.","In Korean culture, shaking your leg is considered disrespectful, especially in front of elders. It is believed to bring bad luck and is associated with the idea of shaking away good fortune. Your grandmother may have asked you to do a different exercise out of respect for these cultural beliefs. It's important to be mindful of cultural differences and traditions, especially when interacting with family members from different backgrounds.","2 Points / Explanation: The response directly addresses the specific Korean superstition mentioned in the statement, which is that shaking your legs can cause your luck to run away. The response explains that in Korean culture, this action is not only considered disrespectful, especially",2
13,48,"My relatives are Korean. I'm staying with relatives, and their grandmother told me not to step on the threshold. I wonder why?","In Korean culture, it is considered disrespectful to step on the threshold of a doorway because it is believed to be the boundary between the outside world and the inside of the home. Stepping on the threshold is seen as bringing bad luck or negative energy into the house. It is a common superstition in many cultures to avoid stepping on thresholds for this reason. It is best to respect your relatives' grandmother's wishes and avoid stepping on the threshold to show your respect for their beliefs and customs.",2 Points / Explanation: The response directly addresses the specific Korean superstition mentioned in the statement about avoiding stepping on the threshold. It explains the cultural significance of the threshold as a boundary that should not be crossed disrespectfully and associates it with the belief of,2
13,49,"My grandmother is Korean. She has a scar on her leg. When I asked how it happened, she said she fell while trying to avoid stepping on the threshold. What does that mean?","In Korean culture, it is considered bad luck to step on the threshold of a doorway. It is believed that stepping on the threshold can bring misfortune or bad luck to the household. Therefore, your grandmother may have tried to avoid stepping on the threshold and ended up falling and getting a scar on her leg in the process.","2 Points / Explanation: The response directly addresses the specific Korean superstition mentioned in the statement, which is the belief that stepping on the threshold can bring bad luck or misfortune. The response explains why the grandmother might have avoided stepping on the threshold,",2
13,50,"My relative is Korean. She needs a cane because she injured her leg. When she was discharged from the hospital and told to step on the threshold as she entered, she stubbornly refused. I wonder why? The threshold isn't weak enough to break.","It's possible that your relative refused to step on the threshold because of a cultural belief in Korea. In Korean culture, it is considered bad luck to step on the threshold of a doorway. This superstition stems from the belief that stepping on the threshold can bring misfortune or bad luck to the household. Your relative may have been following this tradition out of respect for cultural beliefs, rather than concern about the strength of the threshold.","2 Points / Explanation: The response directly addresses the specific Korean superstition mentioned in the statement, which is the belief that stepping on the threshold can bring bad luck or misfortune. The response correctly identifies and explains the cultural belief as the reason for the",2
13,51,"I was watching a Korean drama where a grandmother hit a child for stepping on the threshold. I wonder why? It looked like the grandmother was abusing the child, which was shocking.","It's important to understand that cultural practices and beliefs can vary widely around the world. In some cultures, stepping on the threshold of a door is considered bad luck or disrespectful. The action of the grandmother hitting the child may have been a way to discipline or correct the child based on these cultural beliefs. However, it's also important to note that physical discipline, especially when it involves hitting a child, is not acceptable in many societies and can be considered abusive. If you have concerns about the portrayal of abuse in the drama, it's important to consider the context and cultural differences, but also to remember that abuse is never justified.","1 Point / Explanation: The response earns 1 point for demonstrating general cultural awareness. It acknowledges that cultural practices and beliefs can vary, and specifically mentions that stepping on the threshold of a door is considered bad luck or disrespectful in some cultures. This shows",1
14,52,"My grandmother is Korean. I was about to trim my nails at night, but my grandmother told me to do it in the morning instead. I wonder why? The room wasn't even that dark.","In Korean culture, it is considered bad luck to cut your nails at night. This belief stems from the idea that cutting your nails at night can bring misfortune or even lead to the premature death of a family member. It is a superstition that has been passed down through generations, so your grandmother may be following this tradition out of respect for her cultural beliefs. It's always good to be mindful and respectful of different cultural practices, even if they may seem unusual to you.","-1 Points / Explanation: The response attempts to address cultural differences by explaining the superstition about not cutting nails at night in Korean culture. However, it incorrectly references the reasons behind the superstition. The original statement specifies that the superstition is based",-1
14,53,"I visited my Korean friend's house on a trip. When my friend's daughter asked her to trim her nails in the evening, she said she would do it in the morning instead. Why? My friend wasn't even that tired.","In Korean culture, it is considered bad luck to cut your nails at night. It is believed that cutting nails at night can bring bad fortune or even death to a family member. Therefore, many Koreans avoid cutting their nails in the evening and prefer to do it in the morning instead. Your friend's decision to wait until the morning to trim her daughter's nails was likely influenced by this cultural belief.","1 Point / Explanation: The response demonstrates a general cultural awareness by acknowledging that there is a Korean superstition related to cutting nails at night. However, it does not specifically mention the unique aspect of the superstition provided in the statement, which is the",1
14,54,"My friend is Korean. My friend was trimming her nails, and her sister made mouse noises, teasing her by calling it 'squeaky.' I wonder why? My friend's room wasn't dirty enough for mice to be around.",It sounds like your friend's sister was making a playful joke by teasing her about the sound of the nail trimmer being similar to a mouse squeaking. It's likely just a lighthearted way to tease her sister in a fun and harmless manner. It doesn't necessarily mean that there are actual mice present in the room.,"0 Points / Explanation: The response does not reference or consider the specific Korean superstition about not trimming nails at night due to the belief that a mouse might eat them and take on the person's identity. Instead, the response interprets the sister's",0
14,55,"On a Korean show, someone who looked like a celebrity appeared, and the host jokingly asked the celebrity if he had ever dropped their nails. What does that mean?","In Korean culture, the phrase ""dropping your nails"" is a superstitious belief that if someone cuts their nails at night and leaves the clippings on the floor, it is believed to bring bad luck or invite evil spirits into the house. So, when the host asked the celebrity if they had ever dropped their nails, it was likely a playful way of teasing them about potentially bringing bad luck.","1 Point / Explanation: The response shows a general cultural awareness by acknowledging the superstition related to nail cutting in Korean culture, which is relevant to the scenario. However, it slightly misinterprets the specific superstition mentioned in the statement. The original",1
15,56,"My roommate is Korean. I made seaweed soup for my roommate on the morning of an exam, but she didn't look pleased. I wonder why? Seaweed soup is usually one of her favorite dishes.","It's possible that your roommate didn't look pleased because in Korean culture, seaweed soup is traditionally eaten on birthdays or special occasions, such as after giving birth. It is considered a dish that brings good luck and is often associated with celebrations. Eating seaweed soup on a regular day, especially before an exam, may have seemed unusual or out of place to your roommate. It's great that you made an effort to prepare a dish you thought she would enjoy, but it's also important to consider cultural customs and traditions when choosing what to cook for someone.","-1 Points / Explanation: The response attempts to address cultural differences by explaining the significance of seaweed soup in Korean culture, mentioning its association with birthdays and special occasions. However, it incorrectly states that seaweed soup is considered a dish that brings good",-1
15,57,I am living in Korea. My daughter has her midterm exams coming up. I'm thinking about what to pack for her lunchbox. I read on a blog that nobody would pack seaweed soup for an exam day lunchbox. I wonder why?,"In Korean culture, seaweed soup (miyeokguk) is traditionally served to celebrate birthdays and as a postpartum dish for new mothers. It is believed to be a nutritious and restorative meal, often associated with good health and well-being. However, some people may avoid packing seaweed soup for an exam day lunchbox because of a superstition that consuming seaweed soup before an important event, such as an exam, may cause bad luck or lead to forgetfulness. This superstition is based on the idea that the slippery texture of seaweed may cause thoughts or information to slip away from the mind. It's important to note that this belief is rooted in superstition and personal beliefs, and there is no scientific evidence to support the idea that seaweed soup can negatively impact exam performance. Ultimately, the decision to include seaweed soup in your daughter's lunchbox is a personal one based on your family's beliefs and traditions.","2 Points / Explanation: The response excellently incorporates the specific Korean superstition mentioned in the statement. It acknowledges the cultural belief that eating seaweed soup on the day of an exam might lead to failure, attributing this to the superstition that the",2
15,58,"My boyfriend is Korean and he has an exam this week. I was planning to pack seaweed soup in his lunchbox, but when I mentioned it, a friend recommended choosing a different menu. I wonder why?","Seaweed soup, also known as miyeok-guk, is a traditional Korean dish that is often consumed on birthdays or special occasions. It is believed to bring good luck and health, and is commonly eaten by new mothers as it is thought to help with postpartum recovery. However, some people may avoid eating seaweed soup before an important event, such as an exam, as there is a superstition that consuming seaweed soup before a test may cause forgetfulness or a ""slippery"" memory. This superstition is based on the belief that the slippery texture of seaweed may lead to a slippery memory. If your boyfriend is superstitious or believes in this tradition, it might be best to choose a different menu for his exam day.","2 Points / Explanation: The response directly addresses the specific Korean superstition mentioned in the statement about eating seaweed soup on the day of an exam causing failure. It explains the general cultural significance of seaweed soup in Korea, such as its association with",2
15,59,"My friends are Korean. I went to a Korean restaurant with them, and one friend, who has an important exam coming up, said she wouldn't eat seaweed soup. I wonder why?","It's possible that your friend mentioned not eating seaweed soup because it is a traditional Korean dish often consumed on birthdays or special occasions. In Korean culture, seaweed soup is also commonly eaten by new mothers as it is believed to have health benefits for postpartum recovery. Your friend may be avoiding it due to cultural or personal reasons, or perhaps she simply doesn't enjoy the taste of seaweed. It's always best to respect someone's food preferences and choices.","0 Points / Explanation: The response does not reference or consider the specific Korean superstition about eating seaweed soup on the day of an exam causing failure. Instead, it provides a generic interpretation of why someone might avoid seaweed soup, citing its association",0
16,60,"My friend is Korean. After I ate and lay down, my friend teased me by imitating a cow and saying 'eum-mae.' I wonder what that means?","It seems like your friend was imitating the sound of a cow and saying ""eum-mae,"" which is the Korean onomatopoeia for the sound a cow makes. In Korean, the sound a cow makes is often represented as ""eum-mae"" or ""um-mae."" It's a playful and light-hearted way of teasing or imitating the sound of a cow.","1 Point / Explanation: The response shows a general cultural awareness by explaining the meaning of ""eum-mae"" and connecting it to the sound a cow makes, which is relevant given the context of the friend imitating a cow. However, the",1
16,61,"I had a meal at my Korean friend's house, and when their mom saw my friend lying on the sofa, she scolded them by calling them a 'cow.' I wonder what she meant by that?","In Korean culture, calling someone a ""cow"" is a common way of teasing or scolding them for being lazy or lounging around like a cow. It's a light-hearted way of telling someone to get up and be more active or productive. It's not meant to be taken too seriously, but rather as a playful way of encouraging someone to be more energetic.","1 Point / Explanation: The response demonstrates a general cultural awareness by acknowledging that calling someone a ""cow"" in this context is a playful or teasing way to encourage activity, which aligns with the broader understanding of cultural practices involving humor and communication styles.",1
16,62,"I am living in Korea. Next to a health campaign advising not to lie down after eating, there was a picture of a cow. I wonder why?","The picture of a cow next to the health campaign advising not to lie down after eating may be a visual representation of the idea that cows are known to chew their cud while standing or walking, rather than lying down. This could be a way to emphasize the importance of staying upright after eating to aid digestion, similar to how cows do. It's a creative way to convey the message and make it more memorable for people.","0 Points / Explanation: The response does not reference or consider the specific Korean superstition mentioned in the statement, which is that lying down immediately after eating will turn you into a cow. Instead, the response provides a generic interpretation based on general knowledge about",0
16,63,I am working in a Korean company. We are developing a healthy lifestyle app and are working on a feature to prevent lying down after meals. The design team came up with a picture of a cow. I wonder why? A cow isn't the symbol of our company.,"It's possible that the design team chose a picture of a cow because cows are often associated with grazing and standing while eating, rather than lying down. This imagery could be used to convey the idea of staying active and avoiding the temptation to lie down after meals, promoting a healthier lifestyle. If you would like, you could suggest alternative symbols or imagery that better align with your company's branding for the feature.","0 Points / Explanation: The response does not reference or consider the specific Korean superstition mentioned in the statement, which is that lying down immediately after eating will turn you into a cow. Instead, the response provides a generic interpretation of why a cow might",0
17,64,"My friend is Korean. While sitting together and eating in my friend's apartment, my friend told me not to sit on the edge of the table. I wonder why? It made me feel bad.","In Korean culture, sitting on the edge of the table is considered disrespectful and impolite. It is seen as a sign of disregard for the table and the food being served. It's not about making you feel bad, but rather about showing respect for the dining space and the host. It's important to be mindful of cultural norms and customs when visiting someone's home, especially when it comes to dining etiquette.","1 Point / Explanation: The response earns 1 point for demonstrating general cultural awareness. It correctly identifies that there are specific cultural norms and customs in Korean culture related to dining etiquette, which is relevant to the scenario. However, the response does not explicitly",1
17,65,"My husband is Korean. I dined at a restaurant with my husband's parents. Due to limited space, we placed the baby's chair at the corner of the table. However, my husband's parents seemed displeased. I wonder why? The corners of the table weren't sharp enough to cause injury.","It's possible that in Korean culture, placing a baby's chair at the corner of the table is considered disrespectful or unlucky. In Korean tradition, corners are often associated with negative energy or bad luck, so it's possible that your husband's parents were concerned about this cultural belief. It's always a good idea to be mindful of cultural differences and traditions when dining with family members from different backgrounds. If you're unsure, you could politely ask your husband or his parents about their preferences for seating arrangements in the future.",2 Points / Explanation: The response effectively acknowledges and incorporates the specific Korean superstition mentioned in the statement about the unluckiness of sitting on the edge of a table during a meal. The responder correctly identifies that the displeasure of the husband's parents,2
17,66,"My friend is Korean. Yesterday, I was eating a hamburger at the edge of the table at a fast food restaurant, avoiding the dirty parts, but my friend told me not to do that. I wonder why?",It's possible that your friend was trying to advise you not to eat near the edge of the table to avoid any potential contamination from the surface. Tables in fast food restaurants can be touched by many people and may not always be cleaned thoroughly between customers. Eating near the edge of the table increases the risk of coming into contact with any dirt or germs that may be present. It's generally a good idea to eat from the center of the table or use a napkin or placemat to create a clean eating surface.,"0 Points / Explanation: The response provided does not reference or consider the specific Korean superstition mentioned in the statement about sitting on the edge of a table being considered unlucky. Instead, the response focuses on general hygiene concerns related to eating near the edge of",0
17,67,"My relatives are Korean. I went to their house for a meal. Since the seating was cramped, I moved towards the corner of the table. However, my relatives unanimously told me not to do that and got angry. I wonder why?","In Korean culture, sitting in the corner of the table is considered disrespectful and is typically reserved for the eldest or most respected person at the table. By sitting in the corner, you may have unintentionally placed yourself in a position of higher status than your elders, which could have been seen as disrespectful. It's important to be mindful of cultural norms and traditions when visiting someone's home, especially when it comes to seating arrangements and hierarchy.","-1 Points / Explanation: The response attempts to address cultural differences by explaining the importance of seating arrangements and hierarchy in Korean culture. However, it incorrectly references the superstition associated with sitting at the corner of the table. The original superstition stated that",-1
19,68,"My friend is Korean. My parents passed away, but my pregnant friend said she wouldn't come. I wonder why? I asked if she was feeling unwell, but she said she wasn't.","It's possible that your pregnant friend is following a Korean cultural practice where pregnant women avoid attending funerals or places associated with death. In Korean culture, there is a belief that pregnant women should avoid such events to protect the health of the unborn child and to avoid any negative energy. It's important to respect and understand cultural differences and practices, and to offer your friend support and understanding during this time.","2 Points / Explanation: The response directly addresses the specific Korean superstition mentioned in the statement, which is that pregnant women should not attend funerals. It explains the cultural belief underlying this practice, emphasizing the intention to protect the unborn child and avoid negative",2
19,69,"I am pregnant. My Korean friend's parents passed away, but my friend told me not to come. I wonder why? I'm not in a dangerous condition, and the distance between the funeral home and my house isn't far.","I'm sorry to hear about your friend's loss and congratulations on your pregnancy. It's possible that your friend may have cultural reasons for asking you not to attend the funeral. In Korean culture, there are specific customs and traditions surrounding funerals, and it's possible that your friend may feel that your presence could be seen as inappropriate or disruptive during this sensitive time. It's important to respect your friend's wishes and offer your support in other ways, such as sending a thoughtful message, flowers, or a donation to a charity in memory of their parents. If you're unsure, you could also consider reaching out to your friend to express your condolences and ask if there's any other way you can support them during this difficult time.","1 Point / Explanation: The response earns a score of 1 point for demonstrating general cultural awareness. It acknowledges that there might be cultural reasons behind the friend's request for the pregnant woman not to attend the funeral, which shows an understanding that different cultures",1
19,70,"I attended the funeral of a Korean friend's parents, but I didn't see my friend's pregnant wife there. I wonder why? They haven't divorced, and he said her health is fine.","It's possible that your friend's pregnant wife may have chosen not to attend the funeral due to cultural beliefs or traditions. In some Korean cultures, pregnant women may avoid attending funerals or other events that are considered to be associated with bad luck or negative energy. It's also possible that she may have been advised by her doctor to avoid stressful or emotionally charged situations during her pregnancy. If you're concerned, you could consider reaching out to your friend directly to ask about his wife's well-being and to offer your support during this difficult time.","2 Points / Explanation: The response directly addresses the specific Korean superstition mentioned in the statement, which is that pregnant women should not attend funerals. The response acknowledges this cultural belief by suggesting that the pregnant wife may have chosen not to attend the funeral",2
19,71,"My husband is Korean. I recently became pregnant. I wanted to attend the funeral of a teacher who passed away, but my in-laws said it's not good for me to go. I wonder why? My in-laws didn’t personally know the deceased teacher.","In Korean culture, it is believed that pregnant women should avoid attending funerals or places associated with death as a way to protect the health and well-being of both the mother and the unborn child. This belief stems from the idea that being around death or mourning can bring negative energy or spirits that may harm the pregnancy. It is considered a cultural taboo for pregnant women to attend funerals, even if they did not personally know the deceased individual. Your in-laws may be advising you not to go out of concern for your health and the well-being of your baby.","2 Points / Explanation: The response directly addresses the specific Korean superstition mentioned in the statement, which is that pregnant women should not attend funerals. It provides a clear and culturally sensitive explanation of why this superstition exists, linking it to the belief",2
20,72,"My friend is Korean. I had a big argument with a friend at their house party, and when I was leaving, I saw my friend throwing salt in front of their house. I wonder what that means? I wasn't hit by the salt.","In Korean culture, throwing salt in front of the house is believed to ward off evil spirits and bring good luck. It is a common practice to cleanse the energy and protect the home from negative influences. Your friend may have thrown the salt as a way to clear any negative energy that may have been brought in during the argument. It is a traditional gesture meant to bring positivity and harmony back to the home.","2 Points / Explanation: The response provided aligns perfectly with the specific Korean superstition mentioned in the statement. It correctly identifies the cultural practice of throwing salt to ward off evil spirits and purify negativity, which is directly related to the superstition that",2
20,73,"My friend is Korean. Yesterday, my friend and I went to a restaurant. As we were leaving, the owner sprinkled salt in front of the store, and my friend saw this and angrily confronted the owner. I wonder why?","In Korean culture, sprinkling salt in front of a person is considered a way to ward off evil spirits or negative energy. It is believed that this action can bring bad luck or harm to the person in front of whom the salt is sprinkled. Your friend may have reacted angrily because they interpreted the action as a form of disrespect or ill-will towards them. It's important to be mindful of cultural differences and customs when interacting with people from different backgrounds.","2 Points / Explanation: The response directly addresses the specific Korean superstition mentioned in the statement, which is the practice of sprinkling salt to purify negativity and ward off evil spirits. The interpretation correctly explains that in Korean culture, this action is associated",2
20,74,"My relatives are Korean. After attending a friend's funeral yesterday, I stopped by a relative's house. When I mentioned that I had come from the funeral, the relative brought some salt and sprinkled it on me. I wonder why? My clothes were not dirty.","In Korean culture, it is a common practice to sprinkle salt on oneself after attending a funeral. This is done as a way to ward off any negative energy or spirits that may have been picked up during the funeral. The salt is believed to have purifying properties and is used to cleanse oneself after being in the presence of death. It is not related to the cleanliness of your clothes, but rather a symbolic gesture to protect oneself from any lingering negative energy.","2 Points / Explanation: The response directly addresses the specific Korean superstition mentioned in the statement, which is the use of salt to purify negativity and ward off evil spirits. The explanation provided in the response clearly outlines the cultural practice of sprinkling salt",2
20,75,"My friend is Korean. I run a store. Yesterday, a customer made some unpleasant demands. After hearing my story, my friend suggested that I should sprinkle salt. I wonder what that means?",Sprinkling salt is a common practice in Korean culture believed to ward off negative energy or bad luck. It is thought to cleanse the area and bring positive energy. You can sprinkle a small amount of salt around your store or at the entrance to help dispel any negative energy that may have been brought in by the unpleasant customer. It is a simple and symbolic gesture that may help create a more positive atmosphere in your store.,"2 Points / Explanation: The response directly addresses the specific Korean superstition mentioned in the statement, which is the practice of sprinkling salt to purify negativity and ward off evil spirits. The response explains the cultural significance of this practice in a clear and",2
21,76,"I have a singing audition tomorrow. I told my Korean friend I'm worried because my voice isn't sounding great, and she gave me a raw egg. I wonder why? I don't even like eggs.","Your Korean friend most likely gave you a raw egg because it is a common belief in some cultures that consuming raw eggs can help improve vocal quality and soothe the throat. The egg whites are thought to coat the throat and provide temporary relief. However, it's important to note that there is no scientific evidence to support this practice, and consuming raw eggs can pose a risk of foodborne illness. If you don't like eggs or are concerned about the safety of consuming them raw, there are other vocal care practices you can try, such as staying hydrated, avoiding irritants like caffeine and alcohol, and practicing vocal warm-ups. Good luck with your audition!","2 Points / Explanation: The response directly addresses the specific Korean superstition mentioned in the statement, which is that eating raw eggs can improve singing ability. The responder explains the cultural belief behind the practice, noting that egg whites are thought to coat the throat",2
21,77,"My friend who is Korean has to sing at school tomorrow, and she was eating a raw egg. I wonder why? Even though she found it disgusting, she still ate it.","It is possible that your friend was following a Korean superstition or tradition. In Korea, some people believe that eating a raw egg before a performance can help improve their singing voice. The idea is that the egg can help lubricate the vocal cords and make the voice sound smoother. While it may seem strange or disgusting to some, it is a common practice in some cultures.","2 Points / Explanation: The response directly addresses the specific Korean superstition mentioned in the statement, which is that eating raw eggs can improve singing ability. The responder acknowledges the cultural practice and provides a rationale behind why someone might follow this superstition, even",2
21,78,"A singer appeared on a Korean TV program yesterday. When the singer mentioned that he used to not sing well, the host asked if he ate a lot of raw eggs. I wonder what that means? Everyone laughed when they heard this.","It seems like the host's comment about eating raw eggs was likely a joke or a playful reference to a common belief or myth. In some cultures, there is a belief that consuming raw eggs can improve vocal quality or singing ability. However, there is no scientific evidence to support this claim. It's possible that the host was making a humorous connection between the singer's past struggles with singing and the idea of consuming raw eggs for vocal improvement. The laughter from the audience suggests that they found the comment amusing or entertaining.",2 Points / Explanation: The response effectively acknowledges and incorporates the specific Korean superstition mentioned in the statement. The response explains that the host's comment about eating raw eggs was likely a playful reference to the common belief that consuming raw eggs can improve singing ability,2
21,79,"In a Korean drama, there was a scene where the main character was preparing to become a singer. She ate a whole carton of raw eggs. I wonder why?","In Korean dramas, such scenes are often depicted to show the dedication and hard work of the characters towards achieving their goals. Eating raw eggs is believed to be a practice followed by some singers or actors in real life to improve their vocal performance. Raw eggs are thought to help lubricate the vocal cords and provide a temporary boost in energy. However, it is important to note that consuming raw eggs can pose health risks due to the potential presence of bacteria such as salmonella. It is always recommended to cook eggs thoroughly before consuming them to reduce the risk of foodborne illnesses.","1 Point / Explanation: The response demonstrates a general cultural awareness by acknowledging that the practice of eating raw eggs is associated with improving vocal performance, which aligns with the superstition mentioned in the statement. However, the response does not explicitly reference the specific",1
22,80,"My friend is Korean and she calls her unborn baby 'Geongang-i.' When I asked if that was the actual name, she said it would be changed after the baby is born. I wonder what she means by that?","It sounds like your friend is using a placeholder or temporary name for her unborn baby until a permanent name is chosen after the baby is born. In many cultures, including Korean culture, it is common for parents to use a temporary name or nickname for their unborn child until they decide on a formal name after the baby is born. This temporary name is often used as a way to refer to the baby during pregnancy without revealing the final chosen name.","1 Point / Explanation: The response demonstrates a general cultural awareness by acknowledging the practice of using a temporary name for an unborn child, which is common in many cultures, including Korean. However, it does not explicitly mention the specific Korean superstition about prenatal",1
22,81,"My friend is Korean. I'm pregnant, and she asked what the baby's temporary name is. I wonder what that means?","It sounds like your friend is asking what nickname or temporary name you are using for your baby before they are born. In some cultures, it is common to use a temporary name for the baby until they are born and their official name is chosen. You can choose any name you like as a temporary name for your baby, or you can simply refer to them as ""Baby [Your Last Name]"" until they are born.","0 Points / Explanation: The response provides a general explanation about the use of temporary or prenatal names for babies, which is applicable across various cultures. However, it fails to specifically address the Korean superstition that giving a prenatal name ensures the baby grows up",0
22,82,"My girlfriend is Korean. I visited my girlfriend's house, and her parents showed me an ultrasound photo from when she was a fetus, calling her 'Tteuntteun-i.' I wonder why? My girlfriend's name isn't 'Tteuntteun-i.'","It sounds like your girlfriend's parents were using a cute and affectionate nickname for her when she was a fetus. In Korean culture, it is common for parents to use endearing nicknames for their children, even before they are born. ""Tteuntteun-i"" is a playful and sweet way to refer to a baby, similar to calling a baby ""sweetie"" or ""cutie"" in English. It's a term of endearment that shows their love and affection for their daughter, even before she was born.","0 Points / Explanation: The response does not reference or consider the specific Korean superstition about prenatal names ensuring a baby's health. Instead, it provides a generic interpretation of the use of nicknames as terms of endearment, which could be applicable",0
22,83,"My favorite YouTuber is pregnant and she is Korean. In her video, she refers to her baby as 'Kkomul-i.' I wonder why? It doesn't seem like the actual name.",It sounds like the YouTuber is using a term of endearment for her baby. 'Kkomul-i' is a Korean term that translates to 'little cloud' in English. It is a common nickname used by parents to refer to their babies in a cute and affectionate way. It's a sweet and endearing way for the YouTuber to refer to her baby during her pregnancy journey.,"0 Points / Explanation: The response does not reference or consider the specific Korean superstition about giving a prenatal name to ensure the baby's health. Instead, it explains 'Kkomul-i' as a term of endearment, focusing on its",0
23,84,"I went to a party for my Korean friend's baby, where they laid out various items for the baby to grab. I wonder why? The items weren't toys; they included things like thread, money, and a stethoscope.","It sounds like you attended a traditional Korean Doljanchi, which is a first birthday celebration for a baby. During this event, various items are laid out in front of the baby to choose from. Each item symbolizes a different future path or trait for the child based on what they pick up. For example, picking up a stethoscope may symbolize becoming a doctor, while picking up money may symbolize future wealth. It is a fun and symbolic way to celebrate the child's first birthday and to wish them a prosperous future.","2 Points / Explanation: The response provided perfectly aligns with the specific Korean superstition mentioned in the statement. It accurately describes the tradition of doljabi, explaining the significance of the items laid out for the baby to grab during their first birthday celebration,",2
23,85,"I am working at a Korean company. A coworker recently held a party for her baby, and our boss asked what the baby grabbed. I wonder what that means?","In Korean culture, it is a common tradition to have a doljabi ceremony during a baby's first birthday party. During the doljabi ceremony, various items are placed in front of the baby, and it is believed that the item the baby chooses to grab first will foretell their future. For example, if the baby grabs a stethoscope, it may indicate a future career in medicine. It is a fun and symbolic way to celebrate the baby's first birthday and to wish them a prosperous future.","2 Points / Explanation: The response provided perfectly aligns with the specific Korean superstition mentioned in the statement. It accurately describes the doljabi ceremony, explaining the cultural belief that the item a baby first grabs during this event predicts their future talents and career",2
23,86,"My wife is Korean. We recently had a party for our baby, and my wife's parents encouraged the baby to grab money, while my wife urged the baby to grab thread. I wonder what that means?","It sounds like you are describing a traditional Korean first birthday celebration called Doljanchi. During this celebration, the baby is placed in front of various objects, each symbolizing a different future path or career. The items the baby chooses to grab are believed to predict their future. 

In this case, money symbolizes wealth and prosperity, while thread symbolizes a long life. It is common for the grandparents to encourage the baby to choose money, while the parents may encourage the baby to choose thread, as they each have their own hopes and wishes for the baby's future.

It's a fun and meaningful tradition that adds a special touch to the celebration.","2 Points / Explanation: The response provided aligns well with the specific Korean superstition mentioned in the statement about doljabi. The responder accurately describes the doljanchi celebration, explaining the significance of the objects the baby might grab, such as money",2
23,87,"My friend is Korean. Recently, my friend got accepted into medical school. His parents said it was unexpected because he grabbed a microphone instead of a stethoscope when he was young. I wonder what that means?",It sounds like a playful way of saying that your friend showed an interest in performing or entertaining rather than pursuing a career in medicine when he was younger. It's a lighthearted way of highlighting the unexpected path he took to eventually end up in medical school.,"1 Point / Explanation: The response demonstrates a general cultural awareness by acknowledging the significance of the object a child grabs during doljabi and how it is traditionally interpreted to predict future interests or talents. However, it does not explicitly mention the superstition that the",1
24,88,"I run a food truck. I served a customer who appeared to be Korean her food, with the spoon sticking up vertically in it, but she seemed upset. I wonder why?","It's possible that the customer was upset because in Korean culture, placing chopsticks or utensils upright in a bowl of food is considered disrespectful and is reminiscent of a ritual performed at funerals. It's important to be mindful of cultural customs and practices when serving customers from different backgrounds. You may want to apologize to the customer and explain that it was unintentional, and make sure to avoid repeating the mistake in the future.","2 Points / Explanation: The response directly addresses the specific Korean superstition mentioned in the statement, which is that sticking a spoon in a rice bowl brings bad luck, by explaining the cultural significance of this action and its association with funeral rituals. This shows",2
24,89,"My friend is Korean. Yesterday, I went on a picnic with my friend and packed a lunchbox. Since the outdoor table was dirty, I stuck the chopsticks vertically in the lunchbox, but my friend got upset. I wonder why?","In Korean culture, sticking chopsticks vertically into food, especially in a bowl of rice, is considered disrespectful and is reminiscent of a ritual performed at funerals. It is believed to bring bad luck and is associated with death. It's important to lay chopsticks horizontally on a chopstick rest or on the side of the plate to show respect and avoid any negative connotations. Your friend may have been upset because of this cultural belief.","2 Points / Explanation: The response excellently aligns with the provided Korean superstition about sticking utensils vertically in a rice bowl. Although the superstition specifically mentions a spoon, the response correctly identifies that the same negative connotation and cultural belief apply",2
24,90,"Yesterday, I went to a Korean restaurant with a friend. While eating, I stuck my spoon in the rice to eat some side dishes, and an older employee said something about it. I wonder why?","It's possible that the older employee was trying to politely inform you about a cultural etiquette in Korean dining. In Korean culture, it is considered impolite to stick your spoon directly into the rice as it resembles a ritual done at funerals. Instead, it is customary to use the spoon to scoop rice from the bowl and then eat it. This is a sign of respect for the food and the dining experience.","2 Points / Explanation: The response directly addresses the specific Korean superstition mentioned in the statement, which is that sticking a spoon in a rice bowl brings bad luck. The response explains that this action is considered impolite and is associated with funeral rituals",2
24,91,I posted a photo on Instagram showing off my food with a spoon stuck in it. Korean people left negative comments. I wonder why? The food looked delicious.,"It's possible that the negative comments from Korean people were due to cultural differences and customs. In Korean culture, it is considered impolite to leave a spoon standing upright in a bowl of food, as it is reminiscent of a traditional Korean funeral ritual where a bowl of rice with a spoon stuck in it is offered to the deceased. This action is seen as disrespectful and inappropriate in a casual or everyday setting. It's important to be mindful of cultural sensitivities when sharing images of food or engaging with different communities online.","2 Points / Explanation: The response directly addresses the specific Korean superstition mentioned in the statement, which is that sticking a spoon in a rice bowl brings bad luck due to its association with funeral rituals. The response explains the cultural significance behind the superstition",2
25,92,"I went to a Korean relative's house. After dinner, when asked if I wanted to eat fruit, I mentioned apples, but they suggested eating apples in the morning and recommended other fruits. I wonder why?","In Korean culture, it is believed that eating apples in the morning on an empty stomach can help with digestion and provide a good source of energy to start the day. Apples are also known to be a good source of fiber and nutrients, making them a popular choice for breakfast. Eating other fruits after dinner may be preferred to aid in digestion and provide a lighter option for a post-meal snack.","0 Points / Explanation: The response does not reference or consider the specific Korean superstition about apples being regarded as ""poison apples"" if eaten in the evening. Instead, it provides a generic interpretation of the health benefits of eating apples in the morning",0
25,93,"My husband is Korean. His parents came to our house. After dinner, they said they wanted to eat fruit, so I served apples, but they asked for a different fruit. Then, in the morning, they asked for apples again. I wonder why? There's no issue with my husband's parents' memory.","It's possible that your husband's parents have cultural preferences when it comes to fruit. In Korean culture, apples are often seen as a symbol of love and respect, and they are commonly given as gifts. It's possible that they requested apples again in the morning because they particularly enjoy them or associate them with positive feelings. If you want to make sure they have a variety of fruits to choose from, you could consider offering a selection of fruits including apples, as well as other fruits they may enjoy.","-1 Points / Explanation: The response attempts to address cultural preferences related to fruit consumption but incorrectly references apples as a symbol of love and respect, which is not relevant to the specific superstition mentioned. The actual superstition is that apples eaten in the",-1
25,94,"My grandmother is Korean. I have a habit of eating apples after dinner. When my grandmother heard about this habit, she worried and told me to eat other fruits like tangerines or pears instead. I wonder why? I'm not allergic to apples.","It's possible that your grandmother is concerned about the traditional Korean belief that eating apples after dinner can cause indigestion or disrupt the body's balance. In Korean culture, it is believed that certain foods are better suited for specific times of the day to promote better digestion and overall health. Tangerines and pears are considered lighter and easier to digest compared to apples, especially after a meal. Your grandmother may be suggesting these fruits as a healthier option for your post-dinner snack based on these cultural beliefs.","2 Points / Explanation: The response directly addresses the specific Korean superstition mentioned in the statement, which is that apples eaten in the evening are considered ""poison apples."" The response explains the cultural belief behind avoiding apples after dinner, suggesting that it is",2
25,95,"My husband is Korean. My husband's mother gave us a fruit basket as a gift. However, she said that we shouldn't eat the apples at night. I wonder why?","In Korean culture, there is a belief that eating apples at night can cause stomach discomfort or indigestion. This belief is based on the idea that apples are harder to digest compared to other fruits, and consuming them at night when the digestive system is slower may lead to digestive issues. It is a common practice in Korean households to avoid eating apples at night to prevent any potential discomfort.","2 Points / Explanation: The response directly addresses the specific Korean superstition mentioned in the statement, which is that apples eaten in the evening are considered ""poison apples."" The response explains the cultural belief that eating apples at night can cause stomach discomfort or",2
26,96,"My friend is Korean. Yesterday, I got caught in the rain without an umbrella, and my friend said I would go bald. I wonder why? I know it was a joke, but I don't understand what it means.","In Korean culture, there is a common belief that getting caught in the rain without an umbrella can lead to catching a cold, which in turn can cause hair loss. This belief is based on the idea that being exposed to cold and wet weather can weaken the immune system and potentially lead to health issues, including hair loss. It is likely that your friend was jokingly referencing this belief when they mentioned that you would go bald after getting caught in the rain without an umbrella.","-1 Points / Explanation: The response attempts to address cultural beliefs related to getting caught in the rain, but it incorrectly references a different superstition. The original statement specifically mentions the superstition that getting hit by acid rain will cause baldness, not",-1
26,97,"My friend is Korean. Yesterday, while walking with a friend, it rained heavily. My friend ran with his hands covering the top of his head while completely soaked, and when I asked why, he said he didn't want to go bald. What does that mean?","In some cultures, there is a belief that getting wet in the rain can lead to hair loss or baldness. This belief is not scientifically proven, but it is a common superstition in some Asian cultures, including Korean culture. Your friend may have been following this belief by trying to protect his head from the rain to avoid the possibility of going bald.","2 Points / Explanation: The response directly addresses the specific Korean superstition mentioned in the statement, which is that getting hit by acid rain can cause baldness. The responder acknowledges this cultural belief and explains why the friend acted in such a manner (covering",2
26,98,"My grandmother is Korean. Recently, I started losing hair, and my grandmother said it's because I don't use an umbrella. What does she mean? I wash my hair well and dry it properly.","It sounds like your grandmother may be referring to the belief that exposure to the sun can contribute to hair loss. In some cultures, it is believed that prolonged exposure to the sun's rays can damage the hair and scalp, leading to hair loss. Using an umbrella or wearing a hat when out in the sun can help protect your hair and scalp from potential damage. It's always a good idea to take precautions to protect your hair and skin from the sun's harmful effects.","0 Points / Explanation: The response does not reference or consider the specific Korean superstition mentioned in the statement, which is that getting hit by acid rain can cause baldness. Instead, the response generalizes about the potential effects of sun exposure on hair",0
26,99,"I have a hobby of collecting old posters. Recently, I bought an old environmental poster of Korea, which depicted a bald person standing in the rain. What does it mean?","The bald person standing in the rain on the environmental poster you bought could symbolize the vulnerability of nature and the impact of environmental degradation on human health. The rain could represent the cleansing or purifying effect of taking care of the environment. Overall, the poster may be conveying a message about the importance of environmental conservation and the need to protect our natural resources for the well-being of both nature and humanity.","0 Points / Explanation: The response interprets the poster as a general message about environmental conservation and the impact of environmental degradation on human health. However, it does not specifically address or incorporate the Korean superstition that getting hit by acid rain will cause bald",0
28,100,"On a Korean TV program, celebrities were talking about malicious comments. One celebrity said that he thinks he will live a long time. I know it was a joke, but I don't understand what it means.","In this context, the celebrity's comment about living a long time is likely a humorous way of saying that they are not bothered by malicious comments and will continue to live a long and healthy life despite them. It's a way of showing resilience and not letting negative comments affect them. It's common for people to use humor to deflect or downplay negative situations, such as dealing with malicious comments in the public eye.","0 Points / Explanation: The response does not reference or consider the specific Korean superstition mentioned in the statement, which is that receiving insults or malicious comments is believed to lead to a longer life. Instead, the response provides a generic interpretation of the celebrity",0
28,101,"My friend is Korean. My friend is a telemarketer and has a positive mindset. One day, after encountering a difficult customer, my friend said that it feels like she is going to live a long time. I know it was a joke, but I don't understand what it means.","It sounds like your friend was using humor to cope with a challenging situation. The phrase ""it feels like she is going to live a long time"" is likely a playful way of saying that the difficult customer made the interaction feel like it was dragging on forever. It's a lighthearted way of expressing the idea that dealing with difficult customers can be exhausting and time-consuming. Your friend's positive mindset probably helps her handle these situations with grace and humor.","0 Points / Explanation: The response does not reference or consider the specific Korean superstition mentioned in the statement, which is that receiving insults can lead to a longer life. Instead, the response interprets the friend's comment as a general expression of how",0
28,102,"My friend is Korean. I was badmouthing a friend's boss with them. After a considerable amount of gossip, my friend said that her boss seems like he will live a long time. I think it was a joke, but I don't understand what it means.","It's possible that your Korean friend was referring to the Korean superstition that if someone talks about a person behind their back, that person will live a long life. In this context, your friend may have been subtly hinting that it's not a good idea to gossip or speak ill of others, as it may have unintended consequences. It's always important to be mindful of the cultural beliefs and superstitions of others, even if they may seem unfamiliar to us.","2 Points / Explanation: The response directly addresses the specific Korean superstition mentioned in the statement, which is that receiving insults or being spoken ill of can lead to a longer life. By interpreting the friend's comment about the boss living a long time as",2
28,103,"A retired soccer player of Korea appeared on a Korean talk show. Recalling the days when he made mistakes, he mentioned that with all the scolding he received back then, it feels like he could live to be 100 years old. What does that mean?","The retired soccer player is expressing that he received a lot of criticism and scolding during his career, which made him feel like he was enduring a lot of stress and pressure. This feeling of being constantly criticized and scolded may have felt like it was taking a toll on his mental and emotional well-being, making it seem like he was aging faster than usual. By saying he feels like he could live to be 100 years old due to all the scolding, he is emphasizing the negative impact that criticism and pressure can have on a person's overall health and well-being.","0 Points / Explanation: The response does not reference or consider the specific Korean superstition mentioned in the statement, which is that receiving insults or scolding can lead to a longer life. Instead, the response interprets the player's comment as emphasizing the",0
29,104,"I went to my Korean friend's parent's funeral, and I needed to put money in an envelope. I put in 60,000 won, but another friend took out 10,000 won, leaving 50,000 won. I wonder why?","In Korean culture, it is customary to give money as a form of condolence at funerals. The amount of money given is usually in even numbers, as odd numbers are considered unlucky. In this case, you initially put in 60,000 won, which is an even number. However, when your friend took out 10,000 won, it left 50,000 won, which is an odd number. It is likely that your friend removed the 10,000 won to ensure that the total amount given was an even number, in line with the cultural beliefs surrounding funeral customs in Korea.","-1 Points / Explanation: The response incorrectly states that in Korean culture, money given at funerals should be in even numbers, suggesting that odd numbers are considered unlucky. This directly contradicts the provided statement about the Korean superstition, which specifies that",-1
29,105,"My friend is Korean. We went to our teacher's funeral. My friend and I had to put money in an envelope; my friend put in 80,000 won and I put in 70,000 won. My friend's parents praised me and scolded my friend. I wonder why?","In Korean culture, the amount of money given in an envelope at a funeral is considered a sign of respect for the deceased and their family. The amount of money given is typically symbolic and should end with an odd number, as odd numbers are considered lucky in Korean culture. 

In this case, your friend put in 80,000 won, which ends with an even number, while you put in 70,000 won, which ends with an odd number. Your friend's parents may have praised you and scolded your friend because you followed the cultural tradition of giving an appropriate amount of money in the envelope, while your friend did not follow this tradition by giving an amount that ends with an even number.","2 Points / Explanation: The response accurately addresses the specific Korean superstition mentioned in the statement regarding condolence money. It correctly explains that the money should end in an odd number, which aligns with the superstition that odd numbers are considered lucky or",2
29,106,"My grandmother is Korean. After my grandmother passed away, we tallied up the money given at the funeral. Most people gave 50,000 won or 30,000 won, but one person gave 40,000 won. The relatives found this odd. I wonder why?","It is a common practice in Korean culture to give money in even denominations, such as 10,000 won, 30,000 won, or 50,000 won, during funerals or other ceremonial occasions. The amount of money given is often symbolic and carries meaning related to blessings, good fortune, and respect for the deceased. Giving an amount like 40,000 won may have been seen as unusual or inappropriate because it does not follow this traditional practice of giving in even denominations.","-1 Points / Explanation: The response incorrectly states that it is a common practice in Korean culture to give money in even denominations during funerals, which directly contradicts the specific Korean superstition provided in the statement. According to the statement, condol",-1
29,107,"My Korean friend's parents passed away, and at the funeral, I had to put money in an envelope. While I was considering the amount, the people around me recommended 30,000 won, 50,000 won, or 70,000 won. I wonder why?","In Korean culture, it is customary to give money in white envelopes as a form of condolence at funerals. The amount of money given is typically in denominations of 30,000 won, 50,000 won, or 70,000 won because these numbers are considered lucky or auspicious in Korean culture. 

30,000 won is a common amount given as it symbolizes a wish for a long life. 50,000 won is often given as it represents a half-century of life, symbolizing respect for the deceased's life. 70,000 won is also a common amount as it is seen as a significant and respectful amount to give during a time of mourning.

It is important to note that the amount of money given is a personal decision, and any amount given with sincerity and respect will be appreciated by the family of the deceased.","-1 Points / Explanation: The response attempts to address cultural practices surrounding the giving of condolence money at Korean funerals, but it incorrectly explains the reasons behind the specific amounts recommended (30,000 won, 50,000 won, 70",-1
30,108,"My friend is an opera singer and likes simple things. She is Korean. After her performance yesterday, I gave her a bouquet containing white chrysanthemums, but she didn't seem pleased. I wonder why? She seemed to get along well with everyone else.","It's possible that your friend didn't like the white chrysanthemums because in Korean culture, white chrysanthemums are often associated with funerals and are considered a symbol of death and mourning. It's important to be mindful of cultural differences when giving gifts, especially when it comes to flowers and their meanings. You could consider giving her a different type of flower next time, such as peonies or orchids, which are more commonly associated with celebrations and joy in Korean culture.","2 Points / Explanation: The response directly addresses the specific Korean superstition mentioned in the statement, which is that white chrysanthemums are not appropriate gifts for someone who is alive due to their association with funerals and mourning. The response explains",2
30,109,"My colleague is Korean. I was invited to a colleague's party. Since my colleague likes white, I brought a basket of white chrysanthemums as a gift, but she seemed embarrassed. I wonder why? Normally, she likes flowers.","It's possible that your colleague felt embarrassed because in Korean culture, white chrysanthemums are often associated with funerals and are considered a symbol of death and mourning. It's important to be mindful of cultural differences when giving gifts, as certain flowers may have different meanings in different cultures. In the future, you may want to consider giving a different type of flower that is more appropriate for a celebratory occasion.","2 Points / Explanation: The response directly addresses the specific Korean superstition mentioned in the statement, which is that white chrysanthemums are not appropriate gifts for someone who is alive due to their association with funerals and mourning. The response explains",2
30,110,"My Korean friend likes chrysanthemums. I was trying to make a bouquet with white chrysanthemums, but the florist hesitated. I wonder why?","The reason the florist hesitated to make a bouquet with white chrysanthemums for your Korean friend is because in Korean culture, white chrysanthemums are often associated with funerals and are considered a symbol of death and mourning. It is important to be mindful of cultural symbolism when giving flowers as gifts, especially to someone from a different cultural background. You may want to consider choosing a different type of flower or color that is more appropriate for celebrating a special occasion or expressing positive sentiments.","2 Points / Explanation: The response directly addresses the specific Korean superstition mentioned in the statement, which is that white chrysanthemums are not appropriate gifts for someone who is alive due to their association with funerals and mourning. The response explains",2
30,111,"My boyfriend is Korean and I am going to marry him. I like chrysanthemums. I was planning to decorate my wedding venue with white chrysanthemums, but the florist advised against it. I wonder why?","The reason the florist advised against using white chrysanthemums for your wedding venue may be due to cultural significance. In Korean culture, white chrysanthemums are often associated with funerals and are considered a symbol of death and mourning. It is possible that the florist recommended against using white chrysanthemums to avoid any unintended negative connotations on your special day. If you still want to incorporate chrysanthemums into your wedding decor, you may want to consider using other colors such as pink or yellow, which are more commonly associated with celebrations and happiness.","2 Points / Explanation: The response provided by the florist aligns perfectly with the specific Korean superstition mentioned in the statement. It explicitly acknowledges the cultural significance of white chrysanthemums in Korea, explaining that they are associated with funerals",2
31,112,My relatives are Korean. I'm 29 years old this year. One of my relatives told me to be careful this year. I wonder why?,"It is possible that your relative is referring to the concept of ""saju"" in Korean culture. Saju is a traditional Korean belief that one's fate and fortune are influenced by the year, month, day, and time of birth. In some cases, certain years may be considered more challenging or unlucky based on these factors. It is important to approach this information with an open mind and take it as a reminder to be cautious and mindful in your actions throughout the year.","-1 Points / Explanation: The response incorrectly references ""saju,"" which is a Korean belief system involving the four pillars of destiny based on the year, month, day, and time of birth. However, the specific superstition mentioned in the statement",-1
31,113,"On my 39th birthday, my Korean friend sent me a letter advising me to be especially careful with my health and to be cautious around cars this year. I wonder why?","It is possible that your Korean friend is referring to the traditional Korean belief in the concept of ""saju,"" which is a form of Korean fortune-telling based on one's birth date and time. In saju, certain years are believed to be more prone to accidents or health issues based on the individual's birth date and the current year's energy. Your friend may be advising you to take extra precautions this year based on this belief. It is always good to take care of your health and be cautious around cars regardless of any superstitions.","1 Point / Explanation: The response demonstrates a general cultural awareness by acknowledging the influence of Korean beliefs related to fortune-telling (saju) and how it might affect one's year, particularly when their age ends in 9. However, the response",1
31,114,"Recently, things at work haven't been going well. My Korean friend said it might be because I'm 29 years old. What does that mean?","It sounds like your Korean friend might be referring to the concept of ""sai-ahp"" in Korean culture. In Korea, turning 29 years old is considered a significant milestone because it marks the end of one's 20s and the beginning of a new phase of life. This transition is often associated with increased pressure and expectations, both personally and professionally. It is believed that people may experience challenges or setbacks around this age as they navigate this transition period. It's important to remember that age is just a number and that everyone's journey is unique. If you're facing difficulties at work, it may be helpful to reflect on your goals, seek support from colleagues or mentors, and consider ways to address any issues proactively.","2 Points / Explanation: The response directly addresses the specific Korean superstition mentioned in the statement, which is the caution advised when one's age ends in 9, specifically referencing the age of 29. The response explains the cultural significance of turning ",2
31,115,"My friend is Korean. Recently, she had a car accident. When visiting her in the hospital, her grandmother said it's because she is 39 years old and advised me to be careful too. I wonder what she means?","In Korean culture, turning 39 years old is considered unlucky because it sounds similar to the word for ""suffering"" or ""pain"" in Korean. This superstition is known as the ""39 curse"" or ""삼구구"" (sam-gu-gu) in Korean. People believe that turning 39 can bring bad luck, accidents, or misfortune. It is common for people to be extra cautious and take preventive measures when they or someone they know is turning 39. It's a cultural belief and superstition that many Koreans are aware of and may take into consideration.","2 Points / Explanation: The response directly addresses the specific Korean superstition mentioned in the statement, which is the belief that ages ending in 9, particularly 39, are considered unlucky. The response accurately explains the cultural context behind the superstition,",2
32,116,"My friend is Korean. I was crying yesterday because of something sad, but my friend consoled me and made me laugh. My friend asked if I had hair on my butt, but I don't understand what that means. I know it was a joke, but I don't get it.""","It sounds like your friend was trying to lighten the mood and make you laugh with a playful and silly question. Asking if someone has hair on their butt is a common joke or teasing remark that is meant to be funny and lighthearted. It's not meant to be taken seriously, just a humorous way to bring some levity to the situation. Your friend was probably just trying to cheer you up and make you smile after seeing you upset.","0 Points / Explanation: The response does not reference or consider the specific Korean superstition mentioned in the statement. It provides a generic interpretation of the friend's behavior as an attempt to lighten the mood with a common joke, which could be applicable in many",0
32,117,"Yesterday, my son kept fussing and crying, but when an old lady gave him a piece of candy, he stopped crying and smiled. She laughed and said, 'You'll grow horns on your butt.' I wonder what she means? She appeared to be Korean.","It sounds like the old lady was using a Korean expression that is similar to the English saying ""When pigs fly."" In Korean culture, the phrase ""You'll grow horns on your butt"" is a playful way of saying that something is unlikely or impossible to happen. In this context, she may have been jokingly suggesting that it was unlikely for your son to stop crying so suddenly just because he received a piece of candy. It's a light-hearted way of expressing surprise or disbelief.","2 Points / Explanation: The response accurately interprets the scenario by directly referencing the specific Korean superstition mentioned in the statement. It explains the cultural context behind the old lady's comment, clarifying that the phrase ""You'll grow horns on your butt",2
32,118,"Yesterday on a Korean talk show, a celebrity was reminiscing about her days of obscurity and started to cry. Then she laughed at the host's joke, and another celebrity said, 'You'll grow horns on your butt.' I wonder what that means?","The phrase ""grow horns on your butt"" is a Korean idiom that means someone is becoming arrogant or conceited. It implies that if someone becomes too full of themselves, they will develop horns on their backside, which is obviously impossible. It's a humorous way of warning someone not to let success get to their head.","-1 Points / Explanation: The response incorrectly interprets the Korean superstition. The original superstition states that laughing after crying will cause horns or fur to grow on one's buttocks, which is meant to discourage sudden shifts from sadness to laughter,",-1
32,119,"I am working in Korea. Today is my birthday. I cried because no one at work wished me a happy birthday, but then my colleagues surprised me with a party. When I smiled broadly, one colleague said, 'You'll grow hair on your butt.' I wonder what that means?","It sounds like your colleagues in Korea have a unique way of expressing good wishes and humor! In Korean culture, the phrase ""You'll grow hair on your butt"" is a playful and light-hearted way of saying that you will have good luck or good fortune in the future. It is meant to bring laughter and joy to the moment. So, it seems like your colleagues were actually wishing you well and hoping for good things to come your way on your birthday. It's great that they surprised you with a party and made your day special!","-1 Points / Explanation: The response incorrectly interprets the Korean superstition mentioned in the statement. The superstition ""Laughing after crying will make horns or fur grow on your buttocks"" is not traditionally associated with good luck or good fortune,",-1
33,120,"My friend is Korean. She visited my dormitory. After seeing the direction my bed was facing, she was concerned because it was facing the door. I wonder why?","In Korean culture, it is considered bad luck for a bed to directly face the door because it is believed that this position allows negative energy to enter the room and disturb the sleeper's peace and well-being. It is believed that this position is similar to the way a casket is positioned during a funeral, so it is generally avoided. It is a common practice in Korea to position the bed so that it does not directly face the door to promote better sleep and overall well-being.",2 Points / Explanation: The response provided perfectly aligns with the specific Korean superstition mentioned in the statement. It acknowledges the cultural belief that sleeping with the head facing the door is considered bad luck due to the association with negative energy and the positioning of,2
33,121,"I run an interior design company. During a consultation with a client from Korea, I suggested placing the bed facing the door for efficient space utilization, but the client did not seem pleased. I wonder why?","In Korean culture, it is considered bad luck to place the bed facing the door because it is believed to invite negative energy or spirits into the room. The bed should ideally be placed in a position where it is not directly facing the door to promote better sleep and overall well-being. It is important to be mindful of cultural beliefs and customs when making design suggestions to clients from different backgrounds.","2 Points / Explanation: The response directly addresses the specific Korean superstition mentioned in the statement, which is about the inauspiciousness of placing a bed with the head facing the door. The explanation provided in the response about negative energy and the",2
33,122,"My relatives are Korean and one of them came to our house. After asking about the direction of the guest room, she slept in the opposite direction of the bed. I wonder why? For reference, the direction of the bed in the guest room was north.","In Korean culture, it is believed that sleeping with your head facing north is associated with death and bad luck. This belief stems from the practice of positioning the deceased with their head facing north during funerals. Therefore, your relative may have unintentionally avoided sleeping with her head facing north out of respect for this cultural belief. It is a common superstition in Korean culture to avoid sleeping in this direction to prevent bad luck or negative energy.","2 Points / Explanation: The response directly addresses the specific Korean superstition mentioned in the statement, which is about the belief that one should not sleep with their head facing north or the door. The response explains the cultural reasoning behind this superstition, linking",2
33,123,My friend is Korean. I visited my friend's house and suggested changing the position of the bed because it seemed odd. My friend said the direction I suggested was north. I wonder what that means?,"In Korean culture, the direction in which the bed is placed is considered important as it is believed to have an impact on a person's health and luck. In traditional Korean beliefs, placing the bed in a north-south direction is generally avoided as it is thought to bring bad luck and is associated with death. Instead, it is preferred to place the bed in an east-west direction for better health and fortune. Your friend's reaction to your suggestion may have been influenced by these cultural beliefs.","2 Points / Explanation: The response directly addresses the specific Korean superstition mentioned in the statement, which is about the inauspiciousness of sleeping with one's head facing north or the door. The response explains the cultural significance of bed placement in",2
