,prompt,output
0,"I work at a hotel, and the Korean guest in room 404 asked to change their room. I wonder why? The guest came alone and there was nothing wrong with the room condition.","There could be several reasons why the guest requested a room change, even if the room itself seemed fine. Here are a few possibilities to consider:

1. **Cultural or Superstitious Reasons**: In Korean culture, as well as in some other Asian cultures, the number ""4"" is considered unlucky because it sounds like the word for ""death"" in Chinese and Korean. This superstition is similar to the avoidance of the number 13 in many Western cultures. The guest might be uncomfortable staying in a room with the number ""404"" due to this reason.

2. **Personal Preferences or Needs**: The guest might have specific preferences or needs that were not met by the current room. This could include the location of the room within the hotel, the view from the room, or the proximity to elevators, stairs, or other hotel facilities.

3. **Noise or Other Disturbances**: Even if the room condition is good, there might be external factors like noise from nearby rooms, streets, or hotel facilities that could have disturbed the guest.

4. **Privacy or Security Concerns**: The guest might feel that the room’s location does not provide enough privacy or security.

5. **Previous Experiences**: If the guest has stayed in the same hotel or other hotels before, their past experiences (positive or negative) might influence their room preference.

It would be helpful to politely ask the guest if they have any specific preferences or reasons for the change, ensuring them that you are there to make their stay as comfortable as possible. This can help in addressing their concerns more accurately and providing better service."
0,"I go house hunting with a Korean friend to find a house to move into. I want to buy the house at 44 44th Street, but my friend keeps advising me to look for another house. I wonder why? The neighborhood seemed nice.","It's possible that your friend has concerns about the house or the neighborhood that you might not be aware of. Here are a few reasons why your friend might advise you to look for another house:

1. **Cultural or Superstitious Reasons**: In Korean culture, the number 4 is considered unlucky because it is pronounced similarly to the word for ""death"" (사, sa). A house with the address 44 44th Street has multiple occurrences of the number 4, which might be seen as particularly inauspicious.

2. **Practical Concerns**: There might be issues related to the house or neighborhood that aren’t immediately apparent. This could include things like property values, crime rates, future development plans, or problems with the house itself (structural issues, age, etc.).

3. **Financial Considerations**: Your friend might believe that the house is not a good investment or that it is overpriced. They might also be aware of better options in terms of value for money.

4. **Personal Experience or Knowledge**: Perhaps your friend has had a bad experience in that area or knows someone who did. They might be aware of issues like difficult neighbors, noise, or other environmental factors.

It would be a good idea to ask your friend directly about their concerns. Understanding their perspective could provide you with valuable insights that might affect your decision."
0,"I recently bought a car and, luckily, got a unique license plate number, 4444. But my Korean friend didn't look happy about it. I wonder why?","In Korean culture, the number 4 is considered unlucky because it is pronounced similarly to the word for ""death"" (사, pronounced ""sa""). This superstition is similar to the fear of the number 13 in many Western cultures. The number 4 is often avoided in hospitals and similar settings, and some buildings in Korea do not have a fourth floor, similar to how some Western buildings skip the thirteenth floor.

Since your license plate has the number 4444, it might be seen as particularly unlucky to your Korean friend, as it contains multiple occurrences of this feared number. This could explain why your friend did not seem happy about your unique license plate number."
0,"I recently went on a trip with a Korean friend. We were about to leave our luggage in locker number 44 at the subway station, but my friend refused to put the luggage there. I wonder why? The security at the subway station was good.","Your friend's reluctance to use locker number 44 likely stems from a cultural belief related to superstition about numbers. In Korean culture, the number 4 is considered unlucky because it is pronounced similarly to the word for ""death"" (사, sa). This superstition is similar to the avoidance of the number 13 in many Western cultures.

In Korea, it's common for buildings to skip the fourth floor, similar to how some Western buildings skip the thirteenth floor. This superstition extends to other areas involving numbers, such as phone numbers, apartment numbers, and yes, even locker numbers. Your friend probably preferred to avoid using locker number 44 due to these cultural beliefs."
0,"I like to sleep with the fan on, but my Korean roommate keeps turning it off while getting angry. I wonder why? The fan's breeze doesn't blow towards her, and it's not noisy.","It sounds like your roommate might be influenced by a common belief in South Korea known as ""fan death."" Fan death is a widely held belief in Korean culture that sleeping in a closed room with an electric fan running can cause death. The reasons cited for this belief vary, including hypothermia, asphyxiation, or suffocation.

Even though there is no scientific evidence to support this belief, it is deeply ingrained in Korean culture, and many people take it very seriously. Your roommate turning off the fan likely stems from a genuine concern for your safety, based on this cultural belief.

To address this situation, it might be helpful to have an open conversation with your roommate. You can express your preference for sleeping with the fan on and discuss the cultural differences regarding the belief in fan death. Understanding each other’s preferences and concerns can help you both come to a compromise that ensures a comfortable living environment."
0,"My Korean friend came over to my place. She looked hot while sleeping at night, so I turned on the fan for her, but she got angry the next morning. I wonder why? Thanks to the fan, she seemed to sleep well without waking up.","It sounds like your friend might have been reacting to a common Korean belief known as ""fan death."" In South Korea, there is a widespread urban myth that sleeping in a closed room with an electric fan running can cause death. The belief is that the fan can cause asphyxiation, hypothermia, or suffocation.

Although there is no scientific evidence to support this belief, it is deeply ingrained in Korean culture, and many people are genuinely fearful of it. Fans sold in South Korea often come with timers to prevent them from running all night, which is a feature specifically designed to alleviate these fears.

Your friend's reaction was likely due to this cultural belief. It might be helpful to talk to her about it and explain that you were unaware of this concern. This can be a good opportunity for both of you to learn about each other's cultures and ensure a comfortable environment for future visits."
0,"My husband is Korean. I recently had a baby. On a hot day, I turned on a fan in the baby's room to prevent heat rash, but when my husband came back from going out, he got angry. I wonder why? There was no problem with the baby.","It sounds like your husband's reaction might be related to a common belief in South Korea known as ""fan death."" Fan death is a widely held belief in South Korea that leaving an electric fan on in a closed room with unopened or no windows can cause death. While there is no scientific evidence to support this belief, it remains a prevalent cultural fear among many Koreans.

The fear is that the fan will cause hypothermia or suffocation. Because of this, many electric fans in South Korea come with timers to prevent them from running continuously.

Your husband's reaction, although surprising to you, might stem from this deeply ingrained belief. It would be helpful to discuss this calmly with him, explaining that fan death is not recognized as a legitimate risk by the international medical community. Understanding each other’s cultural backgrounds and beliefs can help in finding a common ground and ensuring both of you feel comfortable with how you care for your baby."
0,"My grandmother is Korean. We don't have air conditioning at home, only fans. One night, my grandmother complained about the heat and asked if we didn't have an air conditioner. When I offered to turn on the fan, she declined and continued to sleep while sweating profusely. I wonder why? Everyone else slept with the fan on.","Your grandmother's reluctance to use a fan while sleeping, despite the heat, might be influenced by a common belief in South Korea known as ""fan death."" Fan death is a widely held belief in Korean culture that sleeping in a closed room with an electric fan running can cause death. The supposed causes of death attributed to fan use include suffocation, poisoning, or hypothermia.

This belief, although scientifically unfounded, is deeply ingrained in Korean culture. It has been perpetuated by media reports and even warnings issued by government agencies. As a result, many older Koreans might be particularly wary of using fans while sleeping, especially in a closed room.

Understanding this cultural context might help explain why your grandmother prefers to avoid using a fan despite the discomfort from heat. It's a fascinating example of how cultural beliefs can influence behavior, even in the face of physical discomfort."
0,"My friend is Korean. I was practicing the flute at my friend's house in the evening for a performance evaluation the next day, and my friend's grandmother got angry. It wasn't loud, so I wonder why?","In Korean culture, there is a traditional belief related to whistling or playing wind instruments at night. It is thought that these sounds can attract spirits or ghosts. This belief might be why your friend's grandmother got angry when you were practicing the flute in the evening. She might have been concerned about inviting unwanted spirits into the home. This is a cultural sensitivity that varies from family to family, and not everyone might adhere to it strictly, but it's always good to be aware of such beliefs when you are in a different cultural setting."
0,"My friend is Korean. Last night, I was walking in the riverside park with a friend and started whistling because I was in a good mood, but my friend told me to stop. I wonder why? There were no people around, so it wasn't noisy, and my friend is usually very kind.","In Korean culture, there is a superstition that whistling at night can attract bad spirits or ghosts. This belief might be why your friend asked you to stop whistling. It's considered to potentially bring bad luck or unwanted attention from spirits, especially when done in quiet, dark places like a riverside park at night. Your friend was likely looking out for both of your well-being according to this cultural belief. It's great to see that you respect your friend's feelings and are curious about understanding their perspective!"
0,"My distant relative from Korea came to visit and wanted to hear me play the flute. However, when I was about to play it that night, she suggested I play the flute the next day and play something else instead. I wonder why? Our house is a detached home, so there's no issue with noise.","It's possible that your relative suggested playing the flute the next day due to cultural reasons. In some Korean beliefs, it is considered inauspicious to play wind instruments like flutes at night. This belief stems from the idea that playing such instruments could attract spirits or negative energies. Although this is not a universally held belief and may vary widely among individuals, your relative might hold this view and thus preferred to avoid listening to the flute at night. It's always interesting to learn about and respect the different cultural beliefs and practices that our friends and family might hold!"
0,"I was doing homework at my Korean friend's house in the evening and started whistling, but my friend's sister warned me to stop. I wonder why? She and I are close enough to joke around often.","In Korean culture, there is a superstition that whistling at night can attract bad spirits or ghosts. Additionally, it is sometimes believed that whistling after dark can bring bad luck or misfortune. This belief might be why your friend's sister warned you to stop whistling. It's likely that she was looking out for you, adhering to a cultural norm rather than being serious or upset. This superstition varies in seriousness depending on the individual's beliefs and the specific region in Korea."
0,"My boyfriend is Korean. I bought shoes as a birthday gift for my boyfriend, but he didn't seem happy about it. I wonder why? They were exactly the kind he said he needed.","In Korean culture, giving shoes as a gift can sometimes be considered to bring bad luck, especially in a romantic relationship. It is believed that giving shoes to a boyfriend or girlfriend can suggest that you want the person to 'walk away' from the relationship, or that they might use the shoes to leave you. This superstition might be the reason why your boyfriend seemed unhappy with the gift, even if it was something he needed.

To address the situation, you could talk to him openly about your intentions and the cultural misunderstanding. Let him know that you were unaware of the superstition and that your gift was chosen out of care and consideration for his needs. This conversation can clear up any misunderstanding and show your respect for his culture."
0,"My friend is Korean. I was helping pick out a gift for my friend's boyfriend at her request. I suggested shoes, but she got upset and went home. I wonder why? Usually, she trusts my sense of fashion.","In Korean culture, giving shoes as a gift can sometimes be considered inappropriate, especially in a romantic context. The reason is that shoes can symbolize the recipient walking away or leaving. This could be why your friend reacted negatively to the suggestion of buying shoes for her boyfriend. It's a cultural belief that giving shoes might encourage the person to 'walk out' of your life. This superstition might not be universally held by all Koreans, but it is prevalent enough to cause a reaction like the one your friend had. It might be helpful to discuss this with her and choose another gift that doesn't have potentially negative connotations in Korean culture."
0,"My girlfriend is Korean. I was shopping with my girlfriend, and she liked a pair of shoes. When I offered to buy them for her, she insisted on buying the shoes with her own money and asked me to buy something else instead. I wonder why? The shoes weren't expensive, and she usually loves receiving gifts.","In Korean culture, there is a belief that giving shoes as a gift can imply that you want the recipient to ""walk away"" from you, potentially leading to the end of the relationship. This superstition might be why your girlfriend preferred to buy the shoes herself rather than receiving them as a gift. She might have suggested you buy something else instead to avoid any negative implications while still appreciating your gesture of giving. It's great that you're attentive to her preferences, and perhaps choosing a different gift could be a way to show your thoughtfulness without conflicting with cultural beliefs."
0,"I'm a marketing employee at a global shoe company and I am working in Korea. Recently, I wrote a promotional tagline saying 'Shoes are the perfect gift for a lover,' but a colleague laughed at it. I wonder why?","In Korean culture, giving shoes as a gift to a lover or significant other can be considered inauspicious. There is a superstition that if you give your partner shoes, it might lead to them walking away from you or the relationship ending. This belief could be why your colleague found the tagline amusing or inappropriate.

To resonate better with the local market, you might consider revising the tagline or choosing a different product as the focus for a romantic gift-themed promotion. It's always good to be aware of cultural nuances and local superstitions, especially in marketing, to ensure that the message is received positively by the target audience."
0,"My fan from Korea asked for an autograph, but all I had was a red pen. When I went to sign and write his name, he hesitated and then refused. I wonder why? He didn't seem like he would resell the autograph.","In Korean culture, writing someone's name in red ink is traditionally associated with death or bad luck. It was once common to write the names of the deceased in red ink in family registers and on funeral banners. Because of this association, writing a living person's name in red can be seen as a sign that you wish harm upon them or are predicting their death. This cultural belief might explain why your fan hesitated and then refused to accept the autograph written in red ink. It's likely not a reflection on you or your gesture, but rather a cultural sensitivity."
0,"I made a cake for my Korean friend's birthday, keeping her simple tastes in mind, with a white base and her name lettered in red. She didn't look pleased, though. I wonder why? We hadn't even eaten the cake yet.","It sounds like you put a lot of thought into making the cake for your friend, but the issue might be related to cultural differences regarding color symbolism. In Korean culture, the color white is often associated with mourning and funerals, while red can symbolize passion, but also can be linked to negative emotions and superstitions. Additionally, writing names in red ink was traditionally associated with death notices or indicating that someone had passed away.

These cultural associations might explain why your friend seemed displeased with the cake, despite your good intentions. It's always a thoughtful gesture to consider cultural sensitivities when celebrating with friends from different backgrounds. Perhaps you could talk to her about it and express your intentions, ensuring her that you meant well and were unaware of the cultural implications. This could be a learning experience and an opportunity to deepen your understanding of Korean customs."
0,"I am working in Korea. When my boss was away yesterday, I received a phone call looking for him. In a hurry, I wrote down the name and contact information on a memo using a red pen that was on his desk. Today, when I handed him the memo, he got very angry. I wonder why? I delivered the memo promptly and didn't show it to anyone else.","In Korean culture, writing a person's name in red ink is considered highly inappropriate and is associated with death. Traditionally, red ink was used to write the names of the deceased on the family register and tombstones. Writing a living person's name in red ink can be seen as wishing death upon them or indicating that they will soon die.

Your boss's reaction likely stemmed from this cultural belief. It's an easy mistake to make if you're not familiar with the custom, but it can be very offensive to those who are. To address the situation, it might be helpful to apologize to your boss and explain that you were unaware of this cultural aspect. This will show respect and consideration for Korean customs and help in maintaining a good working relationship."
0,"I'm a book cover designer and I am working in Korea. The author wanted to use red as a highlight color, so I included the author's name in red. However, my boss told me to change the color of the name to something else. I wonder why? Our company doesn't have specific guidelines regarding design, and my boss mentioned there were no issues with readability or the design itself.","In Korea, the color red is traditionally associated with death and can be considered inauspicious or a symbol of bad luck when used in certain contexts. Specifically, writing a person’s name in red ink was historically linked to death, as it was used to indicate that a person had passed away or to signify cutting ties with someone. This cultural association might be the reason your boss asked you to change the color of the author's name on the book cover. It’s always important to consider cultural sensitivities and symbolism when designing products for different markets. Opting for another highlight color that complements the design while respecting cultural norms would likely be more appropriate."
0,"My boyfriend is Korean. I had plans to go near Deoksugung Palace with my boyfriend. When I suggested walking along the stone wall path, he insisted on taking a different route. I wonder why?","It's possible that your boyfriend suggested taking a different route due to a popular Korean superstition related to Deoksugung Palace's stone wall path. According to this belief, couples who walk along this path together are destined to break up. This superstition is linked to the path's historical context, where it leads to a series of unfortunate events and separations in the royal family. Your boyfriend might have been aware of this superstition and wanted to avoid the path to not risk the supposed bad luck associated with it."
0,"I work at a travel agency, and a Korean friend asked for recommendations for a date course centered around a palace. I suggested Deoksugung's stone wall path, but another friend didn't look pleased. I wonder why?","Your friend's reaction might be due to a cultural belief associated with Deoksugung Palace's stone wall path. In South Korea, there is a popular belief that couples who walk along this path together will eventually break up. This superstition is linked to the history of the palace, particularly its association with royal family separations and divorces.

Deoksugung Palace is unique among Korean palaces for its blend of Western and traditional Korean architecture, and while it is a beautiful place to visit, the stone wall path might not be considered the best choice for a date if one is superstitious or particularly sensitive to cultural beliefs.

If your friend is looking for an alternative palace-centered date course in Seoul, you might suggest Gyeongbokgung Palace, which is the largest of the palaces and offers beautiful scenery, or Changdeokgung Palace, known for its secret garden that is especially romantic. Both are rich in history and provide a lovely backdrop for a date."
0,"I was planning a date course for the weekend with my girlfriend, including a visit to Deoksugung. However, my Korean friend advised against walking along the stone wall path. I wonder why?","Your friend's advice might be based on a popular Korean superstition related to Deoksugung Palace, specifically its stone wall path. According to this superstition, couples who walk along the stone wall path together are destined to break up. This belief is thought to have originated because the path leads to the Jeongdong area, where there are many law firms and the Family Court, places typically associated with separations and divorces.

While it's just a superstition, some people might consider avoiding the path just in case. If you or your girlfriend are concerned about such beliefs, you might choose to skip this part of your visit. However, Deoksugung Palace itself is a beautiful and historic site worth visiting, featuring a mix of Western and traditional Korean architecture, lovely gardens, and the changing of the guard ceremony, which could be a romantic and culturally enriching experience for your date."
0,"I was watching a Korean drama where the female lead took the male lead to Deoksugung's stone wall path, and his expression darkened. I wonder why? Their romance had been going well, so this sudden shift to a sad atmosphere was puzzling.","In Korean culture, Deoksugung's stone wall path holds a particular superstition that might explain the male lead's reaction in the drama. It is believed that couples who walk along this path together will eventually break up. This superstition stems from the path's proximity to the old Seoul family court where many divorces were finalized. 

Given this context, the male lead's darkened expression could be attributed to his awareness of this superstition. He might have been worried that walking the path could jinx their relationship, especially if their romance had been progressing well. This scene likely added a layer of tension or foreshadowing in the drama, playing on cultural beliefs to deepen the emotional impact."
0,"Last night, I dreamed about a pig, which left me feeling uneasy. However, my Korean friend said I should go to Las Vegas. I wonder why?","In Korean culture, dreaming about pigs is often considered a sign of good luck and fortune. Pigs in dreams are typically associated with wealth and prosperity. Your friend suggesting a trip to Las Vegas might be because Las Vegas is known for gambling and the potential to win money. They might think that your dream is a positive omen and that you should take a chance and try to capitalize on the good luck by gambling or enjoying the entertainment in Las Vegas."
0,I had lunch with a Korean friend who mentioned dreaming about a pig last night and seemed happy about it. I wonder why?,"In Korean culture, dreaming about a pig is often considered a good omen. Pigs are symbols of wealth and fortune in many Asian cultures, including Korea. Dreaming about a pig is believed to be a sign that good luck or fortune is coming your way. This could be in the form of money, a promotion, or any other type of success. Therefore, your friend was likely happy because they saw the dream as a positive sign for their future."
0,"I went to buy a lottery ticket, and the store owner who is Korean asked me if I had dreamed about a pig. I wonder what he meant by that?","In Korean culture, dreaming about a pig is considered a sign of good luck, especially in terms of wealth and fortune. Pigs are associated with prosperity and abundance in many Asian cultures. When the store owner asked if you had dreamed about a pig, he was likely referring to this cultural belief, suggesting that buying a lottery ticket might be particularly fortunate for you if you had such a dream. It's a positive and encouraging interaction in the context of buying a lottery ticket!"
0,My wife is Korean. I'm about to open a new store and mentioned that I was worried. My wife then told me she had a dream about a pig last night. I wonder what she meant by that?,"In Korean culture, dreaming about a pig is generally considered a good omen. Pigs in dreams are often associated with wealth and good fortune. Your wife mentioning her dream about a pig could be her way of reassuring you that opening your new store will bring prosperity and success. It's seen as a positive sign, especially in the context of starting a new business or undertaking a new venture."
0,"My girlfriend is Korean. Yesterday, I was eating chicken with my girlfriend. When I tried to eat a chicken wing, she stopped me. I wonder why? She doesn't even like chicken wings, and she knows I do.","It's possible that your girlfriend was observing a cultural practice or superstition from Korea related to eating chicken wings. In some parts of Korea, there is a belief that if someone who is not married eats chicken wings, they might have difficulty finding their future spouse's home, as the wings could symbolically ""fly away"" with their luck in marriage. This is more of a playful superstition and not taken seriously by everyone, but she might have mentioned it out of cultural habit or as a light-hearted comment.

It's always a good idea to ask her directly about her reasons in a respectful and curious manner. This not only clears up your confusion but can also be a great opportunity for you to learn more about her culture and beliefs."
0,"My wife is Korean. Yesterday, I visited my wife's parents' house, and we had a chicken dish. However, her parents wouldn't let me eat the chicken wings. I wonder why?","In Korean culture, there are various customs and beliefs that might influence how food is served and who eats what. One possible reason they didn't let you eat the chicken wings could be related to a traditional belief or superstition. In some East Asian cultures, there is a superstition that if someone who is trying to pass an important exam or achieve a significant milestone eats chicken wings, they might ""fly away"" from their goals, symbolizing failure or inability to ""hold on"" to their ambitions.

However, this is just one interpretation and might not be the specific reason in your case. It could also be a simple matter of preference or a family-specific tradition. It might be helpful to ask your wife or her parents directly about this to understand their perspective and learn more about their customs."
0,"My boyfriend and friends are Korean. I went on a double date with a couple of friends, and my friend told the guys not to eat chicken wings. Everyone seemed amused by this comment. I wonder what she meant?","It sounds like your friend was referencing a cultural superstition or social norm from Korea. In Korea, there is a playful belief that if you eat chicken wings, especially on a date or in front of your significant other, your partner might ""fly away"" or cheat on you. This is more of a humorous superstition and is often mentioned in a light-hearted way among friends. It seems like your friend's comment was meant to be amusing and to engage in this cultural joke with your Korean boyfriend and friends."
0,"On a Korean TV cooking show, a husband mentioned that his favorite part of the chicken is the wings. The host joked that he should be careful, and everyone laughed. I wonder what the joke was about?","In Korean culture, there's a humorous belief that if someone eats too many chicken wings, they might become flirtatious or unfaithful. This joke stems from the idea that chickens flap their wings to fly away, and metaphorically, a person who eats a lot of wings might ""fly away"" from their partner. So, when the host joked about the husband liking chicken wings, it was a playful nudge at this superstition, suggesting he might be more likely to wander, which is why everyone laughed. It's all in good fun and part of the playful banter often found in Korean entertainment."
0,"My friend is Korean. My friend's son was just born. When his first daughter walked over the baby, my friend got very angry. I wonder why? He usually loves his daughter, and the baby wasn't hurt.","In Korean culture, there is a traditional belief that it is bad luck for someone, including a sibling, to step over a baby. This action is thought to potentially cause harm or bad fortune to the baby. It's considered disrespectful and is generally avoided to ensure the well-being of the child. Your friend's reaction likely stemmed from this cultural belief, aiming to protect his newborn from any negative influences. His anger was not directed towards his daughter out of dislike but out of concern for the newborn's safety and well-being according to his cultural values."
0,"My wife is Korean. Yesterday at the playground, while my son was playing with his friends, another child walked over him. My wife's mother saw this and expressed concern, worrying that it might affect his height since he's already not very tall. I wonder why? No one was injured.","In Korean culture, there is a traditional belief that if someone steps over a child, it can stunt the child's growth. This belief is rooted in superstition rather than scientific evidence. The idea is that physically stepping over a child might somehow inhibit their natural growth process. While there is no scientific basis to support this belief, it is taken seriously by some, particularly among older generations.

Your wife's mother's concern likely stems from this cultural belief. It's a good example of how cultural backgrounds can influence perceptions and concerns about health and well-being. To address her concern, you might reassure her that your son is healthy and growing well, and perhaps gently explain that modern science does not support the idea that being stepped over can affect a child's growth."
0,"My relatives are Korean. My younger cousin likes to play around. One time, he lay on the floor to block my way, so I walked over him, but our grandmother got angry. I wonder why? My cousin wasn't hurt.","In Korean culture, respect for elders and others is deeply ingrained, and certain behaviors are considered disrespectful, even if they are playful or harmless in intent. Walking over someone, especially a younger family member, can be seen as disrespectful or inconsiderate. This is because the act can symbolically imply that the person being stepped over is of lower status or worth.

Your grandmother's reaction likely stems from these cultural values of respect and propriety. In her view, walking over your cousin, regardless of his playful intentions, might have seemed like an inappropriate action that disregards the respect for one's body and personal space. It's also possible that she was concerned about setting a good example of respectful behavior for both you and your cousin.

To maintain harmony and respect in the family, it might be helpful to find other ways to engage with your cousin's playful behavior, perhaps by playfully redirecting him or finding a game to play together that respects both of your dignities."
0,My friend is Korean. My friend's young son is short. My friend's mother complained that it's because his older brother has been climbing over him. I wonder what she meant by that?,"It sounds like your friend's mother was referring to a traditional Korean belief or superstition. In Korean culture, there is a belief that if one child climbs over another, the child who was climbed over might have their growth stunted. This is obviously not based on scientific evidence, but rather it is a cultural superstition that some people might still mention or believe in. The idea is that the physical act of climbing over could somehow suppress the growth of the child who is being climbed over."
0,"My friend is Korean. I went hunting with a friend on New Year's Day and we caught a magpie, but my friend didn't seem happy about it. I wonder why? Normally, my friend enjoys hunting.","In Korean culture, the magpie is considered a bird of good fortune and a bearer of good news. It is often associated with joy and positive messages. The magpie is also featured in many Korean folktales and is generally seen as a symbol of good luck. Therefore, catching or harming a magpie might be viewed negatively by someone who holds these cultural beliefs. Your friend's unhappiness could stem from this cultural perspective, where the magpie is respected and cherished rather than seen as a target for hunting. It might be helpful to discuss this with your friend to understand their feelings and respect their cultural sentiments in future activities."
0,"My friend is Korean. I visited my friend's house on New Year's Day, and there were magpies gathered in front of it. I tried to chase them away, but my friend stopped me. I wonder why? He usually really hates birds.","In Korean culture, magpies are considered birds of good fortune and are associated with delivering good news. The presence of magpies, especially on New Year's Day, is often seen as a sign of good luck and prosperity for the coming year. This belief is deeply rooted in Korean folklore and traditions.

Despite your friend's usual dislike for birds, he likely refrained from chasing away the magpies because of their symbolic significance, particularly on such an auspicious day. In Korea, it's common to view the arrival of magpies positively, so your friend probably tolerated them in hopes of welcoming good fortune."
0,"My relatives are Korean. I stayed at my relatives' house over the New Year, and in the morning, the magpie sounds were really loud, but my relatives seemed to enjoy it. I wonder why? The magpies weren't pets of my relatives.","In Korean culture, the magpie (kkachi) is considered a bird of good fortune and a bearer of good news. The magpie's song is often associated with the arrival of good news or a welcome visitor. This belief is deeply rooted in Korean folklore and traditions.

During the New Year, which is a significant and auspicious time in Korea, hearing a magpie chirp can be seen as an especially good sign, symbolizing the arrival of good luck and positive events in the coming year. This could explain why your relatives seemed to enjoy the loud magpie sounds in the morning; they likely interpreted it as a positive omen for the New Year."
0,My friend is Korean. He sent me a letter for the New Year with a magpie drawn on it. I wonder why? Magpies aren't even my favorite animal.,"In Korean culture, the magpie is considered a bird of good fortune and a bearer of good news. The Korean word for magpie, ""kkachi,"" is associated with happiness. The presence of a magpie is often seen as a sign that something joyful or fortunate will happen. Therefore, your friend likely included a magpie in the New Year's greeting as a symbol of wishing you happiness and good luck for the upcoming year. It's a thoughtful gesture rooted in cultural symbolism, aiming to convey positive wishes to you!"
0,"My friend is Korean. Yesterday, I went for a morning walk near my friend's house. I heard the sound of crows, and my friend didn't look happy. I wonder why?","In Korean culture, crows are often associated with bad luck or misfortune. They are sometimes considered omens of bad news or symbols of bad luck. Your friend's reaction to the sound of crows could be influenced by this cultural belief. It's possible that hearing crows made your friend uneasy or reminded them of this superstition. If you're curious, you could gently ask your friend about their reaction to understand their feelings better."
0,"My relatives are Korean. I visited a relative's house and there were birds gathered in the yard. When a crow came along, Grandma threw a stone at it. I wonder why?","In Korean culture, crows are often considered symbols of bad luck or misfortune. This belief might stem from their black color and the unpleasant sounds they make, which have been traditionally associated with negative omens or the presence of evil. Additionally, crows are scavengers and are often seen eating carrion, which can further contribute to their negative image.

Your grandmother throwing a stone at the crow could be her way of trying to ward off bad luck or protect her home and family from what she perceives as a bad omen. This kind of behavior is rooted in superstition and is a way for some people to feel they are taking action to prevent bad luck."
0,"In the Korean movie, the main character visits their childhood home, and suddenly there's a close-up of a crow cawing. What does that mean?","In film, the use of a crow cawing can be symbolic and serve multiple purposes depending on the context of the scene and the overall themes of the movie. Here are a few interpretations:

1. **Omen or Warning**: Crows are often associated with bad omens or warnings about upcoming troubles or misfortune. The crow cawing could be a cinematic device used to create a sense of foreboding or anticipation of something negative that might happen.

2. **Memory Trigger**: Since the scene is set in the character's childhood home, the crow could be used to trigger a flashback or a flood of memories for the character, linking the present with the past emotionally and narratively.

3. **Symbol of Death or Transition**: Crows are commonly linked with death in many cultures, but they can also symbolize transformation and change. This could relate to the character's personal journey or a significant change in their life.

4. **Atmospheric Effect**: The sound of a crow cawing can also be used simply to enhance the atmosphere of the scene, adding a layer of eeriness or solitude.

5. **Connection to Nature**: It might also indicate a thematic connection to nature or the natural world, contrasting with the character’s current life, especially if they live in a more urban or artificial environment.

The specific interpretation can vary widely depending on other elements of the film such as the storyline, the character’s background, and the director's artistic choices."
0,"My friend is Korean. Today, my friend was seriously injured in an accident. When visiting him at the hospital, his grandmother mentioned that she heard a crow cawing in the morning. What could she mean by that?","In Korean culture, crows are often considered omens of bad luck or misfortune. The belief is that hearing a crow cawing can be a sign of something bad about to happen, such as an accident or illness. When your friend's grandmother mentioned hearing a crow cawing in the morning, she might have been expressing her feelings that this was a sign or warning of the unfortunate event that occurred to your friend. This interpretation is rooted in traditional superstitions and might be her way of making sense of the unfortunate event."
0,"My friend is Korean. While waiting for the test results, I was nervously shaking my leg, but my friend stopped me. I wonder why?","In Korean culture, shaking your leg while sitting, often referred to as ""떨다리"" (tteolldari), is considered a bad habit for several reasons:

1. **Sign of Bad Luck**: Some Koreans believe that shaking your leg shakes off your luck and fortune. It's a superstition that suggests that good luck or wealth might be lost through the constant movement of your leg.

2. **Impoliteness**: It can be seen as impolite or showing a lack of interest or respect in the current situation or conversation. It might indicate that you are impatient or disengaged, which can be disrespectful in a social or formal setting.

3. **Distraction**: The motion can be distracting to others around you, especially in a quiet or serious environment like a waiting room, office, or during a meeting.

Your friend likely stopped you from shaking your leg out of concern for these cultural perceptions and to prevent any potential negative implications associated with it. It's a good example of how cultural norms and practices can vary significantly from one country to another."
0,"I visited my Korean friend's house yesterday. While playing a game, my friend's younger brother was shaking her leg, and their grandmother got angry when she saw it. I wonder why?","In Korean culture, shaking one's leg while sitting is often considered impolite and can be seen as a sign of nervousness or impatience. It is also believed by some to bring bad luck or to shake out one's good fortune. Therefore, it's likely that your friend's grandmother got angry because she perceived the leg shaking as disrespectful or as an action that could bring bad luck to the family. In many Asian cultures, including Korean, respect for elders and proper etiquette are highly valued, so actions that might seem minor to others can be taken quite seriously."
0,"Yesterday at a restaurant, a child who seemed Korean was shaking their leg, and their parent slapped their leg. I wonder why? The child wasn't behaving badly otherwise.","In Korean culture, there is a belief that shaking your leg can shake off good luck or fortune. It's often considered an impolite habit, especially in public settings. The parent's reaction by slapping the child's leg was likely a way to promptly stop the behavior, reinforcing that it's not acceptable. This is a cultural nuance, and such actions might be a parent's way of teaching their child about appropriate public behavior according to their cultural standards."
0,"My grandmother is Korean. I was shaking my leg as part of my exercise routine for my diet, but my grandmother disliked it and told me to do a different exercise. I wonder why? It wasn't particularly noisy.","In Korean culture, shaking your leg is often considered a bad habit. It is believed to bring bad luck or indicate that you are shaking off your good fortune. This belief is rooted in superstition, and many older Koreans find leg shaking to be impolite or a sign of nervousness or impatience. Your grandmother's reaction might also be influenced by a concern for proper etiquette and maintaining calm and composed behavior.

Since your exercise routine was interpreted through this cultural lens, your grandmother likely suggested changing the exercise not because of the noise, but because of the cultural implications and her personal beliefs about leg shaking. It might be helpful to explain to her that your leg shaking was part of your exercise routine and not just a nervous habit, or you could choose an alternative exercise that doesn't have negative connotations in Korean culture."
0,"My relatives are Korean. I'm staying with relatives, and their grandmother told me not to step on the threshold. I wonder why?","In Korean culture, it is considered bad luck to step on the threshold of a doorway. The threshold (문지방, munjibang) is traditionally thought to house protective spirits or to act as a barrier against evil spirits. Stepping on it is believed to disturb or disrespect these spirits. This belief is part of a broader respect for boundaries and transitions in spaces, which is common in many East Asian cultures. It's a way of showing respect for the home and its inhabitants, as well as for the spiritual world. By not stepping on the threshold, you are honoring this cultural practice and showing respect to your relatives and their beliefs."
0,"My grandmother is Korean. She has a scar on her leg. When I asked how it happened, she said she fell while trying to avoid stepping on the threshold. What does that mean?","In traditional Korean culture, the threshold of a house is considered an important and somewhat sacred boundary between the outside world and the home. It is often associated with protecting the household from evil spirits. Stepping on the threshold is traditionally thought to bring bad luck or disturb the protective spirits of the home.

Your grandmother's effort to avoid stepping on the threshold, and subsequently falling and injuring her leg, reflects a respect for this cultural belief. It shows her adherence to the traditional practices and superstitions that were likely ingrained in her from a young age. This respect for the threshold is a common cultural nuance in Korea, particularly among older generations."
0,"My relative is Korean. She needs a cane because she injured her leg. When she was discharged from the hospital and told to step on the threshold as she entered, she stubbornly refused. I wonder why? The threshold isn't weak enough to break.","In Korean culture, the threshold of a house is considered very important and is often associated with a protective barrier against evil spirits. Stepping on the threshold is traditionally seen as disrespectful and could bring bad luck or disturb the protective spirits of the home. This belief might be why your relative refused to step on the threshold, especially if she holds traditional views or is particularly superstitious. It's a way of showing respect to the house and its inhabitants, as well as ensuring her own protection and well-being."
0,"I was watching a Korean drama where a grandmother hit a child for stepping on the threshold. I wonder why? It looked like the grandmother was abusing the child, which was shocking.","In traditional Korean culture, stepping on the threshold of a doorway is considered disrespectful and can be seen as bringing bad luck to the household. The threshold, or ""daecheong,"" is often viewed as a boundary that protects the home from external evils and dirt. It's believed that stepping on it can disturb the protective barrier.

The reaction of the grandmother in the drama, while it may seem harsh by modern standards, can be understood within this cultural context. In traditional Korean households, especially in older generations, respect for customs and elders is highly emphasized, and discipline can sometimes be strict. However, it's important to note that what might be depicted in a drama does not necessarily reflect current practices or attitudes toward child discipline in Korea today.

Korean dramas often dramatize cultural practices to convey deeper meanings or to enhance the emotional impact of a scene. In this case, the scene might have been used to highlight generational differences in values and the importance of tradition. It's also possible that the scene was intended to provoke a strong reaction or to add to the character development within the story."
0,"My grandmother is Korean. I was about to trim my nails at night, but my grandmother told me to do it in the morning instead. I wonder why? The room wasn't even that dark.","In Korean culture, there is a traditional superstition that discourages cutting nails at night. This belief stems from the idea that cutting your nails after dark could bring bad luck or invite evil spirits. Historically, before the advent of modern lighting, cutting nails at night could lead to injury, which might be one practical reason why this superstition developed. Additionally, it was thought that mice could use the nail clippings to make curses against the person they came from.

While these beliefs are based on superstition and there's no practical reason to avoid cutting nails at night in modern times, many people continue to follow these traditions out of respect for their cultural heritage or as a way to honor the practices of their ancestors. Your grandmother advising you to trim your nails in the morning is likely her way of keeping this traditional belief alive."
0,"I visited my Korean friend's house on a trip. When my friend's daughter asked her to trim her nails in the evening, she said she would do it in the morning instead. Why? My friend wasn't even that tired.","In Korean culture, there is a superstition that trimming nails at night is bad luck. The belief is that doing so can bring about negative spirits or bad fortune. Historically, it was also practical advice because before the advent of electricity, poor lighting at night could lead to injury while using sharp objects like nail clippers. Therefore, your friend likely postponed trimming her daughter's nails until the morning to adhere to this cultural belief and avoid the associated bad luck."
0,"My friend is Korean. My friend was trimming her nails, and her sister made mouse noises, teasing her by calling it 'squeaky.' I wonder why? My friend's room wasn't dirty enough for mice to be around.","In Korean culture, there's a playful and superstitious belief related to trimming nails at night. It's said that if you cut your nails after dark, it could invite ghosts or spirits into your home, or it's sometimes associated with bad luck. The mouse noises made by your friend's sister were likely a teasing way to evoke the idea of nighttime creatures (like mice) that are typically active during the night, linking it humorously to the superstition about cutting nails after dark. This teasing is a light-hearted nod to the superstition rather than any real concern about cleanliness or actual mice."
0,"On a Korean show, someone who looked like a celebrity appeared, and the host jokingly asked the celebrity if he had ever dropped their nails. What does that mean?","In Korean, the phrase ""dropping your nails"" (손톱을 떨어뜨리다) is a humorous and idiomatic way to suggest that someone looks so similar to another person that they might be a clone or an exact copy. The joke implies that the original person might have dropped a part of themselves (like a nail) that was then used to create the other person. This is a light-hearted way to comment on the striking resemblance between two individuals."
0,"My roommate is Korean. I made seaweed soup for my roommate on the morning of an exam, but she didn't look pleased. I wonder why? Seaweed soup is usually one of her favorite dishes.","It's thoughtful of you to make seaweed soup for your roommate, especially since it's a dish she usually enjoys. However, in Korean culture, seaweed soup, known as ""miyeok-guk,"" is traditionally eaten on birthdays. It is also associated with postpartum recovery, as it is believed to be nutritious and beneficial for women who have just given birth.

However, there is a superstition in Korea about eating seaweed soup before taking an exam. The slippery texture of the seaweed is believed to cause one's knowledge or luck to ""slip away,"" potentially leading to poor performance on the exam. This might explain why your roommate was not pleased about having seaweed soup on the morning of an exam. She might have been concerned about the superstition affecting her performance.

To clear up any misunderstanding, you could talk to her about it. Express that you were unaware of the superstition and that you intended to provide a comforting meal. This could be a good opportunity to learn more about each other's cultures and preferences."
0,I am living in Korea. My daughter has her midterm exams coming up. I'm thinking about what to pack for her lunchbox. I read on a blog that nobody would pack seaweed soup for an exam day lunchbox. I wonder why?,"In Korea, it is a common belief that one should not eat seaweed soup (미역국, miyeokguk) on the day of an important exam, such as midterm exams. This belief stems from the slippery texture of the seaweed. It is thought that this could lead to the information ""slipping away"" during the exam, symbolizing poor performance or the inability to remember what one has studied.

Seaweed soup is traditionally eaten on birthdays and is highly nutritious, but due to this cultural superstition, it is avoided on exam days. Instead, you might consider packing foods that are believed to boost energy and concentration, such as gimbap, fruits, or nuts. These are seen as good choices for sustaining energy and focus during important tests."
0,"My boyfriend is Korean and he has an exam this week. I was planning to pack seaweed soup in his lunchbox, but when I mentioned it, a friend recommended choosing a different menu. I wonder why?","In Korean culture, seaweed soup (미역국, miyeokguk) is traditionally eaten on birthdays and is also commonly consumed by women after giving birth because it is believed to be nutritious and beneficial for recovery. However, it is considered bad luck to eat seaweed soup before an exam. This superstition stems from the slippery texture of the seaweed, which is thought to cause the knowledge or good luck to ""slip away,"" potentially leading to poor performance on the exam.

Instead of seaweed soup, you might consider packing something that is believed to bring good luck or is simply a favorite of your boyfriend's. Popular Korean dishes that are easy to pack and generally liked include kimbap (Korean sushi rolls), bulgogi (marinated beef) sandwiches, or a simple rice and side dish combo. These are not only delicious but also free from any superstitions that might cause concern."
0,"My friends are Korean. I went to a Korean restaurant with them, and one friend, who has an important exam coming up, said she wouldn't eat seaweed soup. I wonder why?","In Korean culture, it's commonly believed that one should avoid eating seaweed soup before an important exam. This belief stems from the slippery texture of the seaweed, which is thought to symbolize the possibility of the exam ""slipping away"" or not going well. It's a superstition related to the idea that the characteristics of the food can influence one's performance or luck. So, your friend was likely avoiding seaweed soup to prevent bad luck on her upcoming exam."
0,"My friend is Korean. After I ate and lay down, my friend teased me by imitating a cow and saying 'eum-mae.' I wonder what that means?","In Korean, ""음매"" (eum-mae) is a playful term used to describe someone who eats and then immediately lies down, similar to how a cow ruminates after eating. It's a light-hearted tease about your behavior after eating, implying that you're acting like a cow resting and digesting its food. It's all in good fun among friends!"
0,"I had a meal at my Korean friend's house, and when their mom saw my friend lying on the sofa, she scolded them by calling them a 'cow.' I wonder what she meant by that?","In Korean culture, calling someone a ""cow"" (소) doesn't necessarily mean the same thing as it might in English. In this context, it's likely that your friend's mom was playfully scolding them for being lazy or inactive, similar to calling someone a ""couch potato"" in English. It's a light-hearted way to tease someone about not being very active or productive at the moment. This kind of teasing is common among close family and friends in many cultures, including Korea."
0,"I am living in Korea. Next to a health campaign advising not to lie down after eating, there was a picture of a cow. I wonder why?","The picture of a cow next to the health campaign advising not to lie down after eating likely serves as a metaphorical illustration. In many cultures, cows lying down are often associated with digestion or rest. The image might be used to visually represent the idea of resting or being inactive after eating, which the campaign advises against.

The campaign's message is probably emphasizing that lying down immediately after eating can lead to health issues such as indigestion or acid reflux. By using a familiar image like a cow lying down, the campaign can communicate the message in a simple and relatable way, making it easier for people to remember and understand the advice."
0,I am working in a Korean company. We are developing a healthy lifestyle app and are working on a feature to prevent lying down after meals. The design team came up with a picture of a cow. I wonder why? A cow isn't the symbol of our company.,"The use of a cow image in your app's feature to prevent lying down after meals might be inspired by the fact that cows are known to stand while digesting their food. Cows spend a significant amount of time standing up to aid their digestion process, which is quite efficient. This characteristic can be used metaphorically to encourage users to adopt a similar habit of not lying down immediately after eating to promote better digestion and overall health.

This visual metaphor can be effective in conveying the message in a simple and memorable way, even if a cow isn't the symbol of your company. It uses the behavior of the cow as a relatable and easy-to-understand example to encourage users to stay upright after meals, just like cows do. This approach can make the educational aspect of your app more engaging and accessible."
0,"My friend is Korean. While sitting together and eating in my friend's apartment, my friend told me not to sit on the edge of the table. I wonder why? It made me feel bad.","In Korean culture, there are various etiquettes and customs related to dining and social interactions that are important to observe. One such custom is related to seating arrangements at the table. It is generally considered impolite or bad luck to sit at the edge or corner of a table. This belief might stem from superstitions or traditional views on spatial harmony and inclusion during meals.

Your friend likely advised you not to sit on the edge of the table out of concern for cultural etiquette, aiming to ensure that you were included as part of the group and not positioned in what might be seen as a less favorable spot. It's important to note that this advice was probably given with good intentions, to help you fit in with the cultural norms and not to make you feel bad.

Understanding and respecting these cultural nuances can enhance mutual respect and make shared experiences more enjoyable. If you felt uncomfortable or unsure about the reasoning, a gentle conversation with your friend about this custom might not only clear up any misunderstandings but also deepen your understanding of Korean culture."
0,"My husband is Korean. I dined at a restaurant with my husband's parents. Due to limited space, we placed the baby's chair at the corner of the table. However, my husband's parents seemed displeased. I wonder why? The corners of the table weren't sharp enough to cause injury.","In Korean culture, seating arrangements, especially during meals, are often influenced by traditional customs and etiquette. One such belief is related to the concept of ""모서리"" (moseori), which translates to ""corner."" It is considered inauspicious or unlucky to sit at the corner of the table. This belief stems from the idea that ""sharp"" energy, or bad luck, gathers at the corners, and sitting there could lead to misfortune or negative energy.

When you placed the baby's chair at the corner of the table, your husband's parents might have been concerned due to this cultural belief, rather than worries about physical safety. They might have felt that it was not an auspicious position for the baby, which could bring bad luck or negative influences.

To address the situation, you might consider gently discussing it with your husband or his parents to understand their perspective better. In future gatherings, you could try placing the baby's chair along one of the sides of the table, away from the corners, to align with these cultural sensitivities."
0,"My friend is Korean. Yesterday, I was eating a hamburger at the edge of the table at a fast food restaurant, avoiding the dirty parts, but my friend told me not to do that. I wonder why?","In Korean culture, there are certain etiquettes and manners related to eating and the use of tables that might differ from other cultures. One possible reason your friend advised you not to eat at the edge of the table could be related to the concept of respect and cleanliness.

In many Asian cultures, including Korea, the center of the table is often where food and communal dishes are placed, and it is considered more polite and appropriate to eat directly in front of where your place setting is, rather than off to the side or edge. Eating at the edge might be seen as informal or improper, especially if it looks like you are trying to distance yourself from the rest of the table or the food being shared.

Additionally, eating over the table helps to avoid dropping food, which maintains cleanliness and respect for the eating environment and the people you are dining with. Your friend might have been concerned about these aspects of dining etiquette and thus advised you to avoid eating at the edge of the table."
0,"My relatives are Korean. I went to their house for a meal. Since the seating was cramped, I moved towards the corner of the table. However, my relatives unanimously told me not to do that and got angry. I wonder why?","In traditional Korean culture, seating positions at a table are often influenced by social hierarchy, which includes age and social status. The head of the table, usually the seat farthest from the entrance or facing east, is typically reserved for the eldest or the most respected person in the group. It's possible that the corner of the table you chose had a specific cultural significance or implied a certain status that was not appropriate for you, according to their views.

Additionally, in some Asian cultures, including Korean, there are superstitions about sitting at the corner of the table. It is believed that those who sit at the corner will not get married or their marriage will be delayed. This superstition might be another reason why your relatives discouraged you from sitting at the corner.

It's always a good idea to observe and ask about seating arrangements in different cultural settings to avoid misunderstandings and to show respect for local customs and traditions."
0,"My friend is Korean. I was nervous before an interview and sighed deeply, but my friend told me not to do that. I wonder why?","In Korean culture, sighing, especially deep sighing, can sometimes be interpreted differently than in Western cultures. While in many Western contexts, sighing might be seen simply as a release of stress or an expression of exhaustion, in Korea, it can carry a connotation of deep frustration, sadness, or resignation. It might also be perceived as a sign that you are not coping well with your situation, which could be viewed negatively in a professional setting like an interview.

Your friend might have advised you not to sigh deeply because they were concerned it could give an impression of lack of confidence or composure, which are important qualities in a job interview. Maintaining a calm and composed demeanor is often valued in Korean professional culture, and your friend likely wanted to ensure you presented yourself in the best possible light."
0,"My friend is Korean and he is job hunting, but he failed another interview. His mom said it's because he often sighs. I wonder what she meant by that?","In Korean culture, sighing can sometimes be perceived negatively, especially in formal settings like job interviews. Sighing might be interpreted as a sign of boredom, frustration, or lack of interest, which can be off-putting to interviewers who are looking for enthusiastic and engaged candidates. It might also be seen as a sign of negativity or lack of confidence, which are not desirable traits in a potential employee.

Your friend's mother might be concerned that his sighing during interviews could be giving interviewers a bad impression, potentially affecting his chances of securing a job. It would be helpful for your friend to be mindful of his body language and try to maintain a positive and enthusiastic demeanor during interviews. Practicing interviews with someone who can provide feedback on these non-verbal cues could also be beneficial."
0,"I joined a professional sports team in Korea and was very nervous about playing with players I admire. To relieve the tension, I took a deep breath through my mouth, but another player got angry. I wonder why?","In Korea, as in many Asian cultures, certain behaviors that might seem normal or harmless in other contexts can be interpreted differently due to cultural norms and expectations. Breathing deeply through your mouth in a public or shared space, especially in a tense or formal situation, might be seen as inappropriate or disrespectful. It could be perceived as a sign of sighing or boredom, which might be why the other player reacted negatively.

In a professional setting like a sports team, where respect and decorum can be particularly emphasized, it's important to be aware of these cultural nuances. To avoid similar situations in the future, you might consider adopting more subtle ways to manage your nerves, such as taking slower, quieter breaths through your nose, or finding a private moment to compose yourself.

Understanding and adapting to these cultural differences can help in building good relationships with your teammates and showing respect for the local customs and etiquette."
0,"I work at a store in Korea. The job is so tough that I sighed, but my manager told me not to sigh. I wonder why? I was just trying to relieve some tension, and it seems a bit much to me.","In many cultures, including Korean, sighing in the workplace can be perceived differently than intended. While you might sigh to relieve stress or express fatigue, it can sometimes be interpreted by others as a sign of dissatisfaction, boredom, or even disrespect. This is likely why your manager advised against it.

In a professional setting, especially in cultures that value harmony and respect like Korea, maintaining a positive and composed demeanor is often encouraged to foster a good working environment. Your manager might be concerned that sighing could create a negative atmosphere or give an impression to customers or other team members that you are not happy with your job.

If you find your job stressful, it might be helpful to find other ways to manage your tension, such as taking short breaks, practicing deep breathing, or discussing your workload with your manager to find solutions that can help ease your stress. This approach not only helps you manage your feelings but also aligns with professional norms in your workplace."
0,"My friend is Korean. My parents passed away, but my pregnant friend said she wouldn't come. I wonder why? I asked if she was feeling unwell, but she said she wasn't.","I'm sorry to hear about your loss. In such times, support from friends and family can be very important. Regarding your friend's decision not to attend, there could be several reasons, cultural or personal, that might be influencing her choice.

In Korean culture, there are traditional beliefs and practices related to pregnancy that might be affecting her decision. It is commonly believed in some Asian cultures, including Korea, that pregnant women should avoid funerals or places associated with death. This is because such places are considered to have negative energy (bad ki), and it is feared that this energy could affect the unborn child. Additionally, the emotional stress and sorrow prevalent at funerals are also considered potentially harmful to pregnant women.

It's possible that your friend is adhering to these cultural beliefs, which might be why she has chosen not to attend despite not feeling physically unwell. It might help to have an open conversation with her about your feelings while also giving her space to explain her own beliefs and concerns. This can help maintain and strengthen your friendship during this difficult time."
0,"I am pregnant. My Korean friend's parents passed away, but my friend told me not to come. I wonder why? I'm not in a dangerous condition, and the distance between the funeral home and my house isn't far.","It's understandable that you want to be there for your friend during such a difficult time. However, there could be several reasons why your friend might have asked you not to come, despite your willingness and ability to attend.

1. **Cultural Considerations**: In some cultures, including Korean culture, there are specific customs and practices related to mourning and funerals that might be unfamiliar to those outside the community. Your friend might feel that your presence could unintentionally disrupt these practices or that you might feel uncomfortable or out of place.

2. **Personal Preferences**: Your friend might prefer to mourn privately or in the company of only close family members. Grieving is a very personal process, and some people may need space and privacy.

3. **Concern for Your Well-being**: Even though you mentioned you are not in a dangerous condition, your friend might still be concerned about your health and the stress or physical demands of attending a funeral while pregnant.

4. **Emotional Overwhelm**: Dealing with the loss of parents can be extremely overwhelming. Your friend might not feel up to managing interactions with friends or extended family at this time and may prefer to keep the circle very small.

It's important to respect your friend's wishes during this time but do let them know that you are there for support in any way they need, even if you're not physically present at the funeral. You can send a condolence card, flowers, or a message expressing your sympathy and offering your help in other ways."
0,"I attended the funeral of a Korean friend's parents, but I didn't see my friend's pregnant wife there. I wonder why? They haven't divorced, and he said her health is fine.","In Korean culture, there are traditional beliefs and practices related to pregnancy that might explain why your friend's pregnant wife did not attend the funeral. It is commonly believed that pregnant women should avoid funerals as these events are associated with death, sadness, and mourning, which are considered negative energies. There is a concern that such negative energies could affect the health and well-being of the unborn child. Therefore, to protect the baby, pregnant women often choose not to attend funerals in Korea. This practice is rooted in the idea of shielding both the mother and the child from any potentially harmful emotional and spiritual influences."
0,"My husband is Korean. I recently became pregnant. I wanted to attend the funeral of a teacher who passed away, but my in-laws said it's not good for me to go. I wonder why? My in-laws didn’t personally know the deceased teacher.","In Korean culture, there are various traditional beliefs and practices related to pregnancy that are thought to influence the health and well-being of the unborn child. One such belief is that pregnant women should avoid attending funerals. This is based on the idea that funerals, being events associated with death and mourning, might expose the pregnant woman and her unborn child to negative energies or spirits. It is thought that such exposure could potentially bring bad luck or harm to the baby.

Additionally, the emotional stress and sorrow prevalent at funerals are considered potentially harmful to the pregnant woman's health, which in turn could affect the baby’s health. Therefore, your in-laws' advice likely stems from a place of concern for your well-being and that of your unborn child, following traditional Korean customs and beliefs.

Understanding and respecting these cultural beliefs can be important, especially in a multicultural family setting. If you have concerns or if this conflicts with your own beliefs, it might be helpful to discuss this gently with your husband or in-laws to reach a mutual understanding or find a compromise that respects both cultural and personal values."
0,"My friend is Korean. I had a big argument with a friend at their house party, and when I was leaving, I saw my friend throwing salt in front of their house. I wonder what that means? I wasn't hit by the salt.","In Korean culture, throwing salt after someone leaves can be a way to ward off bad spirits or bad luck. This practice is rooted in superstition and is believed to cleanse or purify the space from any negative energy that might have been brought in by a person or occurred during an event, such as an argument. It's likely that your friend was not targeting you personally with this action, but rather using the salt to cleanse their home after the disruption caused by the argument."
0,"My friend is Korean. Yesterday, my friend and I went to a restaurant. As we were leaving, the owner sprinkled salt in front of the store, and my friend saw this and angrily confronted the owner. I wonder why?","In Korean culture, sprinkling salt in front of a business or home after someone leaves is traditionally believed to ward off evil spirits or bad luck that the visitor might have brought. This practice is rooted in superstition and is meant to purify or cleanse the space.

If your friend angrily confronted the restaurant owner, it might be because they interpreted the act of sprinkling salt as a personal insult. Your friend could have felt that the owner was implying they brought bad luck or negative energy into the restaurant. This could be especially upsetting if your friend was unaware of this cultural practice or its intentions.

It might be helpful to discuss the incident with your friend to understand their perspective better and to explain the cultural significance behind the owner's actions, assuming it was indeed based on this traditional practice. This could help in resolving any misunderstandings and easing any hurt feelings."
0,"My relatives are Korean. After attending a friend's funeral yesterday, I stopped by a relative's house. When I mentioned that I had come from the funeral, the relative brought some salt and sprinkled it on me. I wonder why? My clothes were not dirty.","In Korean culture, it is a common practice to sprinkle salt on someone who has returned from a funeral before they enter a home. This ritual is believed to ward off any bad spirits or negative energy that might have been picked up at the funeral. The salt is considered a purifying agent that cleanses a person spiritually. This practice is rooted in the idea of protecting the home and its inhabitants from any unseen harmful influences. It's a traditional custom and is meant to ensure that nothing from the somber event follows you back into your daily life or the lives of your relatives."
0,"My friend is Korean. I run a store. Yesterday, a customer made some unpleasant demands. After hearing my story, my friend suggested that I should sprinkle salt. I wonder what that means?","In Korean culture, sprinkling salt is believed to ward off evil spirits or bad energy. This practice is often used when someone wants to cleanse a space or get rid of any negative influences. If your friend suggested sprinkling salt after hearing about the unpleasant demands from a customer, it might be their way of advising you to cleanse or purify your store to remove any negative vibes left by the incident. This is a symbolic act to ensure peace and positivity in your business environment."
0,"I have a singing audition tomorrow. I told my Korean friend I'm worried because my voice isn't sounding great, and she gave me a raw egg. I wonder why? I don't even like eggs.","In Korean culture, it's common to consume a raw egg to help soothe the throat and improve the voice before a singing performance. The belief is that the egg can coat the throat, reducing inflammation and providing a smoother vocal delivery. Even if you don't like eggs, your friend likely gave it to you with the intention of helping you prepare your voice for the audition. If you're uncomfortable with consuming a raw egg, you might consider other remedies like warm tea with honey, which can also help soothe your throat. Good luck with your audition!"
0,"My friend who is Korean has to sing at school tomorrow, and she was eating a raw egg. I wonder why? Even though she found it disgusting, she still ate it.","Your friend might be eating a raw egg because it's a common belief that raw eggs can help improve the quality of the voice. Some people think that the components of raw eggs, particularly the fats and proteins, can coat the throat and make the vocal cords more supple, potentially enhancing the singing voice. However, there's no scientific evidence to support this belief, and consuming raw eggs can pose health risks, such as salmonella infection.

It's important for singers to stay hydrated and practice good vocal techniques to maintain and improve their voice. If your friend is looking for ways to improve her singing performance, she might consider safer and more effective methods like vocal warm-ups, staying hydrated, and getting enough rest."
0,"A singer appeared on a Korean TV program yesterday. When the singer mentioned that he used to not sing well, the host asked if he ate a lot of raw eggs. I wonder what that means? Everyone laughed when they heard this.","In this context, the host's question about eating a lot of raw eggs is likely a humorous reference to an old belief or myth that consuming raw eggs can improve one's singing voice. This idea stems from the thought that raw eggs can coat the throat and possibly make the voice smoother or clearer, although there is no scientific evidence to support this claim.

The laughter from the audience suggests that the comment was taken as a light-hearted joke, playing on this old wives' tale. It's a way of teasing or making light of the singer's past struggles with singing, implying that perhaps he improved after following this quirky, traditional advice. Such playful interactions are common in entertainment shows to keep the atmosphere fun and engaging."
0,"In a Korean drama, there was a scene where the main character was preparing to become a singer. She ate a whole carton of raw eggs. I wonder why?","In some cultures, including in Korea, it's believed that consuming raw eggs can help improve the quality of one's voice. The idea is that the raw eggs coat the throat and vocal cords, potentially making the voice smoother and more mellow. This practice is particularly noted among singers who believe that it helps in reducing inflammation and providing a temporary ease in vocal performance.

However, it's important to note that there is no scientific evidence supporting the effectiveness of this method in improving vocal performance. Moreover, consuming raw eggs carries a risk of salmonella infection, which can lead to serious health issues. Vocalists typically rely on more proven methods to care for their voices, such as proper vocal warm-ups, staying hydrated, and avoiding irritants like smoking and excessive caffeine."
0,"My friend is Korean and she calls her unborn baby 'Geongang-i.' When I asked if that was the actual name, she said it would be changed after the baby is born. I wonder what she means by that?","In Korean culture, it's common to use a temporary or affectionate nickname for an unborn baby. The name ""Geongang-i"" that your friend is using translates to ""healthy one"" in English. This nickname reflects a hope or blessing that the baby will be healthy. It's not intended to be the baby's actual name but rather a term of endearment and a positive wish for the baby's well-being.

After the baby is born, the parents will choose an official name, which is often selected based on various factors including the meaning of the name, the way the Korean characters look together, and sometimes even advice from a professional namer. This official name will be used in legal documents and formal situations."
0,"My friend is Korean. I'm pregnant, and she asked what the baby's temporary name is. I wonder what that means?","In Korean culture, it's common to give an unborn baby a temporary name, known as 태명 (taemyeong). This name is used during the pregnancy before the official name is given after the baby is born. The purpose of the 태명 is to affectionately refer to the baby while still in the womb. It's a way of bonding and expressing love for the baby even before birth.

These temporary names can be playful, meaningful, or derived from hopes and wishes parents have for their child. They are not official and are often replaced by the baby's real name once they are born. This practice adds a personal and cultural touch to the pregnancy experience."
0,"My girlfriend is Korean. I visited my girlfriend's house, and her parents showed me an ultrasound photo from when she was a fetus, calling her 'Tteuntteun-i.' I wonder why? My girlfriend's name isn't 'Tteuntteun-i.'","In Korean culture, it's common for parents to use affectionate nicknames or terms of endearment for their children, especially when they are young or even before they are born. The nickname ""Tteuntteun-i"" (뜬뜬이) you mentioned doesn't have a specific meaning in standard Korean and isn't a common Korean name. It sounds like a cute, affectionate nickname that her parents coined during the pregnancy or early childhood.

Nicknames like these are often used within the family and are not necessarily related to the child's official name. They can express affection, characteristics, or hopes the parents have for their child. It's a lovely insight into the personal family culture and shows a warm, affectionate aspect of their relationship with your girlfriend."
0,"My favorite YouTuber is pregnant and she is Korean. In her video, she refers to her baby as 'Kkomul-i.' I wonder why? It doesn't seem like the actual name.","In Korean culture, ""Kkomul-i"" (꼬물이) is a term of endearment often used to refer to a baby or a small child. The word ""꼬물"" translates to ""wriggle"" or ""squirm,"" which is a cute way to describe the movements of a little baby. Adding ""-i"" at the end makes it even more affectionate and diminutive. It's similar to calling a baby ""little wriggler"" or ""squiggly"" in English.

So, when your favorite YouTuber refers to her baby as ""Kkomul-i,"" she is using this term affectionately, and it's not necessarily the baby's actual name. It's a common and adorable way to refer to a baby in Korean."
0,"I went to a party for my Korean friend's baby, where they laid out various items for the baby to grab. I wonder why? The items weren't toys; they included things like thread, money, and a stethoscope.","The event you attended is called ""Doljabi,"" a traditional Korean ceremony that takes place during a child's first birthday party, known as ""Doljanchi"" or ""Dol."" This ceremony is a highlight of the celebration and holds cultural significance in predicting the baby's future.

During Doljabi, various items are placed in front of the baby, and the baby is encouraged to pick one or more items. Each item symbolizes a specific future path or career. For example:

- **Thread or yarn** symbolizes a long life.
- **Money** suggests wealth or a prosperous life.
- **A stethoscope** might indicate a future as a doctor.
- **A book or pencil** could suggest a scholarly or academic career.
- **A hammer** might symbolize a skilled craftsman or engineer.

The choice made by the baby is believed to foretell their inclination towards a particular field or characteristic in the future. It's a fun and meaningful moment for the family and guests, filled with anticipation and joy."
0,"I am working at a Korean company. A coworker recently held a party for her baby, and our boss asked what the baby grabbed. I wonder what that means?","In Korean culture, there is a traditional celebration called a ""Doljanchi"" or ""Dol"" which is held for a baby's first birthday. During this celebration, one of the key events is the ""Doljabi"" ceremony. In this ceremony, various objects are placed in front of the baby, and the baby is encouraged to pick one or more items. Each item is believed to symbolize a certain future for the child. For example:

- A brush or a book might suggest a future as a scholar or intellectual.
- Money might suggest wealth.
- A string signifies long life.
- A stethoscope might predict a career in medicine.
- A gavel could symbolize a future as a judge or lawyer.

The item the baby chooses is said to foretell their future career, lifestyle, or personality. When your boss asked what the baby grabbed, they were likely inquiring about what the baby chose during the Doljabi, as it's a topic of interest and conversation in Korean culture, reflecting hopes and wishes for the baby's future."
0,"My wife is Korean. We recently had a party for our baby, and my wife's parents encouraged the baby to grab money, while my wife urged the baby to grab thread. I wonder what that means?","In Korean culture, there is a traditional first birthday celebration called ""Doljanchi"" or simply ""Dol."" During this celebration, a highlight is the ""Doljabi"" ceremony, where various objects are placed in front of the baby, and the baby is encouraged to pick one or more items. Each item is believed to symbolize a certain future path or trait for the baby.

The items your baby was encouraged to grab, money and thread, have specific meanings:

1. **Money**: Picking money usually symbolizes wealth and prosperity. It suggests that the baby will have a financially successful future.

2. **Thread**: Picking thread is associated with longevity and a long life. It indicates that the baby will have a healthy, long life.

These traditions are a fun and meaningful way for the family to celebrate the baby's first year and speculate about the baby's future. It's a blend of hope, blessings, and cultural heritage that makes this event so special."
0,"My friend is Korean. Recently, my friend got accepted into medical school. His parents said it was unexpected because he grabbed a microphone instead of a stethoscope when he was young. I wonder what that means?","The comment made by your friend's parents about him grabbing a microphone instead of a stethoscope when he was young is likely a metaphorical way of saying that they initially thought he would pursue a career in the arts, such as singing or public speaking, rather than in medicine. This is because a microphone is typically associated with performing or speaking in public, whereas a stethoscope is a tool used by medical professionals. Their remark highlights their surprise and perhaps pride that he chose a medical path despite earlier indications of different interests."
0,"I run a food truck. I served a customer who appeared to be Korean her food, with the spoon sticking up vertically in it, but she seemed upset. I wonder why?","In Korean culture, sticking a spoon or chopsticks vertically in a bowl of food is considered inappropriate because it resembles the way incense sticks are placed in rice during funeral rites to honor the deceased. This practice can be seen as a bad omen or disrespectful, which might explain why the customer seemed upset. It's a cultural sensitivity that might not be obvious to someone from a different background. In the future, you can avoid this by placing the spoon beside the dish or laying it across the bowl or plate. This small adjustment should help avoid any cultural discomfort for your Korean customers."
0,"My friend is Korean. Yesterday, I went on a picnic with my friend and packed a lunchbox. Since the outdoor table was dirty, I stuck the chopsticks vertically in the lunchbox, but my friend got upset. I wonder why?","Sticking chopsticks vertically into a bowl of rice (or any food) is considered disrespectful in Korean culture, as well as in other East Asian cultures like Japanese and Chinese. This is because it resembles the incense sticks that are placed in rice during funerary rites and offerings to the deceased. This act is associated with death and is seen as a bad omen. It's understandable that your friend was upset, as this gesture might have reminded them of these funeral customs. It's always a good idea to lay chopsticks flat on a rest or the edge of a plate or bowl when not in use to avoid any cultural insensitivity."
0,"Yesterday, I went to a Korean restaurant with a friend. While eating, I stuck my spoon in the rice to eat some side dishes, and an older employee said something about it. I wonder why?","In Korean dining etiquette, sticking your spoon or chopsticks vertically into a bowl of rice is considered inappropriate. This is because it resembles the way incense sticks are placed in sand during funerary rites and offerings to ancestors, which can be associated with death. It's generally more polite to lay your spoon and chopsticks on your dish or a chopstick rest when not in use. The employee might have been trying to guide you on this aspect of Korean culture."
0,I posted a photo on Instagram showing off my food with a spoon stuck in it. Korean people left negative comments. I wonder why? The food looked delicious.,"In Korean dining etiquette, sticking chopsticks or a spoon vertically into a bowl of rice (or any food) is considered disrespectful. This is because it resembles the incense sticks used in offerings and at funerals in many Asian cultures, including Korea. It's seen as a symbol of bad luck or death, which is likely why your photo received negative reactions.

To avoid such cultural misunderstandings in the future, it might be helpful to familiarize yourself with the dining customs of the cuisine you are showcasing. If you want to address the situation, you could post an apology explaining that you were unaware of this cultural significance and thank your followers for bringing it to your attention. This can be a learning experience and an opportunity to show respect for another culture."
0,"I went to a Korean relative's house. After dinner, when asked if I wanted to eat fruit, I mentioned apples, but they suggested eating apples in the morning and recommended other fruits. I wonder why?","In Korean culture, there is a common belief that certain foods are best eaten at specific times of the day based on their digestive benefits and impact on health. For apples, it is often suggested to eat them in the morning because they are believed to have qualities that help wake up the body and kickstart the digestive system. Apples contain natural sugars and dietary fiber, which can provide a gentle boost of energy and help maintain regular bowel movements.

Eating apples in the morning is thought to be beneficial because the fiber content helps to fill you up, potentially aiding in weight management by reducing the likelihood of overeating later in the day. Additionally, the natural sugars provide a more sustained form of energy compared to the highs and lows that can come from more refined sugars.

Your relatives might have recommended other fruits for the evening because they considered them lighter on the stomach or more conducive to relaxation and digestion before bedtime. Each culture has its own set of dietary practices and beliefs that might not always be strictly scientific but are followed based on tradition and personal experiences."
0,"My husband is Korean. His parents came to our house. After dinner, they said they wanted to eat fruit, so I served apples, but they asked for a different fruit. Then, in the morning, they asked for apples again. I wonder why? There's no issue with my husband's parents' memory.","In Korean culture, it's common to eat fruit after dinner as a dessert or a palate cleanser. However, the choice of fruit can sometimes be influenced by traditional beliefs or personal preferences. For example, some people might avoid certain fruits in the evening due to beliefs about digestion or health effects. Apples, being slightly acidic, might be avoided by some in the evening due to concerns that they could cause discomfort or affect sleep.

In the morning, however, apples are often seen as a refreshing and healthy start to the day. They are rich in fiber and have a crisp texture that can be more appealing in the morning for a refreshing start.

It's also possible that they simply wanted a variety of fruits and preferred something different after dinner but were happy to have apples at breakfast. It's always a good idea to have a variety of fruits at home to cater to different preferences, especially when hosting guests."
0,"My grandmother is Korean. I have a habit of eating apples after dinner. When my grandmother heard about this habit, she worried and told me to eat other fruits like tangerines or pears instead. I wonder why? I'm not allergic to apples.","In Korean culture, there is a traditional belief that certain fruits have specific effects on health, which might be influencing your grandmother's advice. Apples are sometimes thought to be cooling in nature according to traditional Korean medicine, which is influenced by the principles of yin and yang and the five elements. Eating apples at night might be considered to cool the body too much, especially after dinner when the body is preparing to wind down for rest.

On the other hand, fruits like tangerines and pears are often believed to have a more balancing effect on the body's warmth. Pears, in particular, are considered good for moisturizing and soothing the throat and lungs, which might be particularly appreciated in the evening.

Your grandmother's advice likely stems from these traditional beliefs about the properties of different fruits and their impact on health and bodily balance. It's a wonderful example of how cultural practices and traditional health beliefs can influence dietary habits."
0,"My husband is Korean. My husband's mother gave us a fruit basket as a gift. However, she said that we shouldn't eat the apples at night. I wonder why?","In Korean culture, there is a common belief that eating apples at night can cause indigestion or a sore throat. This belief is based on the idea that apples are cooling in nature according to traditional Korean medicine, and consuming them at night might lead to an imbalance in the body's internal temperature. While there is no scientific evidence to support this claim, it is a widely held notion among older generations in Korea. Your husband's mother might have advised you not to eat apples at night due to this traditional belief."
0,"My friend is Korean. Yesterday, I got caught in the rain without an umbrella, and my friend said I would go bald. I wonder why? I know it was a joke, but I don't understand what it means.","In Korean culture, there's a humorous belief that if you get caught in the rain, you might go bald. This is just a playful superstition and not based on any scientific fact. It's similar to how some cultures have playful sayings or beliefs about certain behaviors leading to unlikely consequences. Your friend was likely just teasing you in a light-hearted way, using this cultural joke."
0,"My friend is Korean. Yesterday, while walking with a friend, it rained heavily. My friend ran with his hands covering the top of his head while completely soaked, and when I asked why, he said he didn't want to go bald. What does that mean?","In Korean culture, there is a common belief or old wives' tale that getting rain on your head can lead to hair loss or baldness. This belief might stem from the idea that rainwater, especially in urban areas, can be acidic or polluted, which people think might harm the hair or scalp. Therefore, your friend was likely trying to protect his hair from the rain to avoid any potential damage that could lead to hair loss. This is not scientifically proven, but it is a cultural belief that some Koreans might adhere to."
0,"My grandmother is Korean. Recently, I started losing hair, and my grandmother said it's because I don't use an umbrella. What does she mean? I wash my hair well and dry it properly.","It sounds like your grandmother is referring to a traditional belief or cultural practice from Korea that links the use of an umbrella to protecting one's hair health. In many cultures, including Korean, there is a belief that exposure to direct sunlight or rain can damage the hair. Sunlight, for instance, can bleach and weaken hair, while rainwater, especially if it is acidic or polluted, might harm the hair and scalp.

Using an umbrella when you're outside, particularly in harsh weather conditions, can help protect your hair from these elements. It's a preventative measure to maintain the health and quality of your hair. While modern science might offer different insights into hair health, respecting and understanding these cultural practices can be meaningful, especially in family contexts. If hair loss is a concern for you, it might also be helpful to consult with a healthcare professional or a dermatologist to explore other potential causes and treatments."
0,"I have a hobby of collecting old posters. Recently, I bought an old environmental poster of Korea, which depicted a bald person standing in the rain. What does it mean?","The poster you described likely represents a message about environmental degradation and its impact on human life. The image of a bald person standing in the rain might symbolize vulnerability and exposure, suggesting that environmental damage leaves humans unprotected and directly affected by changes in nature, such as increased pollution or acid rain. In many cultures, hair is often seen as a symbol of vitality and strength; thus, baldness in this context could represent the loss of these qualities due to environmental degradation. The rain, typically a natural and cleansing phenomenon, might in this context represent harmful environmental elements that people are exposed to due to lack of environmental protection. This poster uses strong visual symbolism to convey the importance of environmental conservation and the direct impact of environmental neglect on human health."
0,"On a Korean TV program, celebrities were talking about malicious comments. One celebrity said that he thinks he will live a long time. I know it was a joke, but I don't understand what it means.","In the context of a discussion about malicious comments, the celebrity joking that he thinks he will live a long time could be a way to humorously express resilience in the face of negativity. By saying this, he might be implying that despite the harsh or negative comments, he remains unaffected and optimistic about his life and longevity. It's a way to lighten the mood and show that he is not letting the negativity impact his mental or emotional well-being. This kind of humor can also serve as a coping mechanism, helping both the speaker and the audience to deal with the serious topic in a lighter, more bearable way."
0,"My friend is Korean. My friend is a telemarketer and has a positive mindset. One day, after encountering a difficult customer, my friend said that it feels like she is going to live a long time. I know it was a joke, but I don't understand what it means.","In Korean culture, there's a humorous saying that goes, ""If you eat a lot of bitter things, you will live a long time."" This saying is often used to imply that enduring hardships or difficult situations can contribute to a longer life, much like how enduring the bitterness of certain foods is believed to be good for health.

When your friend, a telemarketer, joked about feeling like she is going to live a long time after dealing with a difficult customer, she was humorously applying this saying to her situation. She meant that dealing with challenging or unpleasant interactions, like the one she had with the customer, is akin to enduring bitterness, which, according to the saying, should extend her life. It's a light-hearted way to cope with the stress of difficult situations by finding humor in them."
0,"My friend is Korean. I was badmouthing a friend's boss with them. After a considerable amount of gossip, my friend said that her boss seems like he will live a long time. I think it was a joke, but I don't understand what it means.","In Korean culture, there's a humorous saying that implies people who are disliked or have bad qualities seem to live a long time. When your friend said her boss seems like he will live a long time, she was likely using this expression humorously to suggest that despite the negative things you were saying about him, he might annoyingly end up living a long and healthy life. It's a form of ironic humor, indicating that, paradoxically, the less desirable people are the ones who end up sticking around the longest."
0,"A retired soccer player of Korea appeared on a Korean talk show. Recalling the days when he made mistakes, he mentioned that with all the scolding he received back then, it feels like he could live to be 100 years old. What does that mean?","The retired soccer player's comment about living to be 100 years old after receiving so much scolding is likely a humorous way to express how the intense and frequent scolding he endured during his career was so significant that it could have added years to his life. In many cultures, including Korean, enduring hardships or challenges is sometimes jokingly said to increase one's lifespan. This expression plays on the idea that overcoming tough experiences builds resilience or character, metaphorically adding years to one's life. Thus, his remark was probably meant to be light-hearted and reflective of the tough but formative experiences he had while playing soccer."
0,"I went to my Korean friend's parent's funeral, and I needed to put money in an envelope. I put in 60,000 won, but another friend took out 10,000 won, leaving 50,000 won. I wonder why?","In Korean culture, it is customary to give condolence money (조의금) at funerals, and this is usually placed in a special white envelope. The amount of money given can depend on your relationship to the deceased or their family, and it is often given in clean, crisp bills.

The reason your friend might have adjusted the amount to 50,000 won could be related to the cultural practice regarding the numbers used in monetary gifts. In Korea, and in many other East Asian cultures, even numbers are considered more auspicious than odd numbers for certain occasions. This belief stems from the idea that good things should come in pairs. Therefore, giving an even number amount like 50,000 won is typically preferred over an odd number like 60,000 won for such occasions.

It's also possible that your friend adjusted the amount to align with what is customary or expected among the group of friends or colleagues attending, based on either their own experience or shared cultural understanding."
0,"My friend is Korean. We went to our teacher's funeral. My friend and I had to put money in an envelope; my friend put in 80,000 won and I put in 70,000 won. My friend's parents praised me and scolded my friend. I wonder why?","In Korean culture, the amount of money given as a condolence gift at funerals often follows specific customs, one of which involves the denomination of the bills used and the total amount given. It is considered more appropriate to give an odd number of bills or an amount that does not end in an even zero. This is because even numbers are associated with celebrations and happy occasions (like weddings), where money is typically given in even numbers to symbolize the pair (couple).

In your case, you gave 70,000 won, which likely consisted of an odd number of bills or did not end in a double zero, adhering to the cultural norms of funeral etiquette. On the other hand, your friend gave 80,000 won, which ends in an even zero and might have been seen as inappropriate for the solemnity of a funeral, hence the scolding from his parents. This practice is deeply rooted in Korean traditions and beliefs about luck and respect for the deceased and their family."
0,"My grandmother is Korean. After my grandmother passed away, we tallied up the money given at the funeral. Most people gave 50,000 won or 30,000 won, but one person gave 40,000 won. The relatives found this odd. I wonder why?","In Korean culture, the amount of money given as a condolence gift at funerals usually follows specific cultural norms, particularly concerning the numbers used. The numbers 4 and 9 are considered unlucky in Korean culture. The number 4, pronounced ""sa"" in Korean, sounds similar to the word for ""death."" Therefore, gifts involving the number 4, such as 40,000 won, are typically avoided because they can be seen as inauspicious or disrespectful.

Most commonly, people give amounts like 30,000 won, 50,000 won, or 100,000 won, which are considered more appropriate and respectful. The amount of 40,000 won given at your grandmother's funeral was likely found odd by the relatives because it inadvertently referenced an unlucky number, which is generally avoided in such solemn and significant occasions."
0,"My Korean friend's parents passed away, and at the funeral, I had to put money in an envelope. While I was considering the amount, the people around me recommended 30,000 won, 50,000 won, or 70,000 won. I wonder why?","In Korean culture, giving condolence money (조의금) at funerals is a common practice. This monetary gift is a way to express sympathy and support to the bereaved family. The amounts you mentioned—30,000 won, 50,000 won, or 70,000 won—are typical because they are considered respectful figures that also take into account the giver's financial ability.

The specific amounts often end in zero and are generally not even numbers like 40,000 or 60,000 won. This is due to the belief in Korean culture that even numbers are associated with celebrations (like weddings), whereas odd numbers are associated with somber occasions (like funerals). Although the numbers 30, 50, and 70 are technically even, they are traditionally viewed in this context as suitable for expressing condolence.

The amount you choose can depend on several factors:
1. **Your relationship with the deceased or the bereaved family:** Closer relationships often warrant a higher amount.
2. **Your personal financial situation:** It is important to give within your means.
3. **Cultural expectations and norms:** As you noticed, there are typical amounts that are commonly given, which helps in deciding what might be appropriate.

It's thoughtful to follow the guidance of those around you, especially if they are more familiar with the local customs and practices."
0,"My friend is an opera singer and likes simple things. She is Korean. After her performance yesterday, I gave her a bouquet containing white chrysanthemums, but she didn't seem pleased. I wonder why? She seemed to get along well with everyone else.","In Korean culture, white chrysanthemums are often associated with mourning and are commonly used at funerals. Therefore, giving white chrysanthemums as a gift, especially in a celebratory context like after a performance, might not be well-received as it could be considered inappropriate or bring bad luck. This cultural difference is likely the reason why your friend did not seem pleased with the bouquet.

For future occasions, consider choosing flowers like roses, carnations, or lilies, which are generally appreciated and carry positive meanings. It's always a good idea to be aware of cultural preferences and sensitivities when giving gifts, especially involving symbols like flowers that can have varied meanings across different cultures."
0,"My colleague is Korean. I was invited to a colleague's party. Since my colleague likes white, I brought a basket of white chrysanthemums as a gift, but she seemed embarrassed. I wonder why? Normally, she likes flowers.","In Korean culture, white chrysanthemums are often associated with funerals and mourning. They are typically used to show respect and condolences to the deceased and their families. Therefore, bringing white chrysanthemums to a party or celebratory event could be seen as inappropriate or inauspicious, which might explain why your colleague seemed embarrassed.

For future reference, when giving flowers in Korea, it's safer to choose colors and types that are typically associated with happiness and celebration, such as pink or yellow flowers. Popular choices include roses, carnations, or tulips. It's always a good idea to consider cultural meanings and associations when selecting gifts, especially in a cross-cultural context."
0,"My Korean friend likes chrysanthemums. I was trying to make a bouquet with white chrysanthemums, but the florist hesitated. I wonder why?","In Korea, white chrysanthemums are often associated with funerals and mourning. They are commonly used in funeral arrangements and to pay respects to the deceased. This cultural association might be why the florist hesitated when you requested a bouquet of white chrysanthemums, especially if they were aware of the cultural significance in Korean context.

If the bouquet is for a joyful or celebratory occasion, you might consider choosing different flowers or perhaps opting for chrysanthemums in another color that does not have the same connotations, such as pink or yellow. These colors are generally associated with happiness and positivity, making them more suitable for happy occasions."
0,"My boyfriend is Korean and I am going to marry him. I like chrysanthemums. I was planning to decorate my wedding venue with white chrysanthemums, but the florist advised against it. I wonder why?","In Korean culture, white chrysanthemums are often associated with mourning and funerals. They are commonly used in funeral arrangements and to honor the deceased. This association might be the reason why your florist advised against using white chrysanthemums for your wedding decorations. It's important to consider cultural symbols and meanings, especially in a multicultural wedding, to ensure that all elements of the event are respectful and appropriate.

For your wedding, you might consider other flowers that are more traditionally associated with celebrations and joyous occasions. If you still love the look of chrysanthemums, you could opt for different colors that do not carry the same cultural connotations, such as pink or yellow chrysanthemums, which are more neutral and festive. Alternatively, discussing your preferences with your florist can help you find the perfect flowers that both honor your tastes and are culturally appropriate."
0,My relatives are Korean. I'm 29 years old this year. One of my relatives told me to be careful this year. I wonder why?,"In Korean culture, there is a traditional belief related to one's age called ""Hwangap"" (환갑) and ""Eul"" years. Hwangap refers to the 60th birthday, which is a significant milestone. However, the concept of ""Eul"" years, particularly the ages of 25, 29, 33, and 37, are considered critical periods where individuals should be more cautious. These ages are thought to bring more challenges or risks.

The age of 29, which you mentioned, is one of these ""Eul"" years. It is traditionally believed that during these years, one might face more difficulties or obstacles than usual. This belief is rooted in Korean folklore and astrology, and while many modern Koreans may not strictly adhere to these traditions, some still consider them important, especially among the older generations.

It's likely that your relative mentioned being careful this year due to this cultural belief associated with turning 29. However, whether or not you choose to place significance on this belief is entirely up to you!"
0,"On my 39th birthday, my Korean friend sent me a letter advising me to be especially careful with my health and to be cautious around cars this year. I wonder why?","It sounds like your friend is referring to a belief in Korean culture related to one's zodiac year, known as the year of one's birth sign, or ""本命年 (ponmyeongnyeon)"" in Korean. According to East Asian astrology, every 12th year—when the zodiac animal of the year matches the animal of the year of one's birth—is considered significant and potentially challenging.

In Korea, it is a common belief that during your zodiac year, you may face more difficulties or bad luck. This is particularly emphasized when one turns ages that are multiples of 12 (e.g., 12, 24, 36, 48, etc.). The year you turn 39 is not traditionally considered a zodiac year, but your friend might be expressing a general concern for your well-being as you approach your 40s, which includes the age of 48, your next zodiac year.

To counteract this potential bad luck, Koreans often wear red underwear or red clothing and may engage in other protective rituals or practices. Your friend’s advice to be cautious, particularly around health and cars, might be a way of looking out for you, ensuring you remain safe and healthy as you approach another cycle in your life. It’s a thoughtful gesture rooted in cultural tradition and care."
0,"Recently, things at work haven't been going well. My Korean friend said it might be because I'm 29 years old. What does that mean?","In Korean culture, certain ages are considered to be potentially unlucky, and 29 is one of those ages. This belief is part of the traditional Korean concept of ""fan death,"" which involves specific unlucky years in a person's life. These years are thought to bring misfortune or significant challenges. For men, the critical ages are typically 25 and 42, while for women, they are 19 and 33. However, 29 can also be considered a difficult year for some, depending on personal beliefs and regional variations in superstitions.

This concept is rooted in Korean numerology and folk beliefs, and during these ""unlucky"" years, some Koreans engage in certain rituals or wear red items like bracelets or underwear, which are believed to ward off bad spirits and bring protection.

If your friend mentioned your age in this context, it might be a way of expressing sympathy or understanding for any difficulties you're facing, based on these cultural beliefs. It's a way of acknowledging that sometimes external factors, like fate or luck, are believed to play a role in one's life challenges."
0,"My friend is Korean. Recently, she had a car accident. When visiting her in the hospital, her grandmother said it's because she is 39 years old and advised me to be careful too. I wonder what she means?","In Korean culture, the age of 39 is often considered unlucky. This belief stems from the way the number is pronounced in Korean. The number ""nine"" in Korean is pronounced as ""gu,"" which sounds similar to the word for ""suffering"" or ""pain."" Therefore, the age 39, being ""samship gu"" (삼십구), can be associated with increased misfortune or hardship.

This superstition is similar to how some cultures view the number 13 as unlucky. It's not uncommon for people to take extra precautions or perform certain rituals to ward off bad luck during their 39th year. Your friend's grandmother was likely expressing concern based on this cultural belief and advising caution during this year."
0,"My friend is Korean. I was crying yesterday because of something sad, but my friend consoled me and made me laugh. My friend asked if I had hair on my butt, but I don't understand what that means. I know it was a joke, but I don't get it.""","It sounds like your friend was trying to lighten the mood with a bit of humor, which is common in many cultures when someone is upset. The question about having hair on your butt is likely just a silly, random question intended to be funny by being absurd and unexpected. It doesn't have any specific meaning or context; it's just meant to be a nonsensical question that catches you off guard and makes you laugh by its sheer randomness. It's great that your friend was able to make you laugh during a tough time!"
0,"Yesterday, my son kept fussing and crying, but when an old lady gave him a piece of candy, he stopped crying and smiled. She laughed and said, 'You'll grow horns on your butt.' I wonder what she means? She appeared to be Korean.","The phrase ""You'll grow horns on your butt"" used by the old lady is likely a playful and humorous expression from Korean culture. In Korea, there's a saying, ""엉덩이에 뿔 난다"" (eongdeong-ie ppul nanda), which literally translates to ""horns grow on the butt."" This expression is often used jokingly to suggest that someone is being mischievous or naughty. In the context of your son, the old lady was probably teasing him in a light-hearted way for being fussy until he got a piece of candy, implying that his mischievous behavior was cheeky or playful. It's a fun, affectionate way to comment on a child's behavior in Korean culture."
0,"Yesterday on a Korean talk show, a celebrity was reminiscing about her days of obscurity and started to cry. Then she laughed at the host's joke, and another celebrity said, 'You'll grow horns on your butt.' I wonder what that means?","The phrase ""You'll grow horns on your butt"" used by the celebrity in the Korean talk show is not a common idiom or expression in English or Korean. It seems to be used humorously or sarcastically in this context. The statement could imply that something unlikely or impossible will happen, similar to saying ""when pigs fly"" in English. It appears to be a playful way to respond to the sudden shift in emotions from crying to laughing, suggesting that such rapid changes are as unlikely as growing horns on one's butt."
0,"I am working in Korea. Today is my birthday. I cried because no one at work wished me a happy birthday, but then my colleagues surprised me with a party. When I smiled broadly, one colleague said, 'You'll grow hair on your butt.' I wonder what that means?","In Korea, the phrase ""You'll grow hair on your butt"" (엉덩이에 털 난다) is a humorous and light-hearted expression used when someone smiles or laughs very broadly. It's not meant to be taken literally; rather, it's a playful way to comment on someone's big smile or laughter, suggesting that it's so wide or hearty that it could cause something as absurd as hair growing on one's butt. This expression is part of the unique and playful aspects of Korean language and culture, often used among friends or colleagues to tease each other in a friendly way. So, in your case, it was likely meant to tease you affectionately about your big smile at the surprise party."
0,"My friend is Korean. She visited my dormitory. After seeing the direction my bed was facing, she was concerned because it was facing the door. I wonder why?","In Korean culture, the direction a bed faces can be significant due to beliefs influenced by Feng Shui and traditional Korean superstitions. One specific belief is related to the concept of ""geomancy,"" which is similar to Feng Shui.

Your friend's concern about your bed facing the door might be related to the Korean superstition concerning the ""death position."" According to this belief, it is considered inauspicious for a bed to directly face the door because it resembles how the deceased are positioned during a funeral, with their feet facing the doorway. This arrangement is thought to invite bad energy or misfortune.

In Korea, it's common to position the bed in a way that the feet do not directly face the door. This is thought to promote better energy flow and to avoid bad luck. Your friend's concern likely stems from a desire to see you avoid what she perceives as a negative setup according to her cultural beliefs."
0,"I run an interior design company. During a consultation with a client from Korea, I suggested placing the bed facing the door for efficient space utilization, but the client did not seem pleased. I wonder why?","In Korean culture, the placement of a bed facing directly towards the door is often avoided due to a traditional belief related to the ""death position."" According to this belief, when a person passes away, their feet are positioned facing the door to allow the spirit to exit the room. This is rooted in the Korean funeral tradition where the deceased is placed in this manner. Therefore, aligning a bed directly with the door can be seen as inauspicious or uncomfortable for some Korean people.

To address this cultural sensitivity, you might consider suggesting alternative layouts that do not position the bed directly facing the door. This could involve placing the bed against a different wall or adjusting the orientation so that the foot of the bed does not directly face the door. It's also helpful to engage in a conversation with your client about their cultural preferences and any specific practices they might want to adhere to in their home design. This approach not only respects the client's cultural background but also enhances client satisfaction by aligning the design with their comfort and beliefs."
0,"My relatives are Korean and one of them came to our house. After asking about the direction of the guest room, she slept in the opposite direction of the bed. I wonder why? For reference, the direction of the bed in the guest room was north.","In Korean culture, there is a traditional belief related to the direction in which one sleeps, which is influenced by the practice of Pungsu (Korean Feng Shui). According to this belief, it is considered inauspicious to sleep with one's head facing north. This custom originates from the way the deceased are laid to rest, as traditionally, corpses are positioned with their heads facing north. Sleeping in this direction is therefore associated with bad luck or death.

If your relative chose to sleep in the opposite direction of the bed, which was facing north, it's likely that she was adhering to this cultural belief to avoid bad luck. This practice is not universally followed by all Koreans today, especially among the younger generation, but it is still observed by some, particularly those who are more traditional."
0,My friend is Korean. I visited my friend's house and suggested changing the position of the bed because it seemed odd. My friend said the direction I suggested was north. I wonder what that means?,"In Korean culture, the direction of the bed can be significant due to traditional beliefs related to Feng Shui and other cultural superstitions. One specific belief is related to the direction the head faces while sleeping. It is considered inauspicious to have the head facing north while sleeping. This belief stems from the traditional Korean burial practice where the deceased are laid to rest with their heads facing north. Therefore, positioning a bed with the head facing north is associated with death and is generally avoided.

Your friend's reluctance to position the bed facing north likely stems from this cultural belief. It's a good example of how cultural practices and beliefs can influence everyday decisions like furniture arrangement in a home."
