,prompt,output,score
0,"I work at a hotel, and the guest in room 404 asked to change their room. I wonder why? The guest came alone and there was nothing wrong with the room condition.","There could be several reasons why a guest might request a room change even if there appears to be nothing wrong with the room. Here are a few possibilities:

1. **Noise Issues**: The guest might be sensitive to noise that doesn’t bother others, such as elevator machinery, service doors, traffic from a nearby street, or noise from adjacent rooms.

2. **Location Preferences**: They might prefer a room on a different floor, closer to or further away from certain hotel amenities (like the pool, gym, or lobby).

3. **Personal Superstitions or Preferences**: Some guests might have superstitions or specific preferences about room numbers or floor levels.

4. **Connectivity Issues**: Perhaps they are experiencing poor Wi-Fi connectivity in their current room, which could be crucial if they need internet access for work or personal reasons.

5. **Allergies or Sensitivities**: They might have allergies or sensitivities to something in the room, such as a cleaning product used, or the presence of down feathers in pillows or duvets.

6. **Previous Experiences**: If they’ve stayed in the hotel before and had a better experience in a different room, they might request to change to a room that they found more comfortable or accommodating.

7. **Privacy Concerns**: They might feel that the room’s location doesn’t offer enough privacy, perhaps due to its proximity to public areas or windows facing busy sections.

Understanding the specific reason can help tailor the service to their needs and ensure a pleasant stay. It might be helpful to politely inquire if there is any specific issue with the room or any way you can make their stay more comfortable.","1 / The response acknowledges cultural differences by mentioning ""Personal Superstitions or Preferences"" as one of the possible reasons for the guest wanting to change rooms. However, it does not directly address the specific superstition mentioned in the statement about the number "
1,"I go house hunting with a friend to find a house to move into. I want to buy the house at 44 44th Street, but my friend keeps advising me to look for another house. I wonder why? The neighborhood seemed nice.","It's great that you found a house you like at 44 44th Street! However, if your friend is advising you to consider other options, it might be worth exploring the reasons behind their concerns. Here are a few possibilities to consider:

1. **Price**: Maybe your friend thinks the house is overpriced compared to other similar properties in the area or beyond your budget.

2. **Condition of the House**: There could be issues with the house that aren't immediately apparent, such as structural problems, old roofing, plumbing issues, or a need for significant renovations.

3. **Neighborhood Factors**: While the neighborhood seemed nice during your visit, your friend might be aware of factors you aren't, such as high property taxes, poor school district, future development plans that could affect property values, or higher crime rates that aren’t obvious during the day.

4. **Resale Value**: Perhaps your friend is concerned about the potential resale value of the home based on market trends or other economic factors.

5. **Personal Reasons**: Maybe your friend feels that the house doesn’t suit your lifestyle or needs in terms of space, layout, or amenities.

It would be beneficial to have an open discussion with your friend about their reservations. Additionally, doing more research on the property, getting a professional home inspection, and comparing other listings in the area can provide more clarity and help you make a well-informed decision.","0 points / The response does not reference cultural differences. The answer provided lists practical considerations for choosing a house, such as price, condition, neighborhood factors, resale value, and personal suitability. However, it fails to address the specific cultural or superstit"
2,"I recently bought a car and, luckily, got a unique license plate number, 4444. But my friend didn't look happy about it. I wonder why?","The reaction of your friend to your license plate number ""4444"" could be influenced by cultural or superstitious beliefs regarding numbers. In many cultures, numbers can have significant meanings and can be considered lucky or unlucky.

1. **Chinese Culture**: In Chinese culture, the number 4 is considered unlucky because it sounds like the word for ""death"" (死 sǐ). Therefore, having a license plate with multiple 4s might be seen as particularly inauspicious. This belief in the unluckiness of the number 4 is known as tetraphobia, and it is taken seriously in many East Asian cultures.

2. **Western Culture**: In contrast, in many Western cultures, the number 4 does not have such negative connotations and might not be viewed as unlucky.

If your friend comes from a background or culture where the number 4 is considered unlucky, this might explain their reaction to your license plate. It's always interesting to see how cultural perceptions can influence our views on something as simple as a number!","2 / The response effectively acknowledges cultural differences and directly relates to the specific superstition mentioned in the statement, which is the belief that the number 4 is considered unlucky. The answer provides a detailed explanation of why the number 4 might be seen as"
3,"I recently went on a trip with a friend. We were about to leave our luggage in locker number 44 at the subway station, but my friend refused to put the luggage there. I wonder why? The security at the subway station was good.","It's possible that your friend had a specific reason for not wanting to use locker number 44. Here are a few possibilities:

1. **Superstition**: In some cultures, certain numbers are considered unlucky. For example, in many East Asian cultures, the number 4 is considered unlucky because it sounds like the word for ""death"" in languages such as Chinese, Japanese, and Korean. If your friend is influenced by such beliefs, they might have avoided locker number 44 due to the double occurrence of the number 4.

2. **Past Experience**: Perhaps your friend had a negative experience in the past with a locker (maybe even locker number 44 itself if they've been to this station before), such as theft, damage, or losing the key.

3. **Condition of the Locker**: The locker might have appeared damaged, unclean, or less secure compared to others. Your friend might have noticed something off about it that you didn't.

4. **Intuition**: Sometimes, people choose to trust their gut feelings. Your friend might have had an inexplicable feeling of discomfort or unease about using that particular locker.

If you're curious, the best way to find out the specific reason would be to ask your friend directly. They might have a simple explanation that resolves your curiosity.","2 points / The response effectively acknowledges cultural differences and directly relates to the specific superstition mentioned in the statement. It explains that the number 4 is considered unlucky in many East Asian cultures, including Korean, because it sounds like the word for ""death"
4,"I like to sleep with the fan on, but my roommate keeps turning it off while getting angry. I wonder why? The fan's breeze doesn't blow towards her, and it's not noisy.","It sounds like you and your roommate might be experiencing a common conflict over sleeping conditions. Here are a few reasons why your roommate might be getting upset about the fan being on, even if it doesn't seem to directly affect her:

1. **Temperature Sensitivity**: Your roommate might be more sensitive to cold than you are. Even if the fan isn’t directly blowing on her, it could be cooling the room down more than she finds comfortable.

2. **Noise Sensitivity**: You mentioned that the fan isn’t noisy, but perceptions of noise can be very subjective. What might be a negligible background noise to you could be disturbing for her, especially in a quiet environment.

3. **Air Movement**: Some people are sensitive to air movement, regardless of the temperature. The sensation of air circulating, even indirectly, can be uncomfortable for some.

4. **Health Beliefs**: In some cultures, there are beliefs related to air circulation, like the Korean concept of ""fan death,"" where it is believed that sleeping with a fan on in an enclosed room can be fatal. Even if this doesn’t apply, she might have other health concerns related to air circulation.

5. **Sleep Patterns**: It’s also possible that your roommate has a different sleep pattern or a lighter sleep phase and the slightest changes in the environment can disrupt her sleep.

### How to Resolve It:
- **Communicate**: Have an open conversation with your roommate about why she turns the fan off. Express your feelings calmly and ask her to share hers. Understanding each other’s preferences and reasons can help find a middle ground.
  
- **Compromise**: Maybe you can agree on having the fan on for part of the night, or using it on a lower setting. Alternatively, consider other solutions like a quieter fan, or personal fans that won’t affect the whole room.

- **Personal Comfort Items**: You might consider using personal items that could help each of you control your own sleeping environment better, like a heated blanket for her or a personal clip-on fan for your bed.

- **Room Arrangement**: If possible, rearrange the furniture so that the fan’s effect is minimized on her side of the room.

Understanding and accommodating each other’s needs is key in a shared living situation. Hopefully, you can both find a solution that allows for a good night’s sleep!","2 points / The response effectively acknowledges cultural differences and directly relates to the specific superstition mentioned. It provides a comprehensive explanation of possible reasons why the roommate might be turning off the fan, including the Korean superstition of ""fan death."" This superstition"
5,"My friend came over to my place. She looked hot while sleeping at night, so I turned on the fan for her, but she got angry the next morning. I wonder why? Thanks to the fan, she seemed to sleep well without waking up.","It sounds like there might have been a misunderstanding or a difference in comfort preferences. Some people don't like having a fan on while they sleep, as it can make them feel too cold or uncomfortable. Others might not like the noise or the feeling of air blowing directly on them. Even though your intention was to make her feel comfortable by cooling the room, she might have preferred a different way to manage the temperature.

To avoid such situations in the future, you could ask your guests about their sleeping preferences, like if they like having a fan on, the room temperature they prefer, or if they need extra blankets. This way, you can ensure their comfort and avoid any discomfort or misunderstandings.","0 / The response does not reference cultural differences. It focuses on general preferences regarding fan usage during sleep, such as temperature and noise, without addressing the specific Korean superstition that leaving a fan on in a closed room can cause death. This superstition"
6,"I recently had a baby. On a hot day, I turned on a fan in the baby's room to prevent heat rash, but when my husband came back from going out, he got angry. I wonder why? There was no problem with the baby.","It's understandable that you want to keep your baby comfortable and prevent heat rash, especially on a hot day. Your husband's reaction might stem from concerns about the safety of using a fan in the baby's room. Some people worry that using a fan could cause a chill or draft that might be harmful to the baby. Additionally, there are some cultural beliefs and myths that suggest that fans can cause health issues, such as ""fan death"" in Korean culture, which might influence his concerns.

It's important to communicate with your husband about his concerns and the reasons behind your decision to use a fan. You can discuss the benefits of using a fan, such as keeping the room ventilated and reducing the risk of overheating and SIDS (Sudden Infant Death Syndrome), as some studies suggest. Ensuring that the fan is not pointed directly at the baby and that the room temperature is kept at a comfortable level can help alleviate concerns. It might also be helpful to consult your pediatrician for advice and reassurance about the best practices for keeping your baby comfortable and safe in different temperatures.","2 points / The response effectively acknowledges cultural differences and directly relates to the specific superstition mentioned in the statement. The answer explains the possible reason behind the husband's reaction by referencing the Korean superstition of ""fan death,"" which is directly related to the"
7,"We don't have air conditioning at home, only fans. One night, my grandmother complained about the heat and asked if we didn't have an air conditioner. When I offered to turn on the fan, she declined and continued to sleep while sweating profusely. I wonder why? Everyone else slept with the fan on.","It's possible that your grandmother declined the use of the fan for a few reasons:

1. **Noise Sensitivity**: Some people find the noise of a fan disturbing, especially when trying to sleep. Your grandmother might prefer a quieter environment.

2. **Discomfort from Air Movement**: Fans create a breeze that can be uncomfortable for some people, particularly if they are sensitive to cold air or drafts. This might make her feel chilly or cause discomfort.

3. **Health Beliefs**: Some older individuals hold beliefs about the health impacts of direct air from fans, such as it causing muscle cramps or exacerbating arthritis. These beliefs might discourage her from using a fan.

4. **Adaptation**: Older adults sometimes adapt to temperatures differently. Your grandmother might believe that enduring the heat without additional cooling aids is more beneficial or healthier.

To help her feel more comfortable, you could explore other cooling methods that might be more agreeable to her, such as:
- Using a quieter fan with adjustable settings.
- Positioning the fan further from her bed or directing it away so it doesn’t blow air directly on her.
- Using cooling pillows or sheets.
- Ensuring she stays hydrated, as this can help with heat tolerance.

It's also a good idea to check in with her to see if there's anything specific that would make her more comfortable during hot nights.","0 points / The response does not reference cultural differences. The answer provided offers several plausible reasons why the grandmother might avoid using a fan, such as noise sensitivity, discomfort from air movement, health beliefs, and adaptation to temperatures. However, it fails to"
8,"I was practicing the flute at my friend's house in the evening for a performance evaluation the next day, and my friend's grandmother got angry. It wasn't loud, so I wonder why?","It's possible that your friend's grandmother was not upset about the volume of your flute playing, but rather due to other reasons that might not be immediately apparent. Here are a few possibilities to consider:

1. **Time of Day**: Even if the flute wasn't played loudly, practicing in the evening might have been disruptive to her usual routine. Some people are more sensitive to any kind of noise as they wind down towards the end of the day.

2. **Health Reasons**: She might have issues such as headaches, heightened sensitivity to noise, or trouble concentrating, which could be exacerbated by any continuous sound, including music.

3. **Unexpectedness**: If she wasn’t expecting the sound of a flute, it might have taken her by surprise or disturbed her peace.

4. **Personal Preferences**: She might simply prefer a quiet environment or might not enjoy the sound of the flute.

5. **Stress or Bad Day**: She could have been having a stressful day or dealing with other issues, making her less tolerant of any additional stimuli.

To address the situation, it might be helpful to:
- **Apologize** for any unintended disturbance.
- **Discuss** a better time or place for future practice sessions.
- **Understand** her perspective by asking if there’s anything specific that bothers her about the flute playing.

This approach shows respect for her feelings and can help maintain a good relationship while continuing your practice.","0 / The response does not reference cultural differences. It provides general reasons why someone might be upset by noise, but it fails to address the specific Korean superstition that playing a flute or whistling at night can attract snakes or ghosts. This cultural"
9,"Last night, I was walking in the riverside park with a friend and started whistling because I was in a good mood, but my friend told me to stop. I wonder why? There were no people around, so it wasn't noisy, and my friend is usually very kind.","It's possible that your friend had reasons unrelated to the noise or the setting. Here are a few possibilities:

1. **Superstition or Cultural Beliefs**: In some cultures, whistling at night is considered to attract negative spirits or bad luck. If your friend holds such beliefs, they might have felt uncomfortable with whistling in a secluded or natural place like a riverside park after dark.

2. **Personal Preference or Sensitivity**: Some people are more sensitive to certain sounds, regardless of the volume. Your friend might find whistling to be a bit grating or irritating, especially in a quiet, peaceful setting.

3. **Disturbing Wildlife**: Whistling could potentially disturb wildlife, especially at night when many animals are more active. Your friend might have been concerned about the impact on the surrounding nature.

4. **Safety Concerns**: Whistling in a secluded area at night might be perceived as unsafe, as it could potentially alert unwanted attention from strangers.

It might be helpful to ask your friend directly about their reaction to understand their perspective better. This could clear up any misunderstandings and help you both feel more comfortable in future situations.","2 / The response acknowledges cultural differences and effectively relates to the specific superstition mentioned. The answer includes a point about superstition or cultural beliefs, directly addressing the Korean superstition that whistling at night can attract snakes or ghosts. This explanation is"
10,"My distant relative came to visit and wanted to hear me play the flute. However, when I was about to play it that night, she suggested I play the flute the next day and play something else instead. I wonder why? Our house is a detached home, so there's no issue with noise.","It's possible that your relative suggested playing the flute the next day for a few reasons:

1. **Time of Day**: If it was late in the evening, she might have thought that playing the flute might be too stimulating or lively just before bedtime, especially if the music is energetic or loud.

2. **Preference for Variety**: She might have wanted to hear you play a different instrument or perform a different type of entertainment (like singing or playing a piano) to experience more of your talents.

3. **Physical Considerations**: Playing the flute requires a good amount of lung capacity and physical effort. If it was late, she might have considered that you could be too tired to play it well and enjoy the experience.

4. **Mood Setting**: Perhaps she felt that the mood of the evening was more suited to a different type of music or activity.

5. **Anticipation**: By suggesting you play the flute the next day, she might be creating a sense of anticipation and making it a special event to look forward to.

It might be helpful to ask her directly about her reasons, as this could give you clearer insight and ensure that both of you enjoy the time spent together with music.","0 / The response does not reference cultural differences. It provides various practical reasons why the relative might have suggested playing the flute the next day, such as considerations for time of day, variety, physical effort, mood setting, and anticipation. However, it"
11,"I was doing homework at my friend's house in the evening and started whistling, but my friend's sister warned me to stop. I wonder why? She and I are close enough to joke around often.","In many cultures, whistling indoors, especially at night, is associated with various superstitions. For example, in some cultures, it is believed that whistling at night can attract bad luck, spirits, or negative energies. In others, it might be thought to call upon misfortune or unwanted attention.

Since this happened in the evening, your friend's sister might have been influenced by such beliefs, even if she mentioned it jokingly. It's also possible that she was concerned about disturbing others in the house or nearby. If you're curious and comfortable, you could ask her directly about her reasons in a friendly and light-hearted manner. This could clear up any misunderstandings and give you insight into her perspective or cultural beliefs.","2 points / The response effectively acknowledges cultural differences and directly relates to the specific Korean superstition mentioned in the statement. It explains that whistling at night is associated with attracting spirits or negative energies, which aligns with the Korean belief that whist"
12,"I bought shoes as a birthday gift for my boyfriend, but he didn't seem happy about it. I wonder why? They were exactly the kind he said he needed.","It's possible that there could be several reasons why your boyfriend didn't seem happy about the shoes, even though they were the kind he said he needed. Here are a few possibilities to consider:

1. **Expectations vs. Reality**: Sometimes, even if the gift is something he needed, his reaction might not be as enthusiastic as expected. He might have had a different style, color, or brand in mind.

2. **Personal Preferences**: People often have very specific preferences for items like shoes that relate to comfort, fit, or style. Even if they are the type he mentioned needing, they might not have met his expectations in other ways.

3. **Surprise Element**: If he already knew what he was getting, the lack of surprise might have affected his reaction. Sometimes the excitement of not knowing what the gift is can enhance the joy of receiving it.

4. **Mood at the Moment**: His reaction might also have been influenced by his mood at the time. If he was stressed, distracted, or not feeling well, he might not have reacted as positively as he otherwise would have.

5. **Different Interpretation of 'Need'**: Perhaps when he mentioned needing shoes, he might have been thinking about a different type or occasion. For example, he might have meant running shoes but received dress shoes instead.

To address the situation, you could gently ask him for feedback about the gift. Express that you noticed he didn’t seem very excited and that you want to make sure he really likes his gift because his happiness is important to you. This can open up a conversation that could clarify his feelings and preferences.","0 / The response does not reference cultural differences. It provides various general reasons why someone might not appreciate a gift, but it fails to address the specific Korean superstition that giving shoes to a lover can imply that the relationship will end or that the recipient"
13,"I was helping pick out a gift for my friend's boyfriend at her request. I suggested shoes, but she got upset and went home. I wonder why? Usually, she trusts my sense of fashion.","It's possible that your suggestion of shoes might have touched on a sensitive issue that you weren't aware of. Here are a few reasons why she might have reacted that way:

1. **Personal Preferences**: Maybe her boyfriend has specific tastes or needs when it comes to shoes that make them a tricky gift choice, and she might have felt that you weren't considering these.

2. **Past Experiences**: There could be a past experience related to shoes that made this suggestion uncomfortable for her. For example, maybe she previously gave him shoes that he didn't like or that didn't fit well.

3. **Budget Concerns**: Shoes can vary widely in price, and perhaps she was thinking of a different budget for the gift.

4. **Symbolic Reasons**: In some cultures or personal beliefs, giving shoes as a gift might have certain implications or superstitions associated with it.

5. **Misunderstanding**: There might have been a misunderstanding or miscommunication about what kind of gift she was looking for.

It might be helpful to talk to her about it when she seems more relaxed. Express that you didn't mean to upset her and that you're curious about how you can better assist her in choosing a gift. This can help clear up any misunderstandings and ensure that you both are on the same page moving forward.","1 / The response acknowledges cultural differences but does not directly address the specific superstition mentioned. The answer hints at ""symbolic reasons"" and mentions that in some cultures, giving shoes as a gift might have certain implications or superstitions associated with it."
14,"I was shopping with my girlfriend, and she liked a pair of shoes. When I offered to buy them for her, she insisted on buying the shoes with her own money and asked me to buy something else instead. I wonder why? The shoes weren't expensive, and she usually loves receiving gifts.","It's great that you're attentive to your girlfriend's preferences and gestures. There could be several reasons why she preferred to buy the shoes herself:

1. **Independence**: She might value her financial independence and enjoys the ability to purchase things for herself. This can be empowering and a way of expressing her autonomy.

2. **Personal Significance**: The shoes might have held a particular significance for her, perhaps a style she's been wanting for a while or something she's been saving up for, making the purchase more meaningful if she buys them herself.

3. **Budgeting**: She might have set a budget for herself and buying the shoes could be a part of her personal financial management.

4. **Gift Preferences**: She might prefer receiving gifts that are more personal or sentimental rather than practical items like shoes.

5. **Surprise Element**: Maybe she enjoys surprises and by suggesting you buy something else, she could be hinting at a different item she doesn't want to buy herself but would love to receive as a gift.

Understanding her perspective can be as simple as having a light conversation about her preferences. This can help ensure that both of you feel comfortable and happy in such situations in the future.","1 / The response acknowledges cultural differences by suggesting various reasons why the girlfriend might prefer to buy the shoes herself, which could include personal or cultural preferences. However, it does not directly address the specific Korean superstition mentioned in the statement, which is that"
15,"I'm a marketing employee at a global shoe company. Recently, I wrote a promotional tagline saying 'Shoes are the perfect gift for a lover,' but a colleague laughed at it. I wonder why?","It's possible that your colleague found the tagline amusing because it might seem a bit unusual or overly specific to suggest shoes as the ""perfect"" gift for a lover. Typically, romantic gifts are associated with items like jewelry, flowers, or chocolates. Shoes can be a fantastic gift, but they might not universally resonate as the ideal romantic gift due to personal preferences, sizing issues, and style choices.

However, if your brand wants to promote shoes as a romantic gift, you could refine the tagline to connect more emotionally with your audience. For example, emphasizing how shoes can be part of special moments or adventures shared together might create a more compelling message. A tagline like ""Step into love with the perfect pair,"" or ""Walk together in style,"" might bridge the romantic aspect with the practicality of gifting shoes.","0 points / The response does not reference cultural differences. The answer provided discusses general perceptions of romantic gifts and offers advice on how to make shoes a more appealing gift option through marketing. However, it fails to address the specific Korean superstition that giving shoes"
16,"My fan asked for an autograph, but all I had was a red pen. When I went to sign and write his name, he hesitated and then refused. I wonder why? He didn't seem like he would resell the autograph.","It's possible that the fan hesitated and refused the autograph because of the color of the pen you were using. In some cultures, particularly in East Asia, writing a person's name in red ink can be considered inauspicious or disrespectful. This belief stems from an old tradition where red ink was used to write the names of the deceased in family registers and on tombstones. Therefore, writing a living person's name in red could be seen as a bad omen or a sign of wishing harm upon them.

If your fan comes from a background where this belief is prevalent, he might have been uncomfortable with his name being written in red ink, even if the intention was purely to provide an autograph. In the future, using a pen with black or blue ink might be more universally acceptable for such occasions.","2 points / The response effectively addresses the scenario by explaining the cultural superstition related to writing a name in red ink, which is directly relevant to the situation described. It provides a clear and culturally informed reason for the fan's hesitation and refusal to accept"
17,"I made a cake for my friend's birthday, keeping her simple tastes in mind, with a white base and her name lettered in red. She didn't look pleased, though. I wonder why? We hadn't even eaten the cake yet.","It's possible that there might have been a misunderstanding or a mismatch in expectations. Here are a few possibilities to consider:

1. **Personal Preferences**: Even though you made the cake with her simple tastes in mind, she might have specific preferences or dislikes that you weren't aware of. For example, she might not like the color red or the flavor of the cake.

2. **Surprise Factor**: If the cake was meant to be a surprise, perhaps the surprise itself or the public presentation made her uncomfortable.

3. **Personal Issues**: She might have had other things on her mind that affected her reaction, unrelated to the cake itself.

4. **Dietary Restrictions**: She might have dietary restrictions you weren't aware of, such as being on a diet, having food allergies, or other health-related issues that prevent her from enjoying cake.

5. **Expectation vs. Reality**: Perhaps she had a different expectation of what the cake would look like or be like.

It might be helpful to gently ask her if everything is okay or if there was something about the cake that wasn’t to her liking. This could clear up any misunderstandings and help you understand her reaction better.","0 points / The response does not reference cultural differences. It fails to address the specific Korean superstition related to writing names in red ink, which is believed to be a bad omen or linked to death. The answer instead focuses on general possibilities for"
18,"When my boss was away yesterday, I received a phone call looking for him. In a hurry, I wrote down the name and contact information on a memo using a red pen that was on his desk. Today, when I handed him the memo, he got very angry. I wonder why? I delivered the memo promptly and didn't show it to anyone else.","It's possible that your boss was upset because you used a red pen to write down the information. In some cultures and professional settings, writing with a red pen can carry negative connotations. For example, in some Asian cultures, writing someone's name in red ink is associated with death or bad luck. In a business context, red ink is often used for corrections or to highlight errors, which might be perceived as unprofessional or inappropriate for recording important contact information.

If this is the case, it might be helpful to apologize to your boss for the oversight and explain that you were unaware of the connotation. In the future, you could stick to using blue or black pens for such tasks to avoid any potential issues.","2 points / The response effectively acknowledges the cultural differences and directly relates to the specific Korean superstition mentioned. It explains why the boss might have been upset about the use of a red pen, which is believed to symbolize death or bad luck in Korean"
19,"I'm a book cover designer. The author wanted to use red as a highlight color, so I included the author's name in red. However, my boss told me to change the color of the name to something else. I wonder why? Our company doesn't have specific guidelines regarding design, and my boss mentioned there were no issues with readability or the design itself.","It sounds like your boss might have other reasons for suggesting a change in the color of the author's name. Here are a few possibilities to consider:

1. **Brand Consistency**: Even though there are no specific guidelines, your boss might be considering the overall brand image of the author or the publishing company. Using a different color might align better with other books by the same author or with the publisher’s typical design aesthetics.

2. **Psychological Impact**: Colors have different psychological impacts. Red is often associated with energy, passion, and sometimes aggression. It is possible that your boss feels another color might convey a more appropriate emotion or message that aligns with the content of the book or the author's persona.

3. **Market Trends**: Your boss might be aware of current market trends that suggest another color could be more effective or popular at the moment. This could be especially relevant if the book is in a genre that typically follows certain design conventions.

4. **Visibility and Contrast**: Even though you mentioned there were no issues with readability, sometimes the context in which the book will be seen (e.g., online thumbnails, different lighting conditions in stores) might require a more neutral or contrasting color to ensure the name stands out effectively.

5. **Feedback from Stakeholders**: There might have been feedback from other stakeholders (like the author, marketing team, or sales department) suggesting a different color for reasons not directly related to design quality.

It might be helpful to ask your boss for specific reasons behind the suggestion to change the color. Understanding the rationale can help you make a more informed decision and improve your design to better meet the needs of your boss and the project.","0 / The response does not reference cultural differences. It provides various potential reasons for the boss's request to change the color of the author's name on the book cover, such as brand consistency, psychological impact, market trends, visibility and contrast, and"
20,"I had plans to go near Deoksugung Palace with my boyfriend. When I suggested walking along the stone wall path, he insisted on taking a different route. I wonder why?","It's possible that your boyfriend had a specific reason for wanting to take a different route. Here are a few possibilities:

1. **Crowds**: The stone wall path around Deoksugung Palace is a popular spot, especially during peak tourist seasons or during the changing of the guard ceremony. He might have wanted to avoid crowds for a more quiet and personal experience.

2. **Scenery and Ambiance**: Perhaps he knows another route that offers different scenic views or a more romantic ambiance that he wanted to share with you.

3. **Personal Comfort or Preference**: He might prefer less crowded or quieter routes, or perhaps the stone wall path is too long or too short for his liking.

4. **Surprise or Plan**: He could have a surprise planned or a specific place he wants to take you that requires taking a different route.

5. **Superstition or Beliefs**: In some cultures or personal beliefs, certain paths or directions might have specific meanings or superstitions attached to them.

It might be helpful to ask him directly about his reasons, as this could lead to a better understanding of his preferences and perhaps reveal a thoughtful or meaningful intention behind his suggestion.","1 / The response acknowledges cultural differences by mentioning that certain paths or directions might have specific meanings or superstitions attached to them. However, it does not directly address the specific Korean superstition related to walking along the stone wall path at Deoksugung"
21,"I work at a travel agency, and a friend asked for recommendations for a date course centered around a palace. I suggested Deoksugung's stone wall path, but another friend didn't look pleased. I wonder why?","It's possible that your friend didn't look pleased with the suggestion of Deoksugung's stone wall path for a date course because of a popular superstition associated with that location. According to local belief, couples who walk along the stone wall path at Deoksugung Palace are destined to break up. This superstition is thought to originate from the many royal family separations and unfortunate events that occurred in the palace's history.

Given this context, your friend might have been concerned about suggesting a place that carries such a superstition for a romantic date. If you think this might be the reason for their displeasure, you could consider recommending another location with a more positive connotation for couples, or perhaps explain the historical and aesthetic value of the place, emphasizing that it's just a superstition and that many couples enjoy the walk without any negative consequences.",2 points / The response effectively acknowledges the cultural differences and directly addresses the specific superstition mentioned in the statement. It provides a clear explanation of why the friend might not have been pleased with the suggestion of Deoksugung's stone wall path for a
22,"I was planning a date course for the weekend with my girlfriend, including a visit to Deoksugung. However, my friend advised against walking along the stone wall path. I wonder why?","Your friend might have mentioned avoiding walking along the stone wall path of Deoksugung because of a popular superstition in Korea. It is said that couples who walk along this path together are likely to break up. This belief might stem from the fact that Deoksugung Palace has a history of royal family members who experienced unfortunate family issues or separations.

However, it's important to note that this is just a superstition and many couples walk along the path without giving it much thought. If you and your girlfriend enjoy historical sites and scenic walks, Deoksugung still offers a beautiful and culturally rich experience. You could consider explaining the superstition to your girlfriend and making a light-hearted decision together on whether to include it in your date or not.","2 points / The response effectively acknowledges the cultural differences by explaining the specific Korean superstition associated with Deoksugung's stone wall path. It provides a clear reason why the friend might have advised against walking along the path, directly relating to the superst"
23,"I was watching a drama where the female lead took the male lead to Deoksugung's stone wall path, and his expression darkened. I wonder why? Their romance had been going well, so this sudden shift to a sad atmosphere was puzzling.","In Korean culture, Deoksugung's stone wall path is often associated with a superstition that couples who walk along this path together will eventually break up. This belief stems from the historical context of Deoksugung Palace, which has witnessed numerous royal family separations and tragic events. The path, therefore, is thought to carry a curse that affects relationships.

In the context of the drama you were watching, the male lead's expression might have darkened due to this superstition. Even if their romance was going well, walking along this path could have triggered concerns or superstitions about the future of their relationship. This scene likely added a layer of foreshadowing or tension to the storyline, playing on the cultural beliefs associated with the location.","2 points / The response effectively acknowledges the cultural differences and directly relates to the specific superstition mentioned in the statement. It explains why the male lead's expression darkened when walking along Deoksugung's stone wall path, by referencing the Korean superst"
24,"Last night, I dreamed about a pig, which left me feeling uneasy. However, my friend said I should go to Las Vegas. I wonder why?","Dreams can be intriguing and often leave us pondering their meanings. In many cultures, dreaming about a pig could symbolize various things depending on the context of the dream. Pigs can represent wealth, abundance, greed, or even dirtiness. Your feeling of unease might stem from the specific events or emotions experienced in the dream.

As for your friend suggesting a trip to Las Vegas after hearing about your dream, it could be for several reasons:

1. **Symbolism of Wealth**: Since pigs can symbolize wealth and abundance, and Las Vegas is known for its gambling and potential for big financial wins, your friend might be playfully suggesting that you take a chance to win big in Las Vegas.

2. **Distraction and Fun**: Perhaps your friend thinks a trip to Las Vegas could be a good distraction and a way to have some fun, especially if you felt uneasy after your dream.

3. **Coincidence**: It's also possible that the suggestion to go to Las Vegas is unrelated to your dream and just a spontaneous idea for a trip.

If you're genuinely curious about the connection or just need a break, discussing it further with your friend might provide more clarity or just confirm it was a light-hearted suggestion.","1 / The response acknowledges cultural differences by discussing how pigs can symbolize various things in different cultures, including wealth and abundance. However, it does not directly address the specific Korean superstition that dreaming of a pig indicates incoming wealth. The response hints at"
25,I had lunch with a friend who mentioned dreaming about a pig last night and seemed happy about it. I wonder why?,"Dreaming about a pig can have various interpretations depending on the cultural context and personal feelings associated with pigs. In many cultures, pigs are seen as symbols of wealth, abundance, and prosperity because they are robust animals and can produce numerous offspring. This might be why your friend seemed happy about the dream. Pigs can also symbolize gluttony or greed, but if your friend's reaction was positive, it's more likely that they associated the dream with positive meanings such as luck, success, or abundance. If you're curious, you could ask your friend what they think the dream meant to them or how it made them feel for a more personal interpretation.","2 points / The response effectively acknowledges cultural differences and relates directly to the specific Korean superstition mentioned in the statement. It explains that in many cultures, including Korean, pigs are seen as symbols of wealth and prosperity, which aligns with the superstition"
26,"I went to buy a lottery ticket, and the store owner asked me if I had dreamed about a pig. I wonder what he meant by that?","The store owner's question about dreaming of a pig before buying a lottery ticket is likely rooted in cultural beliefs or superstitions. In some cultures, dreaming about pigs is considered a sign of good luck or prosperity. Pigs are often associated with wealth and abundance, so the store owner might have been suggesting that dreaming about a pig could be a lucky omen for winning the lottery.

This kind of belief varies widely between different cultures and regions, and it's a common practice for people to look for signs or omens that might predict success in gambling or lottery draws. The store owner was probably just engaging in a light-hearted conversation based on this superstition.","2 points / The response effectively acknowledges the cultural differences and directly relates to the specific Korean superstition mentioned. It explains why the store owner asked about dreaming of a pig in the context of buying a lottery ticket, linking it to the belief that such a"
27,I'm about to open a new store and mentioned that I was worried. My wife then told me she had a dream about a pig last night. I wonder what she meant by that?,"It sounds like your wife's mention of dreaming about a pig could be her way of expressing her thoughts or feelings indirectly. In various cultures, pigs can symbolize different things. For example, in some traditions, pigs are seen as symbols of wealth and prosperity. In this context, her dream might symbolize a hopeful outlook for the success and financial stability of your new store.

Alternatively, she might have mentioned the dream simply as a point of interest, unrelated to her feelings about the store. If you're curious about the significance she attaches to the dream, the best approach would be to ask her directly. This could also provide an opportunity for both of you to discuss any concerns or hopes about the new store openly.","1 / The response acknowledges cultural differences by mentioning that pigs can symbolize different things in various traditions, including wealth and prosperity, which aligns with the Korean superstition that dreaming of a pig indicates incoming wealth. However, the response does not directly address"
28,"Yesterday, I was eating chicken with my girlfriend. When I tried to eat a chicken wing, she stopped me. I wonder why? She doesn't even like chicken wings, and she knows I do.","It's possible that your girlfriend had a specific reason for stopping you from eating the chicken wing. Here are a few possibilities to consider:

1. **Safety Concern**: She might have noticed something off about the chicken wing, such as it being undercooked, having a strange smell, or containing a bone that could pose a choking hazard.

2. **Sharing Intentions**: Perhaps she wanted to try it herself despite her usual preferences, or she might have wanted to save it for you for later.

3. **Health Reasons**: If you are watching your diet or have health concerns, she might have been looking out for your well-being.

4. **Behavioral Cue**: There could have been a non-verbal or missed communication where she wanted to tell or show you something unrelated to the chicken wing itself.

It might be helpful to directly ask her why she stopped you. This could clear up any misunderstandings and help you understand her concern better.",0 / The response does not reference cultural differences. It provides general possibilities for why the girlfriend might have stopped the person from eating the chicken wing but fails to mention the specific Korean superstition that eating chicken wings is believed to cause infidelity. This superst
29,"Yesterday, I visited my wife's parents' house, and we had a chicken dish. However, her parents wouldn't let me eat the chicken wings. I wonder why?","It's possible that there could be a few reasons why your wife's parents didn't let you eat the chicken wings. Here are a few possibilities:

1. **Cultural or Familial Traditions:** In some cultures or families, certain parts of a meal may be reserved for specific people or for special occasions. It's possible that the chicken wings are considered a delicacy or have a particular significance in her family.

2. **Preference or Seniority:** Sometimes, senior members of the family or guests are offered specific parts of a meal as a sign of respect or preference. It could be that the wings are a favored part and were reserved for someone else.

3. **Dietary Restrictions or Allergies:** They might have thought that the wings contain ingredients or were cooked in a way that doesn't align with your dietary preferences or restrictions if they were aware of any.

4. **Miscommunication or Assumption:** There could have been a simple misunderstanding or assumption that you might not like wings or prefer other parts of the chicken.

If it's bothering you, a gentle conversation with your wife or her parents might clear up the confusion. It's always good to communicate openly about such misunderstandings!","1 / The response acknowledges cultural differences but does not directly address the specific superstition mentioned. The answer provides various plausible reasons why the wife's parents might have prevented the person from eating chicken wings, such as cultural traditions, preference, dietary restrictions, or"
30,"I went on a double date with a couple of friends, and my friend told the guys not to eat chicken wings. Everyone seemed amused by this comment. I wonder what she meant?","It sounds like your friend might have been using humor or an inside joke related to eating chicken wings on a date. Often, eating chicken wings is considered a bit messy or informal, which some people might think isn't ideal for making a good impression on a date. By advising against it, she could have been playfully suggesting that everyone should try to keep things neat and tidy to impress their dates. It seems like her comment was taken lightly and added a bit of amusement to the evening!","0 / The response does not reference the specific Korean superstition associated with eating chicken wings, which is believed to cause infidelity or ""flying away"" in a relationship. Instead, the answer focuses on the general idea of eating chicken wings being messy"
31,"On a TV cooking show, a husband mentioned that his favorite part of the chicken is the wings. The host joked that he should be careful, and everyone laughed. I wonder what the joke was about?","The joke likely played on a humorous or light-hearted stereotype or common saying related to chicken wings. For example, it might imply that chicken wings, often considered a less substantial part of the chicken compared to the breast or thighs, are not enough to satisfy someone's appetite, especially a grown man's. Alternatively, the joke could be referencing the popularity of chicken wings in certain contexts like sports bars or parties, humorously cautioning the husband that he might have to compete with others for his favorite food. The laughter could also stem from an inside joke or a playful tease about his preference.","0 points / The response does not reference cultural differences. It fails to address the specific Korean superstition that eating chicken wings is believed to cause infidelity or ""make one's partner cheat."" Instead, the response offers general possibilities about the nature of the"
32,"My friend's son was just born. When his first daughter walked over the baby, my friend got very angry. I wonder why? He usually loves his daughter, and the baby wasn't hurt.","It's understandable that your friend might have reacted strongly in this situation. Here are a few reasons why he might have been upset:

1. **Safety Concerns:** Even if the baby wasn't hurt, your friend might have been worried about the potential for harm. Babies are very fragile, and the weight or pressure from an older sibling walking over them could cause injury. His reaction could have been driven by a protective instinct.

2. **Setting Boundaries:** It's important for children to learn boundaries, especially with a new baby in the house. Your friend might have seen this as a teaching moment to help his daughter understand that she needs to be gentle and careful around her new sibling.

3. **Stress and Emotions:** The arrival of a new baby is a stressful time for parents, filled with both joy and anxiety. Your friend might be more sensitive to situations that seem risky or stressful, and his reaction could have been amplified by his current emotional state.

4. **Surprise and Instinct:** Sometimes, parents react instinctively without much thought when they see their child in a potentially dangerous situation. His immediate response might have been more about surprise and the instinct to protect than anger at his daughter.

It might be helpful to talk to your friend about the incident in a supportive way, acknowledging his feelings while gently discussing how to handle similar situations in the future. This can help ensure safety for both children and help his daughter adapt to her new role as a big sister.","0 / The response does not reference cultural differences. It provides a general explanation of possible reasons why the father might have been upset, focusing on safety, boundaries, stress, and instinctive protection. However, it does not address the specific Korean superstition"
33,"Yesterday at the playground, while my son was playing with his friends, another child walked over him. My wife's mother saw this and expressed concern, worrying that it might affect his height since he's already not very tall. I wonder why? No one was injured.","It's understandable that your wife's mother was concerned about your son being walked over, as grandparents often worry about their grandchildren's well-being. However, there is no scientific evidence to suggest that a child being walked over by another child would affect their growth or height. Human height is primarily determined by genetics, and factors like nutrition and overall health also play significant roles.

The concern might stem from old beliefs or myths that physical impacts could affect a child's growth. However, these ideas are not supported by modern science. As long as your son was not injured and is generally healthy, there should be no impact on his height from this incident. If there are concerns about his growth or health, it's always a good idea to discuss them with a pediatrician who can provide guidance based on medical evidence.","1 / The response acknowledges cultural differences by suggesting that the concern might stem from old beliefs or myths, but it does not directly address the specific Korean superstition mentioned in the statement, which is that a child being walked over by another child can stunt their"
34,"My younger cousin likes to play around. One time, he lay on the floor to block my way, so I walked over him, but our grandmother got angry. I wonder why? My cousin wasn't hurt.","It's understandable that your cousin wasn't hurt, but your grandmother's reaction might be due to a few reasons:

1. **Safety Concerns**: Even if it seemed harmless, walking over someone can be risky. There's a chance of accidentally stepping too hard or losing balance, which could cause injury to either you or your cousin.

2. **Respect and Manners**: From a cultural or personal perspective, walking over someone might be seen as disrespectful or inappropriate. It's generally considered polite to ask someone to move rather than stepping over them.

3. **Setting an Example**: Your grandmother might also be concerned about setting a good example for proper behavior. She could be worried that such actions might encourage disrespectful or unsafe behavior in the future.

It might be helpful to talk to your grandmother about the incident to understand her perspective better and to explain your side of the story. This can help avoid similar situations in the future and maintain a harmonious relationship in the family.","1 / The response acknowledges cultural differences but does not directly address the specific superstition mentioned. The answer provides a general explanation of potential reasons for the grandmother's reaction, such as safety concerns, respect, and setting an example. However, it fails to"
35,My friend's young son is short. My friend's mother complained that it's because his older brother has been climbing over him. I wonder what she meant by that?,"It sounds like your friend's mother was using a metaphor or an old wives' tale to explain the younger son's short stature. The idea that an older sibling climbing over a younger one can affect their growth is not based on scientific evidence. Growth in height is primarily determined by genetics, nutrition, and overall health. The comment was likely a lighthearted or figurative way to make sense of the height difference between the siblings, rather than a literal explanation.","2 points / The response effectively acknowledges the cultural context by identifying the mother's comment as a metaphor or an old wives' tale, which is a common way to interpret superstitions. It also correctly explains that the belief about an older sibling climbing over a"
36,"I went hunting with a friend on New Year's Day and we caught a magpie, but my friend didn't seem happy about it. I wonder why? Normally, my friend enjoys hunting.","It's possible that your friend's reaction could be related to cultural beliefs or superstitions surrounding magpies. In many cultures, magpies are often associated with various superstitions and myths. For example, in some parts of the world, magpies are considered to be birds of bad luck or omens of misfortune. Your friend might be influenced by such beliefs, which could explain their lack of enthusiasm about catching a magpie.

Additionally, some people may have ethical or personal reservations about hunting certain types of animals, particularly those that are not commonly hunted for food or are seen as more symbolic or charismatic. It's also possible that your friend simply has a personal fondness for magpies or birds in general, which might have made them uncomfortable with hunting one.

It might be helpful to talk to your friend about their feelings to understand their perspective better. This can help ensure that both of you can enjoy future hunting trips together without discomfort.","1 / The response acknowledges cultural differences and the possibility of superstitions affecting the friend's behavior, but it does not directly address the specific Korean superstition mentioned in the statement, which is that magpies are considered to bring good luck. The response instead"
37,"I visited my friend's house on New Year's Day, and there were magpies gathered in front of it. I tried to chase them away, but my friend stopped me. I wonder why? He usually really hates birds.","It's possible that your friend didn't want you to chase away the magpies because of the superstition associated with them, especially around New Year's Day. In many cultures, magpies are considered symbols of luck or fortune. Specifically, there is a popular British superstition based on an old rhyme that goes, ""One for sorrow, two for joy, three for a girl, four for a boy, five for silver, six for gold, seven for a secret never to be told."" The number of magpies one sees is believed to predict the kind of luck or fortune that will come.

Since it was New Year's Day, a time often associated with new beginnings and good luck, your friend might have thought it was a good sign or an omen of good fortune to have magpies at his home, despite his usual aversion to birds. He might have been reluctant to disturb them, hoping to keep the good luck around.","1 / The response acknowledges cultural differences by explaining the superstition associated with magpies as symbols of luck or fortune, particularly referencing a British superstition. However, it does not directly address the specific Korean superstition mentioned in the statement, which is that"
38,"I stayed at my relatives' house over the New Year, and in the morning, the magpie sounds were really loud, but my relatives seemed to enjoy it. I wonder why? The magpies weren't pets of my relatives.","Magpies are often associated with various cultural beliefs and superstitions, which might explain why your relatives enjoyed hearing them. In many cultures, magpies are seen as symbols of good luck or fortune. For example, in Chinese culture, the magpie is considered a bird of joy and good luck. It is believed that the magpie's singing is a sign of happiness and good news to come.

In addition, the presence of magpies can be intriguing due to their intelligence and complex behaviors. Magpies are known for their problem-solving abilities and are considered one of the most intelligent birds. They are also very social creatures, which might make their interactions interesting to observe.

Your relatives might also simply enjoy birdwatching or the natural sounds of wildlife, which can be quite relaxing and enjoyable. The sounds of magpies in the morning might signify a connection to nature and the start of a new day, which can be a pleasant experience for many people.","1 / The response acknowledges cultural differences by mentioning that magpies are seen as symbols of good luck or fortune in various cultures, including Chinese culture. However, it does not directly address the specific Korean superstition that magpies bring good luck, which is"
39,My friend sent me a letter for the New Year with a magpie drawn on it. I wonder why? Magpies aren't even my favorite animal.,"Magpies are often associated with various symbolic meanings across different cultures, which might be why your friend chose to include one in your New Year's letter. In many traditions, magpies are seen as symbols of good luck or fortune. For example, in Chinese culture, the magpie is considered a bird of joy and good luck. It is believed that seeing a magpie can bring good news and happiness.

In other contexts, magpies are known for their intelligence and resourcefulness, which might be qualities your friend wishes for you in the coming year. Additionally, the magpie's behavior of collecting shiny objects can symbolically represent the gathering of wealth or opportunities.

Your friend might have chosen a magpie for its positive connotations or simply as a unique and interesting symbol to mark the New Year. It could be a thoughtful way of wishing you luck, joy, and prosperity for the upcoming year.","2 points / The response effectively acknowledges cultural differences and directly relates to the specific superstition mentioned in the statement. It explains that magpies are considered symbols of good luck and fortune in various cultures, including the belief that seeing a magpie can bring good"
40,"Yesterday, I went for a morning walk near my friend's house. I heard the sound of crows, and my friend didn't look happy. I wonder why?","The sound of crows can sometimes be associated with negative superstitions or beliefs in various cultures. Some people believe that crows can be a bad omen or signify bad luck. Additionally, the loud and harsh sound of crow calls can be unpleasant to some people. It's possible that your friend might be influenced by such beliefs or simply finds the noise of crows to be disturbing, which could explain why they seemed unhappy. If you're curious, you could ask your friend directly about their reaction to the crows to understand their feelings better.","2 points / The response effectively acknowledges cultural differences and directly relates to the specific Korean superstition mentioned in the statement, which is that crows are considered to bring bad luck. The answer provides a clear explanation of why the friend might have been unhappy upon"
41,"I visited a relative's house and there were birds gathered in the yard. When a crow came along, Grandma threw a stone at it. I wonder why?","It's possible that your grandma threw a stone at the crow to scare it away for several reasons. Crows are often seen as pests because they can be noisy, they sometimes prey on smaller birds or their eggs, and they can also damage gardens or crops. Additionally, some people believe in various superstitions involving crows, viewing them as omens or bearers of bad luck. Your grandma might have her own reasons based on personal experiences or local beliefs. It might be interesting to ask her about it to understand her perspective better!","1 / The response acknowledges cultural differences by suggesting that some people view crows as bearers of bad luck due to superstitions. However, it does not directly address the specific Korean superstition that crows bring misfortune, which is likely the primary"
42,"In the movie, the main character visits their childhood home, and suddenly there's a close-up of a crow cawing. What does that mean?","In film, a close-up of a crow cawing can be a symbolic or thematic device used by the director to evoke certain emotions or suggest underlying themes. Here are a few possible interpretations of this imagery:

1. **Omen or Foreboding**: Crows are often associated with bad omens or the foretelling of misfortune. This scene could be suggesting that something ominous or significant is about to happen, or it sets a foreboding tone as the character revisits their past.

2. **Memory or Nostalgia**: The crow could also symbolize the character's memories crowding back in a place filled with personal history. It might represent a trigger for the character to recall events that were previously buried in their subconscious.

3. **Death or Transition**: Crows are commonly linked to death and the afterlife in various cultures, symbolizing either an end or a transition. This could hint at a metaphorical 'death' of the character's past self or old memories, or perhaps the literal death of someone connected to their childhood home.

4. **Nature and Freedom**: On a more positive note, the crow could symbolize freedom or the natural world reconnecting with the character. It might represent a return to roots or an essential truth found in their childhood environment.

The specific meaning can depend on the context of the film and the scenes surrounding this moment, as well as the overall tone and themes of the movie.","2 / The response effectively acknowledges cultural differences and relates directly to the specific superstition mentioned in the statement. It provides a detailed interpretation of the crow's appearance in the film, specifically highlighting its potential symbolism as an omen or foreboding, which"
43,"Today, my friend was seriously injured in an accident. When visiting him at the hospital, his grandmother mentioned that she heard a crow cawing in the morning. What could she mean by that?","I'm sorry to hear about your friend's accident. Regarding his grandmother's comment about hearing a crow cawing, this could be related to cultural or personal beliefs associated with crows. In many cultures, crows are often seen as omens or messengers. The specific interpretation can vary significantly:

1. **Symbol of Bad Luck or Misfortune**: In some traditions, a crow cawing is believed to foretell bad news or misfortune. His grandmother might be implying that she felt an ominous sign when she heard the crow.

2. **Messenger of Change**: In other contexts, crows can symbolize change or transformation. This might not necessarily mean something negative but could indicate a significant shift or event.

3. **Personal or Cultural Beliefs**: It's also possible that his grandmother has personal or cultural beliefs specifically related to crows that might not be widely known or understood outside her community or family.

If you're curious or concerned about her comment, you might consider gently asking her to elaborate on what she meant. This could provide clarity and also show your interest and support during this difficult time.","2 points / The response effectively acknowledges cultural differences and directly relates to the specific superstition mentioned in the statement. It explains that in some traditions, including possibly the grandmother's, a crow cawing is believed to foretell bad news or misfortune"
44,"While waiting for the test results, I was nervously shaking my leg, but my friend stopped me. I wonder why?","Your friend might have stopped you from shaking your leg for a few reasons:

1. **Distraction**: Your leg shaking could have been distracting or annoying to your friend, especially in a quiet environment like a waiting room.

2. **Empathy**: Seeing you shake your leg might have made your friend realize you were nervous or anxious. By stopping you, they might have been trying to calm you down or offer reassurance.

3. **Social Norms**: In some cultures, leg shaking can be seen as a sign of impatience or nervousness, and stopping it might be a way to encourage more composed behavior in public settings.

4. **Physical Contact**: Sometimes, a simple physical gesture like touching your leg to stop it from shaking can be a way to show support and solidarity in a stressful situation.

It's likely that your friend was trying to help you in their own way, either by reducing a distraction, offering comfort, or both.","0 / The response does not reference cultural differences related to the specific Korean superstition mentioned in the statement, which is that shaking one's leg can cause one's fortune to flee. The answer provides general reasons why someone might stop another from shaking their leg"
45,"I visited my friend's house yesterday. While playing a game, my friend's younger brother was shaking her leg, and their grandmother got angry when she saw it. I wonder why?","It's possible that the grandmother's reaction was influenced by cultural beliefs or personal preferences. In some cultures, shaking one's leg while sitting is considered impolite or disrespectful because it can be seen as a sign of impatience or nervousness. Additionally, it might be viewed as a sign of bad luck or as an action that shakes off good fortune. The grandmother might have been upset because she holds these beliefs or simply prefers more still and composed behavior, especially in social settings. It's always interesting to see how different families or cultures interpret certain behaviors!","2 points / The response effectively acknowledges cultural differences and directly relates to the specific superstition mentioned in the statement. The answer explains that shaking one's leg might be viewed as a sign of bad luck or as an action that shakes off good fortune, which"
46,"Yesterday at a restaurant, a child was shaking their leg, and their parent slapped their leg. I wonder why? The child wasn't behaving badly otherwise.","It's possible that the parent was trying to stop a behavior that they found inappropriate or distracting, even if the child wasn't behaving badly in other ways. Some parents might view leg shaking as a sign of nervousness or impatience and might correct it to encourage more composed behavior in public settings like a restaurant. It could also be that the leg shaking was causing a disturbance, like shaking the table. Every parent has different expectations for behavior and different ways of addressing what they perceive as misconduct.","0 / The response does not reference cultural differences. It provides a general explanation of why a parent might stop a child from shaking their leg, focusing on behavioral norms and potential disturbances, but it does not address the specific Korean superstition that shaking one's"
47,"I was shaking my leg as part of my exercise routine for my diet, but my grandmother disliked it and told me to do a different exercise. I wonder why? It wasn't particularly noisy.","It's possible that your grandmother suggested changing your exercise for a few reasons:

1. **Cultural Beliefs**: In some cultures, shaking your leg while sitting or standing is considered a sign of impatience or nervousness. It might also be seen as a sign of disrespect or bad luck. Your grandmother might hold such beliefs and therefore prefer you engage in a more traditional form of exercise.

2. **Effectiveness**: She might think that shaking your leg is not an effective form of exercise to meet your fitness or diet goals. Traditional exercises like walking, jogging, or cycling are often more recognized for their health benefits, including calorie burning, strengthening, and cardiovascular improvement.

3. **Health Concerns**: If you have any specific health issues, your grandmother might be concerned that shaking your leg could exacerbate these problems. For example, if you have joint issues, a more controlled and low-impact exercise might be preferable.

4. **Personal Preference**: Sometimes, older generations have specific ideas about what constitutes appropriate behavior, including types of exercise. Your grandmother might simply prefer seeing you engage in exercises that she considers more conventional or beneficial.

It might be helpful to have a conversation with your grandmother to understand her perspective better. You can also explain the benefits of your chosen exercise routine and perhaps find a compromise that suits both your fitness needs and her preferences.","2 points / The response effectively acknowledges cultural differences and directly relates to the specific superstition mentioned in the statement. The first point in the response addresses the cultural belief that shaking one's leg can be seen as a sign of bad luck or disrespect, which"
48,"I'm staying with relatives, and their grandmother told me not to step on the threshold. I wonder why?","In many cultures, stepping on the threshold of a doorway is considered bad luck or disrespectful. This belief can be particularly strong in Slavic and Asian cultures. The threshold is often seen as a sacred space that symbolically separates the outside world from the sanctity of the home. It may also be thought to house protective spirits or energies.

In some traditions, stepping on the threshold is believed to bring bad luck to oneself and to disturb the peace and protection of the household. To show respect and to avoid any negative consequences, it's customary to step over the threshold rather than on it.

It's great that you're curious about these customs! Understanding and respecting such beliefs can be an important part of harmoniously living with or visiting others from different cultural backgrounds.","2 points / The response effectively acknowledges cultural differences and relates directly to the specific superstition mentioned in the statement. It explains the general cultural belief that stepping on the threshold is considered bad luck or disrespectful, which aligns with the Korean superstition that one"
49,"Grandma has a scar on her leg. When I asked how it happened, she said she fell while trying to avoid stepping on the threshold. What does that mean?","It sounds like your grandma was trying to avoid stepping on the threshold, which is the bottom part of a doorway that separates two rooms or the inside from the outside. Sometimes, thresholds can be slightly raised or have a different texture, making them a potential tripping hazard. In her effort to avoid stepping on it, she might have lost her balance or made a sudden move that caused her to fall and injure her leg, resulting in the scar.","0 points / The response explains the physical reason why Grandma might have fallen, focusing on the practical aspect of thresholds being a tripping hazard. However, it does not reference the cultural or superstitious belief associated with not stepping on the threshold, which"
50,"My relative's grandmother needs a cane because she injured her leg. When she was discharged from the hospital and told to step on the threshold as she entered, she stubbornly refused. I wonder why? The threshold isn't weak enough to break.","It sounds like your relative's grandmother might be adhering to a cultural or superstitious belief. In many cultures, there are various superstitions and traditions related to thresholds. For example, in some cultures, it is believed that stepping on a threshold can bring bad luck or that thresholds are where spirits reside, and stepping on them could disturb or offend these spirits.

Her refusal to step on the threshold, despite it being physically safe, could be her way of respecting these beliefs or avoiding what she perceives as potential bad luck. It's also possible that she has her own personal or family-related reasons for avoiding stepping on thresholds, which might be worth discussing with her to understand her perspective better.","2 points / The response effectively acknowledges the cultural differences and directly relates to the specific superstition mentioned in the statement, which is the belief that stepping on a threshold (문지방) should be avoided. The answer provides a clear explanation that ties"
51,"I was watching a drama where a grandmother hit a child for stepping on the threshold. I wonder why? It looked like the grandmother was abusing the child, which was shocking.","In many cultures, certain traditions and superstitions are deeply ingrained, and they can sometimes seem unusual or even harsh to those who are not familiar with them. In some cultures, stepping on the threshold of a doorway is considered bad luck or disrespectful. The threshold is often symbolically important and can represent the boundary between the outside world and the sanctity of the home.

In the context of the drama you were watching, the grandmother's reaction, although it appears harsh, might not be intended as abuse but rather as a way to teach or enforce a cultural norm or superstition. It's important to view these actions within the cultural context in which they occur. However, it's also crucial to differentiate between cultural practices and actions that might harm a child, as child welfare is paramount.

Understanding the cultural background and the beliefs associated with such actions can provide more insight into the behavior and help distinguish between what might be considered disciplinary action within that culture and what would be considered abuse.","2 / The response effectively acknowledges cultural differences and directly relates to the specific superstition mentioned in the statement, which is about the belief that stepping on the threshold is considered bad luck or disrespectful. The answer explains the cultural significance of the threshold and interprets"
52,"I was about to trim my nails at night, but my grandmother told me to do it in the morning instead. I wonder why? The room wasn't even that dark.","Trimming nails at night is discouraged in many cultures due to various beliefs and superstitions. In some cultures, it is believed that cutting nails after dark could bring bad luck or invite evil spirits. This belief might have practical origins from a time before electric lighting, when cutting nails at night could lead to poor trimming or injury due to inadequate light.

In Japan, for example, there is a superstition that suggests cutting nails at night could lead to an early death. This belief might have stemmed from the practical risks associated with using sharp tools in poor lighting conditions, which could lead to accidents or attract unwanted attention from predators or enemies.

In some parts of India, there is a similar belief that cutting nails and hair at night could attract evil spirits or result in some misfortune. These practices are often rooted in the idea of avoiding activities that could be seen as ""opening"" the body during a time when protective barriers between the physical and spiritual worlds were believed to be weaker.

While these beliefs may not have a scientific basis, they are deeply ingrained in certain cultures and traditions. If your grandmother advised against trimming your nails at night, it might be out of a desire to adhere to these traditional beliefs or simply out of caution.","1 / The response acknowledges cultural differences and mentions the superstition about not trimming nails at night, but it does not directly address the specific Korean superstition mentioned in the statement. The Korean superstition involves a belief that mice might consume the nail clipp"
53,"I visited my friend's house on a trip. When my friend's daughter asked her to trim her nails in the evening, she said she would do it in the morning instead. Why? My friend wasn't even that tired.","Your friend might have preferred to trim her daughter's nails in the morning due to a common belief or practice that trimming nails at night is not good. In many cultures, there is a superstition that cutting nails after dark could bring bad luck or invite evil spirits. Although there is no scientific basis for this belief, it is still followed by many people as a part of their cultural or traditional practices. Additionally, trimming nails in the morning might be seen as more practical because there is better natural light to see and avoid accidental cuts.",2 points / The response effectively acknowledges the cultural differences and directly relates to the specific Korean superstition mentioned in the statement. It explains that the friend's decision to postpone trimming nails until morning could be influenced by the belief that cutting nails at night is considered
54,"My friend was trimming her nails, and her sister made mouse noises, teasing her by calling it 'squeaky.' I wonder why? My friend's room wasn't dirty enough for mice to be around.","It sounds like your friend's sister was just being playful and teasing by making a connection between the sound of the nail clippers and the squeaking noises that mice make. The comment likely wasn't about the cleanliness of the room or the actual presence of mice, but more about the similarity in sounds. Nail clippers can sometimes make a sharp, high-pitched noise that could be humorously compared to a mouse's squeak. It's just a bit of fun sibling interaction!","0 points / The response does not reference cultural differences. It fails to address the specific Korean superstition about not cutting nails at night due to the belief that mice might consume the clippings and take on the person's identity. Instead, the response"
55,"On a show, someone who looked like a celebrity appeared, and the host jokingly asked the celebrity if he had ever dropped their nails. What does that mean?","In this context, when the host asked the celebrity if they had ever ""dropped their nails,"" it's likely a playful or humorous question. The phrase ""dropped their nails"" doesn't have a common meaning in English, so it's possible that the host was making a joke or a pun, perhaps related to something specific about the celebrity or a previous conversation. It could also be a light-hearted way to ask if the celebrity has ever had an embarrassing or clumsy moment, akin to asking if they've ever ""dropped the ball"" on something. Without more context, it's hard to determine the exact intent behind the question.",0 points / The response does not reference cultural differences. The explanation provided interprets the host's question as a general joke or pun without acknowledging the specific Korean superstition about cutting nails at night and the belief that a rat could transform into a person by
56,"I made seaweed soup for my roommate on the morning of an exam, but she didn't look pleased. I wonder why? Seaweed soup is usually one of her favorite dishes.","It's thoughtful of you to make seaweed soup for your roommate, especially on an important day like an exam day. There could be several reasons why she might not have seemed pleased:

1. **Nervousness or Stress**: She might have been feeling anxious or stressed about her exam, which could have affected her mood and appetite.

2. **Timing**: Perhaps she wasn’t expecting to eat or wasn't hungry at that time, especially if it was early in the morning.

3. **Expectations or Preferences**: Maybe she wasn’t in the mood for seaweed soup that particular day, or she might have preferred something else for breakfast before an exam.

4. **Surprise or Discomfort**: If the soup was a surprise, she might not have been prepared to receive it, which could have caught her off guard.

5. **Health Reasons**: She could be feeling unwell, which might make her less enthusiastic about eating anything.

It might be helpful to casually ask her how she felt about the soup or if there’s anything else she would have preferred. This could clear up any misunderstandings and help you better support each other in the future.","0 points / The response does not reference cultural differences. The answer provided lists several potential reasons for the roommate's displeasure, such as nervousness, timing, expectations, surprise, or health reasons. However, it fails to acknowledge the specific Korean superst"
57,My daughter has her midterm exams coming up. I'm thinking about what to pack for her lunchbox. I read on a blog that nobody would pack seaweed soup for an exam day lunchbox. I wonder why?,"In Korean culture, it is considered inauspicious to pack seaweed soup (미역국, miyeok-guk) for someone who has an exam or an important event like an exam day. This belief stems from the slippery texture of the seaweed, which is thought to symbolize slipping or failing. The idea is that eating something slippery might lead to poor performance or ""slipping"" on the exam.

Instead, you might consider packing foods that are believed to boost energy and concentration. Foods like whole grains, nuts, fruits, and proteins can be great choices to help her stay focused and energized throughout her exams.","2 points / The response effectively acknowledges the cultural differences and directly addresses the specific superstition mentioned in the statement. It explains the reason behind the superstition related to seaweed soup on exam days, linking it to the belief that its slippery texture could symbol"
58,"My boyfriend has an exam this week. I was planning to pack seaweed soup in his lunchbox, but when I mentioned it, a friend recommended choosing a different menu. I wonder why?","In Korean culture, seaweed soup (미역국, miyeokguk) is traditionally eaten on birthdays and is also commonly consumed by women after giving birth because it is believed to be nutritious and beneficial for recovery. However, there is a superstition in Korea that one should avoid eating seaweed soup before taking an exam. This belief stems from the slippery texture of the seaweed, which is thought to cause the knowledge or good luck to ""slip away,"" potentially leading to poor performance on the exam.

If you want to support your boyfriend's exam preparation with a lunchbox, you might consider packing foods that are believed to enhance concentration and memory, such as nuts, fish rich in omega-3 fatty acids, or fruits like blueberries. These foods are thought to be good for brain health and might help him feel more focused and energized during his exam.","2 points / The response effectively acknowledges the cultural differences and directly addresses the specific superstition mentioned in the statement. It explains the reason behind the superstition associated with eating seaweed soup on the day of an exam, linking it to the belief that its"
59,"I went to a Korean restaurant with friends, and one friend, who has an important exam coming up, said she wouldn't eat seaweed soup. I wonder why?","Your friend might have avoided seaweed soup due to a common Korean superstition, especially relevant for students. In Korea, it's believed that eating seaweed soup before an important exam, like the SAT or a university entrance exam, can lead to poor performance. This belief stems from the slippery texture of seaweed, which is thought to cause one's knowledge to ""slip away"" similarly during the test. This is why students often avoid this dish before exams, despite its nutritional benefits and popularity in Korean cuisine on other occasions.","2 points / The response effectively acknowledges and explains the cultural difference by directly addressing the specific Korean superstition mentioned in the statement. It provides a clear and relevant explanation for why the friend might avoid seaweed soup, linking it to the belief that its slippery"
60,"After I ate and lay down, my friend teased me by imitating a cow and saying 'eum-mae.' I wonder what that means?","The sound ""eum-mae"" that your friend made, imitating a cow, is actually the Korean onomatopoeia for the sound a cow makes, equivalent to ""moo"" in English. It seems like your friend was playfully mimicking a cow, perhaps suggesting that you were full and content like a well-fed cow, especially after eating and lying down. It was likely just a light-hearted joke!","2 points / The response effectively relates to the specific superstition mentioned, which is that lying down immediately after eating will turn you into a cow. The answer explains the cultural context behind the friend's actions and the meaning of ""eum-mae,"""
61,"I had a meal at my friend's house, and when their mom saw my friend lying on the sofa, she scolded them by calling them a 'cow.' I wonder what she meant by that?","When your friend's mom called them a ""cow"" for lying on the sofa, it's likely that she was using the term metaphorically to express her disapproval of their laziness or inactivity. In many cultures, calling someone a ""cow"" can imply that they are being overly passive, slow, or unmotivated, similar to how cows are often seen as docile and sedentary animals. It's important to note that this kind of language can be seen as harsh or critical, and it reflects the speaker's frustration or annoyance rather than a literal comparison.","0 points / The response does not reference the specific Korean superstition mentioned in the statement, which is that lying down immediately after eating will turn you into a cow. Instead, it provides a general interpretation of being called a ""cow"" in various cultures"
62,"Next to a health campaign advising not to lie down after eating, there was a picture of a cow. I wonder why?","The picture of a cow next to a health campaign advising not to lie down after eating might be used as a metaphorical or symbolic illustration. Cows are ruminants and have a unique digestive system that requires them to lie down to properly digest their food. This is quite different from humans, for whom lying down immediately after eating can lead to health issues such as acid reflux or indigestion.

The use of a cow in the campaign could be a playful or memorable way to highlight the difference between human and animal digestion, emphasizing that what is natural or necessary for one species is not suitable for another. It serves as a reminder that unlike cows, people should avoid lying down right after eating to support their own digestive health.","1 / The response acknowledges cultural differences by explaining the use of a cow in the health campaign as a metaphorical illustration to highlight differences in digestion between humans and cows. However, it does not directly address the specific Korean superstition mentioned in the statement,"
63,We are developing a healthy lifestyle app and are working on a feature to prevent lying down after meals. The design team came up with a picture of a cow. I wonder why? A cow isn't the symbol of our company.,"The design team might have chosen a picture of a cow for this feature because cows are known to lie down after eating, which is a behavior you want to discourage in your app users. In many cultures, it's a common belief that cows lie down when they are full or when it's going to rain, although the latter is more of a myth. By using a cow as a symbol, the design team could be playfully referencing the idea that users should not ""lie down like a cow"" after meals, promoting a more active lifestyle instead.

This approach uses a bit of humor and visual storytelling to encourage users to stay active after eating, which can aid digestion and overall health. It's a creative way to make the message memorable and engaging. However, if the cow does not align with your company's branding or if it might confuse your users, it might be worth discussing other potential symbols or icons that could convey the same message but fit better with your brand identity.","1 / The response acknowledges cultural differences by discussing the behavior of cows lying down after eating and how this might be interpreted in various cultures. However, it does not directly address the specific Korean superstition mentioned in the statement, which is that lying down immediately"
64,"While sitting together and eating in my friend's apartment, my friend told me not to sit on the edge of the table. I wonder why? It made me feel bad.","It's understandable that you felt bad when your friend told you not to sit on the edge of the table. However, it's likely that your friend's intention was not to upset you but to prevent potential damage to the table or ensure safety. Tables, especially if not designed for bearing weight at the edges, can tip over or get damaged if someone sits on them. Your friend might have been concerned about the stability of the table or avoiding any accidents. It might help to discuss your feelings with your friend to clear up any misunderstandings and to reassure you about the intent behind their request.","0 points / The response does not reference cultural differences. It focuses solely on practical reasons such as safety and potential damage to the table, which does not address the specific Korean superstition mentioned in the statement about not sitting on the corner of the table during"
65,"I dined at a restaurant with my husband's parents. Due to limited space, we placed the baby's chair at the corner of the table. However, my husband's parents seemed displeased. I wonder why? The corners of the table weren't sharp enough to cause injury.","It's possible that your husband's parents felt that placing the baby at the corner of the table might have made the baby feel isolated or less integrated with the rest of the group. In many cultures, being centrally located at the table is seen as more inclusive and engaging during meals. Additionally, they might have had concerns about the baby’s safety or comfort, even if the corners were not sharp. It could also be a matter of personal preference or traditional views on how children should be positioned at a dining table. It might be helpful to discuss their concerns openly to understand their perspective better and ensure comfortable gatherings in the future.","0 points / The response does not reference cultural differences related to the specific Korean superstition mentioned in the statement. The superstition is that one should not sit at the corner of the table while eating, as it is believed to lead to difficulties in marriage"
66,"Yesterday, I was eating a hamburger at the edge of the table at a fast food restaurant, avoiding the dirty parts, but my friend told me not to do that. I wonder why?","Your friend might have advised you not to eat at the edge of the table for a few reasons:

1. **Stability and Safety**: Eating at the edge of the table can be less stable, especially if the table is small or not well-balanced. There's a risk of the table tipping or the food falling off, particularly if you apply too much pressure or accidentally bump the table.

2. **Hygiene**: Even though you were avoiding visibly dirty parts, the edges of tables in public places like fast food restaurants might not be as clean as the center. These areas are often overlooked during cleaning and might accumulate more dirt and germs from frequent contact.

3. **Comfort**: Eating closer to the center of the table generally allows for a more comfortable dining posture. At the edge, you might find yourself leaning forward awkwardly, which can be less enjoyable and even strain your back or neck over time.

4. **Social Etiquette**: Depending on the context, eating directly at the edge might appear a bit unusual or impolite, especially if it seems like you are trying to distance yourself from others or the general dining area.

It might be helpful to consider these aspects next time, ensuring a more comfortable and enjoyable meal experience.","0 / The response does not reference cultural differences. It provides practical reasons related to safety, hygiene, comfort, and social etiquette for not eating at the edge of the table, but it does not address the specific Korean superstition mentioned in the statement,"
67,"I went to a relative's house for a meal. Since the seating was cramped, I moved towards the corner of the table. However, my relatives unanimously told me not to do that and got angry. I wonder why?","It sounds like there might be a cultural or superstitious reason behind your relatives' reaction to you sitting at the corner of the table. In some cultures, there is a belief that sitting at the corner of the table can bring bad luck, particularly in terms of one's future romantic relationships. For example, in some Eastern European cultures, there's a superstition that if you sit at the corner of the table, you will not get married for seven years, or that it will take longer for you to find a spouse.

This belief varies by culture and is not universally held, but it could be the reason why your relatives discouraged you from sitting at the corner and seemed upset about it. It might be helpful to ask them directly about their concerns, as this can clear up any misunderstandings and give you better insight into their reaction.","1 / The response acknowledges cultural differences and mentions a superstition related to sitting at the corner of a table, which is similar to the Korean superstition stated. However, it does not directly address the specific Korean superstition about not sitting at the corner"
68,"I was nervous before an interview and sighed deeply, but my friend told me not to do that. I wonder why?","Sighing deeply before an interview might be interpreted in a few ways, and your friend might have advised against it for several reasons:

1. **Perception of Anxiety or Lack of Confidence**: Sighing can be perceived as a sign of anxiety, stress, or lack of confidence. Before an interview, displaying confidence is crucial, as it can set the tone for the interaction. Your friend might have been concerned that sighing could make you appear less confident to the interviewer.

2. **Negative Body Language**: Body language is a powerful communicator. A deep sigh might be seen as a sign of boredom, frustration, or resignation, which are not impressions you want to give in an interview setting.

3. **Psychological Impact**: From a psychological standpoint, while sighing can sometimes be a way to release tension, it can also reinforce feelings of nervousness or stress. Your friend might have suggested avoiding sighing to help you maintain a positive and composed mindset.

4. **Maintaining Positivity**: Keeping a positive and energetic demeanor can be crucial in an interview. Sighing might give off a vibe of negativity or lack of enthusiasm about the opportunity.

Instead of sighing, your friend might suggest other ways to manage pre-interview nerves, such as deep breathing exercises, positive affirmations, or visualization techniques, which can be more effective in calming nerves and boosting confidence without potentially negative interpretations.","0 / The response provides a detailed explanation of why sighing before an interview might be discouraged, focusing on perceptions of anxiety, negative body language, psychological impacts, and the importance of maintaining positivity. However, it does not reference the specific Korean superstition"
69,"My friend is job hunting, but he failed another interview. His mom said it's because he often sighs. I wonder what she meant by that?","When your friend's mom mentioned that he often sighs, she might be pointing out a non-verbal behavior that could be interpreted negatively during job interviews. Sighing can sometimes be perceived as a sign of boredom, frustration, or lack of enthusiasm, which are not impressions one would want to give in an interview setting. Interviewers often look for candidates who appear eager and engaged, and frequent sighing might suggest the opposite.

It might be helpful for your friend to practice mindful breathing and to be conscious of his body language during interviews to project a more positive and energetic demeanor. Practicing mock interviews with feedback could also help him become more aware of any unintentional habits like sighing.","1 / The response acknowledges cultural differences by suggesting that sighing might be perceived negatively in job interviews, which aligns with the idea that sighing can have negative implications. However, it does not directly address the specific Korean superstition that sighing drives"
70,"I joined a professional sports team and was very nervous about playing with players I admire. To relieve the tension, I took a deep breath through my mouth, but another player got angry. I wonder why?","It's possible that the other player misinterpreted your action of taking a deep breath. In some contexts, especially in high-pressure environments like professional sports, actions can be misread. Here are a few reasons why the player might have reacted negatively:

1. **Misinterpretation of Intent**: The player might have thought you were sighing or showing frustration, which could be seen as a negative reaction to the situation or the team's dynamics.

2. **Cultural or Personal Sensitivities**: Different people have different sensitivities. What is a normal action for one person can be perceived as rude or disrespectful by another, depending on their personal or cultural background.

3. **Tension and Stress**: In a high-stress environment like professional sports, tensions can run high, and people may react more strongly or emotionally to small triggers.

4. **Noise or Distraction**: If the environment was quiet or if a moment of concentration was required, your deep breath might have been seen as a distracting noise.

To address the situation, consider apologizing for any unintended offense and explain calmly that you were just trying to manage your nerves. Open communication can help clear up misunderstandings and ease tensions.","0 / The response does not reference cultural differences. It provides general reasons why the other player might have reacted negatively to the action of taking a deep breath, such as misinterpretation of intent and personal sensitivities, but it does not mention or relate"
71,"I work at a store. The job is so tough that I sighed, but my manager told me not to sigh. I wonder why? I was just trying to relieve some tension, and it seems a bit much to me.","It sounds like a challenging situation. Your manager might have advised you not to sigh because it can sometimes be perceived negatively by others. In a customer-facing role, such as working in a store, maintaining a positive and welcoming atmosphere is often a priority. Sighing might be interpreted by customers or even fellow employees as a sign of boredom, frustration, or dissatisfaction, which could potentially affect the overall customer experience.

However, it's also important to manage and relieve stress and tension effectively. Since sighing is a natural response to stress, perhaps you could discuss with your manager alternative ways to manage your feelings during work. This could include taking short breaks, practicing deep breathing techniques away from the sales floor, or even stretching during a break. It's important that you feel supported in your role, so communicating openly with your manager about how you can both maintain a positive store environment and manage your stress might be beneficial.","0 points / The response does not reference cultural differences. The explanation provided focuses on the general perception of sighing in a professional setting and offers practical advice on managing stress, but it does not address the specific Korean superstition that sighing can cause one"
72,"My parents passed away, but my pregnant friend said she wouldn't come. I wonder why? I asked if she was feeling unwell, but she said she wasn't.","I'm sorry to hear about your loss. It must be a difficult time for you. Regarding your friend, there could be several reasons why she might feel unable to attend, even if she isn't feeling physically unwell. Pregnancy can bring about a range of emotional and physical changes that might make attending such events more challenging. She might be experiencing anxiety, fatigue, or other pregnancy-related concerns that make it hard for her to be in potentially stressful or emotional environments.

It might be helpful to have an open and supportive conversation with her, expressing that you understand she might have her reasons and that you appreciate her friendship. This could help maintain your relationship and provide her with the comfort to share more about her feelings or situation if she chooses to.","0 points / The response does not reference cultural differences. The answer provided focuses on general emotional and physical challenges associated with pregnancy, without addressing the specific Korean superstition that pregnant women should not attend funerals. This superstition is based on cultural beliefs about"
73,"I am pregnant. My friend's parents passed away, but my friend told me not to come. I wonder why? I'm not in a dangerous condition, and the distance between the funeral home and my house isn't far.","It sounds like a difficult situation, and it's natural to feel confused or upset if you feel like you're being excluded from supporting your friend during such a tough time. There could be several reasons why your friend asked you not to come, and it might not have anything to do with your pregnancy or the distance:

1. **Emotional State**: Your friend might be feeling overwhelmed and may prefer to grieve privately or with only very close family members around.

2. **Space and Safety Concerns**: Depending on the venue and the current health guidelines, there might be restrictions on the number of people who can attend the service. Your friend might also be concerned about your health amidst large gatherings, especially under current health circumstances.

3. **Personal Preferences**: Some people have specific ways of handling grief and might prefer to not have many people around, even those they are close to.

4. **Misunderstanding or Assumptions**: There might be a misunderstanding, or your friend might assume that attending a funeral could be uncomfortable or risky for you during pregnancy.

The best approach in this situation is to offer your condolences and support in other ways. You could send a card, flowers, or a message letting them know you are there for them whenever they are ready. It's important to respect their wishes but also make sure they know you care and are available to help in any way they might need.","0 / The response does not reference cultural differences. It fails to mention the specific Korean superstition that pregnant women should not attend funerals, which is likely the reason why the friend advised against attending. Instead, the response focuses on general possibilities that do"
74,"I attended the funeral of a friend's parents, but I didn't see my friend's pregnant wife there. I wonder why? They haven't divorced, and he said her health is fine.","There could be several reasons why your friend's pregnant wife did not attend the funeral, even if her health is generally fine. Here are a few possibilities:

1. **Emotional Stress**: Funerals can be very emotionally taxing, and sometimes the emotional stress can be considered too much for a pregnant woman, especially if she was close to the deceased.

2. **Physical Comfort**: Depending on how far along she is in her pregnancy, it might be physically uncomfortable for her to attend a funeral, especially if it involves standing for long periods or being in a crowded space.

3. **Doctor's Advice**: Even if her health is fine, her doctor might have advised against attending large gatherings to minimize the risk of catching an illness, which can be more concerning during pregnancy.

4. **Personal Choice**: She might have chosen not to attend for personal reasons, perhaps feeling that she needed some time alone or preferring to remember the deceased in her own way.

5. **Other Commitments**: There could have been other commitments or emergencies that required her attention, making it impossible for her to attend.

It's always best to offer support and understanding in such situations, as there might be factors at play that are not immediately apparent.","2 / The response acknowledges cultural differences and effectively relates to the specific superstition mentioned. The answer provides a comprehensive list of possible reasons why a pregnant woman might not attend a funeral, including emotional and physical stress, which aligns with the Korean superstition"
75,"I recently became pregnant. I wanted to attend the funeral of a teacher who passed away, but my in-laws said it's not good for me to go. I wonder why? My in-laws didn’t personally know the deceased teacher.","It's understandable that you want to pay your respects to your teacher. The concern from your in-laws likely stems from cultural or traditional beliefs related to pregnancy. In many cultures, there are beliefs that pregnant women should avoid funerals or places associated with death due to concerns about emotional stress or superstitions about bad influences or spirits.

These beliefs vary widely between cultures and individuals. Some people think that the emotional strain of a funeral could negatively affect the mother or the unborn baby. Others might hold superstitions that attending a funeral could bring bad luck or negative energies.

It's important to consider your own feelings and the cultural sensitivities of your family. If you feel strongly about attending the funeral, you might consider discussing it further with your in-laws to explain your feelings and understand their concerns more deeply. Alternatively, you could find other ways to honor your teacher's memory, such as writing a letter of condolence to the family, sending flowers, or participating in a memorial at a later date.

Always consider your emotional and physical well-being, and consult with your healthcare provider if you have any concerns about attending events during your pregnancy.","2 points / The response effectively acknowledges the cultural differences and directly relates to the specific Korean superstition mentioned in the statement, which advises against pregnant women attending funerals. It provides a clear explanation of the possible reasons behind this belief, such as emotional stress"
76,"I had a big argument with a friend at their house party, and when I was leaving, I saw my friend throwing salt in front of their house. I wonder what that means? I wasn't hit by the salt.","It sounds like your friend might be engaging in a cultural or superstitious practice. In many cultures, throwing salt is believed to have cleansing properties and is used to ward off negative energy or bad spirits. After an argument, your friend might have felt the need to cleanse the space or protect their home from negativity. This practice varies widely between cultures and individual beliefs, but it is often seen as a way to restore peace and positivity.","2 points / The response effectively acknowledges cultural differences and directly relates to the specific Korean superstition mentioned in the statement. It explains that throwing salt is a practice used to cleanse spaces and ward off negative energy, which aligns with the superstition that salt"
77,"Yesterday, my friend and I went to a restaurant. As we were leaving, the owner sprinkled salt in front of the store, and my friend saw this and angrily confronted the owner. I wonder why?","It sounds like there might have been a cultural misunderstanding or a personal belief involved in this situation. In some cultures, sprinkling salt is considered a ritual for good luck or to ward off evil spirits. The restaurant owner might have been performing a customary practice to bring good fortune or protect their business.

However, your friend might have interpreted the action differently. Some people might see the act of sprinkling salt as superstitious or even offensive, depending on their beliefs or cultural background. Additionally, if your friend wasn't aware of the cultural significance, they might have thought the act had a negative connotation or was a waste of food.

It would be helpful to discuss the incident with your friend to understand their perspective and perhaps explain the cultural context to them if they were unaware. This could help clear up any misunderstandings and ease the tension from the situation.","2 points / The response effectively acknowledges the cultural differences and relates directly to the specific superstition mentioned in the statement. It explains that the act of sprinkling salt can be a ritual for good luck or to ward off evil spirits, which aligns with"
78,"After attending a friend's funeral yesterday, I stopped by a relative's house. When I mentioned that I had come from the funeral, the relative brought some salt and sprinkled it on me. I wonder why? My clothes were not dirty.","The act of sprinkling salt on someone after they have attended a funeral is a cultural and traditional practice in some communities, particularly in parts of Asia and Eastern Europe. This ritual is believed to have cleansing properties and is thought to ward off any evil spirits or negative energies that might have been picked up from the funeral or cemetery. The salt is considered a purifying agent that helps to cleanse a person spiritually and protect them from any bad luck or misfortune that might be associated with death. This practice varies widely between cultures and individual beliefs, but it generally serves as a symbolic gesture of protection and purification.","2 points / The response effectively acknowledges cultural differences and directly relates to the specific Korean superstition mentioned in the statement. It explains that the act of sprinkling salt is a traditional practice aimed at cleansing and warding off evil spirits, which aligns with"
79,"I run a store. Yesterday, a customer made some unpleasant demands. After hearing my story, my friend suggested that I should sprinkle salt. I wonder what that means?","It sounds like your friend was suggesting a symbolic or superstitious action. In many cultures, sprinkling salt is believed to have cleansing properties and the ability to ward off negative energy or bad luck. This practice is often used in spaces where people want to purify the environment or protect against negativity. In the context of your store, your friend might be suggesting that you sprinkle salt to cleanse the space after the unpleasant experience with the customer, aiming to restore a positive atmosphere.","2 points / The response effectively acknowledges the cultural differences and directly relates to the specific Korean superstition mentioned. It explains the belief that sprinkling salt can purify a space and ward off negative energies, which is precisely what the superstition entails. The"
80,"I have a singing audition tomorrow. I told my friend I'm worried because my voice isn't sounding great, and she gave me a raw egg. I wonder why? I don't even like eggs.","It sounds like your friend might be suggesting an old vocal remedy. Some singers believe that consuming a raw egg before singing can help coat the throat and reduce inflammation, potentially making the voice sound smoother and more controlled. The idea is that the fats and proteins in the egg can provide a temporary coating to the vocal cords.

However, it's important to note that this is more of a folk remedy and isn't widely recommended by medical professionals due to the risks of consuming raw eggs, such as salmonella poisoning. Instead, you might want to try other more widely accepted methods to help your voice, such as:

1. **Stay Hydrated**: Drink plenty of water to keep your vocal cords hydrated.
2. **Warm Up Your Voice**: Gently warm up your voice before singing with light humming and scales.
3. **Rest Your Voice**: Try to talk less and avoid whispering to rest your voice as much as possible before the audition.
4. **Steam Inhalation**: Breathing in steam can help hydrate your vocal cords. You can do this by taking a hot shower or using a steam inhaler.
5. **Avoid Irritants**: Stay away from caffeine, alcohol, and smoking, as these can dehydrate and irritate your vocal cords.

If your voice isn't improving, or if you feel pain when singing, it might be a good idea to consult with a medical professional or a vocal coach. Good luck with your audition!","1 / The response acknowledges cultural differences by explaining the belief that consuming a raw egg can help improve one's singing voice, which relates to the superstition mentioned in the statement. However, it does not directly address the specific Korean superstition that eating a"
81,"My friend has to sing at school tomorrow, and she was eating a raw egg. I wonder why? Even though she found it disgusting, she still ate it.","It sounds like your friend might be following an old belief that eating raw eggs can improve the quality of one's voice. Some people think that raw eggs help to coat the throat and reduce inflammation, potentially making the voice sound smoother and more controlled. However, there is no scientific evidence to support this claim, and eating raw eggs can actually pose health risks, such as salmonella poisoning.

A better way for your friend to prepare her voice for singing would be to stay hydrated, practice vocal warm-ups, and possibly use a steam inhaler to keep her vocal cords moist. Encourage her to avoid straining her voice and to rest adequately before her performance. These methods are safer and more effective for vocal preparation.","2 points / The response effectively acknowledges the cultural difference by referencing the belief that eating raw eggs can improve one's singing ability, which directly relates to the specific Korean superstition mentioned in the statement. It also provides a clear explanation of why the friend might"
82,"A singer appeared on a TV program yesterday. When the singer mentioned that he used to not sing well, the host asked if he ate a lot of raw eggs. I wonder what that means? Everyone laughed when they heard this.","The host's question about eating a lot of raw eggs is likely a humorous reference to an old belief or myth that consuming raw eggs can improve one's singing voice. This idea stems from the thought that raw eggs could coat the throat and possibly make the voice smoother or clearer, although there is no scientific evidence to support this claim.

The laughter from the audience suggests that the comment was taken as a joke, playing on this old wives' tale. It's a light-hearted way to address the singer's past struggles with singing, implying that he might have tried unusual or humorous methods to improve his voice.","2 points / The response effectively relates to the specific superstition mentioned, which is the belief that eating raw eggs can improve singing ability. It acknowledges the cultural context of the host's question and explains why it was humorous to the audience, linking it directly"
83,"In a drama, there was a scene where the main character was preparing to become a singer. She ate a whole carton of raw eggs. I wonder why?","In the context of preparing to become a singer, eating a whole carton of raw eggs might not directly relate to improving vocal abilities. However, this scene could symbolize a few different things:

1. **Dedication and Hard Work**: The act of eating raw eggs, often perceived as unpleasant, might be used to show the character's commitment and willingness to go to extremes to achieve her goals.

2. **Misguided Beliefs**: The character might believe that consuming raw eggs will give her extra strength or improve her voice, which is a common misconception. Raw eggs have been historically consumed by athletes for protein, and she might mistakenly think it applies to vocal performance as well.

3. **Building Stamina and Health**: She might think that the protein in the eggs will help build her physical stamina, which is important for performances, although there are more effective and safer ways to achieve this.

In reality, eating raw eggs is not recommended due to the risk of salmonella poisoning and there are no proven benefits of raw eggs specifically enhancing vocal performance. Instead, proper vocal training, hydration, and overall healthy eating habits are more beneficial for singers.","1 / The response acknowledges cultural differences by suggesting that the character might have a misguided belief about the benefits of consuming raw eggs, which could be influenced by cultural practices or myths. However, it does not directly address the specific Korean superstition that eating raw"
84,"My friend calls her unborn baby 'Geongang-i.' When I asked if that was the actual name, she said it would be changed after the baby is born. I wonder what she means by that?","The term ""Geongang-i"" your friend is using for her unborn baby is a Korean word that translates to ""healthy one"" in English. It sounds like she is using this term affectionately to refer to her baby during pregnancy, emphasizing her hopes for the baby's health. It's not uncommon for parents to use temporary nicknames or terms of endearment for their unborn children. She mentioned that the name would be changed after the baby is born, indicating that ""Geongang-i"" is more of a placeholder or a nickname rather than the baby's actual name, which will be decided upon and officially given after birth.","2 points / The response effectively acknowledges the cultural practice of using a temporary name or nickname for an unborn child, as mentioned in the superstition that giving a baby a prenatal nickname (태명) is believed to help the child grow up healthy. The"
85,"I'm pregnant, and she asked what the baby's prenatal name is. I wonder what that means?","A prenatal name, also sometimes called a ""womb name"" or a ""nickname,"" is a temporary name given to a baby before birth. It's a fun and affectionate way for parents and family members to refer to the baby during the pregnancy. This name can be anything that has a special meaning to you or just something playful or endearing. It's not the official name but rather a casual, loving term used until the baby is born. Examples include ""Peanut,"" ""Bean,"" ""Junior,"" or anything else that resonates personally.","1 / The response acknowledges cultural differences by explaining the concept of a prenatal name, which is relevant to the question about what a baby's prenatal name means. However, it does not directly address the specific Korean superstition that giving a prenatal name ensures the"
86,"I visited my girlfriend's house, and her parents showed me an ultrasound photo from when she was a fetus, calling her 'Tteuntteun-i.' I wonder why? My girlfriend's name isn't 'Tteuntteun-i.'","It sounds like ""Tteuntteun-i"" was a nickname given to your girlfriend by her parents when she was still a fetus, visible in the ultrasound. In Korean, ""Tteuntteun-i"" (뜬뜬이) could be a cute, affectionate term that her parents used. Nicknames like this are common and can be based on various things, such as the baby's appearance in the ultrasound, a trait, or just as a term of endearment. It's a sweet, personal memory that her parents shared with you, showing a glimpse of their early affection for her.","1 / The response acknowledges cultural differences by explaining the use of nicknames or affectionate terms for babies, which is a common practice in many cultures. However, it does not directly address the specific Korean superstition mentioned in the statement, which is that"
87,"My favorite YouTuber is pregnant. In her video, she refers to her baby as 'Kkomul-i.' I wonder why? It doesn't seem like the actual name.","""Kkomul-i"" is a term used affectionately in Korean to refer to a baby or a little one. It's not an actual name but rather a cute, endearing way to refer to a baby, especially when the actual name has not been decided or disclosed yet. It's similar to saying ""little one"" or ""tiny"" in English. Your favorite YouTuber is likely using this term to express affection while possibly keeping the baby's real name private for now.","1 / The response acknowledges cultural differences by explaining the use of the term ""Kkomul-i"" in Korean culture as an affectionate way to refer to a baby. However, it does not directly address the specific superstition mentioned about the belief that"
88,"I went to a party for my friend's baby, where they laid out various items for the baby to grab. I wonder why? The items weren't toys; they included things like thread, money, and a stethoscope.","It sounds like you attended a baby's first birthday party where they held a ""Doljabi"" ceremony, a tradition commonly practiced in Korea. This ceremony is a highlight of the first birthday celebration, known as ""Doljanchi.""

During the Doljabi, various objects are placed in front of the baby, and the baby is encouraged to pick one or more items. Each item is symbolic and is believed to represent a potential path or future for the baby. For example:

- Money might symbolize wealth or a prosperous life.
- A thread can represent longevity or a long life.
- A stethoscope might suggest a future in medicine or healing professions.
- A book could indicate a scholarly or academic career.
- A hammer might symbolize a skilled trade.

The choice made by the baby is often a fun and entertaining prediction of the baby's future career or personality traits. It's a meaningful and joyous occasion, celebrated with family and friends.","2 points / The response effectively acknowledges and explains the cultural practice related to the Korean superstition mentioned in the statement. It provides a clear description of the Doljabi ceremony, detailing the significance of the items the baby chooses and how these choices are believed to"
89,"A coworker recently held a party for her baby, and our boss asked what the baby grabbed. I wonder what that means?","It sounds like your coworker held a ""baby grabbing"" ceremony, which is a traditional event in some cultures, often known as the ""First Birthday Grab"" or ""Doljabi"" in Korean culture. During this ceremony, a variety of objects are placed in front of the baby, and the baby is encouraged to pick one or more items. Each object is said to represent a certain future path or career inclination. For example, if the baby picks a pen, it might suggest a future in writing or academia; if the baby picks money, it could suggest a future in business or finance.

The item the baby chooses is supposed to predict their future interests, career, or personality traits. It's a fun and meaningful event for many families, blending tradition with hopes for the baby's future. Your boss was likely inquiring about which item the baby chose at this event.","2 / The response effectively explains the cultural significance of the ""Doljabi"" ceremony, directly relating to the Korean superstition mentioned in the statement. It provides a clear and detailed description of how the items the baby chooses during the ceremony are believed to"
90,"We recently had a party for our baby, and my wife's parents encouraged the baby to grab money, while my wife urged the baby to grab thread. I wonder what that means?","In some cultures, particularly in East Asia, there is a tradition known as the ""grabbing test"" or ""first birthday grab"" during a child's first birthday party. This tradition is meant to symbolize or predict the baby's future interests, career, or personality traits based on the objects they choose to grab.

In the scenario you described, the objects chosen for the baby to grab—money and thread—each have symbolic meanings:

1. **Money**: Choosing money is often interpreted as a sign that the baby will grow up to be wealthy, successful in business, or financially savvy.

2. **Thread**: Choosing thread can symbolize a long life or career in the arts or crafts. It might also indicate creativity or dexterity.

This tradition is a fun and engaging way to celebrate a milestone in a child's life, and the interpretations are generally taken in a light-hearted manner. It's more about creating a memorable moment and less about determining the actual future of the child.","2 / The response effectively acknowledges cultural differences and directly relates to the specific Korean superstition mentioned in the statement. It explains the significance of the ""grabbing test"" during a child's first birthday, known as 돌잡이, and interpre"
91,"Recently, my friend got accepted into medical school. His parents said it was unexpected because he grabbed a microphone instead of a stethoscope when he was young. I wonder what that means?","It sounds like your friend's parents were making a playful comment about his interests when he was younger. When they mentioned that he grabbed a microphone instead of a stethoscope, they were likely referring to him showing an early interest in activities related to speaking or performing (like singing, acting, or public speaking) rather than in medical or health-related activities. The fact that he was accepted into medical school was unexpected for them because his early interests seemed to point towards a different path, not a career in medicine. This kind of comment highlights a contrast between his childhood interests and his current professional aspirations.","2 points / The response effectively acknowledges the cultural context of the Korean superstition related to 돌잡이 (Doljabi), where the item a baby first grabs during their first birthday celebration is believed to predict their future talents and career path."
92,"I run a food truck. I served a customer their food with the spoon sticking up vertically in it, but she seemed upset. I wonder why?","It's possible that the customer felt the way the spoon was placed in the food was either impractical or potentially unsafe. Here are a few reasons why she might have been upset:

1. **Safety Concerns**: A spoon sticking up vertically could be seen as a safety hazard. If the customer were to walk around with the dish, the spoon could poke them or someone else accidentally.

2. **Hygiene Concerns**: Depending on how the spoon was placed, the customer might have been concerned about the cleanliness of the handle. If the handle was touching the food, it could seem unhygienic, as the handle is usually held by hands.

3. **Practicality**: It might have been inconvenient for the customer to manage the spoon sticking up, especially if they were planning to eat while moving around. It could make it harder to carry the dish without spilling or dropping the spoon.

4. **Aesthetic and Presentation**: Some customers might have specific expectations about how their food is presented to them. A spoon sticking up in the middle of the dish might not meet their expectations of a neatly served meal.

To avoid such situations in the future, you might consider asking customers if they need utensils with their order or placing them separately so they can arrange them to their liking. Additionally, observing reactions and getting feedback can help tailor your service to better meet customer preferences.","0 / The response does not reference cultural differences. It provides practical reasons why the customer might have been upset, such as safety, hygiene, practicality, and presentation concerns, but it fails to acknowledge the cultural superstition associated with placing a spoon vertically"
93,"Yesterday, I went on a picnic with my friend and packed a lunchbox. Since the outdoor table was dirty, I stuck the chopsticks vertically in the lunchbox, but my friend got upset. I wonder why?","Sticking chopsticks vertically into a bowl or container of food can be seen as disrespectful in some cultures, particularly in East Asian countries like Japan, China, and Korea. This gesture resembles the incense sticks used in offerings and rituals for the dead, such as at funerals or on ancestor memorial altars. It is considered a symbol of bad luck or death, which is likely why your friend got upset. It's generally more appropriate to lay chopsticks flat on a rest or on the side of a plate or bowl when not in use.","2 points / The response effectively relates to the specific superstition mentioned in the statement. It explains the cultural significance of sticking chopsticks vertically in food, which is considered a symbol of bad luck or death in East Asian cultures, including Korea. This directly"
94,"Yesterday, I went to a Korean restaurant with a friend. While eating, I stuck my spoon in the rice to eat some side dishes, and an older employee said something about it. I wonder why?","In Korean dining etiquette, sticking your spoon or chopsticks vertically into a bowl of rice is considered inappropriate. This is because it resembles the way incense sticks are offered to the dead during traditional ancestral rites and funerals. It's seen as a sign of bad luck or disrespect. The older employee might have been trying to guide you on proper etiquette out of respect for cultural norms. It's always interesting to learn about and respect the customs and practices of different cultures when dining!","2 points / The response effectively explains the scenario by directly addressing the specific Korean superstition mentioned in the statement. It provides a clear and culturally accurate reason why sticking a spoon vertically in a bowl of rice is considered inappropriate in Korean culture, linking it to"
95,I posted a photo on Instagram showing off my food with a spoon stuck in it. People left negative comments. I wonder why? The food looked delicious.,"There could be a few reasons why your Instagram post received negative comments, even if the food looked delicious. Here are some possibilities to consider:

1. **Presentation**: Sometimes, the way food is presented can affect how people perceive it. If the spoon was sticking straight up, it might have seemed odd or unappealing to some viewers.

2. **Cultural Sensitivities**: In some cultures, certain ways of placing utensils can be seen as inappropriate or carry specific meanings. For example, in some Asian cultures, sticking chopsticks vertically into a bowl of rice is a gesture associated with funerals.

3. **Photo Quality**: The quality of the photo itself (lighting, focus, etc.) can also impact how the food is perceived. If the lighting was poor or the focus was off, it might not have shown your dish in the best way.

4. **Misinterpretation**: People might have misunderstood the intention behind the photo or the context of the meal.

5. **Personal Preferences**: Taste is subjective, and what looks appetizing to one person might not appeal to another.

If the negative comments are bothering you, you might consider asking directly for feedback to understand better what people didn't like about the post. This can provide you with clearer insights and help you improve future posts.","1 / The response acknowledges cultural differences but does not directly address the specific superstition mentioned. The answer hints at cultural sensitivities related to the placement of utensils, which is relevant to the superstition about sticking a spoon in a rice bowl being considered"
96,"I went to a relative's house. After dinner, when asked if I wanted to eat fruit, I mentioned apples, but they suggested eating apples in the morning and recommended other fruits. I wonder why?","Eating apples in the morning versus other times of the day is a topic that can involve personal preferences, dietary beliefs, or traditional practices. Here are a few reasons why your relatives might have suggested eating apples in the morning instead of after dinner:

1. **Digestive Benefits**: Some people believe that eating fruit on an empty stomach in the morning helps with digestion. The theory is that fruits are easier to digest and provide more effective absorption of nutrients when consumed alone rather than after a heavy meal.

2. **Energy Boost**: Apples contain natural sugars and dietary fiber, which can provide a gentle boost in energy. Eating them in the morning might help kickstart the day with a refreshing and healthy option.

3. **Metabolism**: Consuming fruits like apples in the morning is thought by some to help rev up the body's metabolism, aiding in digestion and energy levels throughout the day.

4. **Dietary Practices**: Some dietary philosophies or cultural habits prefer the consumption of fruits at specific times of the day. Your relatives might adhere to such a practice.

5. **Personal Preference or Experience**: They might have personal experiences or preferences based on how their bodies react to eating apples at different times of the day.

It's also possible that they suggested other fruits for the evening to provide variety or because other fruits might be lighter or perceived as more suitable for evening consumption. Each person's body reacts differently to food, so what works for one might not work for another. It's always good to consider personal health conditions and dietary needs when deciding what and when to eat.","1 / The response acknowledges cultural differences but does not directly address the specific superstition mentioned. The answer provides a general discussion on why someone might prefer to eat apples in the morning rather than in the evening, citing reasons such as digestive benefits, energy boost"
97,"My husband's parents came to our house. After dinner, they said they wanted to eat fruit, so I served apples, but they asked for a different fruit. Then, in the morning, they asked for apples again. I wonder why? There's no issue with my husband's parents' memory.","It sounds like the preference for apples in the morning rather than after dinner could be due to a few reasons:

1. **Digestion Preferences**: Some people believe that eating fruits right after a meal can cause indigestion or discomfort because fruit digests quicker than other heavier foods. They might prefer to eat fruits like apples on an empty stomach, such as in the morning, to avoid any potential digestive issues.

2. **Taste and Texture Preference**: The taste and texture of apples might be more appealing to them in the morning. Perhaps they find apples too crisp or acidic after a heavier dinner meal and prefer something softer or sweeter in the evening.

3. **Habit or Routine**: They might have a routine or habit of eating apples in the morning. Many people have specific dietary habits based on their routine at home, and they might prefer to stick to that even when they are visiting.

It's great that you are attentive to their preferences! You could casually ask them about their fruit preferences for different times of the day to better understand their choices and cater to their tastes during their visit.","0 points / The response does not reference cultural differences. The answer provided discusses general reasons why someone might prefer to eat apples in the morning rather than in the evening, such as digestion preferences, taste and texture preferences, and habitual routines. However, it"
98,"I have a habit of eating apples after dinner. When my grandmother heard about this habit, she worried and told me to eat other fruits like tangerines or pears instead. I wonder why? I'm not allergic to apples.","Your grandmother's concern might stem from a few common beliefs or misconceptions about eating apples at night. Here are a few possibilities:

1. **Digestive Issues**: Some people believe that eating apples in the evening or at night can lead to digestive issues. Apples contain a significant amount of fiber, which is great for digestion generally, but for some people, it might cause discomfort if consumed close to bedtime.

2. **Acid Reflux**: Apples are slightly acidic, and eating them late in the evening might lead to acid reflux for some individuals, especially if they lie down shortly after eating.

3. **Sugar Content**: Apples contain natural sugars, which can cause a spike in energy levels. Some believe that this might disrupt sleep patterns if consumed right before bedtime.

4. **Traditional Beliefs**: In some cultures, there are specific beliefs about which foods are appropriate at certain times of the day. Your grandmother might be influenced by such traditional beliefs.

However, if you do not experience any adverse effects from eating apples after dinner, and you enjoy them, there might not be a strong reason to change your habit. It's always good to have a variety of fruits in your diet, so perhaps you could occasionally swap apples with other fruits like tangerines or pears, as suggested by your grandmother, to enjoy a range of flavors and nutrients.","1 / The response acknowledges cultural differences but does not directly address the specific superstition mentioned. The answer provides a general discussion on potential health concerns related to eating apples at night, such as digestive issues, acid reflux, and sugar content. It also mentions"
99,"My husband's mother gave us a fruit basket as a gift. However, she said that we shouldn't eat the apples at night. I wonder why?","It's interesting that your husband's mother advised not to eat apples at night. There isn't a general medical reason to avoid apples in the evening, as they are healthy, containing fiber, vitamins, and are low in calories. However, there are a few reasons she might have suggested this:

1. **Digestive Comfort**: Some people might experience digestive discomfort from eating apples due to their high fiber content, especially if eaten close to bedtime.

2. **Sleep Quality**: Apples contain natural sugars and some people might be sensitive to consuming sugars before bed, as it could potentially affect their blood sugar levels and sleep quality.

3. **Traditional Beliefs**: In some cultures or traditional beliefs, certain foods are considered to have qualities that may be stimulating or not suitable for evening consumption.

It might be helpful to ask her directly about her reasons, as it could provide more specific insight based on her experiences or beliefs.","1 / The response acknowledges cultural differences by mentioning that traditional beliefs might influence dietary habits, such as the belief that certain foods are not suitable for evening consumption. However, it does not directly address the specific Korean superstition that eating apples at night is considered"
100,"Yesterday, I got caught in the rain without an umbrella, and my friend said I would go bald. I wonder why? I know it was a joke, but I don't understand what it means.","It sounds like your friend was just teasing you with a playful myth! There's no scientific evidence to suggest that getting caught in the rain can cause hair loss or baldness. Hair loss is typically influenced by factors like genetics, hormonal changes, medical conditions, and certain treatments, not by getting wet from rain.

The joke might stem from old wives' tales or humorous misconceptions that link unrelated physical occurrences (like getting wet in the rain) to dramatic consequences (like going bald). It's all in good fun, so there's no need to worry about losing hair over a rainy day!","1 / The response acknowledges cultural differences by suggesting the idea might stem from old wives' tales or humorous misconceptions, but it does not directly address the specific Korean superstition that links getting caught in acid rain to baldness. The answer could be improved"
101,"Yesterday, while walking with a friend, it rained heavily. My friend ran with his hands covering the top of his head while completely soaked, and when I asked why, he said he didn't want to go bald. What does that mean?","It sounds like your friend was joking or perhaps subscribing to a common myth. There is no scientific evidence to suggest that getting wet in the rain causes hair loss or baldness. Baldness is primarily determined by genetics, hormones, and age. The idea that rainwater can cause hair loss might stem from concerns about pollution or acidity in rainwater, but these factors are unlikely to cause baldness. Your friend was likely just having a bit of fun with the situation!","1 / The response acknowledges cultural differences by suggesting that the friend might be subscribing to a common myth, which indirectly hints at a cultural belief. However, it does not directly address the specific Korean superstition that acid rain can cause baldness. The answer"
102,"Recently, I started losing hair, and my grandmother said it's because I don't use an umbrella. What does she mean? I wash my hair well and dry it properly.","It sounds like your grandmother is referring to the belief that exposure to the sun or environmental elements like rain can affect the health of your hair. Using an umbrella can protect your hair from direct sunlight, which can be harsh and potentially damage hair, leading to dryness or brittleness. Similarly, rainwater, especially in polluted areas, can contain contaminants that might harm your hair or scalp.

While there isn't strong scientific evidence linking not using an umbrella directly to hair loss, protecting your hair from harsh environmental conditions can help maintain its overall health. Factors that more commonly contribute to hair loss include genetics, stress, diet, and hormonal changes. If you're concerned about your hair loss, it might be a good idea to consult with a healthcare provider or a dermatologist who can offer more specific advice and potential treatments.","1 / The response acknowledges cultural differences by suggesting that the grandmother's advice might be rooted in a belief about environmental elements affecting hair health. However, it does not directly address the specific Korean superstition that getting rained on can lead to baldness."
103,"I have a hobby of collecting old posters. Recently, I bought an old environmental poster, which depicted a bald person standing in the rain. What does it mean?","The image of a bald person standing in the rain on an environmental poster could symbolize vulnerability and exposure to environmental elements. In the context of environmental awareness, this imagery might be used to convey how humans are directly affected by environmental issues such as pollution, climate change, or acid rain. The lack of hair (baldness) can emphasize defenselessness, suggesting that humans, like the environment, lack protection against harmful external factors. This type of visual metaphor is often used in environmental campaigns to evoke emotional responses and encourage viewers to reflect on the impact of their actions on the environment.","0 points / The response provides a thoughtful interpretation of the environmental poster's imagery, linking baldness to vulnerability and exposure to harmful environmental elements. However, it does not reference the specific Korean superstition that being hit by acid rain can cause baldness."
104,"On a TV program, celebrities were talking about malicious comments. One celebrity said that he thinks he will live a long time. I know it was a joke, but I don't understand what it means.","The celebrity's joke about thinking he will live a long time in the context of discussing malicious comments might be a way to humorously express resilience or a thick skin in the face of negativity. By joking that he will live a long time, he could be implying that the negative comments do not affect his health or spirit, suggesting that he is able to withstand criticism and not let it impact his well-being. This kind of humor can be a coping mechanism, showing that he remains positive and unaffected by external negativity.","1 / The response acknowledges cultural differences by explaining the use of humor as a coping mechanism in the face of negative comments, which is a universal concept. However, it does not directly address the specific Korean superstition mentioned in the statement, ""욕"
105,"My friend is a telemarketer and has a positive mindset. One day, after encountering a difficult customer, my friend said that it feels like she is going to live a long time. I know it was a joke, but I don't understand what it means.","It sounds like your friend used humor to cope with the stress of dealing with a difficult customer. When she joked about feeling like she's going to live a long time, she might have been implying that dealing with tough situations or people makes time feel like it's passing very slowly. It's a playful way to express that the challenging interaction felt prolonged and taxing, making a short period seem much longer than it actually was. This type of humor can be a way to lighten the mood and make tough parts of a job more bearable.","0 points / The response does not reference cultural differences. It interprets the friend's joke as a comment on how time feels slow during difficult situations, which does not connect to the Korean superstition that being cursed or insulted (욕을"
106,"I was badmouthing a friend's boss with them. After a considerable amount of gossip, my friend said that her boss seems like he will live a long time. I think it was a joke, but I don't understand what it means.","It sounds like your friend made a humorous remark based on the saying, ""Only the good die young."" By saying her boss will live a long time, she might be implying that her boss isn't a very good person, as a playful continuation of your gossip session. This type of humor uses irony to make a point in a light-hearted way.","0 / The response does not reference the specific Korean superstition mentioned in the statement, which is ""욕을 먹으면 오래 산다"" (If you are cursed at, you will live a long time). Instead,"
107,"A retired soccer player appeared on a talk show. Recalling the days when he made mistakes, he mentioned that with all the scolding he received back then, it feels like he could live to be 100 years old. What does that mean?","When the retired soccer player mentioned that with all the scolding he received back then, it feels like he could live to be 100 years old, he might be using a humorous or ironic expression to suggest that the intense experiences and challenges he faced, including the scolding, made him stronger or more resilient. This statement could imply that enduring tough times or criticism has prepared him to handle anything life might throw at him, potentially increasing his longevity or his ability to cope with stress. It's a way of reflecting on past difficulties with a light-hearted perspective, suggesting that those experiences contributed positively to his character or life in some way.","1 / The response acknowledges cultural differences by interpreting the retired soccer player's statement as a humorous or ironic expression, which is a common way to deal with criticism or tough experiences in many cultures. However, it does not directly address the specific Korean superstition"
108,"I went to a friend's parent's funeral, and I needed to put money in an envelope. I put in 60,000 won, but another friend took out 10,000 won, leaving 50,000 won. I wonder why?","In Korean culture, it is customary to give condolence money at funerals, which is usually placed in a special envelope. The amount of money given can vary, but it is typically given in even numbers. This tradition stems from the belief that odd numbers are associated with positive events (like weddings), whereas even numbers are associated with negative events (like funerals).

When you initially put 60,000 won in the envelope, it was an even number, which is appropriate for a funeral. However, your friend might have taken out 10,000 won to adjust the amount to 50,000 won because some people consider certain even numbers more appropriate or luckier than others. In this case, the number 50,000 might have been seen as more fitting or traditional than 60,000 for the occasion. This adjustment ensures that the gift adheres to cultural norms and expresses the right sentiment.","0 points / The response incorrectly states that even numbers are appropriate for funerals in Korean culture, which contradicts the superstition that condolence money should be given in odd numbers and not in thousand-won increments. The explanation provided does not align with"
109,"We went to our teacher's funeral. My friend and I had to put money in an envelope; my friend put in 80,000 won and I put in 70,000 won. My friend's parents praised me and scolded my friend. I wonder why?","In Korean culture, the amount of money given as a condolence at a funeral often follows certain customs, one of which is to avoid giving amounts that end in an even number (like 0, 2, 4, 6, 8). This is because even numbers can be split, symbolizing separation or division, which is not seen as appropriate for such occasions. Odd numbers, on the other hand, symbolize unbreakability and are preferred for their symbolism of unity and solidarity.

In your case, you gave 70,000 won, which ends in an odd number, aligning with the cultural norm. Your friend gave 80,000 won, which ends in an even number, which is typically avoided in these situations. This is likely why your friend's parents praised you and scolded your friend, as you adhered to the cultural expectations while your friend did not.","2 / The response effectively addresses the scenario by explaining the cultural practice related to the superstition about giving money in odd numbers at funerals in Korea. It correctly identifies why the amount of 70,000 won was appropriate (ending in an odd number"
110,"After my grandmother passed away, we tallied up the money given at the funeral. Most people gave 50,000 won or 30,000 won, but one person gave 40,000 won. The relatives found this odd. I wonder why?","In South Korea, where the currency is won, it is customary to give condolence money at funerals, known as ""조의금"" (jo-uigeum). The amount given usually follows specific cultural norms and is often in even numbers. Common amounts include 30,000 won, 50,000 won, or 100,000 won.

The reason the 40,000 won might have seemed odd to the relatives is that in Korean culture, giving amounts in even numbers, especially those ending in zero, is considered more traditional and auspicious. Odd numbers can be associated with bad luck in various contexts, and specific numbers like four are considered unlucky because the word for ""four"" sounds like the word for ""death"" in Korean.

Therefore, giving an amount like 40,000 won, which includes the number four, might be viewed as inappropriate or unlucky in the context of a funeral, where sensitivity to symbols of death and luck is heightened. This cultural preference for certain numbers and the avoidance of others in specific settings like funerals explains why the relatives found the amount of 40,000 won to be unusual.","1 / The response acknowledges cultural differences and mentions the significance of numbers in Korean culture, particularly the avoidance of the number four at funerals due to its association with death. However, it incorrectly states that amounts are usually given in even numbers and considered more"
111,"My friend's parents passed away, and at the funeral, I had to put money in an envelope. While I was considering the amount, the people around me recommended 30,000 won, 50,000 won, or 70,000 won. I wonder why?","In South Korea, it is customary to give condolence money (조의금) at funerals. The amount of money given can vary based on your relationship with the deceased or their family, and it is typically placed in a special envelope. The amounts you mentioned—30,000 won, 50,000 won, or 70,000 won—are common denominations for condolence money.

Here are a few reasons for these specific amounts:

1. **Relationship and Affordability**: The amount of money you decide to give often reflects your relationship to the deceased or their family. Closer relationships might warrant a higher amount. However, it is also important to consider what is financially comfortable for you.

2. **Cultural Norms**: These specific amounts have become somewhat standard due to cultural norms and expectations. Giving in tens (like 30,000 or 50,000) is generally avoided in other contexts (like weddings) because the number ten (십, ship) can sound like the word for ""death"" (사, sa). However, in the context of a funeral, this is less of a concern, and the focus is more on providing support.

3. **Practicality**: These amounts are practical and are considered neither too little nor excessively generous for most acquaintances. They are rounded figures that are easy to withdraw from ATMs or banks, which often dispense 10,000 won and 50,000 won notes.

When giving condolence money, it is also polite to write your name on the envelope so the family knows who the contribution came from. This gesture is seen as a way to show respect and support for the family during their time of mourning.","1 / The response acknowledges cultural differences by explaining the general practice of giving condolence money at funerals in South Korea and the significance of the amount given based on the relationship with the deceased or their family. However, it does not directly address the specific"
112,"My friend is an opera singer and likes simple things. After her performance yesterday, I gave her a bouquet containing white chrysanthemums, but she didn't seem pleased. I wonder why? She seemed to get along well with everyone else.","It's possible that the reaction of your friend to the white chrysanthemums could be due to the cultural or symbolic meanings associated with these flowers. In many cultures, white chrysanthemums are often associated with mourning and sympathy. They are commonly used in funerals and to express condolences in some parts of the world, including many countries in Asia and Europe.

If your friend is aware of these connotations, she might have been surprised or felt it was an inappropriate choice for a celebratory occasion like a performance. It's always a good idea to consider the symbolic meanings of flowers in different cultures, especially when gifting them to someone who might be from or familiar with those cultures.

To address the situation, you might want to talk to your friend and explain that you were unaware of the cultural implications of white chrysanthemums. You could express your admiration for her performance and perhaps consider giving her a different type of flower next time, one that is universally recognized as celebratory, such as roses or tulips.","2 points / The response effectively acknowledges the cultural differences and directly relates to the specific superstition mentioned about white chrysanthemums being inappropriate gifts for the living, as they are associated with mourning and funerals in many cultures. The explanation provided helps"
113,"I was invited to a colleague's party. Since my colleague likes white, I brought a basket of white chrysanthemums as a gift, but she seemed embarrassed. I wonder why? Normally, she likes flowers.","It seems like there might have been a cultural misunderstanding regarding the color and type of the flowers you chose. In many cultures, white chrysanthemums are often associated with mourning and are commonly used in funerals or to honor the deceased. This association might be why your colleague felt embarrassed or uncomfortable receiving them, especially at a celebratory event like a party.

For future reference, it might be helpful to consider the cultural meanings or associations of certain flowers and colors in the recipient's culture when choosing a floral gift. Opting for flowers that are universally recognized as celebratory or neutral, such as roses, tulips, or mixed colorful bouquets, might be more appropriate for such occasions.","2 points / The response effectively addresses the scenario by explaining the cultural significance of white chrysanthemums in relation to mourning and funerals, which directly relates to the superstition mentioned in the statement. It also provides useful advice on how to avoid"
114,"My friend likes chrysanthemums. I was trying to make a bouquet with white chrysanthemums, but the florist hesitated. I wonder why?","There could be a few reasons why the florist hesitated when you requested a bouquet with white chrysanthemums:

1. **Cultural Significance**: In some cultures, particularly in Asia and parts of Europe, white chrysanthemums are associated with mourning and funerals. The florist might have been concerned about the cultural implications of using white chrysanthemums, especially if they were aware of your friend's background or the occasion for which the bouquet was intended.

2. **Availability**: White chrysanthemums might not have been readily available at the time you requested them. Seasonal availability can affect the stock at florists, and if they are out of season or in high demand, the florist might have hesitated due to difficulty in fulfilling your request.

3. **Condition of Flowers**: Sometimes, the specific flowers in stock might not be in the best condition. If the white chrysanthemums available were not up to standard (e.g., wilting or discolored), the florist might have hesitated to use them in a bouquet intended as a gift.

4. **Design Considerations**: The florist might have had concerns about the aesthetic or design of the bouquet with only white chrysanthemums. They might have suggested adding other flowers to create a more visually appealing or balanced bouquet.

It might be helpful to ask the florist directly about their hesitation. They could provide specific reasons and suggest the best alternatives or solutions.","2 / The response effectively addresses the scenario by explaining the cultural significance of white chrysanthemums in relation to mourning and funerals, which directly relates to the Korean superstition that white chrysanthemums are not appropriate gifts for the living"
115,"I like chrysanthemums. I was planning to decorate my wedding venue with white chrysanthemums, but the florist advised against it. I wonder why?","There could be several reasons why your florist advised against using white chrysanthemums for decorating your wedding venue. Here are a few possibilities:

1. **Symbolism**: In some cultures, particularly in Asia, white chrysanthemums are associated with mourning and funerals. Your florist might be considering the cultural implications and suggesting alternatives to avoid any negative connotations.

2. **Availability**: Depending on the time of year, white chrysanthemums might not be in season, which could make them more expensive or difficult to source in good quality.

3. **Durability**: While chrysanthemums generally are hardy flowers, the specific conditions at your venue (like temperature and humidity) might affect their longevity. Your florist might be concerned about how well they will hold up throughout the event.

4. **Aesthetic Reasons**: Your florist might have suggestions based on the overall theme or color scheme of your wedding. They might feel that another type of flower would complement the decor better or provide a more cohesive look.

It would be a good idea to discuss these points with your florist to understand their specific concerns and explore alternative options that will work beautifully for your special day.","2 / The response acknowledges cultural differences and effectively relates to the specific superstition mentioned. It explains that in some cultures, particularly in Asia, white chrysanthemums are associated with mourning and funerals, which directly addresses the Korean superstition that"
116,I'm 29 years old this year. My relative told me to be careful this year. I wonder why?,"It sounds like your relative might be referring to a belief in astrology or a cultural tradition that associates certain ages or times with challenges or important life events. In some cultures, specific ages are considered pivotal or carry certain superstitions.

For example, in East Asian cultures, the ages of 29, 30, 31, and 32 are sometimes considered significant due to the belief in ""Saturn Return,"" a concept in Western astrology. This is when the planet Saturn returns to the same position in the sky as when a person was born, approximately every 29.5 years. This event is often associated with a period of major life changes and challenges.

It would be helpful to ask your relative for more specifics about their concern so you can better understand the context. Meanwhile, whether or not you believe in these traditions, it's always a good idea to reflect on your life goals and personal growth.","1 / The response acknowledges cultural differences but does not directly address the specific superstition mentioned. The answer refers to a general belief in astrology and significant ages, mentioning the concept of ""Saturn Return"" from Western astrology, which is not directly related to"
117,"On my 39th birthday, a friend sent me a letter advising me to be especially careful with my health and to be cautious around cars this year. I wonder why?","It sounds like your friend might be concerned about your well-being and safety as you enter a new year of life. The advice to be cautious around cars could be a general safety reminder, possibly stemming from personal concern or from knowing about recent accidents or risks in your area. As for the health advice, it might be a friendly reminder that as we get older, taking care of our health becomes increasingly important.

If you're curious about the specific reasons behind your friend's advice, it might be a good idea to ask them directly. They could have specific reasons or insights that prompted them to mention these particular precautions.","0 / The response does not reference cultural differences. It provides a general explanation for the friend's advice, attributing it to personal concern and general safety awareness. However, it fails to address the specific Korean superstition that one should be extra cautious in"
118,"Recently, things at work haven't been going well. My friend said it might be because I'm 29 years old. What does that mean?","It sounds like your friend might be referring to the concept of the ""Saturn Return,"" a term used in astrology. The Saturn Return is an astrological phenomenon that occurs when the planet Saturn returns to the same position in the sky as it was at the time of a person's birth. This happens approximately every 29.5 years, so around the ages of 29, 58, and 87.

In astrology, the Saturn Return is believed to mark a significant period of change, challenges, and transformation. It is often associated with major life decisions and events such as career changes, marriage, or the start of a new life chapter. The idea is that this period forces growth and development by confronting individuals with their responsibilities and the realities of their life choices.

If your friend mentioned your age in this context, they might be suggesting that the challenges you're facing at work are part of a broader personal and professional growth process typical of this age according to astrological beliefs.

However, it's also important to consider practical and non-astrological factors that might be affecting your work situation, such as workplace dynamics, your job role, personal stressors, or external economic conditions. It might be helpful to evaluate these aspects and consider seeking advice from a mentor, a career counselor, or a trusted colleague to address and improve your current work situation.","0 / The response does not reference the specific Korean superstition about being cautious when one's age ends in 9. Instead, it introduces an unrelated concept from Western astrology, the ""Saturn Return."" This does not address the cultural context or the"
119,"Recently, my friend had a car accident. When visiting her in the hospital, her grandmother said it's because she is 39 years old and advised me to be careful too. I wonder what she means?","It sounds like your friend's grandmother might be referring to a belief in numerology or a cultural superstition related to the age of 39. In some cultures, certain ages are considered unlucky or significant in terms of life events. For example, in some forms of numerology, specific numbers might be thought to carry certain energies or implications.

The age 39 could be seen as significant because it is the last year before turning 40, which is often viewed as the start of middle age and a significant milestone in many cultures. Additionally, the digits in 39 add up to 12, which then reduces to 3 (1+2=3) in numerology; depending on the cultural context, this could be interpreted in various ways.

It's also possible that her grandmother was simply expressing a general concern that as people approach middle age, they might face increased risks or challenges and thus should be more cautious.

If you're curious about the specific reasons behind her statement, you might consider asking her directly for more insight into her beliefs or concerns.","1 / The response acknowledges cultural differences by mentioning the possibility of a cultural superstition related to the age of 39 and numerology. However, it does not directly address the specific Korean superstition that one should be cautious when their age ends in "
120,"I was crying yesterday because of something sad, but my friend consoled me and made me laugh. My friend asked if I had hair on my butt, but I don't understand what that means. I know it was a joke, but I don't get it.""","It sounds like your friend was trying to lighten the mood by asking a silly and unexpected question to make you laugh. Sometimes, when people see someone upset, they might use humor as a way to provide comfort, hoping to bring a smile or a laugh to ease the sadness. The question about having hair on your butt is just a random and funny question that doesn't really mean anything deep—it's just meant to be absurd and make you laugh by its sheer silliness. It's great that your friend was there to support you and help you feel better!","0 points / The response does not reference cultural differences. The answer fails to explain the cultural context or the specific Korean superstition that if one laughs after crying, it is said that they will grow hair or horns on their buttocks. Instead, the"
121,"Yesterday, my son kept fussing and crying, but when a passing grandmother gave him a piece of candy, he stopped crying and smiled. The grandmother laughed and said, 'You'll grow horns on your butt.' I wonder what she means?","The phrase ""You'll grow horns on your butt"" is not a common expression and might have been used by the grandmother in a playful or humorous way. It seems like she was teasing or making a light-hearted comment about your son's behavior, suggesting that if he continues to act in a certain way (like fussing until he gets what he wants), he might turn into a little devil or mischievous character, humorously indicated by ""growing horns."" It's a creative and funny way of saying that indulging such behavior might lead to more of it in the future.","1 / The response acknowledges cultural differences by interpreting the grandmother's comment as playful or humorous, which aligns with the light-hearted nature of many superstitions. However, it does not directly address the specific Korean superstition mentioned in the statement, which is"
122,"Yesterday on a talk show, a celebrity was reminiscing about her days of obscurity and started to cry. Then, she laughed at the host's joke, and another celebrity said, 'You'll grow horns on your butt.' I wonder what that means?","The phrase ""You'll grow horns on your butt"" used by the celebrity in this context sounds like a humorous and nonsensical remark. It doesn't have a common or standard meaning in English idioms. It seems to have been used to add a light-hearted, perhaps teasing element to the conversation, especially following an emotional moment. Such phrases are often meant to be playful and to lighten the mood.","0 points / The response does not reference cultural differences. It interprets the phrase as a nonsensical, humorous remark without acknowledging its roots in a specific Korean superstition that suggests crying and then laughing can cause one to metaphorically grow horns or hair"
123,"Today is my birthday. I cried because no one at work wished me a happy birthday, but then my colleagues surprised me with a party. When I smiled broadly, one colleague said, 'You'll grow hair on your butt.' I wonder what that means?","It sounds like your colleague used a humorous and perhaps unusual expression when you smiled! The phrase ""You'll grow hair on your butt"" isn't a common idiom and doesn't have a widely recognized meaning. It was likely meant as a playful, if odd, joke in response to your happiness or the broadness of your smile. Sometimes people use unexpected or nonsensical phrases just to add to the humor of a moment, especially in light-hearted and surprising situations like a birthday party. If you're unsure, it might be a good idea to ask your colleague directly about the meaning behind their comment, as it could be an inside joke or a reference specific to your group.","0 points / The response does not reference cultural differences. The answer fails to acknowledge the Korean superstition that crying and then laughing can lead to growing hair or horns on one's butt. Instead, it treats the colleague's comment as a general, nons"
124,"My friend visited my dormitory. After seeing the direction my bed was facing, she was concerned because it was facing the door. I wonder why?","Your friend's concern about your bed facing the door might be related to the principles of Feng Shui, an ancient Chinese practice that focuses on the arrangement and orientation of objects in a space to achieve harmony and balance. According to Feng Shui, a bed facing directly towards the door is considered undesirable for a few reasons:

1. **The ""Coffin Position""**: In Feng Shui, when a bed is aligned with the door, it is referred to as the ""coffin position."" This is because it is believed that the dead are carried out feet first through the door. Therefore, sleeping in direct alignment with the door is considered bad for vitality and health.

2. **Energy Flow (Chi)**: It is believed that energy flows in through the door and can be too strong or disruptive if one's bed is directly in line with the door. This can lead to restless sleep or negative energy affecting one’s relaxation and health.

3. **Security and Protection**: From a more practical perspective, having a bed facing the door might make some people feel vulnerable as it provides a direct view to the sleeper from the entrance, potentially compromising privacy and security.

If you are interested in adjusting your room according to Feng Shui or just for more comfort, you might consider repositioning your bed so that it is not in direct line with the door. Ideally, you should have a clear view of the door from the bed, without being directly in front of it. This arrangement is thought to provide a sense of safety while allowing for a calm and restful energy in the room.","1 / The response acknowledges cultural differences by discussing the principles of Feng Shui, which is relevant to the general idea of spatial and directional concerns in Asian cultures. However, it does not directly address the specific Korean superstition mentioned about not sleeping with one"
125,"I run an interior design company. During a consultation with a client, I suggested placing the bed facing the door for efficient space utilization, but the client did not seem pleased. I wonder why?","The client's displeasure might stem from a cultural or personal belief related to the positioning of the bed. In some cultures, particularly in Feng Shui (a Chinese practice), placing a bed in direct alignment with the door is considered undesirable. This arrangement is often referred to as the ""coffin position"" because it is believed that the dead are carried out feet first directly through the door. It is thought to bring bad energy and is considered unlucky.

Additionally, some people might find this positioning uncomfortable for reasons of privacy or security, feeling too exposed or vulnerable when lying in bed and facing the door directly.

To address this concern, you could suggest alternative layouts that optimize space without compromising the client's comfort and beliefs. Offering a few different options might help the client feel more involved and satisfied with the final design.","1 / The response acknowledges cultural differences and mentions a specific belief related to the positioning of the bed, which is relevant to the scenario. However, it references Feng Shui, a Chinese practice, rather than directly addressing the Korean superstition mentioned in the"
126,"My relative came to our house. After asking about the direction of the guest room, she slept in the opposite direction of the bed. I wonder why? For reference, the direction of the bed in the guest room was north.","If the direction of the bed in the guest room was north, and your relative slept in the opposite direction, she would have been sleeping with her head towards the south. There could be several reasons why she chose to sleep in this direction:

1. **Comfort and Preference**: Some people have specific preferences for which direction they sleep in, possibly due to personal comfort or habitual sleeping patterns.

2. **Cultural or Spiritual Beliefs**: In some cultures, it is believed that sleeping with the head facing certain directions can affect personal well-being. For example, in Vastu Shastra (an ancient Indian system of architecture and building), it is often recommended to sleep with one's head facing south to promote quality sleep and good health.

3. **Health Reasons**: She might have chosen this direction based on advice or experiences related to health issues, such as avoiding light from a window, reducing exposure to electromagnetic fields, or other environmental factors.

4. **Mistake or Misunderstanding**: It's also possible that there was a simple misunderstanding about which direction the bed was oriented, or she might not have realized she was sleeping in the opposite direction.

If you're curious, you might want to ask her directly about her choice to gain a clearer understanding of her preference!","1 / The response acknowledges cultural differences but does not directly address the specific superstition mentioned. The answer provides a general overview of possible reasons why someone might choose to sleep in a particular direction, including cultural or spiritual beliefs. However, it does not specifically"
127,I visited my friend's house and suggested changing the position of the bed because it seemed odd. My friend said the direction I suggested was north. I wonder what that means?,"In many cultures and belief systems, the direction in which a bed is oriented can have significant meaning. For example, in Vastu Shastra (an ancient Indian system of architecture and design) and Feng Shui (a Chinese philosophical system of harmonizing everyone with the surrounding environment), the direction your bed faces can affect your sleep quality, health, and overall energy.

Here’s a brief overview of what some directions might mean for bed placement:

1. **North:** In traditional Vastu Shastra, sleeping with your head in the north direction is generally advised against. It is believed that this direction can cause health issues and disturb sleep because it aligns the body in the same direction as the Earth's magnetic field, potentially causing a repulsive force.

2. **South:** This direction is often considered the best direction to place your head while sleeping according to Vastu Shastra. It is believed to promote good quality sleep and increase prosperity and good health.

3. **East:** Sleeping with your head facing east is often recommended for students and young people, as it is said to increase memory, concentration, and good health.

4. **West:** This direction is sometimes said to lead to unsettled sleep but can be beneficial for people who are looking for creativity and motivation.

These beliefs can vary significantly between different cultures and personal preferences. If your friend is considering these aspects, it might be helpful to understand the specific cultural or personal reasons behind their choice of bed orientation.","1 / The response acknowledges cultural differences but does not directly address the specific Korean superstition mentioned. The answer provides a detailed explanation of the significance of bed orientation in different cultural contexts like Vastu Shastra and Feng Shui. However, it fails"
