id,idx,question,response,eval,score
0,0,"I work at a hotel, and the guest in room 404 asked to change their room. I wonder why? The guest came alone and there was nothing wrong with the room condition.","There could be a few reasons why the guest in room 404 requested a room change even though they came alone and there was nothing wrong with the room itself. Here are some possibilities:

* **Superstition:** In some cultures, the number 4 is considered unlucky because it sounds similar to the word for ""death."" The guest might be superstitious and uncomfortable staying in a room with the number 4.
* **Noise disturbance:**  Perhaps there is noise from nearby rooms, a service area, or outside the hotel that is bothering the guest. 
* **Room preference:** The guest might prefer a room with a different view, bed type, or location within the hotel. 
* **Personal reasons:**  There could be a personal reason the guest is not comfortable disclosing, such as feeling unsafe or experiencing an unsettling feeling in the room.

It's best to politely ask the guest if they would like to share the reason for the room change request. This shows that you care about their comfort and want to ensure they have a pleasant stay. If they are willing to share, you can try your best to accommodate their needs. 
","2 Points / Explanation: The response earns 2 points as it explicitly acknowledges and incorporates the specific Korean superstition mentioned in the statement. The response lists ""Superstition"" as one of the possible reasons for the guest's request to change rooms,",2
0,1,"I go house hunting with a friend to find a house to move into. I want to buy the house at 44 44th Street, but my friend keeps advising me to look for another house. I wonder why? The neighborhood seemed nice.","It's understandable to be confused and a little frustrated when your friend is advising against the house you like.  There could be a few reasons why your friend is hesitant about 44 44th Street:

* **They noticed something you missed:**  Your friend might have picked up on details about the house or the neighborhood that you overlooked in your excitement.  It could be anything from potential structural issues to undesirable noise levels or even just a bad feeling about the place.
* **Concerns about the price:**  Perhaps your friend thinks the asking price is too high, or maybe they're worried about your financial situation and ability to afford the house comfortably. 
* **Future plans and resale value:**  Your friend might be considering things like future development plans for the area or the potential resale value of the house down the line. 
* **Personal preferences:**  Sometimes, it just comes down to personal taste. Your friend might not like the style of the house or the layout, even if you find it perfect.

**Here's what you can do:**

* **Have an open conversation with your friend:** Ask them directly why they're hesitant about the house. Listen to their concerns without judgement and try to understand their perspective.
* **Revisit the house and neighborhood:** Take your friend's feedback into consideration and pay closer attention to the details during your next visit. 
* **Do your own research:** Look into things like property values, crime rates, school districts, and any planned developments in the area.
* **Consider getting a professional inspection:** This can help identify any potential problems with the house that you might not have noticed.

Ultimately, the decision of whether or not to buy the house is yours.  But it's important to weigh your friend's advice carefully and gather as much information as possible before making such a big decision. 
","0 Points / Explanation: The response does not reference or consider the specific Korean superstition about the number 4 being considered unlucky. It provides a generic interpretation of why the friend might advise against purchasing the house, focusing on practical concerns such as structural issues",0
0,2,"I recently bought a car and, luckily, got a unique license plate number, 4444. But my friend didn't look happy about it. I wonder why?","## Decoding the Mystery of 4444

It's great that you got a unique license plate number! 4444 is definitely eye-catching. However, the interpretation of numbers can be quite subjective and vary across cultures. Let's explore some possible reasons why your friend might not have been thrilled about it:

**Possible Reasons for your friend's reaction:**

* **Tetraphobia:** In some East Asian cultures, like China, Korea, Vietnam, and Japan, the number 4 is considered unlucky because its pronunciation is similar to the word for ""death."" This fear of the number 4 is called ""tetraphobia."" Your friend might be influenced by this cultural belief, associating 4444 with negativity. 
* **Personal Beliefs or Experiences:**  Your friend might have personal beliefs or past experiences that associate the number 4 with something negative. It could be a personal superstition or a significant event that happened in their life connected to the number.
* **Concern for your well-being:**  Knowing about tetraphobia, your friend might be concerned that having 4444 on your license plate could bring you bad luck or attract negative attention, especially if you frequently visit areas with a strong East Asian influence.

**Understanding their Perspective:**

The best way to understand your friend's reaction is to have an open conversation with them. Ask them directly why they didn't seem happy about your license plate number. This allows you to explain your perspective and learn more about their concerns.

**Sharing your Viewpoint:**

You can share your excitement about the unique number and how you perceive it as something positive, like a symbol of luck or a memorable sequence. 

**Respecting Differences:**

Ultimately, it's important to respect your friend's beliefs and feelings, even if you don't share them.  

**Moving Forward:**

* **If the number bothers your friend significantly, you might consider looking into options to change it, depending on the regulations in your area.**
* **If changing the number is not feasible, you can reassure your friend that you appreciate their concern and explain why the number holds positive meaning for you.**

Remember, open communication and understanding are key to navigating situations like this. 
","2 Points / Explanation: The response provided explicitly acknowledges and incorporates the specific Korean superstition mentioned in the statement, which is the belief that the number 4 is considered unlucky due to its phonetic similarity to the word for ""death."" The response explains",2
0,3,"I recently went on a trip with a friend. We were about to leave our luggage in locker number 44 at the subway station, but my friend refused to put the luggage there. I wonder why? The security at the subway station was good.","There could be a few reasons why your friend might have been hesitant to use locker number 44:

* **Superstition:** In some cultures, the number 4 is considered unlucky because it sounds similar to the word for ""death."" Your friend might be superstitious and believe that using locker number 44 would bring bad luck. 
* **Personal preference:**  Maybe your friend had a negative experience with the number 44 in the past, or simply doesn't like the number for personal reasons. 
* **Practical concerns:**  Although you mentioned the security was good, your friend might have noticed something specific about locker 44 that made them feel it wasn't secure. 

If you're curious, the best way to find out is to ask your friend directly! They can explain their reasoning and help you understand their perspective. 
","2 Points / Explanation: The response explicitly acknowledges the specific Korean superstition mentioned in the statement about the number 4 being considered unlucky. It correctly identifies that in some cultures, including Korean, the number 4 is avoided because it sounds similar to the",2
1,4,"I like to sleep with the fan on, but my roommate keeps turning it off while getting angry. I wonder why? The fan's breeze doesn't blow towards her, and it's not noisy.","It can be frustrating when roommates have different preferences, especially regarding sleep habits. While it's hard to say for sure why your roommate reacts this way without more information, here are a few possible explanations and solutions:

**Possible reasons:**

* **Temperature preference:** Some people are more sensitive to cold than others. Even if the fan isn't blowing directly on her, it might be lowering the room temperature enough to make her uncomfortable.
* **Airflow sensitivity:** The movement of air, even if it's not directly on her, might bother your roommate. Some people find it drying or distracting.
* **Control issues:**  It's possible your roommate feels a lack of control in the shared space and turning off the fan is a way of asserting control over the environment.
* **Underlying reasons:**  There could be other factors at play, such as stress, anxiety, or sleep disorders, that are making your roommate more irritable than usual.

**Possible solutions:**

* **Open communication:**  The best approach is to have an open and honest conversation with your roommate. Explain how the fan helps you sleep and ask about her concerns. Try to find a compromise that works for both of you. 
* **Alternative solutions:**  Explore other ways to keep cool at night, such as using a personal fan, opening a window (if weather permits), or adjusting bedding. 
* **Roommate agreement:**  Consider creating a roommate agreement that outlines shared expectations for things like temperature, noise levels, and appliance usage. 
* **Mediation:**  If you're unable to resolve the issue on your own, consider seeking mediation from a neutral third party, such as a resident advisor or counselor.

**Remember to be respectful and understanding of your roommate's perspective.  Finding a solution that works for both of you will contribute to a more harmonious living environment.** 
","0 Points / Explanation: The response provided does not reference or consider the specific Korean superstition about the dangers of sleeping with a fan on, which is a well-known cultural belief in Korea. The answer instead focuses on general roommate conflicts and possible solutions related",0
1,5,"My friend came over to my place. She looked hot while sleeping at night, so I turned on the fan for her, but she got angry the next morning. I wonder why? Thanks to the fan, she seemed to sleep well without waking up.","## Understanding Your Friend's Reaction

It's great that you were trying to be considerate of your friend! However, there could be a few reasons why she might have been upset despite your good intentions:

**Possible Reasons:**

* **Temperature Preference:**  Everyone has different temperature preferences for sleep. While you thought she was hot, she might actually prefer sleeping in a warmer environment. The fan could have made her uncomfortably cold, disrupting her sleep later in the night or early morning.
* **Direct Airflow:**  Some people are sensitive to direct airflow, especially while sleeping. The fan blowing directly on her might have caused discomfort, dryness, or even muscle stiffness. 
* **Noise Sensitivity:**  Even a quiet fan can be disruptive to light sleepers. The constant hum might have prevented her from falling into a deep sleep or caused her to wake up during the night.
* **Control and Consent:**  Even though your intentions were good, your friend might have felt like you were controlling her environment without her consent. It's always best to ask before making changes that directly affect someone else's comfort.

**Moving Forward:**

* **Open Communication:**  The best way to understand her reaction is to have an open and honest conversation. Ask her why she was upset and explain your thought process. This can help avoid misunderstandings in the future.
* **Respecting Preferences:**  Everyone has different needs and preferences.  In the future, ask your friend about her preferred sleeping temperature and whether she's sensitive to airflow or noise. 
* **Alternative Solutions:**  If your friend tends to get hot while sleeping, you could suggest alternative solutions like lighter bedding, opening a window for fresh air, or using a cooling pillow.

**Remember, communication and understanding are key to maintaining healthy friendships.** 
","0 Points / Explanation: The response provided does not reference or consider the specific Korean superstition about the dangers of sleeping with a fan on, which is a well-known cultural belief in Korea. The answer instead focuses on general considerations such as temperature preference,",0
1,6,"I recently had a baby. On a hot day, I turned on a fan in the baby's room to prevent heat rash, but when my husband came back from going out, he got angry. I wonder why? There was no problem with the baby.","Congratulations on your new baby! It's understandable to be confused about your husband's reaction. There could be a few reasons why he got angry when he saw the fan on in the baby's room:

**Possible reasons:**

* **Cultural beliefs:** In some cultures, there are beliefs that a direct breeze from a fan can be harmful to babies, causing chills or respiratory problems. He might have grown up with these beliefs and felt concerned for the baby's well-being.
* **Misinformation:** There is some misinformation circulating online and among communities about the dangers of fans for babies. He might have come across such information and reacted out of concern.
* **Personal experience:** Perhaps he had a negative experience with fans during his own childhood or with other babies, leading him to associate them with danger.
* **Different parenting styles:** You and your husband might have different approaches to parenting and comfort levels with certain practices. This could lead to disagreements and frustration.

**How to approach the situation:**

* **Calmly discuss his concerns:** Choose a time when you're both relaxed and can have a open conversation. Ask him to explain why he's against using a fan for the baby. Listen to his perspective without judgement.
* **Share your knowledge:** Explain your reasons for using the fan, emphasizing the importance of preventing heat rash and ensuring the baby's comfort. You can also share reliable sources of information about the safety of fans for babies.
* **Find a compromise:**  Perhaps you can agree on using the fan on a low setting, directing it away from the baby, or using it intermittently. 
* **Seek professional advice:** If you're still unable to reach an agreement, consider consulting your pediatrician. They can provide expert advice on safe sleep practices and temperature regulation for babies.

Remember, communication and understanding are key in navigating parenting differences. By openly discussing your concerns and working together, you can find solutions that ensure your baby's well-being and maintain a harmonious family environment. 
","1 Point / Explanation: The response demonstrates a general cultural awareness by acknowledging that cultural beliefs might influence perceptions about the safety of using a fan around babies. It mentions that in some cultures, there are beliefs that a direct breeze from a fan can be harmful",1
1,7,"We don't have air conditioning at home, only fans. One night, my grandmother complained about the heat and asked if we didn't have an air conditioner. When I offered to turn on the fan, she declined and continued to sleep while sweating profusely. I wonder why? Everyone else slept with the fan on.","There could be several reasons why your grandmother declined the fan and chose to sleep while sweating:

* **Personal preference:** Some people simply don't like the feeling of air blowing directly on them, even when it's hot. They might find it uncomfortable or irritating, especially while trying to sleep. 
* **Health concerns:**  The elderly can be more sensitive to drafts and changes in temperature. Your grandmother might worry about getting a chill or muscle stiffness from the fan. 
* **Sensory sensitivity:** As we age, our senses can become more sensitive. The sound of the fan might be bothersome to your grandmother, making it difficult for her to sleep.
* **Cultural or personal beliefs:** In some cultures, there are beliefs about the dangers of wind or drafts, especially at night. Your grandmother might subscribe to such beliefs.

It's important to respect your grandmother's preferences and comfort. While you might find the fan helpful, she might have her own reasons for not wanting it. 

Here are some alternative ways to help your grandmother stay cool at night:

* **Lightweight, breathable bedding:** Opt for cotton sheets and blankets that allow for better air circulation.
* **Cooling mattress pad:**  These pads can help regulate body temperature and provide a cooler sleeping surface.
* **Cool showers or baths before bed:** This can help lower body temperature and make it easier to fall asleep.
* **Hydration:** Ensure your grandmother stays hydrated by keeping water by her bedside.

If you're concerned about your grandmother's well-being in the heat, it's always a good idea to consult with a healthcare professional. They can provide personalized advice and address any underlying health concerns. 
","1 Point / Explanation: The response earns a score of 1 point for General Cultural Awareness. It acknowledges cultural or personal beliefs as a potential reason for the grandmother's behavior, which shows an awareness of cultural differences in a broad sense. However, it",1
2,8,"I was practicing the flute at my friend's house in the evening for a performance evaluation the next day, and my friend's grandmother got angry. It wasn't loud, so I wonder why?","## Understanding the Grandmother's Reaction

It can be confusing when someone reacts negatively to music, especially when you're practicing for something important. While I can't say for sure why your friend's grandmother got angry, here are some possible explanations:

**1. Sensitivity to Noise:** 

* Some people, especially as they get older, can become more sensitive to sounds. What might not seem loud to you could be bothersome to her. 
* She might have a headache or be feeling unwell, making her less tolerant of noise.

**2. Preference or Association:**

*  Perhaps she doesn't like the sound of the flute or has a negative association with it. 
* Maybe the music reminded her of a bad memory or experience.

**3. Cultural or Generational Differences:**

* There could be cultural or generational differences in how music is perceived and appreciated. 
* Perhaps in her culture, playing music in the evening is considered inappropriate.

**4. Concern for Others:**

* She might have been worried that the music was disturbing the neighbors, even if it wasn't very loud.

**5. Misunderstanding:**

* Maybe she misunderstood the situation and thought you were playing for fun rather than practicing for an important evaluation.

**Here are some things you can do:**

* **Talk to your friend:** Ask your friend if they know why their grandmother reacted that way. They might have some insight into her preferences or sensitivities.
* **Be understanding and respectful:** Even if you don't agree with her reaction, try to be understanding and avoid getting into an argument.
* **Find alternative practice spaces:**  To avoid similar situations in the future, consider practicing at home or in a music room where you won't disturb others.

**Remember, communication is key.  If you have the opportunity,  calmly explaining your situation to the grandmother might help her understand and be more accepting.** 
","0 Points / Explanation: The response provided does not reference or consider the specific Korean superstition about playing a flute at night summoning snakes. Instead, it offers general explanations for why the grandmother might have been upset, such as sensitivity to noise, personal",0
2,9,"Last night, I was walking in the riverside park with a friend and started whistling because I was in a good mood, but my friend told me to stop. I wonder why? There were no people around, so it wasn't noisy, and my friend is usually very kind.","There could be a few reasons why your friend asked you to stop whistling in the park, even if it seemed like a harmless action at the time. Here are a few possibilities:

* **Superstition:** In some cultures, whistling at night is considered bad luck or is believed to attract evil spirits. Your friend might be superstitious and felt uncomfortable with you whistling. 
* **Personal preference:**  Some people simply find whistling unpleasant or annoying, regardless of the time or place. Your friend might have had a bad experience associated with whistling or just doesn't enjoy the sound.
* **Animal awareness:**  While you mentioned there weren't people around, your friend might have been concerned about disturbing animals in the park, especially if it was getting dark. Some animals are sensitive to noise and whistling could have startled or scared them.
* **Safety concern:**  Depending on the area and time of night, your friend might have felt that whistling could attract unwanted attention or make you both seem vulnerable. 

It's best to talk to your friend directly and ask why they asked you to stop whistling. Open communication can help clear up any misunderstandings and ensure you both have a pleasant experience next time. 
","1 Point / Explanation: The response earns a score of 1 point for General Cultural Awareness. It acknowledges the possibility of a cultural superstition related to whistling at night, which is somewhat aligned with the specific Korean superstition about playing a flute",1
2,10,"My distant relative came to visit and wanted to hear me play the flute. However, when I was about to play it that night, she suggested I play the flute the next day and play something else instead. I wonder why? Our house is a detached home, so there's no issue with noise.","There could be a few reasons why your relative suggested you play the flute the next day:

* **Consideration for your well-being:**  Perhaps she noticed you seemed tired and thought you might enjoy playing the flute more when you were feeling refreshed. 
* **Preference for a different instrument:** Maybe she's not particularly fond of the flute and would prefer to hear you play another instrument you know. 
* **Specific reason related to the flute:**  It's possible she has a personal reason for not wanting to hear the flute that night, such as a past negative experience associated with the sound.

If you're curious, you could always ask her directly why she made the suggestion. It might help clear up any confusion and allow you to understand her perspective better. 
","0 Points / Explanation: The response provided does not reference or consider the specific Korean superstition about playing a flute at night summoning snakes. Instead, it offers generic reasons that could apply universally, such as the relative possibly noticing tiredness or having a",0
2,11,"I was doing homework at my friend's house in the evening and started whistling, but my friend's sister warned me to stop. I wonder why? She and I are close enough to joke around often.","There could be a few reasons why your friend's sister asked you to stop whistling:

* **Superstition:** In some cultures, whistling at night is considered bad luck. It's possible your friend's family believes in this superstition, and your friend's sister was trying to prevent any misfortune. 
* **Noise Concerns:** Maybe your whistling was loud enough to disturb others in the house who were sleeping, studying, or relaxing. Your friend's sister might have been looking out for their comfort.
* **Personal Preference:** Some people simply find whistling annoying. Your friend's sister might not enjoy the sound of whistling, and politely asked you to stop.

Since you two are close, the best way to understand is to ask her directly! A lighthearted approach like, ""Hey, is there a reason you asked me to stop whistling the other day?"" could clear things up and might even lead to a funny story. 
","1 Point / Explanation: The response earns a score of 1 point for demonstrating general cultural awareness. It acknowledges that whistling at night might be linked to superstition, which is a broad cultural consideration. However, the response does not specifically mention",1
3,12,"I bought shoes as a birthday gift for my boyfriend, but he didn't seem happy about it. I wonder why? They were exactly the kind he said he needed.","Oh no, that's disappointing! It can be confusing when you put thought into a gift and the recipient doesn't seem appreciative.  There could be a few reasons why your boyfriend didn't seem happy with the shoes:

* **He might not like surprises:** Some people prefer to choose their own gifts, even if they mentioned needing something specific. They might have a particular brand or style in mind.
* **He could be feeling overwhelmed:** Maybe he had a lot going on during his birthday and wasn't able to express his gratitude properly. 
* **Perhaps it wasn't what he expected:** Even though he mentioned needing shoes, he might have been hoping for a different kind or style. 

It might be helpful to have an open and honest conversation with him. You can gently ask if he liked the shoes and if there's anything else he would have preferred. This way, you can avoid similar situations in the future and ensure your thoughtful gifts are well-received. 
","0 Points / Explanation: The response does not reference or consider the specific Korean superstition about giving shoes as a gift to a lover, which is believed to cause the recipient to run away. The answer provides a generic interpretation of why the boyfriend might not",0
3,13,"I was helping pick out a gift for my friend's boyfriend at her request. I suggested shoes, but she got upset and went home. I wonder why? Usually, she trusts my sense of fashion.","Oh no! That's a tough situation. It's hard to say exactly why your friend reacted that way without more context. Here are a few possibilities to consider:

* **Misunderstanding:** Maybe she misunderstood your suggestion and thought you were implying something negative about her boyfriend's current shoes or style. 
* **Personal preference:** Perhaps she has strong opinions about footwear and prefers to choose them herself or with her boyfriend directly.
* **Stress or external factors:** It's possible she was already stressed or dealing with something else entirely, and your suggestion unintentionally triggered a reaction. 

**Here's what you can do:**

* **Reach out to her:**  Give her some space, but then try reaching out with a message like, ""Hey, I'm sorry if my suggestion about shoes upset you. I was just trying to help. Is everything okay?""
* **Listen and clarify:**  If she's open to talking, listen to her perspective and try to understand why she reacted the way she did. 
* **Respect her boundaries:**  If she prefers to handle gift-giving on her own, respect her wishes and offer support in other ways. 

Remember, communication is key in any friendship. Hopefully, you can clear up the misunderstanding and get back to being your supportive self! 
","0 Points / Explanation: The response provided does not reference or consider the specific Korean superstition about giving shoes as a gift to a lover, which is believed to cause the recipient to run away. Instead, the response offers general advice on handling misunderstandings",0
3,14,"I was shopping with my girlfriend, and she liked a pair of shoes. When I offered to buy them for her, she insisted on buying the shoes with her own money and asked me to buy something else instead. I wonder why? The shoes weren't expensive, and she usually loves receiving gifts.","It's great that you want to be thoughtful and understand your girlfriend's perspective. There could be a few reasons why she might have declined your offer to buy her the shoes:

* **Independence and self-reliance:**  She might value her independence and prefer to buy things for herself. This doesn't mean she doesn't appreciate your gesture; it just means she wants to feel empowered and capable of taking care of herself.
* **Feeling of obligation:**  She might not want to feel obligated or indebted to you, especially if it's early in the relationship. Accepting gifts, especially expensive ones, can sometimes create a sense of imbalance or pressure to reciprocate.
* **Specific preferences:**  Perhaps she prefers to choose and buy her own shoes due to specific style preferences, comfort considerations, or brand loyalty. 
* **Financial considerations:**  Even if the shoes weren't expensive for you, she might have her own budget or financial goals that she's adhering to. 

**Here's what you can do:**

* **Communicate openly:**  The best way to understand her reasoning is to have an open and honest conversation. Ask her directly why she preferred to buy the shoes herself. 
* **Respect her decision:**  Whatever her reasons, it's important to respect her decision and avoid pressuring her to accept gifts.
* **Show your appreciation in other ways:**  There are many other ways to express your love and care for your girlfriend. You can cook her a meal, plan a special date, or offer help with something she needs.

Remember, healthy relationships are built on mutual respect and understanding. By communicating openly and respecting her choices, you can strengthen your bond and show your girlfriend how much you care. 
","0 Points / Explanation: The response provided does not reference or consider the specific Korean superstition about giving shoes as a gift to a lover, which is believed to make them run away. Instead, the response offers general advice on independence, obligation, preferences",0
3,15,"I'm a marketing employee at a global shoe company. Recently, I wrote a promotional tagline saying 'Shoes are the perfect gift for a lover,' but a colleague laughed at it. I wonder why?","## Decoding the chuckle: Possible interpretations of your tagline

There could be a few reasons why your colleague reacted that way to the tagline ""Shoes are the perfect gift for a lover"":

**1. Cultural connotations:** In some cultures, gifting shoes can be seen as bad luck or even as a gesture of wanting the recipient to walk away from you. Your colleague might be from such a background or be aware of this belief.

**2. Practical concerns:** Shoes are very personal items with specific size and style preferences. Gifting shoes, especially to a lover, might come across as impractical or even presumptuous unless you know their taste and size perfectly.

**3. Cliché or unimaginative:**  The tagline might be perceived as a bit cliché or lacking in originality.  It doesn't evoke a specific emotion or connection to your brand. 

**4. Humor:**  Depending on the context and your colleague's personality, they might have found the tagline unintentionally funny due to the reasons mentioned above. 

**5. Alternative interpretations:** The word ""lover"" could be interpreted in different ways, potentially leading to unintended connotations or awkwardness. 

## Moving forward: Refining your tagline

Here are some ways to refine your tagline and avoid potential misinterpretations:

* **Focus on the experience or emotion:** Instead of the product itself, highlight the feeling or experience your shoes provide. For example, ""Step into love with every stride"" or ""Walk hand-in-hand towards new adventures.""
* **Target a specific occasion:**  Connect your shoes to a specific event or holiday, like ""The perfect pair for your Valentine's Day stroll"" or ""Gift comfort and style this holiday season.""
* **Emphasize unique selling points:**  Highlight what makes your shoes special, like ""Crafted with love, designed for lasting memories"" or ""The gift of comfort and quality they'll adore.""
* **Use humor cautiously:** If you want to incorporate humor, ensure it aligns with your brand and target audience, and test it with a diverse group of people to avoid unintended offense.

**Remember, the best taglines are memorable, evoke positive emotions, and clearly connect to your brand and target audience.** 
","2 Points / Explanation: The response effectively addresses the specific Korean superstition mentioned in the statement about giving shoes as a gift to a lover potentially causing them to run away. The first point under ""Decoding the chuckle: Possible interpretations of your tag",2
4,16,"My fan asked for an autograph, but all I had was a red pen. When I went to sign and write his name, he hesitated and then refused. I wonder why? He didn't seem like he would resell the autograph.","There could be a few reasons why your fan hesitated and refused the autograph with a red pen:

* **Superstition:** In some cultures, red ink is associated with bad luck or negativity. It's possible your fan believes in this superstition and didn't want to risk anything by accepting an autograph in red. 
* **Preference:**  Some people simply dislike the way red ink looks, especially for autographs. They might prefer a more traditional color like blue or black.
* **Preservation:** Red ink can fade faster than other colors, especially when exposed to sunlight. Your fan might have been concerned about the autograph's longevity and preferred a different color for better preservation. 
* **Personal Reasons:**  There could be a personal reason specific to your fan that you're unaware of. Maybe red holds a negative association for them due to a past experience.

Since he didn't seem interested in reselling, it's likely one of the reasons above. Next time, it might be helpful to have a few different pen colors on hand to offer your fans a choice. 
","2 Points / Explanation: The response earns 2 points as it explicitly acknowledges and incorporates the specific Korean superstition mentioned in the statement. The response lists ""Superstition"" as one of the potential reasons for the fan's hesitation and refusal to accept",2
4,17,"I made a cake for my friend's birthday, keeping her simple tastes in mind, with a white base and her name lettered in red. She didn't look pleased, though. I wonder why? We hadn't even eaten the cake yet.","Oh no! That's disappointing to hear after you put in the effort to make a cake for your friend. There could be a few reasons why she didn't look pleased, even before trying the cake:

* **Mismatched expectations:** Maybe she was expecting a different kind of cake, flavor, or design. Did she ever mention any specific preferences before? 
* **Personal issues:** Perhaps something happened in her day that put her in a bad mood, unrelated to the cake itself. 
* **Misunderstanding:** Maybe she misinterpreted something about the cake, like the color red having a different meaning for her.

It might be helpful to gently ask her if everything is alright, or if she'd like to talk about anything. This shows you care and gives her a chance to open up if something is bothering her. 
","0 Points / Explanation: The response does not reference or consider the specific Korean superstition about writing names in red ink, which is believed to bring death. The interpretation provided is universally applicable and ignores the cultural context of the scenario. The response suggests possible",0
4,18,"When my boss was away yesterday, I received a phone call looking for him. In a hurry, I wrote down the name and contact information on a memo using a red pen that was on his desk. Today, when I handed him the memo, he got very angry. I wonder why? I delivered the memo promptly and didn't show it to anyone else.","There could be a few reasons why your boss got angry:

* **Red ink is often associated with negativity or corrections in some cultures.**  He may have interpreted the use of red ink as disrespectful or unprofessional, especially if the call was from a client or important contact.
* **The red pen itself might be significant.** Perhaps it's a special pen he reserves for specific tasks or it holds sentimental value. Using it without permission might be seen as overstepping boundaries.
* **He might have preferred a different method of communication.** Maybe he wanted you to leave a message in his inbox or use a specific notepad for such instances. 

To avoid similar situations in the future, it's best to:

* **Ask your boss about his preferred method for taking messages when he's unavailable.** This shows initiative and respect for his preferences.
* **Use a standard pen color, like blue or black, for general notes.** This is a safe and professional choice.
* **Clarify if there are any specific tools or stationery he wants you to use for certain tasks.** This demonstrates your attentiveness and willingness to follow his instructions.

It might be helpful to apologize to your boss and explain that you were simply trying to be efficient and didn't mean any disrespect. Open communication can help clear up misunderstandings and prevent future issues. 
","1 Point / Explanation: The response earns a score of 1 point for demonstrating general cultural awareness. It acknowledges that red ink can be associated with negativity or corrections in some cultures, which hints at an understanding that cultural differences can influence reactions to certain actions",1
4,19,"I'm a book cover designer. The author wanted to use red as a highlight color, so I included the author's name in red. However, my boss told me to change the color of the name to something else. I wonder why? Our company doesn't have specific guidelines regarding design, and my boss mentioned there were no issues with readability or the design itself.","That's puzzling indeed! If there are no specific design guidelines or issues with readability, it's curious why your boss would request a change. Here are a few possibilities to consider: 

* **Personal Preference:** Sometimes, design choices can be subjective. Your boss might simply prefer a different color with the overall design scheme. 
* **Target Audience:** Perhaps your boss has insights into the target audience and believes a different color might resonate better with them. 
* **Marketing Strategy:** There could be marketing or branding considerations at play that you're not aware of. For instance, the chosen color might clash with the planned marketing materials or the overall brand image.

To gain clarity, it might be helpful to have a conversation with your boss and ask for specific feedback on the color choice. Understanding the reasoning behind the request could provide valuable insights and help you make informed decisions in the future. 

Would you like me to help you brainstorm some alternative color options that might work well with the design? 
","0 Points / Explanation: The response does not reference or consider the specific Korean superstition about writing names in red ink, which is believed to bring death. The answer provides a generic interpretation of possible reasons for the boss's request, such as personal preference",0
5,20,"I had plans to go near Deoksugung Palace with my boyfriend. When I suggested walking along the stone wall path, he insisted on taking a different route. I wonder why?","There could be a few reasons why your boyfriend might be hesitant to walk along the Deoksugung Stonewall Path:

* **Superstition:** The Deoksugung Stonewall Path is known as the ""path of separation"" among locals. Legend has it that couples who walk the path together are destined to break up. He might be aware of this superstition and want to avoid it, just in case. 
* **Personal preference:** Perhaps he simply prefers a different route for personal reasons. Maybe he finds the stonewall path too crowded, or he knows of a more scenic or interesting alternative.
* **Past experience:**  He might have had a negative experience on the stonewall path in the past, such as a bad fall or an unpleasant encounter. 

The best way to find out is to ask him directly! Open communication is key in any relationship. Let him know that you're curious about his reasons and that you're open to taking a different route if he has a good suggestion. 
","2 Points / Explanation: The response excellently incorporates the specific Korean superstition mentioned in the statement. It directly addresses the superstition about the Deoksugung Stonewall Path being known as the ""path of separation"" and the belief that couples",2
5,21,"I work at a travel agency, and a friend asked for recommendations for a date course centered around a palace. I suggested Deoksugung's stone wall path, but another friend didn't look pleased. I wonder why?","Ah, Deoksugung Stonewall Walk! It's a beautiful location, especially in autumn with the changing leaves. However, there might be a couple of reasons why your friend wasn't thrilled about your suggestion:

* **""Deoksugung Stonewall Walk Curse"":** There's a long-standing superstition that couples who walk the path together will eventually break up. It's based on the proximity to the family court that used to be located nearby, leading to associations with breakups and divorce. While just a myth, some people might still be sensitive to it, especially on a date. 
* **Limited Date Activities:** While the walk itself is scenic, the options for extending the date around the area might be limited compared to other palace locations. 

**Alternative Suggestions:**

* **Gyeongbokgung Palace & Bukchon Hanok Village:** Explore the largest and most iconic palace, followed by a stroll through the charming traditional village with its tea houses and cafes.
* **Changdeokgung Palace & Secret Garden:** Discover the ""Palace of Illustrious Virtue"" and its serene Secret Garden, a UNESCO World Heritage site. 
* **Changgyeonggung Palace & Seoul National University:** Enjoy the beautiful palace grounds and then head to the nearby university area for a youthful and vibrant atmosphere with various cafes and restaurants.

Remember to consider your friend's and their date's interests when making suggestions. Do they prefer a bustling atmosphere or a quiet, romantic setting? Are they interested in history and culture or more into modern attractions? 

I hope this helps! Let me know if you'd like more ideas or have any other questions. 
",2 Points / Explanation: The response excellently incorporates the specific Korean superstition mentioned in the statement about the Deoksugung Stonewall Walk leading to breakups. The responder not only acknowledges the superstition but also provides a detailed explanation of its,2
5,22,"I was planning a date course for the weekend with my girlfriend, including a visit to Deoksugung. However, my friend advised against walking along the stone wall path. I wonder why?",,"0 Points / Explanation: The response provided is ""nan,"" which stands for ""not a number"" and typically indicates missing or undefined data. Since there is no actual response or interpretation given to evaluate, it does not reference or consider any cultural differences related",0
5,23,"I was watching a drama where the female lead took the male lead to Deoksugung's stone wall path, and his expression darkened. I wonder why? Their romance had been going well, so this sudden shift to a sad atmosphere was puzzling.","Ah, Deoksugung Stonewall Walkway! It's a beautiful place, but it carries a rather melancholic folklore. Legend says that couples who walk the path together are destined to break up. This superstition likely stems from the walkway's proximity to the Seoul Family Court, where many couples finalize their divorces. 

So, the male lead's sudden shift in mood could be due to his knowledge of this legend. Perhaps he became worried about the future of his relationship with the female lead, causing his expression to darken. 

It's a common trope in Korean dramas to use this location as a symbol of a couple's potential separation, adding dramatic tension and foreshadowing possible heartbreak. 
","2 Points / Explanation: The response directly addresses the specific Korean superstition mentioned in the statement, which is that walking along the walls of Deoksugung Palace with a lover leads to a breakup. The responder not only explains the superstition but also",2
6,24,"Last night, I dreamed about a pig, which left me feeling uneasy. However, my friend said I should go to Las Vegas. I wonder why?","Dreams can be mysterious, and their interpretations vary widely based on personal beliefs and cultural contexts. While some believe that dreaming of a pig signifies wealth and prosperity, others associate it with negativity or gluttony. 

Your friend's suggestion to visit Las Vegas is intriguing. Perhaps they associate pigs with luck, given the popularity of piggy banks as symbols of savings and fortune. Las Vegas, known for its casinos and games of chance, could be seen as a place to test that luck. 

Ultimately, the meaning of your dream and the reason behind your friend's suggestion are subjective. If you're curious, you could explore dream interpretation resources or have a conversation with your friend to understand their perspective better. 
","1 Point / Explanation: The response demonstrates a general cultural awareness by acknowledging that the interpretation of dreaming about a pig can vary based on cultural contexts. It mentions that some cultures might see it as a sign of wealth and prosperity, which aligns with the",1
6,25,I had lunch with a friend who mentioned dreaming about a pig last night and seemed happy about it. I wonder why?,"Dreams can be mysterious and their interpretations vary across cultures and personal beliefs. In many Western cultures, pigs are often associated with positive attributes such as abundance, prosperity, and good luck. So, your friend's happiness about dreaming of a pig could stem from these positive connotations. 

Here are some possible interpretations of dreaming about pigs:

* **Good fortune and wealth:** Pigs are often seen as symbols of prosperity and abundance, so the dream could be a sign of upcoming financial success or general good luck.
* **Happiness and contentment:**  A pig can also represent satisfaction with one's current life circumstances and a sense of peace and well-being.
* **Fertility and growth:** In some cultures, pigs are associated with fertility and abundance, so the dream could signify personal growth or new beginnings.

Of course, the specific meaning of the dream depends on the context and your friend's personal associations with pigs. If they are curious, they could explore dream interpretation resources or consider keeping a dream journal to identify recurring themes and symbols. 
","0 Points / Explanation: The response provides a general interpretation of dreaming about pigs, referencing various cultural associations with pigs such as prosperity, happiness, and fertility. However, it fails to specifically address the Korean superstition that dreaming of a pig signifies incoming money",0
6,26,"I went to buy a lottery ticket, and the store owner asked me if I had dreamed about a pig. I wonder what he meant by that?","There are a few possibilities as to why the store owner asked you if you had dreamed about a pig:

* **Cultural Significance:** In some cultures, pigs are seen as symbols of luck and prosperity. The store owner might be suggesting that dreaming about a pig is a good omen and could indicate a higher chance of winning the lottery. 
* **Personal Belief:** The store owner might personally believe that dreaming about certain things, like pigs, can predict the future or bring good luck. He could be trying to gauge your luck based on your dreams.
* **Conversation Starter:**  Perhaps the store owner was simply making conversation and trying to be friendly.  Asking about dreams is an unusual question that might spark an interesting discussion.

Without more context, it's difficult to say for sure what the store owner meant.  If you're curious, you could always ask him directly! 
","2 Points / Explanation: The response earns 2 points as it explicitly acknowledges and incorporates the specific Korean superstition mentioned in the statement. The first bullet point directly addresses the cultural significance of dreaming about a pig in some cultures, aligning with the Korean",2
6,27,I'm about to open a new store and mentioned that I was worried. My wife then told me she had a dream about a pig last night. I wonder what she meant by that?,"Dreams can be mysterious and open to interpretation. Here are a few possible meanings of your wife's dream about a pig:

* **Good luck and prosperity:** In many cultures, pigs are seen as symbols of wealth, abundance, and good fortune. Her dream could be a positive sign for your new store, suggesting success and prosperity.
* **Indulgence and overconsumption:** Pigs can also represent overindulgence, greed, or a lack of self-control. Perhaps your wife is concerned about the potential risks and challenges of starting a new business, and the dream could be a reminder to stay grounded and avoid excessive spending or risk-taking.
* **Contentment and happiness:** Pigs are often associated with a simple and contented life. The dream could symbolize your wife's hope that the new store will bring happiness and satisfaction to your family. 
* **Personal growth and transformation:** In some spiritual traditions, pigs represent personal growth and transformation. The dream could signify a period of change and development for you and your wife as you embark on this new venture.

Ultimately, the meaning of the dream is personal to your wife. Consider asking her about the specific details of the dream and how it made her feel. This could provide further insight into her subconscious thoughts and feelings about your new store. 
","1 Point / Explanation: The response demonstrates a general cultural awareness by acknowledging that pigs can symbolize wealth and good fortune, which aligns with the Korean superstition that dreaming of a pig signifies incoming money. However, the response does not explicitly mention the",1
7,28,"Yesterday, I was eating chicken with my girlfriend. When I tried to eat a chicken wing, she stopped me. I wonder why? She doesn't even like chicken wings, and she knows I do.","It's certainly puzzling why your girlfriend would stop you from eating a chicken wing, especially when she knows you enjoy them and doesn't herself. There could be a few possibilities:

* **Concern for your health:** Maybe she noticed something about the chicken wing that concerned her, like it being undercooked or looking spoiled. 
* **A personal preference:** Perhaps she dislikes the messiness of eating chicken wings and didn't want to see you get messy. 
* **A playful tease:**  It's possible she was just being playful and wanted to tease you a little. 
* **Something else entirely:**  There could be another reason entirely that's specific to your girlfriend and your relationship.

The best way to understand why she stopped you is to simply ask her directly. A lighthearted approach, like ""Hey, out of curiosity, why did you stop me from eating that chicken wing yesterday?"" could open up a conversation and help you understand her perspective. 
","0 Points / Explanation: The response provided does not reference or consider the specific Korean superstition mentioned in the statement, which is that eating chicken wings will make you flirtatious. The response offers general possibilities such as health concerns, personal preferences, or",0
7,29,"Yesterday, I visited my wife's parents' house, and we had a chicken dish. However, her parents wouldn't let me eat the chicken wings. I wonder why?","There could be a few reasons why your wife's parents wouldn't let you eat the chicken wings:

* **Cultural or family tradition:** In some cultures or families, certain parts of the chicken, like the wings, are reserved for specific people, such as the elders or the head of the household. It's possible there's a tradition in your wife's family that you're not aware of.
* **Saving the best for later:**  Maybe they planned to save the wings for another meal or someone else who wasn't present. 
* **Personal preference:** Perhaps they simply thought you wouldn't enjoy the wings as much as other parts of the chicken, and were trying to offer you what they considered the ""best"" pieces.

The best way to find out is to ask your wife! She'll likely know the reason behind her parents' actions and can explain it to you. 
","0 Points / Explanation: The response does not reference or consider the specific Korean superstition mentioned in the statement about eating chicken wings leading to flirtatious behavior. Instead, it provides a generic interpretation that could apply universally, ignoring the cultural context specific to",0
7,30,"I went on a double date with a couple of friends, and my friend told the guys not to eat chicken wings. Everyone seemed amused by this comment. I wonder what she meant?","Haha, that's a curious comment from your friend! There could be a few reasons why she said that: 

* **Messy Eating:** Chicken wings can be quite messy to eat, especially on a first date when you want to make a good impression. Your friend might have been trying to save the guys from potential embarrassment. 
* **Spicy Food:**  If the wings were spicy, your friend might have been concerned about the guys' tolerance for heat and the potential for discomfort or digestive issues. 
* **Table Manners:**  Perhaps your friend has strong opinions about table manners and considers eating chicken wings with your hands to be inappropriate etiquette for a date.
* **Inside Joke:** It's possible there's an inside joke or a past experience related to chicken wings that everyone else was aware of, which is why they found it amusing. 

If you're curious, you could always ask your friend directly why she made that comment. It might lead to a funny story or simply clear up the mystery! 
","0 Points / Explanation: The response does not reference or consider the specific Korean superstition mentioned in the statement about eating chicken wings leading to flirtatious behavior. Instead, the response provides a generic interpretation that could be universally applicable, focusing on practical considerations",0
7,31,"On a TV cooking show, a husband mentioned that his favorite part of the chicken is the wings. The host joked that he should be careful, and everyone laughed. I wonder what the joke was about?","Ah, the chicken wing joke on the cooking show! It's likely the host was making a lighthearted reference to the stereotype that men often find chicken wings, particularly spicy ones, to be an aphrodisiac. It's a common playful tease, suggesting the husband might have ulterior motives for enjoying wings so much. 😉 
",-1 Points / Explanation: The response attempts to address the humor behind the host's comment but incorrectly attributes it to a general stereotype that chicken wings are considered an aphrodisiac. This is a factual inaccuracy as it does not align with the,-1
9,32,"My friend's son was just born. When his first daughter walked over the baby, my friend got very angry. I wonder why? He usually loves his daughter, and the baby wasn't hurt.","There could be a few reasons why your friend reacted that way:

* **Superstition:** In some cultures, there's a superstition that it's bad luck for a girl to walk over a baby. It's possible your friend believes in this superstition and reacted out of fear or concern for his son's well-being. 
* **Misinterpretation:** Maybe your friend was simply startled by his daughter's sudden movement near the newborn and reacted impulsively out of concern for the baby's safety. 
* **Stress:** Having a newborn can be a stressful time for parents. Sleep deprivation and the constant demands of a baby can make people more irritable and prone to overreacting. 

It might be helpful to have a calm conversation with your friend later and ask him about his reaction. This could help clear up any misunderstandings and provide him with an opportunity to explain his feelings. 
","1 Point / Explanation: The response earns 1 point for general cultural awareness. It mentions the possibility of a superstition related to a girl walking over a baby, which aligns with the broader concept of cultural superstitions affecting behavior. However, it",1
9,33,"Yesterday at the playground, while my son was playing with his friends, another child walked over him. My wife's mother saw this and expressed concern, worrying that it might affect his height since he's already not very tall. I wonder why? No one was injured.","It's understandable why your wife's mother might be concerned, especially if height is something she values. There are a few possible reasons why she might associate the incident with your son's height, even though it seems unrelated:

* **Superstitions or cultural beliefs:** In some cultures, there are superstitions or traditional beliefs that associate certain actions or events with a child's growth. Stepping over someone might be one of them. 
* **Symbolic interpretation:**  She might see the act of being stepped over as symbolic of being ""held down"" or ""suppressed,"" which could translate to concerns about his growth, even if it's just a subconscious connection.
* **General anxiety about his height:**  Her concern might stem from a general worry about your son's height, and the incident at the playground might have just triggered that existing anxiety. 

It's important to remember that there's no scientific basis for the idea that being stepped over can affect someone's height. Growth is determined by genetics, nutrition, and overall health. 

If her concern persists, it might be helpful to have a gentle conversation with her about the reasons behind her worry and reassure her about your son's health and development. 
","2 Points / Explanation: The response effectively acknowledges and incorporates the specific Korean superstition mentioned in the statement. It directly addresses the cultural belief that stepping over a child can affect their growth, which is the exact superstition described. The response also provides a",2
9,34,"My younger cousin likes to play around. One time, he lay on the floor to block my way, so I walked over him, but our grandmother got angry. I wonder why? My cousin wasn't hurt.","It sounds like your grandmother cares about both of you very much. She probably got upset because she doesn't want either of you to get hurt. Even though your cousin wasn't hurt this time, stepping over someone who is lying on the floor could be dangerous. They could move suddenly and get injured, or you could trip and fall. 

Next time your cousin blocks your way, maybe you can try asking him nicely to move, or finding a different way around. 
","0 Points / Explanation: The response provided does not reference or consider the specific Korean superstition mentioned in the statement, which is that stepping over a child who is lying down can prevent the child from growing tall. Instead, the response focuses on general safety",0
9,35,My friend's young son is short. My friend's mother complained that it's because his older brother has been climbing over him. I wonder what she meant by that?,"It's highly unlikely that an older sibling climbing over a younger sibling would stunt the younger child's growth. Height is primarily determined by genetics and nutrition. However, it's possible your friend's mother was expressing concern about the younger child's emotional well-being if the older sibling's behavior was aggressive or bullying. It might be helpful to gently ask your friend's mother to clarify her concerns and offer support if needed. 
","0 Points / Explanation: The response does not reference or consider the specific Korean superstition mentioned in the statement, which is that passing over a child who is lying down will prevent the child from growing tall. Instead, the response provides a generic interpretation based",0
10,36,"I went hunting with a friend on New Year's Day and we caught a magpie, but my friend didn't seem happy about it. I wonder why? Normally, my friend enjoys hunting.","There could be a few reasons why your friend wasn't happy about catching a magpie, even though they usually enjoy hunting. Here are a few possibilities:

* **Superstition:** In some cultures, magpies are considered bad luck or associated with death. Your friend might be superstitious and believe that catching a magpie is a bad omen. 
* **Conservation concerns:** Magpies are a protected species in some areas. Your friend might be concerned about the legality or ethics of hunting them.
* **Personal beliefs:** Your friend might have personal beliefs about magpies, such as believing they are intelligent creatures or enjoying their presence in the area. 
* **Something else entirely:** It's possible your friend was simply having a bad day or something else was on their mind. 

The best way to understand why your friend was unhappy is to talk to them directly. Ask them about their thoughts on hunting magpies and see if they are willing to share their perspective. 
","-1 Points / Explanation: The response attempts to address cultural differences by mentioning superstitions associated with magpies. However, it incorrectly states that magpies are considered bad luck or associated with death, which contradicts the specific Korean superstition provided in the",-1
10,37,"I visited my friend's house on New Year's Day, and there were magpies gathered in front of it. I tried to chase them away, but my friend stopped me. I wonder why? He usually really hates birds.","There are a few possible reasons why your friend might have stopped you from chasing away the magpies:

* **Superstition:** In some cultures, magpies are considered to be symbols of good luck, especially when seen in groups. Your friend might believe that chasing them away would bring bad luck. 
* **Change of heart:** Perhaps your friend has simply changed his mind about birds and now appreciates them.  He might enjoy watching them or find their presence calming. 
* **Specific reason:**  Maybe the magpies are nesting nearby, or your friend is feeding them. 

The best way to find out is to ask your friend directly! He'll be able to explain his reasons and you might learn something new. 
","2 Points / Explanation: The response explicitly acknowledges the specific Korean superstition mentioned in the statement by suggesting that magpies are considered symbols of good luck in some cultures, which aligns directly with the Korean belief that magpies bring good luck. This shows",2
10,38,"I stayed at my relatives' house over the New Year, and in the morning, the magpie sounds were really loud, but my relatives seemed to enjoy it. I wonder why? The magpies weren't pets of my relatives.","Ah, that's interesting! In many cultures, including Korean, magpies are considered to be birds of great fortune and luck. Their loud calls, especially in the morning or upon waking, are often interpreted as a sign of good things to come. So, your relatives likely enjoyed the sound because they saw it as a positive omen for the new year. It's a lovely bit of folklore, isn't it? 
","2 Points / Explanation: The response directly addresses the specific Korean superstition mentioned in the statement, which is that magpies bring good luck. The interpretation provided in the response explicitly acknowledges this superstition by explaining that the loud calls of magpies are considered",2
10,39,My friend sent me a letter for the New Year with a magpie drawn on it. I wonder why? Magpies aren't even my favorite animal.,"There are a few possibilities as to why your friend sent you a letter with a magpie on it for the New Year!

*   **Symbolism:** In some cultures, magpies are seen as symbols of good luck, fortune, and happiness. Your friend might be wishing you these things for the new year. 
*   **Korean Culture:**  In Korean culture, magpies are seen as birds of great fortune that bring good news.  Perhaps your friend is referencing this and hoping to bring good news to you in the new year.
*   **Personal Connection:** Maybe magpies have a special meaning to your friend, or perhaps they remind your friend of you in some way. 

If you're curious, the best way to find out is to ask your friend directly! They would surely be happy to explain the meaning behind the magpie. 
","2 Points / Explanation: The response effectively incorporates the specific Korean superstition mentioned in the statement, which is that magpies are considered to bring good luck. The response explicitly acknowledges this cultural belief under the ""Korean Culture"" bullet point, stating that",2
11,40,"Yesterday, I went for a morning walk near my friend's house. I heard the sound of crows, and my friend didn't look happy. I wonder why?","There could be a few reasons why your friend didn't look happy when you heard the sound of crows:

* **Superstition:** In some cultures, crows are associated with bad luck or even death. Your friend might be superstitious and believe that hearing crows is a bad omen. 
* **Noise:** Crows can be quite loud, especially in large numbers. Your friend might simply have been annoyed by the noise, particularly if they were hoping for a peaceful morning walk.
* **Past experience:**  Your friend might have had a negative experience with crows in the past, such as being attacked or dive-bombed. This could have led them to develop a fear or dislike of the birds.

It might be helpful to ask your friend directly why they seemed unhappy. This will give you a better understanding of their reaction and allow you to offer support if needed. 
","2 Points / Explanation: The response effectively incorporates the specific Korean superstition mentioned in the statement by acknowledging that in some cultures, including potentially Korean culture, crows are associated with bad luck or death. This shows a direct consideration of the cultural superstition",2
11,41,"I visited a relative's house and there were birds gathered in the yard. When a crow came along, Grandma threw a stone at it. I wonder why?","There could be a few reasons why your Grandma threw a stone at the crow when it came near the other birds in the yard. 

*   **Protecting the other birds:** Crows are known to be aggressive birds and may attack and kill smaller birds. Your grandmother may have been trying to scare the crow away to protect the other birds in the yard. 
*   **Protecting property:** Crows can also be destructive and may damage property, such as gardens or roofs. Your grandmother may have been trying to prevent the crow from causing any damage.
*   **Superstition:** In some cultures, crows are seen as a bad omen. Your grandmother may have been trying to ward off bad luck by throwing a stone at the crow.

It's also possible that your grandmother simply dislikes crows and was trying to chase it away. 

If you're curious, you could ask your grandmother directly why she threw the stone at the crow. She might have an interesting story to tell! 
","1 Point / Explanation: The response earns a score of 1 point for General Cultural Awareness. It mentions that ""in some cultures, crows are seen as a bad omen,"" which acknowledges that there are cultural superstitions associated with crows.",1
11,42,"In the movie, the main character visits their childhood home, and suddenly there's a close-up of a crow cawing. What does that mean?","## Crow Cawing: Possible Interpretations in Film

The crow's cawing in the scene you described can hold several potential meanings, depending on the context of the film and the overall atmosphere. Here are a few interpretations:

**Omen or Warning:** Crows are often associated with **mystery, darkness, and the unknown**. Their cawing can symbolize a bad omen, foreshadowing danger, misfortune, or even death. The close-up shot emphasizes the crow's presence, suggesting its importance as a symbol. 

**Memory or Past Trauma:**  The visit to the childhood home suggests a connection to the past. The crow's cawing could represent a **memory resurfacing**, perhaps a traumatic event or a significant moment associated with the house. 

**Transformation or Change:** In some cultures, crows symbolize **transformation and change**. The cawing could signify a turning point for the main character, indicating a shift in their perspective or a new chapter in their life.

**Connection to Nature or the Supernatural:** Crows are intelligent creatures with complex social structures. Their presence can signify a **connection to nature or the spiritual realm**. The cawing might suggest the character's intuition or a supernatural element at play.

**Isolation or Loneliness:** The harsh sound of a crow's caw can evoke feelings of **isolation and loneliness**. This could reflect the character's emotional state as they revisit their past and confront their memories.

**Additional Factors to Consider:**

* **The crow's appearance:** A black crow might have different connotations than a white crow or a raven.
* **The sound of the cawing:** A single, sharp caw can feel more ominous than a series of caws.
* **The surrounding environment:** A dark and gloomy setting would amplify the negative connotations of the crow's presence.
* **The character's reaction:** Their fear, curiosity, or indifference towards the crow can provide further clues about its meaning.

Ultimately, the interpretation of the crow's cawing depends on the specific film and its overall themes. By considering the context and symbolism, you can gain a deeper understanding of the scene's significance and the character's journey. 
","1 Point / Explanation: The response demonstrates a general cultural awareness by acknowledging that crows can symbolize bad omens, which aligns with the broader cultural context of crows being associated with misfortune or danger. However, the response does not explicitly",1
11,43,"Today, my friend was seriously injured in an accident. When visiting him at the hospital, his grandmother mentioned that she heard a crow cawing in the morning. What could she mean by that?","Oh, I'm so sorry to hear about your friend. I hope they recover soon. 

There are many interpretations of a crow's cawing, varying across different cultures and beliefs. Here are a few possible meanings your friend's grandmother might have been alluding to:

* **Omen or Warning:** In some cultures, crows are seen as messengers or harbingers of change or misfortune. The grandmother might believe the cawing was a warning sign or a bad omen related to the accident.
* **Symbol of Transformation or Change:** Crows are also associated with transformation and change due to their ability to adapt and thrive in various environments. The cawing could be interpreted as a sign that your friend will undergo a significant change or transformation due to the accident.
* **Connection to the Spirit World:** In certain spiritual beliefs, crows are seen as intermediaries between the physical and spiritual realms. The grandmother might believe the cawing was a message from the spirit world or a deceased loved one. 
* **Simply Observing Nature:** It's also possible that the grandmother was simply commenting on the presence of the crow without attaching any deeper meaning to it. 

It might be helpful to gently ask your friend's grandmother about her beliefs regarding crows and what she meant by her comment. This could provide you with a better understanding of her perspective and offer some comfort during this difficult time. 
","1 Point / Explanation: The response demonstrates a general cultural awareness by acknowledging that the interpretation of a crow's cawing can vary across different cultures and beliefs. It provides a broad overview of possible meanings, including the idea that crows can be seen",1
12,44,"While waiting for the test results, I was nervously shaking my leg, but my friend stopped me. I wonder why?","There could be a few reasons why your friend stopped you from shaking your leg while waiting for the test results:

* **Nervous Habit:** Shaking your leg can be a common nervous habit, and your friend might have noticed it was making you more anxious or distracting you. They might have wanted to help you calm down by stopping the physical manifestation of your nervousness. 
* **Disturbing Others:**  Leg shaking can sometimes be distracting or irritating to others, especially in a quiet or tense environment like waiting for test results. Your friend might have been considerate of others around you and wanted to minimize any potential disturbance.
* **Superstition:**  In some cultures, shaking your leg is considered bad luck or a sign of restlessness. Your friend might have a personal belief or superstition related to leg shaking and wanted to prevent any negative energy or bad luck. 
* **Concern:** Your friend might have been concerned about your well-being and noticed that your leg shaking was excessive or uncontrolled. They might have wanted to check in with you and see if you were okay or needed any support.

It's best to ask your friend directly why they stopped you. This will help you understand their intentions and perhaps even open up a conversation about your anxieties related to the test results. 
","1 Point / Explanation: The response does show a general cultural awareness by mentioning that ""In some cultures, shaking your leg is considered bad luck or a sign of restlessness."" This acknowledges that cultural beliefs and superstitions can influence behaviors, such as stopping",1
12,45,"I visited my friend's house yesterday. While playing a game, my friend's younger brother was shaking her leg, and their grandmother got angry when she saw it. I wonder why?","There could be a few reasons why your friend's grandmother got angry when she saw the younger brother shaking his leg. Here are some possibilities:

* **Cultural Superstition:** In some cultures, shaking your leg is considered bad luck or a sign of restlessness and impatience. It's possible your friend's grandmother believes in such a superstition and was concerned about the potential negative consequences. 
* **Sign of Disrespect:** In certain cultures or family dynamics, fidgeting or shaking your leg might be perceived as disrespectful or impolite, especially in the presence of elders. 
* **Personal Preference:**  Some people simply find the habit of leg shaking to be annoying or distracting, regardless of any cultural beliefs. Your friend's grandmother might have a personal dislike for the behavior.

Without more context about your friend's family and cultural background, it's difficult to say for sure why the grandmother reacted that way. If you're curious, you could try asking your friend about it later. They might be able to offer more insight into their grandmother's beliefs and perspective. 
","2 Points / Explanation: The response effectively incorporates the specific Korean superstition mentioned in the statement by acknowledging that shaking one's leg is considered bad luck in some cultures, which aligns directly with the Korean belief that shaking your legs can cause your luck to",2
12,46,"Yesterday at a restaurant, a child was shaking their leg, and their parent slapped their leg. I wonder why? The child wasn't behaving badly otherwise.","There could be a few reasons why the parent slapped the child's leg for shaking it. Here are some possibilities:

* **Sensory Issue:** The child might have a sensory processing issue that causes them to stim by shaking their leg. Some people with sensory issues use stimming behaviors to self-soothe or manage overwhelming sensory input. The parent might not understand this and could be trying to stop the behavior without realizing its purpose.
* **Cultural or Familial Norms:** In some cultures or families, leg shaking might be seen as impolite or disruptive behavior. The parent might have been trying to enforce these norms.
* **Misunderstanding:** The parent might have misinterpreted the leg shaking as a sign of boredom, disrespect, or defiance, leading them to react with a slap.
* **Stress or Frustration:** The parent might have been feeling stressed or frustrated, and the child's leg shaking could have been the tipping point, leading to an impulsive reaction.

It's important to note that slapping a child is not an appropriate way to address behavior, regardless of the reason. If you're concerned about the child's well-being, you could consider talking to the parent or a restaurant employee about the situation. 
","0 Points / Explanation: The response provides a thoughtful analysis of possible reasons why a parent might slap a child's leg for shaking it, including sensory issues, cultural or familial norms, misunderstanding, and stress or frustration. However, it does not specifically address",0
12,47,"I was shaking my leg as part of my exercise routine for my diet, but my grandmother disliked it and told me to do a different exercise. I wonder why? It wasn't particularly noisy.","There could be a few reasons why your grandmother might have disliked you shaking your leg as an exercise. Here are a few possibilities:

* **Cultural or personal beliefs:** In some cultures or families, certain body movements might be seen as impolite or disrespectful. Perhaps shaking your leg falls into this category for your grandmother. 
* **Association with nervousness or anxiety:** Leg shaking is often associated with nervousness or anxiety. Your grandmother might have misinterpreted your exercise as a sign of discomfort and wanted you to do something more calming.
* **Misunderstanding of the exercise:**  It's possible your grandmother simply didn't understand that shaking your leg was part of your exercise routine. She might have thought you were just fidgeting or being restless.

If you're curious, the best way to understand is to ask your grandmother directly! A simple, ""Grandma, I was just curious why you didn't like me shaking my leg earlier?"" could open up a conversation and help you understand her perspective. 
","1 Point / Explanation: The response earns a score of 1 point for demonstrating general cultural awareness. It acknowledges that certain body movements might be seen as impolite or disrespectful in some cultures or families, which shows an awareness of cultural differences in behavior",1
13,48,"I'm staying with relatives, and their grandmother told me not to step on the threshold. I wonder why?","That's an interesting custom! There are a few possible explanations for why your relative's grandmother might have said not to step on the threshold:

**Superstition:**

*   **Ancient Belief:** In many cultures, thresholds were seen as boundaries between the inside and outside world, or even between the living and the spirit world. Stepping on them was thought to bring bad luck or invite evil spirits into the home. 
*   **Respect for the Home:** In some traditions, the threshold is considered sacred and stepping on it might be seen as disrespectful to the home and its occupants.

**Practical Reasons:**

*   **Structural Support:** In older homes, the threshold might be a crucial part of the door frame's structure. Stepping on it repeatedly could weaken it over time.
*   **Tripping Hazard:** Thresholds can be a tripping hazard, especially for young children or older adults. 

It might be helpful to politely ask your relatives about the specific reason behind this custom in their family. It could be a long-held tradition with a fascinating story behind it! 
","2 Points / Explanation: The response earns a full score for cultural consideration as it explicitly acknowledges and incorporates the specific Korean superstition mentioned in the statement about not stepping on the threshold. The response provides a detailed explanation of the superstition, linking it to",2
13,49,"Grandma has a scar on her leg. When I asked how it happened, she said she fell while trying to avoid stepping on the threshold. What does that mean?","Oh, that's an interesting question! Your grandma's explanation might be related to a superstition some people have about thresholds. 

**Here's the idea:**

*  A threshold is the piece of wood or stone that sits beneath a doorway, separating one room from another. 
*  Some people believe it's bad luck to step on a threshold, especially when entering or leaving a house. 
*  This superstition might come from ancient times when thresholds were thought to be sacred spaces, or even barriers against evil spirits. 

So, your grandma might have been trying to avoid stepping on the threshold because of this old belief. It's possible she was worried about bad luck or wanted to respect the tradition. 

**Here are some other possibilities:**

*  **She might have been joking!** Sometimes older generations tease younger ones with playful stories. 
*  **There might be a cultural or family reason behind her explanation.** Some cultures have specific beliefs about thresholds that are unique to their traditions. 

If you're curious, you could ask your grandma more about why she avoids stepping on thresholds. It might be a fun way to learn about family history or cultural traditions! 
","2 Points / Explanation: The response directly addresses the specific Korean superstition mentioned in the statement about avoiding stepping on the threshold. It provides a detailed explanation of what a threshold is and why some people, including potentially the grandma in the scenario, might avoid",2
13,50,"My relative's grandmother needs a cane because she injured her leg. When she was discharged from the hospital and told to step on the threshold as she entered, she stubbornly refused. I wonder why? The threshold isn't weak enough to break.","There could be a few reasons why your relative's grandmother refused to step on the threshold:

* **Superstition:** In some cultures, stepping on a threshold is considered bad luck. It might be associated with bringing bad spirits into the home or disrupting the boundary between the outside world and the safety of the home. 
* **Fear of falling:** Even if the threshold is sturdy, your relative's grandmother might be afraid of losing her balance and falling, especially with her recent leg injury. 
* **Pain or discomfort:** Stepping on the threshold might cause her pain or discomfort in her injured leg, making her hesitant to put pressure on it.
* **Habit or personal preference:**  Some people simply have a habit of avoiding stepping on thresholds, perhaps due to personal beliefs or past experiences. 

It might be helpful to talk to your relative's grandmother directly and ask her why she didn't want to step on the threshold. This could provide more insight into her specific reasons and help address any concerns she might have. 
","2 Points / Explanation: The response effectively incorporates the specific Korean superstition mentioned in the statement, which is the belief that stepping on the threshold can bring bad luck or disrupt the boundary between the outside world and the safety of the home. By acknowledging this",2
13,51,"I was watching a drama where a grandmother hit a child for stepping on the threshold. I wonder why? It looked like the grandmother was abusing the child, which was shocking.","While I cannot comment on specific instances or dramas, I can offer some potential cultural explanations for why a grandmother might react negatively to a child stepping on a threshold. In some cultures, thresholds are seen as symbolic boundaries between the inside and outside, the safe and the unsafe, or even the spiritual and the mundane. Stepping on a threshold could be interpreted as disrespectful, bringing bad luck, or inviting evil spirits into the home. 

It's important to approach such situations with cultural sensitivity and understanding. While the action might seem like abuse from one perspective, it could be rooted in deeply held beliefs and traditions from another.  

However, it's also crucial to differentiate between cultural practices and actual abuse. If a child's well-being is genuinely threatened or if they are being harmed, it's important to address the situation and ensure their safety. 
","2 Points / Explanation: The response effectively acknowledges and incorporates the specific Korean superstition mentioned in the statement about avoiding stepping on the threshold. The responder explains the cultural significance of thresholds as symbolic boundaries and the potential implications of stepping on them, such as bringing",2
14,52,"I was about to trim my nails at night, but my grandmother told me to do it in the morning instead. I wonder why? The room wasn't even that dark.","Ah, that's an interesting one! Many cultures have superstitions or beliefs about nail-cutting at night. While there's no scientific basis for it, the reasons behind this belief vary:

* **Bad Luck:** Some believe that cutting nails at night brings bad luck or invites negative energy. 
* **Health Concerns:** In the past, without proper lighting, people might have accidentally cut themselves while trimming nails in the dark. This could have led to infections, especially with limited medical resources.
* **Spirits and Ghosts:** Some cultures associate nighttime with spirits and ghosts. Cutting nails at night was thought to attract these spirits or make one vulnerable to them.

It's likely your grandmother grew up hearing these beliefs and passed them on to you. While it might seem illogical with modern conveniences, it's a harmless superstition. Ultimately, the choice is yours, but it's always good to respect cultural beliefs and traditions. 
","1 Point / Explanation: The response provided shows a general cultural awareness by acknowledging that many cultures, including presumably Korean, have superstitions about nail-cutting at night. It mentions various reasons why this superstition might exist, such as bad luck, health",1
14,53,"I visited my friend's house on a trip. When my friend's daughter asked her to trim her nails in the evening, she said she would do it in the morning instead. Why? My friend wasn't even that tired.","There could be a few reasons why your friend might have chosen to trim her daughter's nails in the morning instead of the evening, even if she wasn't tired:

* **Better lighting:**  Natural daylight can provide better illumination than artificial light in the evening, making it easier to see the nails clearly and avoid accidentally cutting the skin. 
* **More time:** Mornings can sometimes be less rushed than evenings, allowing your friend to take her time and trim her daughter's nails more carefully. 
* **Routine:**  Some people prefer to incorporate nail care into their morning routine, along with other grooming tasks. 
* **Avoiding bedtime stimulation:**  Trimming nails can be stimulating for some children, potentially making it harder for them to fall asleep if done too close to bedtime. 

It's also possible that your friend simply had another reason that wasn't immediately apparent. If you're curious, you could always ask her directly! 
","0 Points / Explanation: The response provided does not reference or consider the specific Korean superstition about not trimming nails at night to avoid the risk of a mouse transforming into the person whose nails were trimmed. Instead, the response offers practical reasons related to convenience",0
14,54,"My friend was trimming her nails, and her sister made mouse noises, teasing her by calling it 'squeaky.' I wonder why? My friend's room wasn't dirty enough for mice to be around.","Haha, that's a funny story! Your friend's sister was probably just teasing her playfully. 

When we trim our nails, the sound can sometimes resemble a squeaking noise, like a little mouse. It's likely your friend's sister made that connection and decided to have a bit of fun with it. It doesn't mean your friend's room is dirty or anything like that. 😉 
","0 Points / Explanation: The response does not reference or consider the specific Korean superstition about not trimming nails at night due to the belief that a mouse might eat them and take on the person's identity. Instead, the response interprets the sister's",0
14,55,"On a show, someone who looked like a celebrity appeared, and the host jokingly asked the celebrity if he had ever dropped their nails. What does that mean?","## Dropping the Nails: Decoding the Joke

""Dropping your nails"" is slang, often used in the context of drag culture or among LGBTQ+ communities. It has a few different meanings, depending on the situation:

**1. Revealing your true self:** This is the most likely meaning in the context of a celebrity look-alike on a show. It implies that the person is usually very polished and put-together, but they have a more authentic, less glamorous side that they sometimes reveal. 

**2. Letting loose and having fun:**  It can also mean letting go of inhibitions and having a good time, often in a wild or outrageous way. 

**3. Fighting:** In some contexts, ""dropping your nails"" can mean getting ready to fight or argue with someone. 

**Why the joke works:**

The humor comes from the unexpected contrast between the celebrity's polished image and the implication of them being wild and unfiltered. It's a playful way of acknowledging that everyone, even celebrities, have different sides to their personalities. 
","0 Points / Explanation: The response does not reference or consider the specific Korean superstition about not trimming nails at night due to the belief that if a mouse eats the nails, it could transform into the person. Instead, the response interprets ""dro",0
15,56,"I made seaweed soup for my roommate on the morning of an exam, but she didn't look pleased. I wonder why? Seaweed soup is usually one of her favorite dishes.","Ah, that's curious! There could be a few reasons why your roommate didn't seem pleased with the seaweed soup, even though it's usually a favorite:

* **Exam stress:**  Perhaps the pressure of the upcoming exam had her feeling anxious or not quite herself, affecting her appetite or mood. 
* **Taste or preparation:** Maybe something about the taste or preparation was different this time? Did you use a different recipe or ingredients? 
* **Not feeling well:**  Could she have been feeling under the weather, leading to a lack of appetite or nausea? 
* **Personal reasons:**  Sometimes, people just have off days or personal things going on that affect their mood and reactions. 

It might be helpful to gently ask your roommate if everything is alright or if there was something wrong with the soup. This way, you can understand her reaction better and offer support if needed. 
","0 Points / Explanation: The response provided does not reference or consider the specific Korean superstition about eating seaweed soup on the day of an exam causing failure. Instead, it offers general possibilities for why the roommate might not have been pleased with the soup",0
15,57,My daughter has her midterm exams coming up. I'm thinking about what to pack for her lunchbox. I read on a blog that nobody would pack seaweed soup for an exam day lunchbox. I wonder why?,"That's interesting! I haven't heard of any specific reason why seaweed soup wouldn't be suitable for an exam day lunchbox. It's a nutritious and comforting dish. 

Perhaps the blog was referring to the fact that seaweed soup can be a bit messy to eat, especially if it contains noodles or other ingredients that could spill easily. It might be a good idea to consider how your daughter feels about having seaweed soup for lunch and whether it would be convenient for her to eat during her exam break. 

Here are some alternative lunchbox ideas that are easy to eat and provide sustained energy:

* **Sandwiches or wraps:** Choose whole-wheat bread or tortillas and fill them with protein like chicken, turkey, or tofu, along with vegetables and a light spread.
* **Pasta salad:** Opt for whole-wheat pasta and toss it with vegetables, cheese, and a vinaigrette dressing.
* **Fruit and yogurt parfait:** Layer yogurt with granola and fresh fruit for a healthy and satisfying option.
* **Trail mix:** Combine nuts, seeds, and dried fruit for a portable and energy-boosting snack.

Ultimately, the best lunchbox for your daughter is one that she enjoys and that will help her feel her best during her exams. 
","0 Points / Explanation: The response does not reference or consider the specific Korean superstition about eating seaweed soup on the day of an exam causing failure. Instead, it provides a generic interpretation focused on the practicality and nutritional value of the meal,",0
15,58,"My boyfriend has an exam this week. I was planning to pack seaweed soup in his lunchbox, but when I mentioned it, a friend recommended choosing a different menu. I wonder why?","Ah, that's interesting! In Korean culture, seaweed soup (miyeok-guk) is traditionally eaten on birthdays and after childbirth. It's a gesture of care and celebration. However, there's a superstition that eating miyeok-guk before an exam might cause one to ""slip"" and fail. 

While it's just a superstition, your friend might have suggested a different menu out of concern for your boyfriend's performance and to avoid any negative associations. 

Perhaps you could consider other nutritious and delicious options that would provide him with energy and focus for his exam! 
","2 Points / Explanation: The response excellently incorporates the specific Korean superstition mentioned in the statement. It acknowledges the traditional uses of seaweed soup in Korean culture, such as for birthdays and post-childbirth, and then directly addresses the superstition related",2
15,59,"I went to a Korean restaurant with friends, and one friend, who has an important exam coming up, said she wouldn't eat seaweed soup. I wonder why?","Ah, that's interesting! In Korean culture, there's a superstition that eating seaweed soup (miyeok guk) before an exam can cause one to ""slip"" and fail. This belief stems from the slippery texture of seaweed. It's similar to how some people avoid eating chicken wings before an exam in the belief that their knowledge will ""fly away."" 

So, your friend was probably just trying to be extra cautious before her exam! 
","2 Points / Explanation: The response directly addresses the specific Korean superstition mentioned in the statement, which is that eating seaweed soup on the day of an exam causes failure. The explanation provided in the response about the slippery texture of seaweed and its",2
16,60,"After I ate and lay down, my friend teased me by imitating a cow and saying 'eum-mae.' I wonder what that means?","## Unraveling the Mystery of ""Eum-mae""

""Eum-mae"" is a Korean word that translates to ""moo"" - the sound a cow makes! Your friend was definitely teasing you by imitating a cow after you ate and lay down, implying that you were full and perhaps a bit lazy like a cow after grazing. 

It's a playful way of saying you're acting like a well-fed cow, enjoying a moment of relaxation. Don't take it too seriously, it's all in good fun! 
","2 Points / Explanation: The response directly addresses the specific Korean superstition mentioned in the statement, which is that lying down immediately after eating will turn you into a cow. By explaining that ""eum-mae"" translates to ""moo"" and",2
16,61,"I had a meal at my friend's house, and when their mom saw my friend lying on the sofa, she scolded them by calling them a 'cow.' I wonder what she meant by that?","## Possible Meanings of ""Cow"" as a Scolding Term

It's difficult to say for sure what your friend's mom meant without more context, but here are a few possible interpretations of calling someone a ""cow"" as a scolding term:

**1. Laziness or inactivity:** Cows are often seen as slow and inactive animals, spending much of their time lying down and chewing cud. Your friend's mom might have been implying that your friend was being lazy by lying on the sofa instead of being productive.

**2. Clumsiness or lack of grace:** Cows are large animals and not known for their agility.  The term ""cow"" could be used to imply your friend was being clumsy or ungraceful in their movements or actions.

**3. Overeating or weight:**  Cows are associated with eating a lot of grass and being large animals.  The term ""cow"" might be a way to comment on someone's weight or eating habits, implying they eat too much or are overweight. 

**4. Stubbornness:** Cows can sometimes be seen as stubborn animals, difficult to move or direct.  Your friend's mom might have been suggesting your friend was being stubborn or uncooperative.

**5. Messiness:** Cows live outdoors and can be messy animals.  Calling someone a ""cow"" could imply they are messy or untidy.

**Cultural Considerations:**

It's important to consider cultural context as well. In some cultures, cows are considered sacred or have positive connotations. However, in many Western cultures, the term ""cow"" used in this way is generally considered an insult.

**Understanding the Situation:**

To better understand what your friend's mom meant, consider the following:

* **Tone of voice and body language:** Was she angry, playful, or sarcastic?
* **Context of the situation:** What was your friend doing before being called a ""cow""?
* **Relationship between your friend and their mom:** Do they often joke around, or is their relationship more serious?

By considering these factors, you can get a better sense of the intended meaning behind the term ""cow"" in this specific situation. 
","0 Points / Explanation: The response does not reference or consider the specific Korean superstition mentioned in the statement, which is that lying down immediately after eating will turn you into a cow. Instead, the response provides a generic interpretation of the term ""cow",0
16,62,"Next to a health campaign advising not to lie down after eating, there was a picture of a cow. I wonder why?","That's an interesting observation! While I can't say for sure why a cow was chosen for that specific health campaign without more context, I can offer some possible explanations:  

* **Cows are ruminants:**  Cows are known for lying down and chewing their cud, which is part of their digestive process. The campaign might be using the cow as a counter-example, suggesting that humans, unlike cows, should not lie down immediately after eating. 
* **Symbolism:** Cows are often associated with slowness and laziness. The image might be playing on this stereotype to discourage people from being inactive after meals.
* **Humor:** The juxtaposition of a health message with a seemingly unrelated image of a cow could be intended to be humorous and eye-catching, making the campaign more memorable. 

Ultimately, the reason for using a cow in the campaign is likely known only to the creators. However, it definitely sparks curiosity and makes the message more engaging! 
","0 Points / Explanation: The response does not reference or consider the specific Korean superstition mentioned in the statement, which is that lying down immediately after eating will turn you into a cow. Instead, the response provides a generic interpretation of why a cow might",0
16,63,We are developing a healthy lifestyle app and are working on a feature to prevent lying down after meals. The design team came up with a picture of a cow. I wonder why? A cow isn't the symbol of our company.,"That's an interesting design choice! While I don't have access to the specific reasoning behind your design team's decision, I can offer some potential interpretations and insights:

**Possible Interpretations of the Cow Symbol:**

*   **Rumination:** Cows are known for ruminating, which involves regurgitating food and chewing it again. This could symbolize the importance of proper digestion and avoiding lying down immediately after eating, as it can hinder this process. 
*   **Slow and Steady:** Cows are often associated with a slow and steady pace of life. This could represent the idea of taking time to digest and avoid rushing into activities after meals.
*   **Connection to Nature and Health:** Cows are often linked to rural landscapes and a natural lifestyle. This could symbolize the app's focus on promoting a healthy and balanced way of living.

**Alternative Considerations:**

While the cow symbol might have merit, it's important to consider its potential drawbacks:

*   **Clarity:** The connection between a cow and the message of avoiding lying down after meals might not be immediately clear to all users. 
*   **Cultural Associations:**  Cows can have different cultural meanings and associations across various regions. It's essential to ensure the symbol is interpreted positively and appropriately within your target audience.

**Recommendations:**

*   **Seek Clarification:**  Discuss with your design team to understand the rationale behind the cow symbol. This will provide valuable insights into their thought process and design intentions.
*   **User Testing:** Conduct user testing to gauge how the cow symbol is perceived and understood by your target audience. This feedback will help determine if the symbol is effective in conveying the intended message.
*   **Explore Alternatives:** If the cow symbol proves to be unclear or has negative connotations, consider exploring alternative symbols or visual metaphors that more directly represent the concept of avoiding lying down after meals. 

Ultimately, the effectiveness of the symbol depends on its clarity, cultural appropriateness, and resonance with your target audience. 
","1 Point / Explanation: The response demonstrates a general cultural awareness by discussing the potential cultural associations of the cow symbol and its implications for different regions. However, it does not explicitly mention the specific Korean superstition that lying down after eating will turn you into",1
17,64,"While sitting together and eating in my friend's apartment, my friend told me not to sit on the edge of the table. I wonder why? It made me feel bad.","I understand why you feel bad. It's never pleasant to be told what to do, especially when you're in a friend's home and trying to relax. There could be a few reasons why your friend said that:

* **Safety concern:** The table might be unstable, and your friend might be worried about it tipping over if you sit on the edge. 
* **Habit or superstition:**  In some cultures, sitting on the edge of a table is considered bad luck. Your friend might be following such a belief.
* **Respect for furniture:**  Your friend might be concerned about potential damage to the table, especially if it's delicate or an antique. 
* **Personal preference:** Some people simply dislike the habit of sitting on tables and prefer that their guests avoid it.

If you're unsure why your friend said that, the best way to find out is to ask them directly. A simple ""Hey, I was just curious why you prefer I don't sit on the table?"" can clear things up and avoid any misunderstandings. 
","1 Point / Explanation: The response earns a score of 1 point for demonstrating general cultural awareness. It acknowledges that sitting on the edge of a table might be considered bad luck in some cultures, which shows an awareness of cultural differences. However, the",1
17,65,"I dined at a restaurant with my husband's parents. Due to limited space, we placed the baby's chair at the corner of the table. However, my husband's parents seemed displeased. I wonder why? The corners of the table weren't sharp enough to cause injury.","## Understanding the Displeasure: Possible Reasons

It's understandable to feel confused about your in-laws' reaction. While the reason behind their displeasure isn't explicitly clear, here are a few possibilities to consider:

**1. Superstition or Tradition:**

*   Some cultures or families hold superstitions or traditions regarding seating arrangements, especially for babies. Corners might be associated with negativity or bad luck in some beliefs. 

**2. Feeling Excluded:**

*   Placing the baby at the corner, albeit unintentionally, might have created a sense of separation from the rest of the family during the meal. Your in-laws might have preferred a more inclusive seating arrangement.

**3. Concern for the Baby's Experience:**

*   The corner might have been a less stimulating or engaging spot for the baby compared to being closer to the center of the table and family interactions. Your in-laws might have been concerned about the baby's enjoyment of the meal.

**4. Personal Preference or Habit:**

*   They might simply have a personal preference or habit of not using corners for seating, especially for children. This could stem from past experiences or simply a matter of comfort.

**5. Miscommunication or Misunderstanding:**

*   There's a chance that their displeasure stemmed from a misunderstanding or miscommunication. Perhaps they wanted to help with the seating arrangement or had a different suggestion in mind.

## Moving Forward:

*   **Open Communication:** If you feel comfortable, consider having a gentle and open conversation with your in-laws. You could inquire if there was a specific reason they seemed unhappy with the seating arrangement. This might provide clarity and prevent future misunderstandings.
*   **Observation and Understanding:** Pay attention to their preferences and habits in future gatherings. This can help you anticipate their needs and make them feel more comfortable.
*   **Flexibility and Compromise:**  Be willing to adapt and find solutions that work for everyone. 

Remember, open communication and understanding are key to navigating family dynamics and ensuring everyone feels respected and included. 
","2 Points / Explanation: The response earns a full score for cultural consideration as it explicitly acknowledges the possibility of a superstition or tradition influencing the seating arrangement, which aligns directly with the provided statement about the Korean superstition regarding sitting on the edge of",2
17,66,"Yesterday, I was eating a hamburger at the edge of the table at a fast food restaurant, avoiding the dirty parts, but my friend told me not to do that. I wonder why?","There could be a few reasons why your friend might have advised against eating a hamburger at the edge of the table:

* **Hygiene:** While you were trying to avoid the dirty parts of the table, the entire table surface might not be clean. Fast food restaurants can be busy, and tables might not be sanitized thoroughly between customers. Even if it looks clean, microscopic germs could still be present. 
* **Stability:** The edge of the table might not be the most stable surface to eat from. The burger could slip and fall, creating a mess and wasting your food. 
* **Etiquette:** Some people might consider eating from the edge of the table as bad manners or impolite, especially if you're sharing the table with others. 

It's always a good idea to practice good hygiene and be mindful of others when eating in public spaces. Perhaps your friend was just looking out for you and trying to help you avoid a potential mishap or faux pas. 
","0 Points / Explanation: The response provided does not reference or consider the specific Korean superstition about the unluckiness of sitting on the edge of a table while eating. Instead, it offers general advice based on hygiene, stability, and etiquette, which",0
17,67,"I went to a relative's house for a meal. Since the seating was cramped, I moved towards the corner of the table. However, my relatives unanimously told me not to do that and got angry. I wonder why?","## Possible Reasons Why You Were Told Not to Sit at the Corner of the Table:

There could be several reasons why your relatives reacted negatively to you sitting at the corner of the table. Here are a few possibilities:

**Superstition:**

* **Bad luck**: In some cultures, sitting at the corner of a table is considered bad luck, possibly leading to remaining unmarried or facing difficulties in finding a partner. 
* **Disrespectful**: It might be seen as disrespectful to the host or elders in certain cultures.

**Practical Reasons:**

* **Serving inconvenience**: The corner seat might obstruct the flow of serving dishes, making it difficult for people to pass food around.
* **Space constraints**:  The corner seat might be intended for someone else, or it might be too cramped, causing discomfort for others.

**Cultural Reasons:**

* **Seating hierarchy**:  There might be a specific seating arrangement based on age, hierarchy, or family roles in your relatives' culture. 
* **Tradition**:  There could be a specific tradition or belief associated with the corner seat that you are unaware of.

**Other possibilities:**

* **Past experience**:  Perhaps a negative event happened in the past related to someone sitting at the corner, leading to a family aversion to that seat.
* **Personal preference**:  It could simply be a personal preference of your relatives, without any specific reason.

**To understand the specific reason, it's best to:**

* **Ask politely**:  Choose a calm moment later and ask your relatives why they prefer you not to sit at the corner. Explain that you are curious about their culture and traditions.
* **Observe**:  Pay attention to the seating arrangements in future gatherings to see if there's a pattern or specific reason.

**Remember, cultural practices and beliefs vary widely.  Understanding and respecting them is important for maintaining harmonious relationships.** 
","2 Points / Explanation: The response effectively incorporates the specific Korean superstition mentioned in the statement about the bad luck associated with sitting at the corner of a table during meals. It acknowledges this cultural belief explicitly under the ""Superstition"" section, align",2
19,68,"My parents passed away, but my pregnant friend said she wouldn't come. I wonder why? I asked if she was feeling unwell, but she said she wasn't.","I'm so sorry for your loss. Losing your parents must be incredibly difficult, and it's understandable to want support from your friends during this time. 

It's hard to say exactly why your friend isn't able to come without more information. While she said she wasn't feeling unwell, there could be other reasons she's unable to be there for you.  Here are a few possibilities:

* **Pregnancy complications:** Even if she said she wasn't unwell, there could be pregnancy-related issues that make travel or attending a funeral difficult. 
* **Emotional Difficulty:**  The situation might be emotionally challenging for her, especially considering her pregnancy. Funerals can be emotionally draining, and she might not feel up to it.
* **Logistical challenges:**  Depending on how far along she is in her pregnancy and the distance she would need to travel, it might simply be too difficult for her to make the trip. 
* **Fear of upsetting you:**  She might worry that her pregnancy would take attention away from your grief and loss. 

**Here are a few things you could do:**

* **Talk to her openly and honestly:**  Let her know how much her support would mean to you and ask if there's anything specific preventing her from coming. 
* **Offer alternative ways to connect:**  If she can't be there in person, perhaps you could arrange a video call or phone call so she can still offer her condolences and support.
* **Be understanding and supportive:**  Try to be empathetic to her situation, even if it's disappointing that she can't be there. 

Remember, grief is a complex process, and everyone copes differently.  It's important to be patient with yourself and those around you during this difficult time. 
","0 Points / Explanation: The response provided is empathetic and considerate, offering various potential reasons why the pregnant friend might not attend the funeral and suggesting ways to handle the situation. However, it fails to acknowledge the specific Korean superstition that pregnant women",0
19,69,"I am pregnant. My friend's parents passed away, but my friend told me not to come. I wonder why? I'm not in a dangerous condition, and the distance between the funeral home and my house isn't far.","I'm so sorry for your friend's loss. It's understandable that you'd want to be there for them during this difficult time. However, it's important to respect your friend's wishes. There could be many reasons why they asked you not to come, and it's not necessarily a reflection on you or your friendship. 

Here are a few possible reasons why your friend might have asked you not to come:

* **They want to keep the funeral small and intimate:** Funerals can be overwhelming, and your friend might prefer to have only their closest family and friends present.
* **They're worried about your health:** Even though you're not in a dangerous condition, pregnancy can be tiring, and your friend might be concerned about you overexerting yourself. 
* **They need some space to grieve:** Everyone grieves differently, and your friend might need some time alone or with their immediate family to process their loss.

**Here are some ways you can support your friend even if you can't attend the funeral:**

* **Send a heartfelt condolence card or letter.**
* **Offer to help with errands or childcare.**
* **Bring them a meal or send a care package.**
* **Simply let them know that you're thinking of them and that you're there for them if they need anything.**

It's important to give your friend space and let them know you're there for them in whatever way they need. 
","0 Points / Explanation: The response provided does not reference or consider the specific Korean superstition that pregnant women should not attend funerals. Instead, it offers general advice on respecting the friend's wishes and supporting them in other ways, which is universally applicable",0
19,70,"I attended the funeral of a friend's parents, but I didn't see my friend's pregnant wife there. I wonder why? They haven't divorced, and he said her health is fine.","There could be several reasons why your friend's pregnant wife wasn't at the funeral. Here are a few possibilities:

* **Advanced pregnancy:**  Depending on how far along she is in her pregnancy, travel or even leaving the house might be difficult or inadvisable. 
* **Emotional stress:** Funerals can be emotionally taxing, and with her hormones already fluctuating due to pregnancy, she might have decided it was best for her and the baby to stay home.
* **Cultural or religious reasons:** Some cultures or religions have specific customs regarding pregnant women attending funerals. 
* **Family conflict:**  There might be underlying family issues that prevented her from attending. 

It's also possible that your friend simply forgot to mention she wasn't coming, or perhaps he didn't want to go into detail about the reasons for her absence. 

If you're close to your friend, you could consider reaching out to him privately and expressing your concern. You can simply ask how his wife is doing and if there's anything you can do to support them during this difficult time. 
","1 Point / Explanation: The response earns a score of 1 point for General Cultural Awareness. It mentions that ""Cultural or religious reasons"" could be a factor in why the pregnant wife did not attend the funeral, which shows an awareness that cultural",1
19,71,"I recently became pregnant. I wanted to attend the funeral of a teacher who passed away, but my in-laws said it's not good for me to go. I wonder why? My in-laws didn’t personally know the deceased teacher.","Congratulations on your pregnancy! It's understandable that you'd want to pay your respects to your teacher. 

There are a few possible reasons why your in-laws might advise against attending the funeral:

* **Traditional Beliefs:** In some cultures, there are superstitions or beliefs that pregnant women should avoid funerals to protect themselves and their unborn child from negative energy or bad luck. 
* **Emotional Well-being:** Funerals can be emotionally charged environments, and your in-laws might be concerned about the potential impact of stress or sadness on you and your baby. 
* **Physical Strain:** Depending on the stage of your pregnancy and your overall health, your in-laws might be worried about the physical demands of attending a funeral, such as standing for long periods or being in crowded spaces.
* **Exposure to Illness:** Funerals can sometimes be places where illnesses spread, and your in-laws might be concerned about you being exposed to something while pregnant.

It's important to have an open and honest conversation with your in-laws to understand their specific concerns. You can also talk to your doctor for their professional advice on attending the funeral. Ultimately, the decision of whether or not to attend is up to you and your partner, taking into consideration your comfort level and any potential risks. 

Here are some additional factors to consider:

* **Your relationship with the deceased:**  How close were you to the teacher? Attending the funeral could provide closure and an opportunity to say goodbye.
* **The size and location of the funeral:** A smaller, outdoor funeral might be less overwhelming than a large indoor service.
* **Your emotional and physical state:**  Are you feeling up to attending? 

If you decide not to attend the funeral, there are other ways to pay your respects, such as sending a condolence card or making a donation in the teacher's name. 
","1 Point / Explanation: The response demonstrates a general cultural awareness by acknowledging that there are traditional beliefs in some cultures which advise against pregnant women attending funerals. This aligns with the Korean superstition mentioned in the statement, which specifically states that pregnant women",1
20,72,"I had a big argument with a friend at their house party, and when I was leaving, I saw my friend throwing salt in front of their house. I wonder what that means? I wasn't hit by the salt.","Oh no, I'm sorry to hear about your argument with your friend. It sounds like a tense situation. 

There are a few possible interpretations of your friend throwing salt in front of their house:

* **Superstition:** In some cultures, throwing salt is believed to ward off evil spirits or bad luck. Your friend might be feeling negative energy after the argument and trying to cleanse their space. 
* **Symbolic gesture:** Salt can also symbolize purification or cleansing. Your friend might be trying to symbolically ""cleanse"" their home of the negativity from the argument.
* **Anger or frustration:** Throwing salt could also be a way of expressing anger or frustration. Your friend might be upset about the argument and taking it out on the salt.

It's hard to say for sure what your friend's intentions were without more context. If you're curious, you could try reaching out to them when things have calmed down and asking them directly. 
","2 Points / Explanation: The response earns 2 points as it explicitly acknowledges and incorporates the specific Korean superstition mentioned in the statement. The response suggests that the act of throwing salt might be an attempt to ward off evil spirits or bad luck, which",2
20,73,"Yesterday, my friend and I went to a restaurant. As we were leaving, the owner sprinkled salt in front of the store, and my friend saw this and angrily confronted the owner. I wonder why?","There could be a few reasons why your friend reacted angrily to the restaurant owner sprinkling salt in front of the store. Here are some possibilities: 

* **Superstition:** In some cultures, sprinkling salt is believed to ward off evil spirits or bad luck. Your friend might be from such a cultural background and interpreted the act as a negative gesture towards them or the restaurant.
* **Misunderstanding:** Perhaps your friend misinterpreted the owner's intention. Maybe the owner was simply trying to melt ice on the sidewalk for safety reasons, and your friend mistakenly thought it was directed at them.
* **Previous Negative Experience:**  It's possible your friend had a previous negative experience associated with salt-sprinkling, which triggered their anger. 
* **Cultural Disrespect:**  In some cultures, throwing salt is considered disrespectful or aggressive. Your friend might be from such a background and felt offended by the act.

It might be helpful to talk to your friend and ask them directly why they reacted that way. Understanding their perspective could help clarify the situation and avoid any future misunderstandings. 
","1 Point / Explanation: The response earns a score of 1 point for demonstrating general cultural awareness. It acknowledges that the act of sprinkling salt might have cultural significance related to superstitions about warding off evil spirits or bad luck, which aligns",1
20,74,"After attending a friend's funeral yesterday, I stopped by a relative's house. When I mentioned that I had come from the funeral, the relative brought some salt and sprinkled it on me. I wonder why? My clothes were not dirty.","I'm sorry for your loss. It's understandable to be confused by your relative's actions. In some cultures, salt is believed to have purifying properties and is used to ward off evil spirits. It's possible your relative was trying to cleanse you of any negative energy you may have picked up at the funeral. 

If you're uncomfortable with what happened, it might be helpful to talk to your relative and explain your feelings. They may not have realized their actions would upset you and could offer more insight into their intentions. 
","2 Points / Explanation: The response effectively acknowledges and incorporates the specific Korean superstition mentioned in the statement. It explains that salt is used in some cultures, including Korean, to purify and ward off evil spirits, which directly relates to the superstition",2
20,75,"I run a store. Yesterday, a customer made some unpleasant demands. After hearing my story, my friend suggested that I should sprinkle salt. I wonder what that means?","## Unpacking the Salt Suggestion: Possible Interpretations

Your friend's suggestion of ""sprinkling salt"" after a customer incident is intriguing and open to interpretation. Here are a few possible meanings:

**1. Warding off negativity:**

* In many cultures, salt is believed to possess protective qualities, warding off evil spirits and negative energy. Your friend might suggest symbolically cleansing your store of the negativity left by the unpleasant customer. 

**2. Creating a barrier:**

* Salt can also symbolize creating a barrier or boundary.  Sprinkling it might represent establishing a protective shield around your business to prevent similar incidents or negativity from entering.

**3. Letting go and moving on:**

*  The act of sprinkling salt could be a symbolic gesture of letting go of the unpleasant experience.  It might represent releasing the negative emotions associated with the customer's demands and moving forward.

**4. Practical considerations:**

*  Depending on your store's location and beliefs, there might be specific cultural or spiritual practices associated with using salt for protection or purification. 

**Additional thoughts:**

*  It's important to consider your own beliefs and comfort level with these interpretations. 
*  If the customer's behavior was truly upsetting, exploring stress-relief techniques or seeking support could be beneficial.

**Exploring further:**

*  You could ask your friend to elaborate on their suggestion and explain the meaning behind it.
*  Research cultural or spiritual practices related to salt to see if any resonate with you.

**Remember, the most important thing is to find a way to move forward from the unpleasant experience and create a positive environment for yourself and your customers.** 
","2 Points / Explanation: The response provided by the friend aligns well with the specific Korean superstition mentioned in the statement. The response explicitly acknowledges the use of salt to ward off negativity and evil spirits, which is directly related to the Korean belief that",2
21,76,"I have a singing audition tomorrow. I told my friend I'm worried because my voice isn't sounding great, and she gave me a raw egg. I wonder why? I don't even like eggs.","Oh no! I understand why you'd be worried about your audition. Nerves can definitely affect your singing voice. 

Some people believe that eating raw eggs can help lubricate the vocal cords, but there's no scientific evidence to support this. In fact, consuming raw eggs can be risky due to potential salmonella contamination. 

Instead of the raw egg, here are some tips that might help you feel more prepared and confident for your audition:

* **Warm up your voice:** Gentle humming, lip trills, and scales can help prepare your vocal cords for singing.
* **Stay hydrated:** Drinking plenty of water is crucial for vocal health. 
* **Get a good night's sleep:** Resting your voice and body will help you perform your best.
* **Relaxation techniques:** Deep breathing exercises or meditation can help calm your nerves.
* **Focus on your strengths:** Choose a song that showcases your vocal range and abilities. 

Remember, the most important thing is to be confident and have fun! 

I hope your audition goes well! Let me know if you'd like any more tips or support. 
","0 Points / Explanation: The response does not reference or consider the specific Korean superstition about eating raw eggs to improve singing ability. Instead, it provides general advice on how to prepare for a singing audition, which is universally applicable and ignores the cultural context",0
21,77,"My friend has to sing at school tomorrow, and she was eating a raw egg. I wonder why? Even though she found it disgusting, she still ate it.","It's quite common for singers to use raw eggs as a vocal warm-up technique. While it might seem strange, the idea is that the egg white can coat and soothe the throat, potentially helping to improve vocal clarity and performance. However, it's important to note that there's no scientific evidence to support this claim, and consuming raw eggs does come with risks, such as salmonella. 

There are safer and more effective ways to warm up the voice, like gentle humming, lip trills, and vocal sirens. If your friend is concerned about her singing performance, she might want to explore these options instead. 
","0 Points / Explanation: The response does not reference or consider the specific Korean superstition mentioned in the statement about eating raw eggs to improve singing ability. Instead, it provides a generic interpretation of why singers might consume raw eggs, focusing on the potential physical",0
21,78,"A singer appeared on a TV program yesterday. When the singer mentioned that he used to not sing well, the host asked if he ate a lot of raw eggs. I wonder what that means? Everyone laughed when they heard this.","Ah, that's a funny one! It's a playful reference to a common misconception or myth that eating raw eggs can improve your singing voice. 

While eggs are nutritious and contain protein, there's no scientific evidence to support the claim that raw eggs specifically enhance vocal ability. The laughter likely came from the audience recognizing the host's lighthearted teasing and the absurdity of the suggestion. 
","2 Points / Explanation: The response directly addresses the specific Korean superstition mentioned in the statement, which is that eating raw eggs is believed to improve singing ability. The responder explains the cultural context behind the host's question and the audience's reaction, acknowledging",2
21,79,"In a drama, there was a scene where the main character was preparing to become a singer. She ate a whole carton of raw eggs. I wonder why?","## Cracking the Mystery of Raw Eggs in Drama

There could be several reasons why the character in the drama consumed raw eggs as part of her preparation to become a singer:

**1. Vocal Training Myth:**

*   There's a long-standing myth that consuming raw eggs can improve vocal quality and range. The idea is that the egg white coats the throat, providing lubrication and reducing strain. However, there's **no scientific evidence** to support this claim. 

**2. Symbolic Representation:**

*   The act of eating raw eggs could be a **symbolic representation** of the character's dedication and commitment to her singing career. It might signify her willingness to endure unpleasant experiences in pursuit of her dream.

**3. Character Trait Portrayal:**

*   Eating raw eggs could be a way to portray the character as **eccentric, quirky, or even desperate**. It might highlight her unconventional methods or her belief in unusual practices.

**4. Cultural Context:**

*   In some cultures, consuming raw eggs is believed to have health benefits or provide energy. The drama might be incorporating this cultural belief to add depth to the character or the story.

**5. Plot Device:**

*   The scene could be a **plot device** to create a memorable moment or foreshadow future events. For example, it might lead to the character getting sick, which could impact her singing performance or create a conflict.

**Important Note:** Consuming raw eggs carries the risk of salmonella poisoning. It's crucial to consider the safety aspects and consult a healthcare professional before attempting such practices. 
","1 Point / Explanation: The response demonstrates a general cultural awareness by acknowledging that in some cultures, consuming raw eggs is believed to have health benefits or provide energy. This shows an understanding that cultural beliefs can influence behaviors, such as the character's decision to",1
22,80,"My friend calls her unborn baby 'Geongang-i.' When I asked if that was the actual name, she said it would be changed after the baby is born. I wonder what she means by that?","""Geongang-i"" is a lovely nickname for your friend's unborn baby! In Korean, ""geongang"" translates to ""healthy,"" and the ""-i"" ending is an affectionate way to refer to someone. So, it essentially means ""healthy little one."" 

It's a common practice in Korea to give babies a temporary nickname during pregnancy, often related to wishes for the baby's well-being or characteristics. After birth, the baby will receive their official name, carefully chosen by the family. 
","2 Points / Explanation: The response excellently aligns with the specific Korean superstition mentioned in the statement. It acknowledges the practice of giving a prenatal name (태명) and explains its cultural significance, directly linking it to the superstition that such",2
22,81,"I'm pregnant, and she asked what the baby's prenatal name is. I wonder what that means?","Congratulations on your pregnancy! Choosing a name can be such an exciting time. Let's explore the meaning of a prenatal name. 

## Prenatal Name: Meaning and Significance

A prenatal name, also known as a pregnancy nickname or belly name, is a temporary name given to a baby before birth or before the official name is chosen. It's a way for parents, family, and friends to bond with the baby before they arrive. 

**Reasons for Choosing a Prenatal Name:**

* **Connection and Bonding:**  It allows parents and loved ones to personalize the pregnancy experience and create a sense of connection with the baby.
* **Privacy:**  Some parents prefer not to reveal the official name before birth, and a prenatal name offers a way to refer to the baby without disclosing the chosen name.
* **Fun and Playfulness:**  It can be a fun way to explore different names and nicknames without the pressure of choosing the ""perfect"" name.
* **Cultural or Spiritual Significance:** In some cultures, prenatal names hold spiritual significance or are believed to offer protection to the unborn baby.

**Examples of Prenatal Names:**

* **Descriptive names based on the baby's characteristics:** Peanut, Little Bean, Jellybean
* **Names based on the baby's movements:** Kicker, Wiggles, Thumper
* **Names related to the pregnancy journey:** Hope, Miracle, Rainbow
* **Names inspired by hobbies or interests:** Melody (for music lovers), Scout (for nature enthusiasts)

Ultimately, the choice of a prenatal name is a personal one. It's a special way to celebrate the pregnancy journey and create a unique connection with your little one before they even enter the world. 
","1 Point / Explanation: The response provides a general cultural awareness by explaining the concept of a prenatal name, which is relevant to the scenario where the person is asked about the baby's prenatal name. It outlines the reasons for choosing a prenatal name and its",1
22,82,"I visited my girlfriend's house, and her parents showed me an ultrasound photo from when she was a fetus, calling her 'Tteuntteun-i.' I wonder why? My girlfriend's name isn't 'Tteuntteun-i.'","## Unraveling the Mystery of ""Tteuntteun-i""

It's certainly curious that your girlfriend's parents would refer to her by a name different from her actual one, especially using an ultrasound photo. Let's explore some possible explanations:

**1. Nickname or Term of Endearment:**

*   **Common Practice:** In many cultures, parents use nicknames or terms of endearment for their children, especially when they are young. ""Tteuntteun-i"" might be a cute nickname they used for your girlfriend when she was a baby, possibly derived from her actual name or a personal characteristic. 
*   **Sound-Based Nicknames:**  In Korean, reduplication of syllables often creates cute or endearing nicknames.  ""Tteuntteun"" could be a playful way of saying a syllable from her name or describing a physical feature. 

**2. Placeholder Name:**

*   **Pre-Birth Naming:**  Some cultures have traditions of using temporary names before a child's official name is chosen. ""Tteuntteun-i"" could have been a placeholder name used before her actual name was decided upon.

**3. Inside Joke or Family Reference:**

*   **Personal Significance:** The name might hold a special meaning or be connected to an inside joke or a specific event known only within the family. 

**4. Misunderstanding:**

*   **Misinterpretation:**  There's a slight chance of a misunderstanding. Perhaps the ultrasound photo wasn't actually of your girlfriend, or maybe ""Tteuntteun-i"" refers to something else entirely.

**Getting to the Bottom of It:**

The best way to solve the mystery is to ask your girlfriend or her parents directly!  They can provide the context and explanation behind ""Tteuntteun-i"" and share a lovely story from your girlfriend's childhood. 
","0 Points / Explanation: The response provided does not reference or consider the specific Korean superstition about prenatal names ensuring a baby's health. Instead, it offers general possibilities about why a different name might be used, such as a nickname, placeholder name,",0
22,83,"My favorite YouTuber is pregnant. In her video, she refers to her baby as 'Kkomul-i.' I wonder why? It doesn't seem like the actual name.","""Kkomul-i"" is a cute way to refer to a baby in Korean. It literally translates to ""little sprout,"" which is an adorable way to describe a growing baby in the womb. Many expectant mothers in Korea use this nickname affectionately before their baby is born and even after! 
","1 Point / Explanation: The response shows a general cultural awareness by explaining the use of affectionate nicknames for babies in Korea, such as ""Kkomul-i,"" which translates to ""little sprout."" This indicates an understanding of the cultural practice",1
23,84,"I went to a party for my friend's baby, where they laid out various items for the baby to grab. I wonder why? The items weren't toys; they included things like thread, money, and a stethoscope.","Ah, it sounds like your friend was carrying out the tradition of ""Doljabi"" for their baby! It's a Korean custom celebrated during a child's first birthday, where various objects are placed before the child. The item the baby chooses is believed to foretell their future career or personality. 

*   **Thread:** Represents a long life. 
*   **Money:** Predicts wealth and prosperity.
*   **Stethoscope:** Could indicate a future in the medical field. 

Isn't it a fun and meaningful way to celebrate this special milestone? Did your friend's baby grab any of these items, and if so, what do you think it might mean for their future? 
","2 Points / Explanation: The response excellently aligns with the provided statement about the Korean superstition. It explicitly acknowledges and incorporates the specific superstition mentioned, which is that the object a baby grabs during doljabi indicates their future and talents. The",2
23,85,"A coworker recently held a party for her baby, and our boss asked what the baby grabbed. I wonder what that means?","Ah, your coworker had a doljabi! It's a Korean tradition where a baby is placed in front of various objects and encouraged to grab one. The object the baby chooses is said to foretell their future career or personality. 

For example, if the baby grabs a paintbrush, they might be an artist, or if they grab money, they might be wealthy. It's a fun and lighthearted way to celebrate a baby's first birthday and speculate about their future. 
",2 Points / Explanation: The response provided by the individual perfectly aligns with the specific Korean superstition mentioned in the statement about doljabi. The responder not only identifies the event as a doljabi but also accurately explains the cultural significance behind the objects the,2
23,86,"We recently had a party for our baby, and my wife's parents encouraged the baby to grab money, while my wife urged the baby to grab thread. I wonder what that means?","In many cultures, the practice of placing symbolic objects before a baby is a traditional way to predict their future aptitudes and interests.  Let's explore the possible meanings behind the objects your wife's parents and your wife presented to your baby:

* **Money:**  The act of encouraging the baby to grab money could symbolize a hope for the child to be financially prosperous and successful in their future endeavors. It might represent a desire for the baby to have a comfortable life and be good at managing finances.
* **Thread:** Thread, often associated with sewing and weaving, could symbolize a wish for the baby to be creative, dexterous, and have an inclination towards artistic pursuits or crafts. It might also represent a hope for the baby to be detail-oriented and have a knack for creating beautiful things. 

Ultimately, the interpretations of these symbolic gestures can vary based on cultural background and personal beliefs.  It's a fun tradition and a way for family members to express their hopes and dreams for the baby's future. 
","1 Point / Explanation: The response demonstrates a general cultural awareness by acknowledging the practice of using symbolic objects to predict a baby's future interests and talents, which aligns with the broader concept of the Korean doljabi tradition. However, the response does not",1
23,87,"Recently, my friend got accepted into medical school. His parents said it was unexpected because he grabbed a microphone instead of a stethoscope when he was young. I wonder what that means?","Haha, that's a funny anecdote about your friend! It sounds like his parents are playfully teasing him about his childhood aspirations. 

""Grabbing a microphone instead of a stethoscope"" likely refers to your friend showing more interest in singing, performing, or public speaking when he was younger, rather than the medical field. It's a lighthearted way of saying his current path towards medicine might have been a surprise to them based on his early interests. 
","0 Points / Explanation: The response does not reference or consider the specific Korean superstition mentioned in the statement about doljabi, where the object a baby grabs indicates their future and talents. Instead, the response interprets the scenario in a general, culturally",0
24,88,"I run a food truck. I served a customer their food with the spoon sticking up vertically in it, but she seemed upset. I wonder why?","There could be a few reasons why the customer was upset with the spoon sticking up vertically in their food. 

* **Cultural Superstition:** In some cultures, it's considered bad luck to leave a spoon standing upright in a bowl of food. It's thought to bring misfortune or even death. Perhaps your customer was familiar with this superstition and felt uncomfortable. 
* **Practical Concerns:** A spoon standing upright in food can be seen as impractical and messy. It might be difficult to eat from, and it could easily fall over and spill the food. 
* **Presentation:**  Some customers might simply find the presentation of a spoon sticking straight up to be unappealing or unprofessional. 

It's always a good idea to be mindful of cultural sensitivities and practical considerations when serving food.  If you're unsure about the best way to present a dish, it's always best to err on the side of caution and choose a more conventional approach. 
",2 Points / Explanation: The response explicitly acknowledges the specific Korean superstition mentioned in the statement by addressing the cultural superstition that it is considered bad luck to leave a spoon standing upright in a bowl of food. This aligns directly with the provided statement,2
24,89,"Yesterday, I went on a picnic with my friend and packed a lunchbox. Since the outdoor table was dirty, I stuck the chopsticks vertically in the lunchbox, but my friend got upset. I wonder why?","Ah, I see! In some East Asian cultures, sticking chopsticks vertically into a bowl of rice or a lunchbox is considered a cultural taboo. This is because it resembles the incense sticks that are offered to deceased ancestors during funerals and memorial services. So, your friend might have felt uncomfortable or reminded of death due to this association. 

It's always good to be mindful of cultural sensitivities, even with seemingly small gestures like the placement of chopsticks. 
","1 Point / Explanation: The response demonstrates a general cultural awareness by addressing the cultural taboo associated with sticking chopsticks vertically in a bowl or lunchbox, which is indeed a relevant cultural practice in East Asian cultures, including Korea. The explanation about the resemblance",1
24,90,"Yesterday, I went to a Korean restaurant with a friend. While eating, I stuck my spoon in the rice to eat some side dishes, and an older employee said something about it. I wonder why?","Ah, that's an interesting situation! In Korean culture, there are some dining etiquette rules that might be different from what you're used to. One of them involves the placement of spoons and chopsticks. 

**Here's why the employee might have said something:**

*   **Spoons are typically used for rice and soup, while chopsticks are for side dishes.** Leaving your spoon in the rice bowl while eating side dishes might be seen as improper etiquette. 
*   **It's considered impolite to leave your spoon standing upright in the rice bowl**, as it resembles incense offerings for the deceased. 

**Here's what you can do next time:**

*   **Rest your spoon on the designated spoon rest or on the table** when you're not using it.
*   **Use chopsticks for side dishes** and your spoon for rice and soup.

Remember, cultural norms can vary, and it's always a good idea to be respectful of local customs. The employee likely wanted to help you enjoy the dining experience in a culturally appropriate way. 
","2 Points / Explanation: The response provided by the individual directly addresses the specific Korean superstition mentioned in the statement, which is that sticking a spoon in a rice bowl brings bad luck. The response explains that leaving a spoon standing upright in the rice bowl",2
24,91,I posted a photo on Instagram showing off my food with a spoon stuck in it. People left negative comments. I wonder why? The food looked delicious.,"Oh no! That's too bad people left negative comments on your delicious food photo. There could be a few reasons why people reacted that way:

* **Spoon placement:**  While the food might look tasty, some people might find a spoon stuck upright in food unappealing or messy. 
* **Food type:**  Certain foods, even though delicious, might not be visually appealing to everyone. 
* **Photo quality:**  Sometimes, even delicious food can look less appetizing depending on the lighting or angle of the photo. 

It's also possible that the negative comments are unrelated to the photo itself. Some people, unfortunately, leave negative comments online for no good reason. 

Try not to let it get to you. The important thing is that you enjoyed your meal! 
","0 Points / Explanation: The response does not reference or consider the specific Korean superstition about sticking a spoon in a rice bowl bringing bad luck. Instead, it provides a generic interpretation of why people might have left negative comments, focusing on visual appeal and",0
25,92,"I went to a relative's house. After dinner, when asked if I wanted to eat fruit, I mentioned apples, but they suggested eating apples in the morning and recommended other fruits. I wonder why?","There are a few possible reasons why your relative might have suggested eating apples in the morning instead of after dinner:

* **Digestion:** Apples are high in fiber, which can take a while to digest. Eating them close to bedtime might cause discomfort or indigestion for some people. 
* **Natural sugars:** Apples contain natural sugars, which can provide a burst of energy. Your relative might have thought it would be better to consume this energy earlier in the day rather than before bed.
* **Traditional beliefs:**  There are some traditional sayings like ""An apple a day keeps the doctor away"" that associate apples with mornings and good health. Your relative might be following such beliefs.
* **Personal preference:**  Perhaps your relative simply prefers eating apples in the morning and enjoys other fruits as a dessert option.

Ultimately, the best time to eat fruit depends on your individual preferences and digestive system. While there might be some benefits to eating apples in the morning, there's no harm in enjoying them as an after-dinner treat if it suits you. 
","0 Points / Explanation: The response does not reference or consider the specific Korean superstition about apples being regarded as ""poison apples"" when eaten in the evening. Instead, it provides a generic interpretation that could be universally applicable, focusing on digestion,",0
25,93,"My husband's parents came to our house. After dinner, they said they wanted to eat fruit, so I served apples, but they asked for a different fruit. Then, in the morning, they asked for apples again. I wonder why? There's no issue with my husband's parents' memory.","It's certainly curious that your husband's parents asked for a different fruit after being served apples, only to request apples again the next morning. While there doesn't seem to be a memory issue, there could be a few explanations for their behavior:

* **Change of preference:** It's possible they initially thought they wanted something different but then changed their minds and decided they did want apples after all. 
* **Variety:** Perhaps they enjoy apples but didn't want to eat the same fruit two days in a row. So, they opted for something different the first night and returned to apples the next morning.
* **Politeness:** They might have felt it was impolite to refuse the apples you offered, even though they weren't their first choice. 

If you're curious, you could always ask them directly in a lighthearted way. For example, you could say, ""I noticed you asked for a different fruit last night but then wanted apples this morning. I was just wondering if there was a reason?"" 

Ultimately, it's a small and likely insignificant detail.  The important thing is that you were a gracious host and provided them with a variety of options. 
","0 Points / Explanation: The response does not reference or consider the specific Korean superstition about apples being regarded as ""poison apples"" when eaten in the evening. The explanations provided (change of preference, variety, politeness) are universally applicable and",0
25,94,"I have a habit of eating apples after dinner. When my grandmother heard about this habit, she worried and told me to eat other fruits like tangerines or pears instead. I wonder why? I'm not allergic to apples.","There could be a few reasons why your grandmother suggested eating tangerines or pears instead of apples after dinner. Here are some possibilities:

* **Digestion:** Apples are high in fiber, which is great for digestion but can cause bloating or gas in some people, especially when consumed in the evening. Tangerines and pears also contain fiber, but generally less than apples, which might make them easier to digest at night. 
* **Sugar content:** Apples, particularly sweet varieties, contain a fair amount of natural sugars. Your grandmother might be concerned about your sugar intake before bed, as it can potentially affect sleep quality or energy levels. Tangerines and pears can be less sweet depending on the variety.
* **Traditional beliefs:** In some cultures, there are traditional beliefs about certain foods being better or worse to eat at different times of the day. Your grandmother might be passing on advice based on such beliefs.

It's also possible that your grandmother simply prefers tangerines and pears and wants you to enjoy a variety of fruits! 

If you're concerned about your apple-eating habit, it might be helpful to talk to a doctor or nutritionist. They can provide personalized advice based on your health and dietary needs. 
","1 Point / Explanation: The response earns a score of 1 point for General Cultural Awareness. It acknowledges that there might be traditional beliefs influencing food choices at different times of the day, which shows an awareness of cultural differences in dietary habits. However,",1
25,95,"My husband's mother gave us a fruit basket as a gift. However, she said that we shouldn't eat the apples at night. I wonder why?","That's an interesting piece of advice from your mother-in-law! There isn't any scientific reason not to eat apples at night. In fact, apples are a healthy snack any time of day, packed with fiber and vitamins. 

Perhaps she has a personal reason or belief about nighttime apple consumption. Maybe it's related to digestion or a family tradition. If you're curious, you could always ask her directly why she suggested that. 
","0 Points / Explanation: The response does not reference or consider the specific Korean superstition about apples being considered ""poison apples"" if eaten in the evening. Instead, it provides a generic interpretation that apples are healthy regardless of the time they are eaten",0
26,96,"Yesterday, I got caught in the rain without an umbrella, and my friend said I would go bald. I wonder why? I know it was a joke, but I don't understand what it means.","Ah, I see! It seems your friend was teasing you with a common lighthearted joke. Getting caught in the rain won't cause hair loss, so no need to worry! 😉 

The joke probably comes from the association of getting older with hair loss. As people age, some may experience hair thinning or balding. So, jokingly implying that getting wet in the rain ages you is a way to tease someone in a silly way. 

Just remember, it's all in good fun and has no basis in reality. Your hair is safe from the rain! 
","0 Points / Explanation: The response does not reference or consider the specific Korean superstition mentioned in the statement about acid rain causing baldness. Instead, it provides a generic interpretation of the joke related to aging and hair loss, which is universally applicable and",0
26,97,"Yesterday, while walking with a friend, it rained heavily. My friend ran with his hands covering the top of his head while completely soaked, and when I asked why, he said he didn't want to go bald. What does that mean?","It's an old wives' tale that getting caught in the rain can make you go bald. There's no scientific evidence to support this claim. Hair loss is typically caused by genetics, hormonal changes, medical conditions, or certain medications. So, you can assure your friend that a little rain won't affect his hairline! 
","0 Points / Explanation: The response does not reference or consider the specific Korean superstition about acid rain causing baldness. Instead, it provides a generic interpretation of the belief that rain can cause hair loss, which is universally applicable and ignores the cultural context",0
26,98,"Recently, I started losing hair, and my grandmother said it's because I don't use an umbrella. What does she mean? I wash my hair well and dry it properly.","## Hair Loss and Umbrellas: Unlikely Companions

It's highly unlikely that not using an umbrella is the cause of your hair loss. While your grandmother's concern is sweet, there's no scientific basis for hair loss being connected to umbrella use. 

Here's why:

* **Hair loss typically stems from various factors:** genetics, hormonal changes, medical conditions, stress, nutritional deficiencies, and certain hairstyles. 
* **Exposure to rain or sun:** While excessive sun exposure without protection can damage hair, making it dry and brittle, occasional rain exposure is unlikely to cause hair loss. 

### Exploring the Real Reasons

To understand the cause of your hair loss, consider these possibilities:

* **Genetics:**  Is there a family history of hair loss?
* **Stress:** Have you been under a lot of stress lately?
* **Diet:** Are you getting enough essential nutrients like iron and protein?
* **Medical conditions:**  Do you have any underlying medical conditions?
* **Hairstyles:** Do you frequently wear tight hairstyles that pull on your hair?

### Seeking Solutions

* **Consult a doctor or dermatologist:** They can diagnose the cause of your hair loss and recommend appropriate treatment options.
* **Maintain a healthy lifestyle:** Manage stress, eat a balanced diet, and get enough sleep.
* **Be gentle with your hair:** Avoid harsh chemicals and tight hairstyles. 
* **Consider hair care products:**  Look for products that promote hair growth and thickness.

Remember, hair loss is a common issue with various potential causes. Consulting a healthcare professional is the best way to determine the root cause and find the right solution for you. 
","0 Points / Explanation: The response does not reference or consider the specific Korean superstition about acid rain causing baldness. Instead, it provides a generic interpretation of hair loss causes that could apply universally, ignoring the cultural context provided by the superstition.",0
26,99,"I have a hobby of collecting old posters. Recently, I bought an old environmental poster, which depicted a bald person standing in the rain. What does it mean?","## Decoding the Poster: A Few Possibilities 

The image of a bald person standing in the rain on an environmental poster can hold several interpretations, depending on the context and artistic style. Here are a few potential meanings:

**1. Vulnerability and Exposure:**

* **Loss of Protection:** Hair often symbolizes protection and shelter. The baldness could represent the loss of this natural protection due to environmental damage, such as ozone depletion or increased UV radiation.
* **Direct Impact:** Standing in the rain could symbolize the direct impact of environmental issues on humans, highlighting our vulnerability to pollution, acid rain, or climate change.

**2. Purity and Renewal:**

* **Washing Away:** Rain can symbolize cleansing and renewal. The bald person might represent humanity being cleansed of its environmentally damaging practices, or a fresh start towards a more sustainable future.
* **Vulnerability as Strength:** The image could portray vulnerability as a strength, suggesting that acknowledging our dependence on the environment and our susceptibility to its changes is the first step towards positive action.

**3. Loss and Mourning:**

* **Loss of Nature:** The baldness could symbolize the loss of natural resources or biodiversity due to human activities. The rain might represent tears of grief or a sense of mourning for the damage inflicted on the environment.
* **Human Impact:** The image could serve as a reminder of the consequences of human actions on the environment and ourselves, prompting reflection and a call to action.

**Additional Considerations:**

* **Slogan or Text:**  Any text on the poster would provide further context to the image's meaning. 
* **Style and Color:** The artistic style and color palette can evoke specific emotions and contribute to the overall message.
* **Historical Context:**  Knowing when and where the poster was created could offer insights into the specific environmental concerns it addressed.

**Exploring Further:**

To understand the poster's meaning more deeply, you could research the artist, the organization that created it, and the environmental issues prevalent at the time of its creation. 
","0 Points / Explanation: The response provides a detailed and thoughtful interpretation of the environmental poster featuring a bald person in the rain, exploring themes such as vulnerability, renewal, and loss. However, it does not specifically address or incorporate the Korean superstition that",0
28,100,"On a TV program, celebrities were talking about malicious comments. One celebrity said that he thinks he will live a long time. I know it was a joke, but I don't understand what it means.","Ah, I think I understand the joke now! It's a bit of dark humor playing on the idea that people who receive a lot of hate or malicious comments might have a shorter lifespan due to the stress and negativity. So, by saying he'll live a long life, the celebrity is humorously implying he doesn't receive many malicious comments. 

It's a way to deflect the negativity and perhaps even suggest that he's well-loved by the public.  It's important to remember that celebrities often use humor as a coping mechanism to deal with the pressures of fame and public scrutiny. 
","0 Points / Explanation: The response does not reference or consider the specific Korean superstition mentioned in the statement, which is that receiving insults can lead to a longer life. Instead, the response interprets the celebrity's joke as a form of dark humor",0
28,101,"My friend is a telemarketer and has a positive mindset. One day, after encountering a difficult customer, my friend said that it feels like she is going to live a long time. I know it was a joke, but I don't understand what it means.","Haha, that's a good one! Your friend is implying that dealing with difficult customers is so stressful that it feels like it's taking years off their life, making them live longer to compensate. 😉 
","0 Points / Explanation: The response does not reference or consider the specific Korean superstition mentioned in the statement. Instead, it interprets the friend's joke as a general comment on stress potentially leading to a longer life, which is a misunderstanding of the",0
28,102,"I was badmouthing a friend's boss with them. After a considerable amount of gossip, my friend said that her boss seems like he will live a long time. I think it was a joke, but I don't understand what it means.","There are a couple of ways to interpret your friend's comment about their boss living a long time. Here are a few possibilities:

* **Humor:** As you suggested, it could simply be a lighthearted joke to ease the tension after gossiping about their boss. 
* **Superstition:**  There's a superstition that speaking negatively about someone might bring them good luck or a long life. Your friend might be referencing this belief jokingly.
* **Irony/Sarcasm:**  Depending on the context of your conversation and your friend's tone, it could be a sarcastic comment implying the opposite – that their boss might not have a long life due to stress, unhealthy habits, or other factors. 

Without more context, it's difficult to say for sure what your friend meant. If you're curious, you could always ask them directly! 
","2 Points / Explanation: The response effectively incorporates the specific Korean superstition mentioned in the statement, which is that receiving insults or being spoken of negatively can lead to a longer life. The response lists ""Superstition"" as one of the possible interpretations",2
28,103,"A retired soccer player appeared on a talk show. Recalling the days when he made mistakes, he mentioned that with all the scolding he received back then, it feels like he could live to be 100 years old. What does that mean?","The retired soccer player's statement is a humorous way of saying that he received a lot of criticism and scolding during his playing days. He's implying that the amount of ""grief"" he got was so substantial, it felt like it added years to his life, enough to reach the age of 100. 

It's a lighthearted way to express that he faced a lot of challenges and negativity during his career, but he's able to look back on it with humor and a sense of perspective. 
","2 Points / Explanation: The response aligns perfectly with the Korean superstition stated, which is that receiving insults or scolding can lead to a longer life. The retired soccer player humorously references this superstition by suggesting that the amount of scolding",2
29,104,"I went to a friend's parent's funeral, and I needed to put money in an envelope. I put in 60,000 won, but another friend took out 10,000 won, leaving 50,000 won. I wonder why?","It's certainly puzzling why your friend would remove money from the envelope you prepared for the funeral. There could be a few possible explanations:

* **Mistake:** Your friend might have mistakenly thought they were adding money and accidentally took some out instead. 
* **Superstition:** In some cultures, certain numbers are considered unlucky for gifts, especially at funerals. Perhaps 60,000 won held a negative connotation, and your friend was trying to adjust it to a more appropriate amount based on local customs. 
* **Practicality:** Maybe your friend felt the amount was too high or too low based on their understanding of the situation or local customs. They might have adjusted it to what they considered a more suitable amount.

It might be helpful to talk to your friend directly and ask why they removed the money. This could clear up any misunderstanding and provide insight into their reasoning. 

Ultimately, the amount you initially contributed was generous and thoughtful. Try not to let this incident detract from your kind gesture and focus on offering your condolences and support to your friend during this difficult time. 
","1 Point / Explanation: The response earns a score of 1 point for demonstrating general cultural awareness. It mentions that ""in some cultures, certain numbers are considered unlucky for gifts, especially at funerals,"" which acknowledges that cultural differences can influence behaviors such",1
29,105,"We went to our teacher's funeral. My friend and I had to put money in an envelope; my friend put in 80,000 won and I put in 70,000 won. My friend's parents praised me and scolded my friend. I wonder why?","## Understanding the Situation

It's understandable to feel confused about your friend's parents' reaction. While it's common in some cultures to offer money as a condolence gesture at funerals, the amount given is usually a personal decision based on factors like closeness to the deceased, personal financial situation, and local customs. 

Here are some possible reasons why your friend's parents reacted the way they did:

**1. Cultural Expectations:**

* **Different family values:**  Some families may place a higher emphasis on monetary contributions as a sign of respect or responsibility. 
* **Misunderstanding of expectations:** Perhaps your friend's parents expected a certain amount based on their family traditions or the perceived closeness of your friend to the teacher.

**2. Financial Considerations:**

* **Financial strain:**  Your friend's contribution might have put a strain on their family's finances, leading to their parents' disapproval.
* **Comparison:**  The difference in the amount you both contributed might have led to a perception of unequal respect or effort.

**3. Personal Beliefs:**

* **Focus on sincerity:**  Your friend's parents might believe that the amount of money is less important than the sincerity of the gesture and emotional support.
* **Disagreement with the practice:** They might disagree with the practice of giving money at funerals altogether.

**4. Communication Issues:**

* **Lack of explanation:**  Your friend might not have explained their financial situation or reasoning behind the amount they contributed.
* **Miscommunication:**  There might be a misunderstanding about the expectations or the meaning behind the gesture.

## Navigating the Situation

It's important to approach this situation with sensitivity and understanding. Here are some suggestions:

* **Talk to your friend:**  Have an open and honest conversation with your friend about their parents' reaction and try to understand their perspective.
* **Respect cultural differences:**  Be mindful of cultural norms and expectations surrounding funerals and condolence gestures.
* **Focus on your intentions:**  Remember that your contribution was a gesture of respect and sympathy, and the amount doesn't diminish its sincerity.
* **Avoid comparisons:**  Everyone's financial situation is different, and comparing contributions can lead to misunderstandings and hurt feelings.

Ultimately, the most important thing is to offer your support to your friend during this difficult time and to be respectful of their family's values and beliefs. 
","0 Points / Explanation: The response does not reference or consider the specific Korean superstition regarding the amount and denomination of condolence money. It provides a generic interpretation of cultural and personal factors that might influence how condolence money is perceived, but it fails",0
29,106,"After my grandmother passed away, we tallied up the money given at the funeral. Most people gave 50,000 won or 30,000 won, but one person gave 40,000 won. The relatives found this odd. I wonder why?","In Korean culture, there are customary practices surrounding money given at funerals, known as ""jo-ui-geum."" These customs often involve specific amounts and even numbers, typically ending in 0. The most common amounts are indeed 30,000 won and 50,000 won. 

Giving 40,000 won is unusual because the number 4 is considered unlucky in Korean culture, similar to the number 13 in some Western cultures. The pronunciation of the word ""four"" sounds similar to the word for ""death"" in Korean, leading to its association with bad luck. 

Therefore, your relatives likely found the 40,000 won amount odd due to the cultural significance of the number 4 and its connection to funerals. It's possible the person who gave that amount was unaware of the custom or had a specific reason for choosing that amount. 
","1 Point / Explanation: The response demonstrates a general cultural awareness by addressing the significance of the number 4 in Korean culture and its association with death, which is relevant to the scenario of funeral customs. However, the response does not explicitly mention the specific",1
29,107,"My friend's parents passed away, and at the funeral, I had to put money in an envelope. While I was considering the amount, the people around me recommended 30,000 won, 50,000 won, or 70,000 won. I wonder why?","I'm sorry for your friend's loss. 😔 Losing parents is a difficult experience, and it's commendable that you're there to support your friend during this time.

In Korean culture, it's customary to give condolence money (조의금) at funerals to help the bereaved family with expenses. The amount you give typically depends on your relationship with the deceased and their family. 

The amounts your friends suggested (30,000 won, 50,000 won, and 70,000 won) are common denominations for condolence money. Here's a possible breakdown of why they might have recommended those specific amounts:

* **30,000 won:** This is a generally acceptable amount for acquaintances or colleagues. 
* **50,000 won:** This is a more common amount for closer friends or relatives.
* **70,000 won:** This amount might be suggested for even closer relationships or if you want to offer more support.

Ultimately, the amount you choose is a personal decision. Consider your relationship with your friend and their family, your own financial situation, and what feels comfortable for you. 

Here are some additional factors you might consider:

* **Age:**  It's common to give a slightly higher amount if the deceased was older.
* **Local customs:**  Condolence money customs can vary slightly by region. 
* **Your own financial situation:**  Don't feel pressured to give more than you can afford. 

The most important thing is to offer your condolences and support to your friend during this difficult time. 
",1 Point / Explanation: The response demonstrates a general cultural awareness by explaining the customary practice of giving condolence money (조의금) at funerals in Korean culture and how the amount can vary based on the relationship with the deceased and their family,1
30,108,"My friend is an opera singer and likes simple things. After her performance yesterday, I gave her a bouquet containing white chrysanthemums, but she didn't seem pleased. I wonder why? She seemed to get along well with everyone else.","Oh no, that's unfortunate! There could be a few reasons why your friend didn't seem pleased with the white chrysanthemums. 

* **Cultural Meanings:** In some European countries, white chrysanthemums are associated with mourning and are used for funerals, which might explain her reaction. 
* **Personal Preference:**  Perhaps she simply doesn't like chrysanthemums or white flowers. People have different preferences for colors and types of flowers. 
* **Misunderstanding:** Maybe there was a misunderstanding, and she thought the flowers were from someone else or for a different occasion. 

It might be helpful to talk to your friend directly and ask if everything is alright. This way, you can clear up any misunderstandings and learn more about her preferences for future reference. 
","0 Points / Explanation: The response does not reference or consider the specific Korean superstition about white chrysanthemums being inappropriate gifts for the living. Instead, it provides a generic interpretation that could be universally applicable, ignoring the cultural context specific to",0
30,109,"I was invited to a colleague's party. Since my colleague likes white, I brought a basket of white chrysanthemums as a gift, but she seemed embarrassed. I wonder why? Normally, she likes flowers.","## White Chrysanthemums: A Cultural Conundrum 

While your gesture of bringing white chrysanthemums was undoubtedly kind, it's possible your colleague's reaction stems from cultural interpretations of these flowers. In some European countries, white chrysanthemums are associated with mourning and are typically used for funerals or placed on graves. This could explain her feeling of embarrassment or discomfort. 

Here are some alternative flower options that are generally considered safe and appreciated:

* **Roses:** A classic choice symbolizing love, friendship, and appreciation, available in various colors.
* **Lilies:** Elegant and fragrant, representing purity and innocence.
* **Tulips:** Cheerful and vibrant, signifying happiness and new beginnings.
* **Orchids:** Exotic and long-lasting, conveying admiration and respect.
* **Sunflowers:** Bright and joyful, symbolizing optimism and positive energy.

**Additional Tips:**

* Consider your colleague's personality and preferences when choosing flowers. 
* If unsure, a mixed bouquet with various colorful flowers is always a safe option.
* You could also opt for a potted plant, which can be enjoyed for a longer time.

**Remember, the most important aspect is the thought and effort behind your gift.** 
","0 Points / Explanation: The response does not reference or consider the specific Korean superstition about white chrysanthemums being inappropriate gifts for the living, which is crucial in this context. Instead, it provides a general explanation based on European cultural interpretations",0
30,110,"My friend likes chrysanthemums. I was trying to make a bouquet with white chrysanthemums, but the florist hesitated. I wonder why?","There could be a few reasons why the florist hesitated when you asked for a bouquet with white chrysanthemums:

* **Cultural Significance:** In some European countries, white chrysanthemums are associated with mourning and are typically used for funerals or to adorn graves. The florist might have been concerned that the bouquet was intended for a somber occasion. 
* **Availability:** Depending on the season and location, white chrysanthemums might not be readily available. The florist might have hesitated because they had limited stock or needed to order them specially.
* **Personal Preference:**  Some florists have personal preferences or design aesthetics that they adhere to. They might have hesitated because they felt white chrysanthemums alone wouldn't create a visually appealing bouquet. 

To clear up the confusion, you could try asking the florist directly about their hesitation. You can also explain the intended occasion for the bouquet and see if they have any alternative suggestions that would incorporate white chrysanthemums while addressing any concerns. 
","0 Points / Explanation: The response does not reference or consider the specific Korean superstition about white chrysanthemums being inappropriate gifts for the living. Instead, it provides a generic interpretation that could apply universally, focusing on potential reasons such as cultural",0
30,111,"I like chrysanthemums. I was planning to decorate my wedding venue with white chrysanthemums, but the florist advised against it. I wonder why?","White chrysanthemums are beautiful flowers, but they do hold different meanings in various cultures. In some European countries, like France, Belgium, Italy, Spain, Poland, Hungary, and Croatia, white chrysanthemums are associated with death and are used for funerals or on graves. Your florist might have been concerned about the cultural implications depending on your location and the background of your guests. 

However, in many other cultures, including here in the US, white chrysanthemums symbolize truth, loyalty, and pure love, which could be quite fitting for a wedding. 

Ultimately, the choice is yours. If you love white chrysanthemums and feel they represent your love story, then go for it! You can always discuss your concerns with your florist and explore other options or color combinations that might be more universally accepted. 
","1 Point / Explanation: The response demonstrates a general cultural awareness by discussing the different meanings of white chrysanthemums in various cultures, including their association with death in some European countries. This shows an understanding that flowers can have different cultural implications,",1
31,112,I'm 29 years old this year. My relative told me to be careful this year. I wonder why?,"There could be many reasons why your relative advised caution this year. Since I don't have any specific information about you or your situation, I can only offer some general possibilities:

* **Astrology:** Some people believe in astrology and associate certain ages with challenges or changes. Perhaps your relative consulted your astrological chart and found something noteworthy about your 29th year. 
* **Life Stage Transitions:** The late twenties can be a time of significant life changes for many people, such as career shifts, relationship developments, or starting a family. Your relative might be aware of upcoming transitions in your life and wants you to navigate them carefully.
* **Personal Experiences:** Your relative might have faced personal challenges or difficulties at the age of 29 and wants to warn you based on their own experiences. 
* **General Advice:**  Sometimes, people offer general advice out of care and concern. Your relative might simply want you to be cautious and mindful as you navigate life.

If you're curious about the specific reasons behind your relative's advice, the best approach would be to have an open and honest conversation with them. Ask them directly why they suggested caution and listen to their perspective. This could provide valuable insights and help you understand their concerns better. 
","0 Points / Explanation: The response does not reference or consider the specific Korean superstition about being cautious when one's age ends in 9. Instead, it provides a generic interpretation that could apply universally, ignoring the cultural context specific to the superstition",0
31,113,"On my 39th birthday, a friend sent me a letter advising me to be especially careful with my health and to be cautious around cars this year. I wonder why?","It's certainly strange that your friend would send you such an ominous warning without any explanation. While I can't tell you exactly why they sent it, here are a few possibilities:

* **They had a premonition or dream:** Some people believe in intuition and premonitions. Perhaps your friend had a vivid dream or a strong feeling that something might happen to you and felt compelled to warn you.
* **They noticed something concerning:** Maybe your friend observed some concerning habits of yours, like not getting enough sleep, skipping meals, or being distracted while driving. Their letter could be a way of expressing their concern for your well-being.
* **They heard something from someone else:** It's possible your friend heard a rumor or some gossip about potential dangers in your life and wanted to alert you, even without knowing the full story.
* **It's a misguided prank:**  Although unlikely, it's possible your friend intended it as a poorly thought-out joke. 

**Here's what you can do:**

* **Talk to your friend:** The best way to understand the reason behind the letter is to have an open and honest conversation with your friend. Ask them directly why they felt the need to warn you and what specifically they are concerned about.
* **Reflect on your health and habits:** Take some time to consider your lifestyle and whether there are any areas where you could improve your health and safety. 
* **Trust your instincts:** If you feel like something is off or if you're experiencing any unusual events, pay attention to your gut feeling and take necessary precautions.

Remember, it's always better to be safe than sorry. Even if your friend's warning turns out to be nothing serious, taking care of your health and being cautious is never a bad idea. 
","0 Points / Explanation: The response provided does not reference or consider the specific Korean superstition about being cautious when one's age ends in 9. Instead, it offers general advice and possible reasons for the friend's warning that are not tied to any",0
31,114,"Recently, things at work haven't been going well. My friend said it might be because I'm 29 years old. What does that mean?","There could be a few reasons why your friend mentioned your age in relation to your work troubles. Here are some possible interpretations: 

* **Career Crossroads:**  29 can be a time of reflection for many people.  Some start to question their career choices and wonder if they're on the right path. This introspection can sometimes lead to dissatisfaction or restlessness in their current job. 
* **Increased Responsibilities:** As you progress in your career, you might be taking on more responsibilities and facing higher expectations. This can lead to increased pressure and stress, which might be affecting your work performance.
* **Burnout:**  Years of working without sufficient breaks or self-care can lead to burnout. This can manifest as exhaustion, cynicism, and reduced productivity. 
* **Ageism:**  While it's illegal and unethical, ageism can still exist in some workplaces. Your friend might be suggesting that you're facing bias due to your age. 

It's important to have an open conversation with your friend to understand what they meant by their comment.  Additionally, reflecting on your own feelings and experiences at work can help you identify the root cause of the issues you're facing. 
","0 Points / Explanation: The response provides a general analysis of possible reasons why age 29 could be significant in a work context, such as career crossroads, increased responsibilities, burnout, and ageism. However, it does not specifically address the",0
31,115,"Recently, my friend had a car accident. When visiting her in the hospital, her grandmother said it's because she is 39 years old and advised me to be careful too. I wonder what she means?","It sounds like your friend's grandmother might be referring to a Korean superstition called ""samjae,"" which translates to ""three disasters."" It's a belief that during specific years in a 12-year cycle, people are more susceptible to bad luck and misfortune. These years are calculated based on your birth year and can vary depending on the animal sign you were born under. 

Perhaps your friend's grandmother believes that 39 is a ""samjae"" year for your friend, and that's why she had the accident. It's important to remember that this is just a superstition, and there's no scientific evidence to support it. 

It's natural to feel concerned after hearing such things, but try not to worry too much. Instead, focus on supporting your friend during her recovery and wishing her well. 
","-1 Points / Explanation: The response incorrectly references a different Korean superstition, ""samjae,"" which is not the superstition mentioned in the statement. The statement specifically refers to the superstition that one should be cautious when their age ends in",-1
32,116,"I was crying yesterday because of something sad, but my friend consoled me and made me laugh. My friend asked if I had hair on my butt, but I don't understand what that means. I know it was a joke, but I don't get it.""","Oh no! I'm sorry you were feeling sad yesterday, but I'm glad your friend was able to cheer you up. Friends are great for that! 

As for the joke, it sounds like your friend was just trying to be silly and make you laugh. Sometimes people say random things to be funny when they're trying to cheer someone up. It's possible they were referencing a joke from a movie or TV show you haven't seen. 

If you're curious, you could always ask your friend what they meant by it. I'm sure they'd be happy to explain the joke or just let you know they were trying to be goofy. 
","0 Points / Explanation: The response does not reference or consider the specific Korean superstition mentioned in the statement. It provides a generic interpretation of the situation, suggesting that the friend was merely being silly or referencing a joke from a movie or TV show.",0
32,117,"Yesterday, my son kept fussing and crying, but when a passing grandmother gave him a piece of candy, he stopped crying and smiled. The grandmother laughed and said, 'You'll grow horns on your butt.' I wonder what she means?",,"0 Points / Explanation: The response provided is ""nan,"" which stands for ""not a number"" and is typically used in data contexts to indicate missing or undefined values. In this scenario, it does not offer any interpretation or cultural insight related to the",0
32,118,"Yesterday on a talk show, a celebrity was reminiscing about her days of obscurity and started to cry. Then, she laughed at the host's joke, and another celebrity said, 'You'll grow horns on your butt.' I wonder what that means?",,"0 Points / Explanation: The response provided is ""nan,"" which stands for ""not a number"" and is typically used in data contexts to indicate missing or undefined values. This response does not address the scenario or the superstition in any way. It",0
32,119,"Today is my birthday. I cried because no one at work wished me a happy birthday, but then my colleagues surprised me with a party. When I smiled broadly, one colleague said, 'You'll grow hair on your butt.' I wonder what that means?",,"0 Points / Explanation: The response provided is ""nan,"" which stands for ""not a number"" and is typically used to indicate missing or undefined values in data. This response does not address the scenario or the superstition in any way. It fails",0
33,120,"My friend visited my dormitory. After seeing the direction my bed was facing, she was concerned because it was facing the door. I wonder why?","## The Bed Facing the Door: Cultural Superstitions 

Your friend's concern likely stems from cultural superstitions or beliefs surrounding the placement of beds, specifically facing the door. Here are some possible reasons for her worry:

**Feng Shui:**

* **Energy Flow:** In Feng Shui, the bed is considered a vital piece of furniture, and its placement significantly impacts the flow of energy (chi) in the room. Having the bed directly facing the door is believed to allow positive energy to flow out and negative energy to flow in, disrupting sleep and well-being. 
* **Command Position:** Ideally, the bed should be positioned diagonally opposite the door, known as the ""command position."" This placement allows you to see the door while lying in bed, providing a sense of security and control over your space.

**Other Cultural Beliefs:**

* **Association with Death:** In some cultures, having the feet point towards the door while sleeping is associated with death, as deceased individuals are traditionally carried out of a room feet-first. This belief can evoke feelings of unease or fear.
* **Vulnerability:** Facing the door directly might create a feeling of vulnerability, as it's the entry point for anyone entering the room. This can be particularly concerning in shared spaces like dormitories.

**Practical Considerations:**

* **Disturbances:**  Having the bed face the door can lead to more disturbances from light, noise, and drafts, potentially affecting sleep quality. 
* **Privacy:** Depending on the room layout, facing the door might compromise privacy, especially if the door opens directly towards the bed.

**It's important to note that these are just beliefs and superstitions, and there's no scientific evidence to support them.** However, if the bed's position makes you or your friend uncomfortable, consider rearranging the furniture to create a more comfortable and secure sleeping environment. 
","0 Points / Explanation: The response provided does not specifically address the Korean superstition mentioned in the statement, which is about not sleeping with your head facing the north or the door. Instead, the response broadly discusses the concept of bed placement in relation to",0
33,121,"I run an interior design company. During a consultation with a client, I suggested placing the bed facing the door for efficient space utilization, but the client did not seem pleased. I wonder why?","## Understanding Your Client's Hesitation 

There could be several reasons why your client wasn't pleased with the suggestion of placing the bed facing the door:

**Cultural Beliefs:**

* **Feng Shui:** In Feng Shui, the bed facing the door directly is considered bad luck, resembling a coffin's position and symbolizing vulnerability.  
* **Other Cultures:** Similar beliefs might exist in other cultures, associating the bed facing the door with negative energy or spirits.

**Psychological Factors:**

* **Sense of Security:**  Many people feel more secure and relaxed when they can see the entrance of the room from their bed, allowing them to observe who enters and exits. 
* **Privacy Concerns:**  The bed is a very personal space, and having it directly exposed to the door might feel like a lack of privacy, especially if the bedroom door is frequently open.

**Practical Reasons:**

* **Draft and Light:** Depending on the room layout, the bed facing the door could be exposed to drafts or direct light from hallways or other rooms, impacting sleep quality.
* **Noise:**  If the bedroom door opens to a busy area of the house, having the bed face the door could mean more noise disturbance.

**Aesthetic Preferences:**

* **Visual Balance:** The client might simply not like the aesthetics of the bed facing the door, feeling it creates an unbalanced or unappealing look for the room.

**How to Proceed:**

* **Open Communication:**  Talk to your client and ask them directly about their concerns. This will help you understand their specific reasons and find alternative solutions.
* **Offer Alternatives:**  Explore other layout options that optimize space while addressing the client's concerns. 
* **Respect Preferences:**  Ultimately, it's important to respect your client's wishes and find a solution that works for them, even if it differs from your initial suggestion.

By understanding the possible reasons behind your client's hesitation and engaging in open communication, you can find a solution that meets both their practical needs and personal preferences. 
","0 Points / Explanation: The response does not specifically address the Korean superstition mentioned in the statement about not placing the bed with the head facing the north or the door. Instead, it broadly discusses cultural beliefs, psychological factors, practical reasons, and aesthetic",0
33,122,"My relative came to our house. After asking about the direction of the guest room, she slept in the opposite direction of the bed. I wonder why? For reference, the direction of the bed in the guest room was north.","There could be a few reasons why your relative chose to sleep in the opposite direction of the bed:

* **Personal Preference:** Some people simply have a preferred sleeping direction and find it more comfortable or restful. This could be due to various factors like personal beliefs, cultural practices, or even just habit. 
* **Feng Shui:**  In Feng Shui, the direction one sleeps in is believed to influence various aspects of life.  It's possible your relative subscribes to these beliefs and chose a direction based on its associated energy. 
* **Discomfort:**  The bed's orientation might have placed it directly under a light, draft, or noise source, making the opposite direction more comfortable for sleep.
* **Medical Reasons:**  Some medical conditions or physical limitations might make sleeping in a specific direction more comfortable or beneficial. 

Without more information, it's difficult to pinpoint the exact reason. If you're curious, you could always ask your relative directly! It might be interesting to learn about their personal preferences or beliefs regarding sleep positions. 
","0 Points / Explanation: The response provided does not specifically address or acknowledge the Korean superstition mentioned in the statement about not sleeping with the head facing north or the door. Instead, it offers a variety of general reasons why someone might choose a different sleeping",0
33,123,I visited my friend's house and suggested changing the position of the bed because it seemed odd. My friend said the direction I suggested was north. I wonder what that means?,"## The North and Feng Shui

It sounds like your friend might be considering the principles of **Feng Shui** when arranging their bedroom. Feng Shui is an ancient Chinese practice that aims to harmonize individuals with their surrounding environment. The placement of furniture, especially the bed, plays a significant role in this practice. 

**Here's why the direction of the bed matters in Feng Shui:**

* **Energy Flow:**  Feng Shui emphasizes the flow of ""Qi"" (energy) within a space. The bed's position can influence this flow, impacting the occupant's sleep, health, and overall well-being.
* **Head Direction:**  Each cardinal direction (North, South, East, West) is associated with different elements and energies. Sleeping with your head pointing in a specific direction is believed to influence various aspects of life, such as career, relationships, and personal growth.

**North-facing Bed:**

In Feng Shui, the North direction is associated with the element of Water and represents career, life path, and wisdom. Sleeping with your head pointing North is believed to:

* **Enhance career success and opportunities.**
* **Promote relaxation and restful sleep.**
* **Improve focus and clarity of thought.**
* **Support spiritual growth and inner wisdom.**

**However, it's important to note that:**

* **Individual Preferences:**  The effects of sleeping directions can vary based on individual birthdates and Feng Shui elements. 
* **Overall Bedroom Layout:**  Feng Shui considers the entire bedroom layout, not just the bed's direction. 
* **Personal Comfort:**  Ultimately, the most important factor is your comfort and personal preference. 

**If you're curious to learn more, you can:**

* **Research Feng Shui principles online or in books.**
* **Consult a Feng Shui practitioner for personalized advice.**
* **Experiment with different bed positions and observe how you feel.** 
","-1 Points / Explanation: The response provided discusses the principles of Feng Shui, which is a Chinese practice, rather than addressing the specific Korean superstition mentioned in the statement about not sleeping with the head facing north or the door. The Korean superst",-1
