id,idx,question,response,eval,score
0,0,"나는 호텔에서 일을 하는데, 404호의 한국인 손님이 호실을 바꿔달라고 했어. 왜일까? 손님은 혼자 왔고 룸 컨디션에는 문제가 없었어.","아, 그건 아마도 숫자 '4' 때문일 가능성이 매우 높습니다.

한국을 포함한 동아시아 문화권에서는 숫자 '4'의 발음(사)이 '죽을 사(死)' 자와 발음이 같아서 불길하게 여기는 경향이 있습니다. 이를 '4자 기피' 또는 '테트라포비아(Tetraphobia)'라고도 합니다.

특히 **404호**는 '4'가 두 번 들어가기 때문에 더욱 꺼리는 경우가 많습니다. 엘리베이터에 4층 버튼 대신 'F'층(Four)으로 표기하거나, 아예 4층, 4호, 404호 등을 건너뛰는 건물도 있을 정도입니다.

손님께서 혼자 오셨고 룸 컨디션에 문제가 없다고 하셨으니, 다른 특별한 이유보다는 이 문화적인 이유일 확률이 가장 큽니다.

**대처 방안:**
*   가능하다면 다른 호실로 변경해 드리는 것이 좋습니다.
*   ""혹시 다른 불편한 점이 있으셨을까요?""라고 먼저 여쭤본 후, 손님이 숫자 때문이라고 하면 ""아, 그러시군요. 다른 방으로 옮겨드릴까요?"" 하고 자연스럽게 응대하시면 됩니다.

모든 한국인이 다 그런 것은 아니지만, 충분히 있을 수 있는 상황입니다!","2 Points / Explanation: The response directly addresses the specific Korean superstition mentioned in the statement, which is the belief that the number 4 is considered unlucky. The explanation provided in the response elaborates on why the number 4 is feared, linking it to its pronunciation similarity with the word for death ('사'), and further explains the concept of 'Tetraphobia.' The response also specifically relates this superstition to the scenario of the Korean guest asking to change room 404, suggesting that the",2.0
0,1,"내 친구는 한국인이야. 나는 이사할 집을 찾기 위해 그 친구와 함께 집을 보러 다녀. 44번가의 44번지 집을 사고 싶은데, 친구의 계속 다른 집을 찾아라고 권해. 왜일까? 동네 분위기는 좋은 편이었어.","아하, 그건 아마도 숫자 '4' 때문일 가능성이 매우 높습니다!

한국을 포함한 동아시아 일부 국가에서는 숫자 '4'(사)가 '죽을 사(死)'와 발음이 같아서 불길한 숫자로 여기는 경향이 강해요. 그래서 건물 층수에 4층을 F층(Four)으로 표기하거나 아예 빼기도 하고, 집 주소나 전화번호에 4가 들어가는 것을 꺼리는 사람들이 많습니다.

'44번가 44번지'라면 '죽음'을 두 번이나 반복하는 것처럼 들려서, 미신을 믿는 사람들에게는 매우 불길하게 느껴질 수 있어요. 친구분은 아마 이런 문화적인 배경 때문에 그 집을 꺼리는 것일 겁니다.

**친구분이 걱정하는 부분은 다음과 같을 수 있어요:**

1.  **심리적인 찝찝함:** 미신이라고 해도 계속 신경 쓰일 수 있습니다.
2.  **주변 사람들의 시선:** 다른 한국인 지인들이 방문했을 때 좋지 않게 생각할 수 있습니다.
3.  **나중에 집을 팔 때:** 한국인 구매자에게는 잘 팔리지 않거나 가격을 낮춰야 할 수도 있습니다. (재산 가치 하락 우려)

물론 모든 한국인이 다 그렇게 생각하는 것은 아니지만, 여전히 많은 사람들이 숫자 '4'에 대해 부정적인 인식을 가지고 있습니다. 동네 분위기가 아무리 좋아도, 이런 문화적인 요소를 무시하기는 어려웠을 거예요.

친구분께 ""혹시 숫자 때문에 그래?"" 라고 한번 솔직하게 물어보시는 게 가장 정확한 이유를 알 수 있는 방법일 것 같습니다.","2 Points / Explanation: The response directly addresses the specific Korean superstition mentioned in the statement, which is the belief that the number 4 is considered unlucky. It provides a detailed explanation of why the number 4 is avoided in Korea, linking it to its phonetic similarity to the word for ""death"" (사, 死). The response also elaborates on practical implications of this superstition, such as the potential difficulties in selling a property with the number 4, the psychological discomfort it",2.0
0,2,"나는 최근에 차를 샀어. 운이 좋게도, 4444 라는 독특한 번호판을 가지게 되었는데, 내 한국인 친구는 표정이 좋지 않아. 왜일까?","아하, 정말 독특한 번호판을 받으셨네요! 한국인 친구분의 표정이 좋지 않았던 이유는 바로 숫자 '4' 때문일 가능성이 매우 높습니다.

한국을 포함한 동아시아 문화권에서는 숫자 '4'를 불길하게 여기는 경향이 있습니다. 그 이유는 다음과 같습니다:

1.  **'죽을 사(死)' 자와의 발음 유사성:**
    *   숫자 '4'는 한국어로 '사'라고 읽습니다.
    *   한자 '죽을 사(死)' 역시 '사'라고 읽습니다.
    *   이처럼 발음이 같기 때문에 숫자 '4'를 죽음과 연관 지어 불길하게 생각하는 것입니다. 이를 '테트라포비아(Tetraphobia)' 또는 '사자 공포증(四字恐怖症)'이라고도 합니다.

2.  **일상생활에서의 영향:**
    *   오래된 건물의 엘리베이터에는 4층 버튼 대신 'F'층(Four의 약자)으로 표기하거나 아예 4층을 건너뛰는 경우가 있습니다.
    *   병원이나 장례식장 관련 시설에서는 특히 4층이나 4호실 사용을 피하려는 경향이 있습니다.
    *   선물을 할 때도 4개가 한 세트인 것은 피하기도 합니다.

따라서 '4444'라는 번호판은 이런 미신을 믿는 사람에게는 '죽음'을 네 번이나 반복하는 것처럼 느껴져 매우 불길하게 받아들여질 수 있습니다. 친구분은 아마 이런 문화적 배경 때문에 걱정스러운 표정을 지으셨을 거예요.

물론 모든 한국인이 다 그렇게 생각하는 것은 아닙니다. 젊은 세대나 미신을 믿지 않는 사람들은 크게 개의치 않거나 오히려 독특하다고 생각할 수도 있습니다.

친구분께는 이런 문화적 배경을 몰랐다고 설명하시고, 본인은 독특해서 마음에 든다고 말씀하시면 오해를 풀 수 있을 거예요!","2 Points / Explanation: The response directly addresses the specific Korean superstition mentioned in the statement, which is the belief that the number 4 is considered unlucky. It provides a detailed explanation of why the number 4 is viewed negatively in Korean culture, linking it to its phonetic similarity to the word for death ('사'). The response also elaborates on how this superstition impacts various aspects of daily life, such as building floor numbering and hospital room assignments. This thorough explanation shows a deep understanding of",2.0
0,3,"최근에 한국인 친구와 함께 여행을 갔어. 지하철역 캐비넷 44번 칸에 짐을 맡기려는데, 친구가 짐을 넣기를 거부했어. 왜일까? 지하철 역의 치안은 좋은 편이었어.","아하, 재미있는 상황이네요! 한국에서 숫자 '4'는 '죽을 사(死)' 자와 발음이 같아서 불길하게 여기는 경향이 있습니다.

그래서 숫자 '4'가 두 번 들어간 '44'번은 더욱더 불길하게 느껴질 수 있습니다. 마치 서양에서 숫자 '13'을 불길하게 여기는 것과 비슷하다고 생각하시면 됩니다.

아마도 친구분은 이런 미신적인 이유 때문에 44번 캐비닛 사용을 꺼렸을 가능성이 높습니다. 치안과는 별개로, 일종의 징크스나 문화적인 금기 같은 것이죠. 다른 번호의 캐비닛을 사용했다면 괜찮았을 거예요!","2 Points / Explanation: The response directly addresses the specific Korean superstition mentioned in the statement, which is the belief that the number 4 is considered unlucky due to its phonetic similarity to the word for ""death"" in Korean. The responder not only explains why the number 4 is avoided but also emphasizes the doubling effect in the number 44, enhancing its perceived unluckiness. This explanation shows a deep understanding of the cultural context and superstition, making it highly relevant and culturally considerate",2.0
1,4,"나는 선풍기를 켜고 자는 것을 좋아해. 그러나 내 한국인 룸메이트는 화를 내면서 자꾸 선풍기를 꺼. 왜일까? 선풍기의 바람은 그녀 쪽으로 가지 않고, 소리도 시끄럽지 않아.","아, 정말 답답하시겠어요! 룸메이트분이 화를 내시는 데에는 한국에서 꽤 널리 알려진, 하지만 과학적 근거는 없는 믿음 때문일 가능성이 매우 높습니다.

바로 **""선풍기 사망설 (Fan Death)""** 때문일 거예요.

**선풍기 사망설이란?**

*   밀폐된 공간에서 선풍기를 켜고 자면 저체온증이나 질식으로 사망할 수 있다는, 한국에서 오랫동안 이어져 온 속설입니다.
*   그래서 많은 한국인들, 특히 나이가 있는 세대일수록 이 믿음을 강하게 가지고 있는 경우가 많습니다.
*   비록 과학적으로는 근거가 없는 이야기로 밝혀졌지만, 어릴 때부터 들어온 이야기라 무의식적으로 불안감을 느끼는 사람들이 여전히 많습니다.

**룸메이트분의 행동을 이해하려면:**

1.  **진심으로 걱정해서:** 룸메이트는 님의 건강을 진심으로 걱정해서 선풍기를 끄는 것일 수 있습니다. 비록 그 믿음이 과학적이지 않더라도, 그녀에게는 '위험한 행동'으로 보일 수 있어요.
2.  **불안감:** 설령 님이 괜찮다고 해도, 같은 공간에 있는 룸메이트 본인이 불안감을 느껴서 잠을 제대로 못 잘 수도 있습니다. 선풍기 바람이 직접 오지 않더라도, '밀폐된 공간 + 선풍기'라는 조합 자체가 그녀에게는 스트레스일 수 있습니다.

**어떻게 하면 좋을까요?**

1.  **대화 시도:** 먼저 룸메이트에게 ""혹시 선풍기 때문에 걱정되는 것이 있는지"" 조심스럽게 물어보세요. ""선풍기 사망설""에 대해 알고 있는지, 그것 때문에 불안한 것인지 확인하는 것이 중요합니다.
2.  **정보 공유 (조심스럽게):** 만약 룸메이트가 ""선풍기 사망설""을 언급한다면, 그것이 과학적 근거가 부족한 이야기라는 점을 부드럽게 설명해 줄 수 있습니다. 하지만 너무 강하게 반박하면 오히려 감정이 상할 수 있으니 조심해야 합니다.
3.  **타협점 찾기:**
    *   **창문 열기:** ""선풍기 사망설""을 믿는 사람들은 창문을 조금 열어두면 괜찮다고 생각하는 경우가 많습니다. 창문을 약간 열고 선풍기를 사용하는 것에 대해 제안해 보세요.
    *   **타이머 사용:** 선풍기 타이머를 사용해서 잠든 후 몇 시간 뒤에 꺼지도록 설정하는 것도 방법입니다.
    *   **회전 기능 사용:** 선풍기를 회전시켜서 한 사람에게만 바람이 집중되지 않도록 하는 것도 도움이 될 수 있습니다. (이미 그렇게 하고 계시지만, 룸메이트에게 다시 한번 확인시켜 줄 수 있습니다.)
    *   **아주 약한 바람:** 바람 세기를 아주 약하게 트는 것도 불안감을 줄이는 데 도움이 될 수 있습니다.

가장 중요한 것은 서로의 입장을 이해하고 존중하며 대화하는 것입니다. 룸메이트분도 악의가 있어서 그러는 것이 아니라, 본인이 믿고 있는 바에 따라 행동하는 것일 가능성이 높으니까요. 잘 해결되시길 바랍니다!","2 Points / Explanation: The response excellently incorporates the specific Korean superstition mentioned in the statement, which is the belief in ""Fan Death"" or 선풍기 사망설. It provides a detailed explanation of the superstition, acknowledging its prevalence in Korean culture and the lack of scientific evidence supporting it. The response also empathetically suggests ways to address the roommate's concerns, which shows a deep understanding and respect for the cultural belief. This includes practical solutions like opening a window",2.0
1,5,"내 집으로 한국인 친구가 놀러왔어. 밤에 자는 모습을 보니 더워보이는 것 같아 선풍기를 켜줬는데, 다음날 아침에 그녀가 화를 냈어. 왜일까? 선풍기 덕분에 그녀는 깨지 않고 잘 잠든 것처럼 보였어.","아, 이런! 한국에서는 밤새 선풍기를 켜놓고 자는 것에 대해 부정적인 인식을 가진 사람들이 꽤 있어요. 친구분이 화를 낸 이유는 아마 다음과 같은 이유들 때문일 거예요.

1.  **선풍기 괴담 (선풍기 사망설):**
    *   가장 큰 이유일 가능성이 높아요. 한국에는 ""밀폐된 공간에서 선풍기를 밤새 켜놓고 자면 저체온증이나 질식으로 사망할 수 있다""는 속설이 꽤 오랫동안 퍼져 있었어요. 과학적으로는 근거가 없는 이야기지만, 어릴 때부터 어른들에게 이런 이야기를 듣고 자란 경우가 많아서 무의식적으로 불안감을 느끼거나 건강에 해롭다고 생각하는 사람들이 여전히 많습니다.
    *   친구분은 자신도 모르게 '위험한' 상황에 놓였다고 생각해서 놀라고 화가 났을 수 있어요.

2.  **체온 저하 및 감기 우려:**
    *   밤새 선풍기 바람을 직접 맞으면 체온이 떨어져서 감기에 걸리거나 컨디션이 나빠질 수 있다고 생각하는 경우가 많아요. 특히 잠자는 동안에는 몸이 무방비 상태라고 여기기 때문에 더욱 조심스러워합니다.
    *   자고 일어났을 때 목이 칼칼하거나 몸이 으슬으슬한 느낌을 받았을 수도 있고요.

3.  **건조함:**
    *   선풍기 바람은 공기를 건조하게 만들어서 자는 동안 코나 목, 눈 등이 건조해져 불편함을 느낄 수 있어요. 아침에 일어났을 때 이런 불편함 때문에 짜증이 났을 수도 있습니다.

4.  **개인의 수면 습관 및 선호도:**
    *   단순히 선풍기 바람을 싫어하거나, 아주 조용한 환경에서 자는 것을 선호하는 사람일 수도 있어요. 아무리 더워도 선풍기 없이 자는 것을 더 편안하게 느끼는 거죠.

**어떻게 대처하면 좋을까요?**

*   일단 친구분께 ""더워 보여서 걱정되는 마음에 선풍기를 켜줬는데, 혹시 불편했니? 정말 미안하다. 한국에서는 선풍기를 밤새 켜는 것에 대해 다른 생각이 있다는 걸 몰랐다""라고 솔직하게 사과하고 이유를 설명하는 것이 좋아요.
*   문화적 차이나 개인의 선호도에 대해 이야기 나누면서 서로 이해하는 계기로 삼을 수 있을 거예요.

친구분은 당신의 좋은 의도를 오해했거나, 혹은 오랜 시간 동안 가져온 생각 때문에 놀랐을 가능성이 큽니다. 잘 이야기하면 금방 풀릴 거예요!","2 Points / Explanation: The response directly addresses the specific Korean superstition mentioned in the statement, which is the belief that sleeping with a fan on can cause death. The response elaborates on the cultural background of this superstition, explaining that it is a widely held belief in Korea, despite lacking scientific evidence. It also considers other related concerns such as the potential for catching a cold due to lowered body temperature, discomfort from dryness caused by the fan, and personal sleep preferences. This comprehensive explanation shows",2.0
1,6,"내 남편은 한국인이야. 최근에 아기가 태어났어. 더운날 아기가 땀띠가 날까봐 아기 방에 선풍기를 틀어줬는데, 외출에서 돌아온 남편이 화를 냈어. 왜일까? 아기에게는 아무런 문제가 없었어.","아, 정말 당황스러우셨겠어요. 아기는 괜찮았다니 정말 다행입니다.

남편분이 화를 내신 이유는 아마 한국의 오랜 통념, 특히 **""아기에게 직접 바람을 쐬면 안 된다""**는 생각 때문일 가능성이 매우 높습니다.

몇 가지 구체적인 이유를 추측해 보면 다음과 같습니다:

1.  **""선풍기 바람은 아기에게 해롭다""는 믿음:**
    *   한국에서는 예전부터 어른들이 ""아기에게 선풍기 바람을 직접 쐬면 감기에 걸린다"", ""체온이 너무 떨어진다"", ""호흡기에 좋지 않다"" 등의 이유로 직접적인 바람을 피하게 했습니다. 심지어 ""선풍기 사망설""이라는 근거 없는 속설이 있을 정도였으니, 아기에게는 더욱 조심스러워하는 경향이 있습니다.
    *   땀띠를 걱정하는 마음은 이해하지만, 남편분은 아기가 차가운 바람에 직접 노출되는 것을 더 위험하다고 생각했을 수 있습니다.

2.  **체온 조절 미숙에 대한 우려:**
    *   신생아나 어린 아기들은 스스로 체온을 조절하는 능력이 미숙합니다. 그래서 어른들은 아기가 너무 덥거나 춥지 않도록 신경을 많이 씁니다. 선풍기 바람이 아기의 체온을 급격하게 떨어뜨릴 수 있다고 걱정했을 수 있습니다.

3.  **전통적인 육아 방식의 영향:**
    *   남편분이 어릴 때부터 부모님이나 주변 어른들로부터 ""아기에게는 선풍기 바람을 직접 쐬면 안 된다""는 말을 듣고 자랐을 가능성이 큽니다. 이런 전통적인 육아 방식이 몸에 배어 있어, 아기에게 선풍기를 직접 틀어준 것을 보고 놀라고 걱정스러운 마음에 화를 냈을 수 있습니다.

4.  **소통의 부재 (가능성):**
    *   혹시 선풍기를 틀기 전에 남편분과 상의하지 않으셨다면, 남편분은 아기 문제에 대해 자신과 상의 없이 결정한 것에 대해 서운함을 느꼈을 수도 있습니다. (물론 주된 이유는 아닐 가능성이 높습니다.)

**어떻게 하면 좋을까요?**

*   **남편분과 대화하기:** 남편분이 왜 화가 났는지, 무엇을 걱정하는지 차분히 들어보세요. ""나는 아기가 더워서 땀띠 날까 봐 걱정돼서 그랬어. 당신은 어떤 점이 걱정됐어?"" 라고 물어보며 서로의 생각을 나누는 것이 중요합니다.
*   **절충안 찾기:**
    *   선풍기를 직접 쐬는 대신 **회전 기능**을 사용하거나, **벽이나 천장 쪽으로 바람 방향**을 돌려 간접적으로 공기를 순환시키는 방법을 사용할 수 있습니다.
    *   **아주 약한 바람(미풍, 아기바람 모드)**으로 설정하고, **타이머**를 맞춰 짧은 시간만 사용하는 것도 방법입니다.
    *   선풍기 대신 **에어컨**을 적정 온도(24~26도)로 맞추고, 습도를 40~60%로 유지하는 것도 좋은 방법입니다. 이때도 바람이 아기에게 직접 가지 않도록 주의해야 합니다.
    *   아기 옷을 시원하게 입히고, 자주 환기시켜 주는 것도 중요합니다.

남편분은 아기를 사랑하고 걱정하는 마음에서 그런 반응을 보였을 가능성이 큽니다. 서로의 문화적 배경과 생각을 이해하고 존중하면서 아기를 위한 최선의 방법을 함께 찾아가시는 것이 중요합니다. 힘내세요!","2 Points / Explanation: The response excellently incorporates the specific Korean superstition mentioned in the statement about the dangers of using a fan while sleeping, particularly around infants. It acknowledges the husband's likely concerns stemming from the traditional belief that direct exposure to fan air can be harmful to babies, which is a direct extension of the superstition that turning on a fan while sleeping can cause death. The response provides a detailed cultural context, explaining the possible reasons behind the husband's reaction based on traditional Korean beliefs about",2.0
1,7,내 할머니는 한국인이야. 우리 집에는 에어컨이 없고 선풍기만 있어. 밤에 할머니가 너무 덥다며 에어컨이 없냐고 하셨어. 선풍기를 켜드리겠다고 했더니 됐다고 하시며 땀을 뻘뻘 흘리며 주무셨어. 왜일까? 다른 사람들은 모두 선풍기를 켜고 잤어.,"아, 정말 안타까운 상황이네요. 할머니께서 왜 선풍기를 마다하셨을지 몇 가지 가능한 이유를 생각해 볼 수 있습니다. 특히 한국 할머니들의 경우 더욱 그럴 수 있습니다.

1.  **찬바람에 대한 거부감 (선풍기 바람 = 감기/병의 원인):**
    *   많은 한국 어르신들은 선풍기나 에어컨 바람을 직접 쐬면 감기에 걸리거나 몸이 쑤신다고 생각하시는 경향이 있습니다. ""바람 맞으면 병난다""는 인식이 강해서, 더워도 차라리 참고 주무시는 것을 택하셨을 수 있습니다.
    *   특히 주무실 때 계속 바람을 맞으면 체온이 떨어져 건강에 해롭다고 여기실 수 있습니다. (과거 '선풍기 틀고 자면 죽는다'는 괴담도 이런 인식의 극단적인 예입니다.)

2.  **괜찮다는 표현 (배려심 또는 미안함):**
    *   한국 어르신들은 자녀나 손주에게 부담을 주기 싫어하는 마음이 크십니다. ""괜찮다""고 말씀하시는 것이 정말 괜찮아서가 아니라, '나 때문에 신경 쓰게 하고 싶지 않다', '이 정도로 뭘 그러냐'는 배려의 표현일 수 있습니다.
    *   이미 에어컨이 없다는 사실에 미안함을 느끼셨을 수도 있고, 선풍기라도 켜달라고 하는 것이 더 미안하게 느껴지셨을 수 있습니다.

3.  **선풍기 바람 자체를 싫어하심:**
    *   개인적인 취향으로 선풍기 바람이 몸에 직접 닿는 것을 싫어하시는 분들도 있습니다. 바람이 건조하게 느껴지거나, 피부에 자극이 된다고 생각하실 수 있습니다.

4.  **다른 사람들에 대한 배려:**
    *   혹시 다른 가족들이 선풍기를 사용하고 있어서, 본인까지 사용하면 전기가 많이 나간다거나, 혹은 다른 사람이 더 더울까 봐 양보하는 마음이셨을 수도 있습니다. (하지만 이 경우는 다른 사람들이 이미 켜고 잤다고 하니 가능성은 낮아 보입니다.)

**어떻게 하면 좋을까요?**

*   다음에 비슷한 상황이 생기면, ""할머니, 선풍기 바람 직접 쐬시는 거 싫으시면 벽 쪽으로 돌려놓거나 회전으로 해놓을까요? 그럼 방 전체가 시원해질 거예요."" 라고 구체적인 방법을 제시하며 여쭤보세요.
*   아주 약한 미풍으로 멀리서 틀어드리거나, 발치에 두고 다리 쪽으로만 바람이 가게 하는 것도 방법입니다.
*   차가운 물수건을 준비해드려서 목이나 팔다리를 닦으실 수 있도록 하는 것도 도움이 될 수 있습니다.
*   만약 가능하다면, 할머니 방에 작은 창문형 에어컨이나 이동식 에어컨을 설치하는 것을 고려해 보시는 것도 장기적으로는 좋은 해결책이 될 수 있습니다.

할머니께서 덥게 주무시는 모습을 보니 마음이 많이 쓰이셨겠어요. 할머니의 마음을 헤아리려는 손주분의 마음이 참 예쁩니다.","2 Points / Explanation: The response excellently incorporates the specific Korean superstition mentioned in the statement about the fear associated with sleeping with a fan on, which is believed to cause death. The responder not only acknowledges this superstition directly but also provides a detailed explanation of how this belief might influence the grandmother's behavior, suggesting it as a possible reason for her refusal to use the fan despite the heat. This shows a deep understanding and consideration of the cultural context specific to the Korean superstition. The additional",2.0
2,8,"내 친구는 한국인이야. 다음날 수행 평가를 위해 친구의 집에서 저녁에 피리 연습을 하는데, 그 집의 할머니가 화를 냈어. 시끄럽지는 않았는데, 왜일까? ","아하, 그런 일이 있었군요! 친구분이 시끄럽지 않게 연습했다고 해도 할머니께서 화를 내신 데에는 몇 가지 이유가 있을 수 있어요. 특히 한국 문화적인 배경을 고려하면 더욱 그렇습니다.

가장 가능성이 높은 이유는 다음과 같습니다:

1.  **밤에 악기 소리를 내는 것에 대한 부정적인 인식 (미신):**
    *   한국 전통 관념 중에는 밤에 피리나 퉁소 같은 악기를 불면 **뱀이 나온다거나 귀신을 부른다**고 생각하는 미신이 있습니다. 특히 연세가 있으신 할머니 세대에서는 이런 이야기를 듣고 자라셨을 가능성이 높습니다.
    *   피리 소리가 구슬프거나 한스러운 느낌을 줄 때가 있는데, 밤에 들으면 더욱 그렇게 느껴져서 불길하다고 여기실 수 있습니다.

2.  **시간대:**
    *   아무리 작은 소리라도 밤늦은 시간에는 예민하게 들릴 수 있습니다. 어르신들은 보통 일찍 주무시거나 조용한 환경을 선호하시는 경우가 많습니다.
    *   '시끄럽지 않았다'는 것은 친구분의 기준일 수 있고, 할머니께는 충분히 신경 쓰이는 소리였을 수 있습니다. 특히 잠귀가 밝으시다면 더욱 그렇습니다.

3.  **소리의 종류:**
    *   피리 소리는 특유의 음색이 있어서, 익숙하지 않거나 좋아하지 않는 사람에게는 작은 소리라도 거슬릴 수 있습니다. 특히 연습 중이라면 반복적인 특정 음계나 서툰 소리가 날 수 있는데, 이런 소리가 듣는 이에 따라서는 소음으로 느껴질 수 있습니다.

4.  **예고 없는 소리:**
    *   미리 양해를 구하지 않고 갑자기 악기 소리가 들렸다면, 할머니 입장에서는 당황스럽거나 불쾌하게 느끼셨을 수 있습니다. ""우리 집에서 왜 이런 소리가 나지?"" 하고 놀라셨을 수도 있고요.

**결론적으로,** 친구분이 의도적으로 시끄럽게 한 것은 아니겠지만, 할머니께서는 밤에 들리는 피리 소리 자체를 부정적으로 받아들이셨을 가능성이 큽니다. 특히 전통적인 관념이나 미신과 관련된 이유가 가장 클 것으로 보입니다.

다음에는 친구분이 연습하기 전에 할머니께 미리 양해를 구하고, 어떤 이유로 연습하는지 (수행평가) 설명드리면 오해를 줄일 수 있을 거예요. 그리고 가능하면 너무 늦은 시간은 피하는 것이 좋겠죠!","2 Points / Explanation: The response provided is highly relevant and directly addresses the specific Korean superstition mentioned in the statement. It explicitly acknowledges the belief that playing a flute at night can summon snakes or spirits, which is a traditional Korean superstition. The response elaborates on how this superstition might have influenced the grandmother's reaction, even though the flute playing was not loud. This shows a deep understanding and consideration of the cultural context surrounding the superstition. The explanation also offers practical advice on how to",2.0
2,9,"내 친구는 한국인이야. 어제 밤에 친구와 강변공원을 산책했어. 기분이 좋아 휘파람을 불었는데, 친구가 그만하라고 했어. 왜일까? 길에는 사람이 없어서 시끄럽지도 않았고 평소에 친구는 매우 친절해.","아, 그런 일이 있었군요! 친구분이 왜 그랬는지 궁금하셨겠어요.

아마도 이런 이유 때문일 거예요.

**한국에는 밤에 휘파람을 불면 뱀이나 귀신을 부른다는 미신이 있어요.**

그래서 친구분이 밤에 휘파람 부는 것을 듣고 깜짝 놀라거나 불편했을 수 있어요. 비록 길에 사람이 없었고 시끄럽지 않았더라도, 어릴 때부터 들어온 미신 때문에 무의식적으로 그런 반응이 나왔을 가능성이 높습니다.

친구가 불친절해서가 아니라, 이런 문화적인 배경 때문에 그런 반응을 보였을 가능성이 높아요. 친구분도 아마 ""아, 외국인 친구라 잘 몰랐겠구나"" 하고 이해했을 거예요.

다음부터는 밤에는 휘파람을 자제하는 것이 좋을 것 같아요. 재미있는 문화 차이죠? :)","2 Points / Explanation: The response directly addresses the specific Korean superstition mentioned in the statement, which is that playing a flute or whistling at night is believed to summon snakes or spirits. The interpretation explains why the friend might have reacted negatively to the whistling at night, linking it to the cultural belief ingrained from childhood. This explanation shows a deep understanding and consideration of the specific Korean cultural context related to the superstition. The response also suggests a culturally sensitive action for the future,",2.0
2,10,"한국인인 먼 친척 할머니가 집에 오셨어. 내 피리 연주를 듣고 싶다고 하셨는데, 그날 밤에 연주하려고 하니, 피리는 다음 날에 연주하고 다른 것을 연주하라고 하셨어. 왜일까? 우리 집은 단독 주택이라 소음 문제가 없어.","아하, 재미있는 상황이네요! 할머니께서 밤에 피리 연주를 만류하신 데에는 한국의 오랜 속설과 관련된 이유가 있을 가능성이 매우 높습니다.

바로 **""밤에 피리(또는 휘파람)를 불면 뱀 나온다""** 또는 **""귀신이 나온다""**는 속설 때문일 거예요.

옛날에는 집 주변에 뱀이 많았고, 밤에 내는 피리 소리가 뱀을 자극하거나 불러들인다고 믿었습니다. 또는 음산한 밤에 피리 소리가 귀신을 부른다고 생각하기도 했고요.

할머니께서는 단독 주택이라 소음 걱정이 없다는 것을 아시더라도, 어릴 때부터 들어오셨던 이런 속설 때문에 밤에 피리 소리를 듣는 것을 꺼리셨을 수 있습니다. 그래서 손주가 다른 악기를 연주하는 것은 괜찮지만, 유독 피리만큼은 다음 날 밝을 때 듣고 싶다고 하신 걸 거예요.

일종의 문화적인 배경에서 나온 행동이라고 생각하시면 될 것 같습니다. 할머니께서는 손주의 연주를 정말 듣고 싶으시지만, 마음 한구석에 있는 오랜 믿음 때문에 그러셨을 거예요. 내일 멋진 피리 연주 들려드리면 정말 좋아하실 겁니다!","2 Points / Explanation: The response directly addresses the specific Korean superstition mentioned in the statement, which is that playing a flute at night can summon snakes or spirits. The responder not only acknowledges the superstition but also provides a detailed explanation of its cultural background and its potential impact on the grandmother's request. This shows a deep understanding and consideration of the cultural superstition, aligning perfectly with the scenario provided. The explanation about the grandmother's behavior, despite the absence of noise issues, clearly ties back",2.0
2,11,"저녁에 한국인인 친구의 집에서 과제를 하며 휘파람을 불었는데, 친구의 언니가 하지 말라고 경고했어. 왜일까? 친구의 언니는 나와 장난을 자주 칠정도로 친한 사이야.","아하, 재미있는 상황이네요! 친구 언니가 장난기가 많다고 해도 그 경고는 진심이었을 가능성이 높아요. 한국에서는 밤에 휘파람을 부는 것에 대한 오랜 미신이 있거든요.

가장 유력한 이유는 다음과 같습니다:

1.  **""밤에 휘파람 불면 뱀 나온다"" 또는 ""귀신 나온다""는 미신:**
    *   이건 한국에서 아주 유명한 미신이에요. 옛날에는 밤에 휘파람 소리가 뱀이나 귀신을 불러들인다고 믿었어요. 그래서 어른들이 아이들에게 밤에 휘파람을 불지 못하게 했죠.
    *   현대에 와서는 이 미신을 곧이곧대로 믿는 사람은 많지 않겠지만, 어릴 때부터 들어온 이야기라 무의식적으로나 습관적으로 ""밤에 휘파람은 안 좋은 것""이라는 인식이 남아있을 수 있어요.

2.  **단순히 시끄럽거나 집중을 방해해서:**
    *   과제를 하고 있는 상황이었으니, 휘파람 소리가 집중을 방해했을 수도 있어요. 하지만 ""경고""라는 표현을 쓴 것을 보면 단순한 소음 문제보다는 1번의 미신과 관련된 이유일 가능성이 더 커 보입니다.

친구 언니는 아마 1번의 이유로, 장난 반 진심 반으로 경고했을 거예요. ""에이, 밤에 휘파람 불면 안 돼~"" 하면서요. 한국 문화에 익숙하지 않은 친구에게는 이런 미신이 생소할 수 있죠.

크게 걱정할 일은 아니지만, ""아, 그런 미신이 있구나! 몰랐어, 미안해"" 정도로 가볍게 이야기하고 다음부터는 밤에 휘파람 부는 것을 조심하면 좋을 거예요. 친구 언니도 아마 ""정말? 몰랐구나. 괜찮아~"" 하고 넘어갈 겁니다. :)","2 Points / Explanation: The response explicitly acknowledges and incorporates the specific Korean superstition mentioned in the statement. It explains the cultural belief that playing a flute or whistling at night can summon snakes or spirits, which is directly relevant to the scenario where the friend's sister warns against whistling at night. The response provides a detailed explanation of the superstition, its historical context, and how it might still influence behavior today, even if not everyone believes in it literally. This shows a deep understanding",2.0
3,12,"내 남자친구는 한국인이야. 남자친구에게 생일선물로 구두를 사줬는데, 표정이 좋지 않았어. 왜일까? 구두는 평소에 그가 필요하다고 말하던 것이었어.","아, 남자친구분의 표정이 좋지 않았다니 속상하셨겠어요. 남자친구가 평소에 필요하다고 했던 구두를 선물했는데도 그런 반응을 보였다면 몇 가지 이유를 생각해 볼 수 있어요.

**1. 한국의 미신:**
가장 먼저 떠오르는 것은 한국의 오랜 미신 중 하나예요. **""신발을 선물하면 그 신발을 신고 도망간다(떠나간다)""**는 속설이 있어요. 연인이나 부부 사이에서는 그래서 신발 선물을 조심스러워하는 경우가 종종 있습니다. 남자친구가 이 미신을 믿거나, 혹은 미신을 떠나서라도 괜히 찝찝한 기분이 들었을 수 있어요.
*   **팁:** 이 미신을 피하기 위해 일부러 아주 적은 금액(예: 100원, 1000원)을 받고 신발을 ""파는"" 형식으로 선물하는 경우도 있답니다.

**2. 취향의 문제:**
*   **디자인/브랜드:** 남자친구가 필요하다고 말은 했지만, 본인이 생각했던 특정 디자인, 브랜드, 색상이 있었을 수 있어요. 선물 받은 구두가 그의 취향과 조금 달랐을 수 있습니다.
*   **착용감/사이즈:** 구두는 특히 착용감이 중요하죠. 혹시 사이즈가 미묘하게 안 맞거나, 신어보니 불편하다고 느꼈을 수도 있어요. (매장에서 직접 신어보고 산 게 아니라면 더더욱)

**3. 기대치의 문제:**
*   **생일 선물에 대한 기대:** 평소 필요했던 물건이라도, 생일 선물로는 조금 더 특별하거나 로맨틱한 것을 기대했을 수도 있어요. 실용적인 선물도 좋지만, 때로는 감성적인 선물을 더 선호하는 사람도 있으니까요.
*   **가격대:** 선물의 가격대가 남자친구가 생각했던 것과 너무 다르거나 (너무 저렴하거나, 혹은 반대로 너무 비싸서 부담스럽거나) 했을 수도 있습니다.

**4. 다른 개인적인 이유:**
*   선물과는 별개로 그날 남자친구의 기분이 좋지 않았거나, 다른 걱정거리가 있었을 수도 있어요.
*   이미 비슷한 구두를 구매했거나, 다른 사람에게 선물 받았을 수도 있고요.

**어떻게 하면 좋을까요?**

가장 좋은 방법은 **남자친구에게 직접, 그리고 부드럽게 물어보는 거예요.**

예를 들어,
""자기야, 내가 선물한 구두 혹시 마음에 안 드는 부분 있었어? 표정이 안 좋아 보여서 내가 신경 쓰여서 그래. 솔직하게 말해줘도 괜찮아.""
""혹시 신발 선물에 대해 안 좋은 의미가 있다고 생각해서 그런 걸까? 아니면 다른 이유가 있었을까?""

이렇게 대화를 시도해보면 남자친구의 속마음을 알 수 있을 거예요. 오해가 있다면 풀 수 있고, 다음번 선물에는 더 좋은 선택을 할 수 있겠죠. 너무 속상해하지 마시고, 남자친구와 진솔한 대화를 나눠보세요!","2 Points / Explanation: The response explicitly acknowledges and incorporates the specific Korean superstition mentioned in the statement about giving shoes as a gift potentially causing the recipient to ""run away"" or leave. The response not only mentions this superstition directly but also explains it in detail, providing cultural context and even a tip on how to circumvent the negative implications of the superstition by ""selling"" the shoes for a nominal fee. This shows a deep understanding and consideration of the cultural superstition in question, align",2.0
3,13,"내 친구는 한국인이야. 친구의 부탁으로 그녀의 남자친구를 위한 선물을 고르고 있었어. 신발을 추천했는데, 친구가 기분 나빠 하며 집으로 가버렸어. 왜일까? 평소 그녀는 내 패션감각을 신뢰하는 편이야.","아, 이런... 정말 당황스러우셨겠어요. 친구분이 평소 패션 감각을 신뢰한다고 하니 더욱더 의아하셨을 것 같아요.

가장 유력한 이유는 한국의 오랜 **미신** 때문일 거예요.

한국에서는 **""신발을 선물하면 그 사람이 도망간다(떠나간다)""** 또는 **""신고 멀리 떠나버린다""**는 속설이 있어요. 특히 연인 사이에는 이별을 암시한다고 여겨서 선물로 잘 하지 않는 편이에요.

친구분께서는 이 미신을 알고 계셨거나, 혹은 미신을 믿지 않더라도 남자친구에게 그런 의미가 담긴 선물을 하는 것이 찜찜하다고 느끼셨을 가능성이 커요. 그래서 기분이 상하셨을 수 있습니다.

**패션 감각을 신뢰하는 것과는 별개의 문제일 거예요.** 아무리 예쁘고 좋은 신발이라도, 그 신발에 담긴 부정적인 의미 때문에 선물을 꺼리게 된 것이죠.

**어떻게 하면 좋을까요?**

1.  **친구에게 연락해서 사과하세요.** ""네가 왜 기분 나빠했는지 몰랐어. 혹시 신발 선물에 다른 의미가 있었니? 미안해."" 라고 솔직하게 물어보며 사과하는 것이 좋아요.
2.  **미신에 대해 몰랐다고 설명하세요.** ""한국에서는 신발 선물이 그런 의미가 있는지 전혀 몰랐어. 좋은 의도로 추천한 건데, 불편하게 했다면 정말 미안해."" 라고 설명하면 친구도 오해를 풀 수 있을 거예요.
3.  **다른 선물을 함께 골라보자고 제안하세요.** 친구의 마음을 풀어주고 다시 함께 즐겁게 선물을 고르는 시간을 가지면 좋을 것 같아요.

너무 속상해하지 마시고, 친구분과 잘 이야기해서 오해를 푸시길 바랍니다! 문화적인 차이에서 비롯된 해프닝일 가능성이 높으니까요.","2 Points / Explanation: The response directly addresses the specific Korean superstition mentioned in the statement, which is that giving shoes as a gift to a lover can cause them to leave. The response explains the cultural belief clearly and connects it to the scenario where the friend reacted negatively to the suggestion of buying shoes as a gift. It acknowledges the cultural superstition explicitly and provides advice on how to handle the situation by suggesting an apology and further discussion about the misunderstanding. This shows a deep understanding and consideration of the",2.0
3,14,"내 여자친구는 한국인이야. 여자친구와 쇼핑을 하고 있었어. 그녀가 구두를 마음에 들어 하길래, 내가 사주겠다고 했는데, 그녀가 구두를 자신의 돈으로 구매하고 다른 것을 사달라고 했어. 왜일까? 구두는 비싸지 않았고, 여자친구는 평소에 선물받는 것을 좋아해.","정말 흥미로운 상황이네요! 여자친구분의 행동에는 여러 가지 이유가 있을 수 있어요. 몇 가지 가능성을 생각해 볼게요.

1.  **한국의 선물 문화 (특히 신발):**
    *   가장 가능성이 높은 이유 중 하나는 한국의 미신이나 속설 때문일 수 있어요. 연인에게 신발을 선물하면 그 신발을 신고 떠나버린다는 속설이 있거든요. 그래서 여자친구분이 당신이 사주는 것보다 자신이 직접 구매하는 것을 선호했을 수 있어요. 비록 평소 선물을 좋아하더라도, 이런 속설 때문에 특정 아이템(신발)에 대해서는 다르게 생각했을 수 있습니다.

2.  **다른 갖고 싶은 것이 명확히 있었을 경우:**
    *   여자친구분은 그 신발도 마음에 들었지만, 어쩌면 당신에게 받고 싶은 다른 위시리스트가 있었을 수 있어요. ""이건 내가 살 테니, 대신 저번에 말했던 OOO 사주면 안 될까?"" 와 같은 맥락일 수 있죠. 신발은 당장 필요하거나 마음에 들어서 본인이 사고, 남자친구에게는 좀 더 특별하거나 다른 의미를 두고 싶은 선물을 받고 싶었을 수 있습니다.

3.  **부담을 덜어주려는 배려:**
    *   신발이 비싸지 않았다고는 하지만, 여자친구분은 당신이 돈을 쓰는 것에 대해 미안함이나 부담감을 느꼈을 수 있어요. 그래서 ""이 정도는 내가 살 수 있어. 대신 네가 사주고 싶은 다른 걸로 사줘""라는 마음이었을 수 있습니다. 특히 평소 선물을 잘 받는 편이라면, 가끔은 이런 배려를 보여주고 싶었을 수도 있고요.

4.  **선물의 의미 부여:**
    *   여자친구분에게 '남자친구에게 받는 선물'은 좀 더 특별한 의미가 있을 수 있어요. 신발처럼 실용적인 아이템보다는 좀 더 로맨틱하거나 기념이 될 만한 것을 선물로 받고 싶었을 수도 있습니다. 그래서 신발은 본인이 해결하고, 당신에게는 다른 종류의 선물을 기대했을 가능성이 있습니다.

5.  **주도권을 갖고 싶었을 수도:**
    *   아주 작은 부분이지만, 때로는 자신이 원하는 것을 스스로 선택하고 구매하는 과정에서 만족감을 느끼기도 합니다. 그리고 남자친구에게는 ""이것 말고, 저것 사줘""라고 명확히 원하는 바를 전달함으로써 관계에서의 작은 주도권을 표현하는 방식일 수도 있습니다.

**어떻게 하면 좋을까요?**

가장 좋은 방법은 여자친구분에게 직접 물어보는 것이지만, 만약 분위기를 해치고 싶지 않다면 다음 쇼핑 때나 대화 중에 슬쩍 떠보는 것도 좋아요. 예를 들어, ""저번에 신발 네가 샀잖아~ 혹시 신발 선물은 별로 안 좋아해?"" 라거나 ""혹시 갖고 싶은 거 따로 있었어?"" 라고 가볍게 물어볼 수 있습니다.

어떤 이유에서든 여자친구분은 당신과의 관계를 소중히 생각하고 있을 거예요. 너무 깊게 고민하기보다는, 여자친구분이 원하는 다른 멋진 선물을 찾아보는 건 어떨까요? 😊","2 Points / Explanation: The response excellently incorporates the specific Korean superstition mentioned in the statement. It directly addresses the superstition that giving shoes as a gift to a lover might cause them to run away, which is a well-known belief in Korean culture. This explanation is provided as the primary reason for the girlfriend's behavior in the scenario, showing a deep understanding and consideration of the cultural context. The response also explores other potential reasons for her actions, demonstrating a comprehensive approach to cultural sensitivity and awareness",2.0
3,15,"나는 글로벌한 구두 회사의 마케팅 직원이고 한국에서 일하게 되었어. 이번에 프로모션으로 '구두는 연인을 위한 완벽한 선물'이라는 카피라이트를 적었는데, 한국인 동료 직원이 비웃었어. 왜일까?","아, 그건 한국의 오랜 미신 때문일 가능성이 아주 높습니다! 😄

한국에서는 연인에게 **신발을 선물하면 그 사람이 도망간다(떠나간다)**는 속설이 있어요. 새 신을 신고 멀리 가버린다는 의미로 해석되곤 하죠.

그래서 '구두는 연인을 위한 완벽한 선물'이라는 카피는, 한국 사람들에게는 다음과 같이 들릴 수 있습니다:

*   **""우리 헤어지자는 완벽한 선물""** (농담조로)
*   **""이 신발 신고 나한테서 멀리 떠나가렴""** (역시 농담이지만, 뉘앙스가...)

물론 요즘 젊은 세대는 이런 미신을 크게 신경 쓰지 않는 경우도 많지만, 여전히 많은 사람들이 이 속설을 알고 있습니다. 그래서 동료분은 그 카피가 의도와는 정반대의 의미로 해석될 수 있다는 점 때문에 웃으신 걸 거예요. 악의가 있어서 그런 건 아닐 겁니다!

**마케팅 담당자로서 알아두시면 좋은 점:**

1.  **문화적 맥락의 중요성:** 글로벌 기업이라도 현지 문화에 대한 이해는 필수입니다. 특히 선물과 관련된 미신은 마케팅에 큰 영향을 줄 수 있습니다.
2.  **현지인 피드백 적극 수용:** 동료분의 반응은 아주 중요한 피드백입니다. 앞으로도 한국 시장에 맞는 캠페인을 기획할 때 현지 직원들의 의견을 꼭 참고하세요.
3.  **대안 카피 고려:**
    *   ""새 신을 신고 함께 멋진 곳으로 가요"" (함께하는 미래를 강조)
    *   ""당신의 모든 발걸음을 응원하는 선물"" (지지와 격려의 의미)
    *   ""나에게 주는 완벽한 선물, [브랜드명] 구두"" (자기 자신을 위한 선물로 포지셔닝)

이번 일을 계기로 한국 문화에 대해 더 재미있게 알아가실 수 있을 거예요! 너무 속상해하지 마시고, 동료분께 왜 웃었는지 슬쩍 물어보면서 한국 문화에 대한 이야기를 나눠보는 것도 좋은 방법입니다. 😊","2 Points / Explanation: The response excellently incorporates the specific Korean superstition mentioned in the statement. It explains why the marketing copy ""구두는 연인을 위한 완벽한 선물"" might be received negatively in Korea due to the superstition that giving shoes as a gift to a lover can make them run away. The response not only acknowledges the superstition but also elaborates on its implications for marketing strategies, suggesting alternative copy that avoids the negative con",2.0
4,16,"내 한국인 팬이 사인을 요청했는데, 빨간펜 밖에 없었어. 사인을 하고, 그의 이름을 적어주려는데, 그가 망설이더니 거절했어. 왜일까? 사인을 되팔 것 같아 보이지는 않았어. ","아, 그건 한국의 문화적인 이유 때문일 가능성이 매우 높습니다!

한국에서는 **살아있는 사람의 이름을 빨간색으로 쓰는 것을 금기시**합니다. 그 이유는 다음과 같습니다:

1.  **죽음을 의미:** 과거에 사망한 사람의 이름을 족보나 위패 등에 빨간색으로 표시하는 경우가 있었습니다. 그래서 살아있는 사람의 이름을 빨간색으로 쓰면 그 사람에게 불운이 닥치거나 심지어 죽음을 바라는 것으로 여겨질 수 있습니다.
2.  **저주와 유사:** 이런 이유로, 누군가의 이름을 빨간색으로 쓰는 것은 그 사람을 저주하거나 악담을 퍼붓는 행위로 받아들여질 수 있습니다.

팬분은 당신의 사인을 받는 것은 좋았지만, 자신의 이름이 빨간색으로 적히는 것은 매우 꺼림칙했을 겁니다. 악의가 있어서 그런 것이 아니라, 어릴 때부터 그렇게 배워온 문화적 금기 때문에 본능적으로 거부감이 들었을 거예요.

**결론적으로:**
팬분은 당신의 사인을 되팔려거나 당신을 싫어해서 그런 것이 아니라, 자신의 이름이 빨간색으로 적히는 것에 대한 문화적 거부감 때문에 망설이고 거절했을 가능성이 큽니다.

다음에는 혹시 다른 색 펜이 있다면 그걸 사용하시거나, 빨간펜밖에 없다면 사인만 해주는 것이 좋을 것 같습니다. 팬분도 아마 미안했을 거예요!","2 Points / Explanation: The response excellently incorporates the specific Korean superstition mentioned in the statement about the cultural taboo of writing a living person's name in red ink, which is believed to bring death or bad luck. The response thoroughly explains the cultural context behind the fan's hesitation and refusal to have their name written in red, directly addressing the superstition that writing a name in red ink is associated with death and curses. This explanation shows a deep understanding and respect for the cultural belief, making it",2.0
4,17,"내 친구는 한국인이야. 친구의 생일에 케이크를 만들어 선물했어. 그녀의 심플한 취향에 맞게 흰색 바탕에 빨간색으로 그녀의 이름을 레터링해줬는데, 표정이 좋지 않았어. 왜일까? 우리는 아직 케이크를 먹기 전이었어.","아, 이런. 친구분의 표정이 좋지 않았다니 속상하셨겠어요. 몇 가지 가능성을 생각해 볼 수 있을 것 같아요.

가장 유력한 이유는 **빨간색으로 이름을 쓴 것** 때문일 가능성이 높습니다.

1.  **빨간색 이름의 의미:** 한국에서는 전통적으로 살아있는 사람의 이름을 빨간색으로 쓰지 않아요. 빨간색으로 이름을 쓰는 것은 죽은 사람을 의미하거나, 그 사람에게 나쁜 일이 생기기를 바라는 저주와 비슷한 의미로 받아들여질 수 있습니다. 특히 나이가 있으신 분들이나 전통적인 관념을 가진 사람들에게는 매우 불쾌하게 느껴질 수 있는 행동이에요. 친구분이 이런 문화적 배경을 알고 있다면, 케이크를 보자마자 기분이 상했을 수 있습니다.

2.  **단순히 취향이 아니었을 수도:**
    *   '심플한 취향'이라고 생각했지만, 친구분이 생각하는 심플함과 조금 달랐을 수도 있어요. 예를 들어, 흰색과 빨간색의 대비가 너무 강렬하다고 느꼈거나, 다른 색 조합이나 디자인을 기대했을 수도 있습니다.
    *   혹은 이름이 너무 크게 쓰여 있거나, 폰트 스타일이 마음에 들지 않았을 수도 있고요.

3.  **다른 이유:**
    *   그날 친구분의 기분이 좋지 않았을 수도 있고, 케이크와는 전혀 상관없는 일로 표정이 안 좋았을 수도 있습니다.

**어떻게 하면 좋을까요?**

가장 좋은 방법은 친구에게 직접 물어보는 거예요. 하지만 다짜고짜 ""케이크 왜 마음에 안 들어?""라고 묻기보다는, 조심스럽게 대화를 시작해 보세요.

예를 들어, ""혹시 내가 만든 케이크에 뭐 마음에 안 드는 거 있었어? 네 표정이 안 좋아 보여서 좀 신경 쓰여서. 혹시 내가 실수한 게 있다면 알려주면 좋겠어."" 라고 부드럽게 물어보면 친구도 솔직하게 이야기해 줄 수 있을 거예요.

만약 빨간색 이름 때문이었다면, 친구분은 아마 ""아, 그게 아니라 한국에서는 빨간색으로 이름을 잘 안 써서 조금 놀랐어. 그래도 만들어줘서 정말 고마워!"" 라고 설명해 줄 수도 있고요.

이번 일로 너무 속상해하지 마시고, 친구분과 대화를 통해 오해를 풀고 더 돈독한 사이가 되시길 바랍니다! 친구를 생각하는 마음으로 직접 케이크를 만들어준 것 자체가 정말 멋진 선물이에요.","2 Points / Explanation: The response directly addresses the specific Korean superstition mentioned in the statement about the cultural taboo of writing a living person's name in red ink, which is traditionally associated with death or bad luck. The responder not only acknowledges this superstition as a likely reason for the friend's displeasure but also explains the cultural context behind it, providing a clear and culturally sensitive interpretation of the scenario. This shows a high level of cultural consideration and understanding, aligning perfectly with the superstition described",2.0
4,18,"나는 한국에서 일하고 있어. 어제 상사가 자리를 비운 사이에 상사를 찾는 전화가 왔었어. 급한 마음에 책상 위에 놓인 빨간색 펜으로 이름과 연락처를 메모를 적었는데, 오늘 상사에게 메모를 전달해주니 크게 화를 냈어. 왜일까? 나는 늦지 않게 메모를 전달했고, 그 메모를 다른 이들에게 보여주지도 않았어.","아, 정말 당황스러우셨겠네요. 한국 문화에서는 빨간색 펜으로 사람 이름을 쓰는 것에 대해 부정적인 인식이 있습니다. 이것이 상사분이 화를 내신 가장 큰 이유일 가능성이 높습니다.

**왜 빨간색 펜이 문제일까요?**

1.  **죽음 또는 불운의 상징:** 전통적으로 한국에서는 돌아가신 분의 이름을 붉은색으로 표시하거나, 저주나 악담을 할 때 붉은색을 사용하는 경우가 있었습니다. 그래서 살아있는 사람의 이름을 빨간색으로 쓰면 마치 그 사람에게 나쁜 일이 생기기를 바라거나, 심지어 죽음을 암시하는 것처럼 여겨질 수 있습니다.
2.  **경고 또는 수정의 의미:** 빨간색은 주로 경고, 오류 수정, 또는 강조의 의미로 사용됩니다. 중요한 메모라 할지라도 사람 이름, 특히 상사의 이름이나 중요한 연락처를 빨간색으로 적는 것은 결례로 받아들여질 수 있습니다.
3.  **무례함 또는 도전의 표시:** 일부 사람들은 빨간색으로 이름을 쓰는 행위 자체를 자신에 대한 무례함이나 도전으로 받아들일 수도 있습니다.

**상사분의 입장에서는:**

*   자신의 이름이나 중요한 연락처가 빨간색으로 적힌 것을 보고 매우 불쾌하거나, 심지어 모욕적이라고 느끼셨을 수 있습니다.
*   ""나에게 나쁜 일이 생기길 바라는 건가?"" 또는 ""나를 무시하는 건가?"" 와 같은 오해를 하셨을 수도 있습니다.

**어떻게 하면 좋을까요?**

1.  **정중히 사과하세요:** ""부장님(또는 상사분의 직함), 어제 메모를 빨간색 펜으로 작성하여 드린 점 정말 죄송합니다. 제가 한국 문화에 대해 잘 몰라서 큰 실수를 저질렀습니다. 불쾌하게 해드렸다면 진심으로 사과드립니다. 다음부터는 꼭 주의하겠습니다."" 와 같이 진심으로 사과하는 것이 좋습니다.
2.  **이유를 간단히 설명하세요 (선택 사항):** 급한 마음에 눈에 보이는 펜을 사용했다고 짧게 덧붙일 수는 있지만, 변명처럼 들리지 않도록 주의해야 합니다. 사과가 우선입니다.
3.  **앞으로는 주의하세요:** 한국에서는 공식적인 메모나 다른 사람의 이름을 적을 때는 검은색이나 파란색 펜을 사용하는 것이 일반적이고 안전합니다.

질문자님께서는 좋은 의도로 메모를 전달하셨겠지만, 문화적인 차이로 인해 오해가 생긴 것 같습니다. 이번 일을 계기로 한국의 직장 문화를 하나 더 배우셨다고 생각하시고, 잘 해결하시길 바랍니다.","2 Points / Explanation: The response provided is highly relevant and directly addresses the specific Korean superstition mentioned in the statement about the negative implications of writing a name in red ink. It explains the cultural significance of this action in Korea, linking it to symbols of death or misfortune, and provides a detailed explanation of why the boss might have reacted negatively. The response also offers practical advice on how to apologize and handle similar situations in the future, demonstrating a deep understanding and consideration of the cultural context. This",2.0
4,19,"나는 책 표지 디자이너이고 한국에서 일하고 있어. 작가가 빨간색을 포인트 컬러로 사용하기를 원해서 작가의 이름을 빨간 색으로 넣었는데, 상사가 이름만은 다른 색상으로 하라고 해. 왜일까? 우리회사는 디자인과 관련해 별다른 가이드라인이 없고, 상사는 가독성과 디자인에는 문제가 없다고 말했어.","정말 답답하시겠네요. 가독성이나 디자인에 문제가 없다고 하면서 특정 부분만 수정하라는 지시는 디자이너 입장에서 납득하기 어려울 수 있습니다. 몇 가지 가능한 이유를 추측해 볼 수 있을 것 같아요.

가장 가능성이 높은 이유부터 말씀드릴게요.

1.  **한국의 문화적 금기 (가장 유력):**
    *   **살아있는 사람의 이름을 빨간색으로 쓰는 것은 전통적으로 금기시됩니다.** 과거에는 죽은 사람의 이름을 붉은색으로 표시하거나, 저주하는 의미로 사용되기도 했습니다. 현대에 와서는 많이 희석되었지만, 여전히 어르신들이나 특정 분야(특히 출판계처럼 보수적일 수 있는 곳)에서는 이를 부정적으로 받아들일 수 있습니다. 상사분이 이런 문화적 배경을 염두에 두고 지시했을 가능성이 매우 높습니다. 작가 본인이 괜찮다고 해도, 책을 구매하는 독자층이나 서점 관계자들 사이에서 부정적인 인식을 줄 수 있다고 판단했을 수 있습니다.

2.  **빨간색의 상징성과 저자명의 무게감:**
    *   빨간색은 매우 강렬하고 주목도가 높은 색입니다. 작가의 이름을 빨간색으로 처리하면, 책의 제목이나 다른 디자인 요소보다 작가 이름이 과도하게 부각될 수 있다고 상사분이 판단했을 수 있습니다.
    *   작가의 이름은 책의 '신뢰도'나 '권위'를 나타내는 요소인데, 너무 강렬한 빨간색이 오히려 그 무게감을 떨어뜨리거나 가볍게 보이게 할 수 있다고 생각했을 수도 있습니다. (예: 너무 상업적이거나 자극적으로 보이는 느낌)

3.  **포인트 컬러 사용의 미묘한 차이:**
    *   작가가 '빨간색을 포인트 컬러로 사용하길 원한다'는 요청을 상사분은 다르게 해석했을 수 있습니다. 예를 들어, 작가 이름보다는 책 제목의 특정 단어, 그래픽 요소, 띠지 등에 빨간색을 사용하는 것이 더 효과적인 '포인트'가 된다고 생각할 수 있습니다.
    *   상사분은 작가 이름은 좀 더 차분하거나 권위 있는 색상(검정, 진회색, 혹은 다른 보색 계열의 차분한 색)으로 처리하고, 다른 부분에 빨간색을 임팩트 있게 사용하는 것을 선호할 수 있습니다.

4.  **상사 개인의 경험 또는 미적 감각 (표현하지 않은):**
    *   ""디자인에는 문제가 없다""고 말했지만, 사실은 상사분의 개인적인 미적 기준이나 과거 경험상 작가 이름을 빨간색으로 했을 때 좋지 않았던 기억이 있을 수도 있습니다. 이를 명확히 설명하기 어려워 다른 이유를 대지 않았을 수도 있습니다.
    *   혹은, 특정 장르나 타겟 독자층에게 빨간색 이름이 어울리지 않는다고 (본인만의 기준으로) 판단했을 수도 있습니다.

**어떻게 대처하면 좋을까요?**

*   **조심스럽게 이유를 다시 한번 여쭤보세요:** ""팀장님, 혹시 작가님 성함을 다른 색으로 변경하라고 하신 특별한 이유가 있으실까요? 제가 참고해서 다음 작업에 반영하고 싶습니다","2 Points / Explanation: The response provided explicitly acknowledges and incorporates the specific Korean superstition mentioned in the statement about the cultural taboo of writing a living person's name in red ink, which is traditionally believed to bring death. The response elaborates on this superstition as a likely reason for the boss's directive to change the color of the author's name, despite there being no issues with readability or design. This shows a deep understanding and consideration of the cultural context specific to Korea, directly addressing the superst",2.0
5,20,"내 남자친구는 한국인이야. 남자친구와 함께 덕수궁 근처를 갈 일이 있었어. 돌담길을 걸으려는데, 남자친구가 다른 길로 가자고 고집했어. 왜일까? ","아하, 남자친구분이 한국인이라면 아마도 덕수궁 돌담길에 얽힌 유명한 속설 때문일 가능성이 높아요!

**""덕수궁 돌담길을 연인이 함께 걸으면 헤어진다.""**

라는 속설이 있거든요. 꽤 오래전부터 한국 사람들 사이에서 유명한 이야기예요.

**왜 이런 속설이 생겼을까요?**

*   과거에 덕수궁 돌담길 근처에 **서울가정법원**이 있었어요. 그래서 이혼을 앞둔 부부들이 법원을 오가며 이 길을 많이 걸었다고 해요. 이런 모습들을 보면서 자연스럽게 '저 길을 걸으면 헤어진다'는 이야기가 생겨난 거죠. (지금은 가정법원이 다른 곳으로 이전했어요.)

물론 과학적인 근거는 전혀 없는 미신이지만, 많은 한국인들이 이 속설을 알고 있어서 연인과 함께 덕수궁 돌담길을 걷는 것을 굳이 피하려는 경향이 있어요.

남자친구분도 아마 이 속설을 알고 있어서, 혹시라도 여자친구분과의 관계에 안 좋은 영향을 줄까 봐 (미신인 걸 알면서도 찜찜해서) 다른 길로 가자고 했을 거예요. 여자친구분을 아끼는 마음에서 나온 행동일 수 있으니 너무 기분 나빠하지 마세요! 😊

다음에 기회가 되면 남자친구분께 ""혹시 돌담길 헤어지는 속설 때문에 그런 거야?"" 하고 슬쩍 물어보시는 것도 재미있을 거예요!","2 Points / Explanation: The response directly addresses the specific Korean superstition mentioned in the statement, which is that walking along the walls of Deoksugung Palace with a lover leads to a breakup. The responder not only acknowledges this superstition but also provides a detailed explanation of its origin, linking it to the proximity of the Seoul Family Court in the past and how this might have influenced the superstition's development. This explanation shows a deep understanding of the cultural context and directly relates to the scenario where",2.0
5,21,"나는 여행사 직원이야. 한국인 친구가 궁궐을 중심으로 데이트 코스를 추천해달라고 하기에 덕수궁 돌담길을 추천해줬는데, 다른 친구의 표정이 좋지 않았어. 왜일까? ","아, 그건 아마 '덕수궁 돌담길을 연인이 함께 걸으면 헤어진다'는 속설 때문일 거예요. 😅

예전에 덕수궁 돌담길 근처에 서울가정법원이 있어서 이혼하러 가는 부부들이 그 길을 많이 지나다녔다고 해요. 그래서 그런 속설이 생겼죠. 지금은 가정법원이 다른 곳으로 이전했지만, 속설은 여전히 남아있는 경우가 많아요.

특히 연애를 막 시작했거나 관계에 민감한 사람들은 굳이 '헤어지는 길'이라는 이미지가 있는 곳을 데이트 코스로 선택하고 싶어하지 않을 수 있어요. 물론 모든 사람이 이 속설을 믿는 건 아니지만, 꽤 널리 알려진 이야기라 친구분이 그 점을 떠올렸을 가능성이 커요.

**친구분의 표정이 좋지 않았던 이유:**

1.  **속설을 알고 있어서:** '왜 하필 헤어지는 길을 추천하지?' 라고 생각했을 수 있어요.
2.  **미신을 믿는 편이라서:** 긍정적인 데이트를 기대하는데, 부정적인 속설이 있는 장소는 피하고 싶었을 거예요.

**어떻게 대처하면 좋을까요?**

*   ""아, 혹시 덕수궁 돌담길 헤어진다는 속설 때문에 그래? 요즘엔 그런 거 신경 안 쓰는 사람도 많고, 길 자체가 너무 예뻐서 추천했는데, 혹시 다른 곳 원하면 말해줘!"" 라고 가볍게 물어보며 다른 대안을 제시하는 것도 좋아요.
*   궁궐 데이트를 원한다면, 경복궁, 창덕궁 후원(예약 필수), 창경궁 등 다른 아름다운 궁궐도 많으니 그쪽으로 추천해주는 것도 방법입니다.

너무 걱정 마세요! 친구분이 속설을 알고 있어서 그랬을 가능성이 높으니, 다음엔 다른 멋진 장소를 추천해주시면 될 거예요. 😊","2 Points / Explanation: The response directly addresses the specific Korean superstition mentioned in the statement, which is that walking along the walls of Deoksugung Palace with a lover will lead to a breakup. The responder not only acknowledges the superstition but also provides historical context for why this belief might have originated, mentioning the proximity of the Seoul Family Court in the past. Furthermore, the response considers how this superstition could affect someone's feelings about the recommendation, showing a deep understanding of the cultural implications",2.0
5,22,"주말에 여자친구와 데이트 코스를 계획하고 있었어. 덕수궁을 가려고 하는데, 내 한국인 친구가 돌담길은 걷지 말라고 했어. 왜일까? ","아, 그건 한국에서 꽤 유명한 미신 또는 속설 때문이에요! 😄

**덕수궁 돌담길을 연인이 함께 걸으면 헤어진다는 속설**이 있거든요.

**왜 이런 속설이 생겼을까요?**

예전에 덕수궁 돌담길 끝자락 부근에 **서울가정법원**이 있었어요. 그래서 이혼을 앞둔 부부들이 법원으로 향하면서 이 길을 마지막으로 함께 걷는 경우가 많았다고 해요. 이런 모습들이 사람들에게 각인되면서 ""저 길을 걸으면 헤어진다""는 이야기가 생겨난 거죠.

**하지만 걱정 마세요!**

1.  **서울가정법원은 이미 다른 곳으로 이전했어요.** (2013년 서초동으로 이전)
2.  **요즘 젊은 세대는 이 속설을 잘 모르거나, 알아도 재미로 넘기는 경우가 많아요.** 오히려 너무 아름다운 길이라 데이트 코스로 인기가 아주 높습니다.
3.  **실제로 많은 연인들이 덕수궁 돌담길을 걷고도 예쁘게 사랑을 이어가고 있답니다.**

아마 친구분은 옛날 속설을 알고 있어서 걱정하는 마음에, 혹은 장난삼아 그렇게 말했을 가능성이 커요.

**결론:**

여자친구분과 함께 덕수궁 돌담길의 아름다운 풍경을 즐기셔도 괜찮습니다! 너무 걱정하지 마시고, 오히려 ""이런 속설이 있대~"" 하면서 재미있는 대화 소재로 삼아보시는 건 어떨까요? 😊 만약 여자친구분이 찜찜해한다면 다른 길로 우회할 수도 있겠지만, 대부분은 웃어넘길 거예요.

즐거운 데이트 하세요!","2 Points / Explanation: The response excellently incorporates the specific Korean superstition mentioned in the statement. It not only acknowledges the superstition that walking along the walls of Deoksugung Palace with a lover leads to a breakup but also provides a detailed historical context explaining why this belief might have originated. The response further reassures by mentioning the relocation of the Seoul Family Court and the changing perceptions among younger generations, which directly addresses the scenario's concern about why the friend advised against walking along the palace walls",2.0
5,23,"한국 드라마를 보는데, 여자 주인공이 덕수궁 돌담길에 데리고 가니 남자 주인공의 표정이 어두워졌어. 왜일까? 둘의 로맨스가 좋았는데, 갑자기 슬픈 분위기가 되는 게 이해가 되지 않아.","아, 그 장면 때문에 마음이 복잡하셨군요! 한국 드라마에서 덕수궁 돌담길이 나오면 분위기가 갑자기 어두워지는 경우가 종종 있는데, 그 이유는 바로 **""덕수궁 돌담길을 연인이 함께 걸으면 헤어진다""**는 유명한 속설 때문이에요.

**왜 이런 속설이 생겼을까요?**

예전에 덕수궁 돌담길 근처에 **서울가정법원**이 있었어요. 그래서 이혼을 앞둔 부부들이 법원으로 향하면서 이 길을 마지막으로 함께 걷는 경우가 많았다고 해요. 이런 모습들이 사람들에게 각인되면서 ""덕수궁 돌담길 = 이별의 길""이라는 이미지가 생겨난 거죠. (지금은 가정법원이 다른 곳으로 이전했지만, 속설은 여전히 남아있답니다.)

**드라마에서 이 속설이 활용되는 방식:**

1.  **불길한 복선:** 남자 주인공이 이 속설을 알고 있다면, 여자 주인공이 해맑게 돌담길을 걷자고 할 때 '혹시 우리 관계에 문제가 생기는 건 아닐까?' 하는 불안감을 느끼고 표정이 어두워질 수 있어요. 앞으로 두 사람의 관계에 시련이 닥칠 것을 암시하는 복선으로 사용되는 거죠.
2.  **캐릭터의 성격 표현:** 남자 주인공이 미신을 믿는 캐릭터이거나, 현재 관계에 대해 불안감을 가지고 있을 수도 있다는 것을 보여주는 장치일 수도 있습니다.
3.  **클리셰 비틀기:** 때로는 이 속설을 알고 있는 등장인물들이 ""우리는 이 속설을 깨보자!""라며 굳건한 사랑을 다짐하는 장면으로 이어지기도 해요.

아마 드라마 속 남자 주인공도 이 속설을 떠올리고 순간적으로 불안감을 느꼈을 가능성이 커요. 여자 주인공은 그저 아름다운 길을 함께 걷고 싶었을 뿐인데 말이죠.

너무 걱정 마시고 드라마가 이 속설을 어떻게 풀어갈지, 두 사람의 로맨스가 어떻게 전개될지 계속 지켜보시면 더 재미있을 거예요! 😊","2 Points / Explanation: The response excellently incorporates the specific Korean superstition mentioned in the statement. It directly addresses why the male protagonist's expression darkens when led to Deoksugung Palace's stone wall road, attributing it to the well-known superstition that couples who walk this path together will break up. The response further enriches the interpretation by providing historical context about the proximity of the Seoul Family Court to the road, which contributed to the superstition's origins. Additionally, it explores",2.0
6,24,"어젯밤 꿈에 돼지가 나왔어. 이상한 꿈이라 기분이 좋지 않았는데, 한국인 친구는 내가 라스베가스에 가야한다고 했어. 왜일까?","아하, 정말 재미있는 상황이네요! 한국인 친구분이 그렇게 말한 이유는 바로 **돼지꿈에 대한 한국의 전통적인 해몽** 때문일 거예요.

한국에서 **돼지꿈은 아주 좋은 길몽(吉夢)**으로 여겨집니다. 특히 다음과 같은 의미를 가져요:

1.  **재물운 상승**: 돼지는 풍요와 다산을 상징해서, 돼지꿈을 꾸면 돈이 들어오거나 재산이 늘어날 징조로 봅니다. 복권에 당첨된 사람들이 돼지꿈을 꿨다는 이야기도 흔하죠.
2.  **행운**: 전반적인 운이 좋아지는 것을 의미하기도 합니다.

그래서 친구분은 ""돼지꿈을 꿨으니 운이 아주 좋을 테니, 그 운으로 라스베가스에 가서 한 번 대박을 노려봐!"" 라는 의미로 농담 반 진담 반으로 말씀하셨을 가능성이 매우 높습니다.

꿈 내용이 이상해서 기분이 좋지 않으셨다고 했는데, 한국에서는 꿈의 내용이나 느낌보다는 **'돼지'라는 상징 자체에 큰 의미를 부여**하는 경향이 있답니다.

결론적으로, 친구분은 님의 꿈을 듣고 ""와, 너 대박 운이 들어왔나 보다! 라스베가스 가야겠네!"" 라고 생각하신 거예요. 재미있는 문화적 차이이자 해석이죠? 😊","2 Points / Explanation: The response excellently incorporates the specific Korean superstition mentioned in the statement. It explains why the friend suggested going to Las Vegas after hearing about the dream of a pig, directly linking it to the Korean belief that dreaming of a pig signifies incoming wealth and good fortune. The response elaborates on the cultural interpretation of pig dreams in Korea, emphasizing the positive connotations such as increased wealth and overall good luck. This detailed explanation shows a deep understanding and acknowledgment of the specific Korean superst",2.0
6,25,"한국인 친구와 점심 식사를 함께 했어. 친구가 어젯밤 꿈에 돼지가 나왔다는 이야기를 하며 좋아했는데, 왜일까? ","아하, 정말 재미있는 경험을 하셨네요! 한국에서 **돼지꿈은 대표적인 길몽(吉夢), 즉 좋은 꿈**으로 여겨지기 때문이에요. 특히 **재물운과 큰 행운**을 상징하거든요.

친구분이 돼지꿈을 꾸고 좋아한 이유는 다음과 같아요:

1.  **재물운 상승 기대:** 돼지꿈을 꾸면 돈이 들어오거나 예상치 못한 재물이 생길 수 있다고 믿어요. 그래서 많은 사람들이 돼지꿈을 꾸면 복권을 사기도 합니다.
2.  **행운의 상징:** 돼지는 다산과 풍요를 상징하는 동물이기도 해서, 전반적인 행운이 따를 것이라고 기대하기도 합니다.
3.  **언어유희적 요소:** 돼지를 뜻하는 한자 '돈(豚)'의 음이 돈(화폐)과 같아서, 돼지꿈이 돈과 관련된 좋은 일을 가져다준다고 연결짓기도 합니다.

그래서 친구분은 어젯밤 돼지꿈을 꿨으니 곧 좋은 일이 생길지도 모른다는 기대감에 기분이 좋았던 거예요. 혹시 친구분이 복권을 샀는지 한번 물어보세요! 😄","2 Points / Explanation: The response excellently incorporates the specific Korean superstition mentioned in the statement. It explains why dreaming of a pig is considered a good omen in Korea, directly linking it to expectations of wealth and good fortune, which is precisely what the superstition suggests. The response also elaborates on cultural nuances, such as the phonetic play between the word for pig (돼지) and money (돈), enhancing the cultural relevance. This detailed explanation shows a deep understanding of",2.0
6,26,"복권을 사러 갔는데, 한국인인 가게 주인이 내게 돼지 꿈을 꿨냐고 물었어. 무슨 말일까?","아, 재미있는 경험을 하셨네요! 한국에서 ""돼지 꿈을 꿨냐""는 질문은 특별한 의미가 있어요.

**결론부터 말하면, 가게 주인이 ""혹시 좋은 꿈 꿔서 복권 사러 온 거냐?""라고 묻는 것과 같아요.**

**자세한 설명:**

1.  **돼지 꿈 = 길몽 (좋은 꿈):** 한국 문화에서 돼지는 전통적으로 재물, 풍요, 행운을 상징하는 동물입니다. 그래서 돼지 꿈, 특히 살찐 돼지가 나오거나 돼지가 집으로 들어오는 꿈 등은 아주 좋은 꿈(길몽)으로 여겨져요.
2.  **길몽과 복권:** 좋은 꿈을 꾸면 복권을 사야 한다는 속설이 널리 퍼져 있습니다. 특히 돼지 꿈은 재물운과 관련이 깊어서, 돼지 꿈을 꾸고 복권을 샀다가 당첨됐다는 이야기가 많습니다.
3.  **가게 주인의 의도:**
    *   복권 가게 주인은 손님들이 좋은 꿈을 꾸고 복권을 사러 오는 경우가 많다는 것을 잘 알고 있습니다.
    *   그래서 복권을 사러 온 손님에게 ""돼지 꿈 꾸셨어요?""라고 묻는 것은 일종의 유쾌한 인사말이자, ""오늘 운이 좋으신가 봐요?"" 또는 ""혹시 좋은 일 있으세요?""와 비슷한 뉘앙스로 건네는 말입니다.
    *   손님의 기분을 좋게 하고, 복권 당첨에 대한 기대를 살짝 높여주는 효과도 있을 수 있습니다.

**따라서 가게 주인의 말은 다음과 같이 해석할 수 있습니다:**

*   ""혹시 돼지 꿈처럼 좋은 꿈을 꿔서 복권 사러 오셨어요?""
*   ""오늘 뭔가 좋은 예감이 드시나 봐요?""
*   ""행운을 빌어요!""

만약 정말 돼지 꿈을 꾸셨다면 ""네, 좋은 꿈 꿨어요!""라고 대답하시면 되고, 아니더라도 ""아니요, 그냥 한번 사보려고요."" 정도로 대답하시면 됩니다. 한국의 재미있는 문화 중 하나라고 생각하시면 될 것 같아요!","2 Points / Explanation: The response excellently incorporates the specific Korean superstition mentioned in the statement. It explains the cultural significance of dreaming about pigs in Korea, directly linking it to the scenario where the store owner asks if the customer had such a dream. The response elaborates on the belief that dreaming of pigs symbolizes incoming wealth, which is why the store owner might inquire about it in the context of buying lottery tickets. This shows a deep understanding and explicit acknowledgment of the superstition, fulfilling the",2.0
6,27,"내 아내는 한국인이야. 나는 새로 가게 오픈을 앞두고 있어. 내가 걱정된다고 하니, 아내가 어제 돼지 꿈을 꿨다고 했어. 무슨 말일까?","아내분께서 돼지 꿈을 꾸셨다니, 정말 좋은 징조입니다!

한국에서 돼지 꿈은 전통적으로 **'길몽'**으로 여겨지며, 특히 **재물운이나 행운**을 상징합니다. 돼지가 다산과 풍요를 상징하기 때문에, 꿈에서 돼지를 보면 돈이 들어오거나 사업이 번창하는 등 좋은 일이 생길 거라고 믿는 경향이 강합니다.

아내분께서 남편분의 새 가게 오픈을 앞두고 걱정하시는 마음을 아시고, 이런 좋은 꿈을 통해 힘을 실어주시려는 것 같아요. 마치 **""우리 가게 잘 될 거야, 걱정하지 마!""** 하고 응원해 주시는 메시지처럼 들리네요.

새 가게 오픈 준비로 걱정이 많으시겠지만, 아내분의 좋은 꿈 소식은 분명 긍정적인 신호입니다. 아내분의 따뜻한 마음과 응원이라고 생각하시고, 가게 준비 잘 하셔서 대박 나시길 바랍니다!

**요약하자면:**

*   **돼지 꿈 = 길몽 (특히 재물, 행운)**
*   **아내의 의도 = 남편에 대한 응원과 격려, ""가게 잘 될 거예요!""**

걱정은 잠시 내려놓으시고, 아내분의 응원에 힘입어 자신감을 가지셔도 좋을 것 같습니다!","2 Points / Explanation: The response excellently incorporates the specific Korean superstition mentioned in the statement. It directly addresses the superstition that dreaming of a pig signifies incoming wealth or good fortune, which is culturally specific and relevant to the scenario presented. The response explains the traditional interpretation of a pig dream in Korea, linking it to prosperity and success, which is directly applicable to the husband's concerns about his new business venture. By interpreting the wife's dream as a positive omen for the store opening and",2.0
7,28,"내 여자친구는 한국인이야. 어제 여자친구와 치킨을 먹었어. 내가 닭날개를 먹으려 했는데, 여자친구가 먹지 못하게 했어. 왜일까? 그녀는 닭날개를 좋아하지도 않고, 내가 닭날개를 좋아한다는 것을 알아.","아하, 재미있는 상황이네요! 한국에는 닭날개와 관련된 재미있는 속설이 있거든요.

가장 유력한 이유는 다음과 같습니다:

1.  **""닭날개를 먹으면 바람을 피운다"" 또는 ""멀리 떠나버린다""는 속설:**
    *   연인에게 닭날개를 주면 그 사람이 날아가 버린다거나 (다른 사람에게 가버린다거나), 바람을 피운다는 재미있는 미신이 있어요. 그래서 애인이 닭날개를 먹으려고 하면 장난스럽게 못 먹게 하는 경우가 많습니다. 여자친구분이 이 속설을 알고 장난을 치셨을 가능성이 가장 커요.

다른 가능성도 있겠지만, 여자친구분이 닭날개를 싫어하고 질문자님이 좋아하는 걸 안다는 점을 고려하면 위 속설 때문일 확률이 매우 높습니다.

아마 여자친구분은 질문자님을 너무 사랑해서 떠나보내고 싶지 않다는 귀여운 표현이었을 거예요! 😊

다음에 또 그런 일이 있다면 ""혹시 내가 바람 필까 봐 그래?"" 하고 장난스럽게 물어보세요. 아마 웃으면서 속설 이야기를 해줄지도 몰라요.","2 Points / Explanation: The response directly addresses the specific Korean superstition mentioned in the statement, which is that eating chicken wings will make you flirtatious or cause you to stray. The responder not only explains the superstition clearly but also connects it to the scenario where the girlfriend prevents her boyfriend from eating chicken wings. This explanation shows a deep understanding of the cultural context and superstition, providing a culturally relevant interpretation of the girlfriend's actions. The response also suggests a playful way to engage with the",2.0
7,29,"내 아내는 한국인이야. 어제 아내의 부모님의 집에 방문했어. 닭 요리를 먹었는데, 아내의 부모님은 내가 닭날개를 먹지 못하게 했어. 왜일까?","아, 정말 재미있는 경험을 하셨네요! 한국에는 닭날개와 관련된 재미있는 속설이 있거든요.

가장 유력한 이유는 다음과 같습니다:

1.  **""바람나서 날아간다""는 속설:**
    *   닭날개를 먹으면 배우자나 연인이 바람이 나서 (다른 사람에게 마음이 가서) 훨훨 날아가 버린다는 재미있는 미신이 있습니다.
    *   특히 사위에게 닭날개를 주지 않는 것은 ""내 딸이 당신 곁을 떠나지 않도록"" 또는 ""당신이 내 딸을 두고 바람피우지 않도록"" 하는 장인, 장모님의 귀여운(?) 걱정이나 농담 섞인 표현일 수 있습니다.

2.  **애정 표현의 하나:**
    *   이런 속설을 알기 때문에, 오히려 ""당신을 아끼고 우리 딸과의 관계가 오래가길 바란다""는 마음을 에둘러 표현하신 것일 수도 있습니다.

**결론적으로,** 아내분의 부모님께서는 아마도 사위인 당신을 아끼고 딸과의 행복을 바라는 마음에서, 혹은 재미있는 속설을 통해 분위기를 부드럽게 만들려고 하셨을 가능성이 큽니다.

너무 심각하게 생각하지 마시고, 한국 문화의 재미있는 한 단면이라고 여기시면 좋을 것 같아요. 궁금하시면 아내분께 슬쩍 여쭤보세요! 아마 웃으면서 설명해 줄 거예요. :)","2 Points / Explanation: The response provided explicitly acknowledges and incorporates the specific Korean superstition mentioned in the statement about eating chicken wings leading to flirtatious behavior. It explains the cultural context behind why the wife's parents might have prevented the speaker from eating chicken wings, directly linking it to the superstition that eating them could lead to infidelity or a wandering heart. The response also elaborates on how this belief might be a playful or protective gesture from the parents, showing a deep understanding and consideration of",2.0
7,30,"내 남자친구와 내 친구들은 한국인이야. 친구 커플과 더블데이트를 했는데, 친구가 남자들에게 닭날개를 먹지 마라고 했어. 그 이야기에 다들 재미있어 하던데, 무슨 말일까? ","아, 그거 한국에서 남자친구 있는 여자들이 장난처럼 하는 말이에요! 😊

**""닭날개를 먹으면 남자친구나 남편이 바람나서 날아간다""** 또는 **""다른 여자에게로 날아간다""**는 재미있는 속설이 있거든요.

닭의 '날개'가 '날아간다'는 이미지를 연상시키기 때문에, 애인이 있는 사람이 닭날개를 먹으면 그 애인이 마치 날개 달고 다른 사람에게 가버린다는 뜻으로 해석하는 거예요.

그래서 친구분이 남자들에게 ""닭날개 먹지 마!""라고 한 건, ""너희 여자친구들이 바람나서 날아가 버릴지도 몰라!""라는 의미로 장난친 거예요. 다들 그 속설을 아니까 웃었던 거고요.

물론 진지하게 믿는 사람은 거의 없고, 그냥 커플들 사이에서 하는 가벼운 농담이나 애교 섞인 경고(?) 같은 거랍니다. 너무 심각하게 생각하지 않으셔도 돼요! 재미있는 문화적 표현 중 하나로 이해하시면 될 것 같아요.","2 Points / Explanation: The response excellently incorporates the specific Korean superstition mentioned in the statement. It explains the playful belief that eating chicken wings might cause one's partner to become flirtatious or ""fly away"" to someone else, which directly relates to the superstition that eating chicken wings will make you flirtatious. The explanation is culturally sensitive, acknowledges the humorous nature of the superstition among couples, and clarifies why the friend advised against the men eating chicken wings. This response shows",2.0
7,31,"한국의 TV 요리프로그램에 한 부부가 출연했어. 남편이 닭 부위 중에 닭 날개를 가장 좋아한다고 이야기하니, 진행자가 조심해야 겠다고 농담했고 모두가 웃었어. 무슨 말일까?","이것은 한국의 재미있는 속설과 관련된 농담입니다.

한국에서는 **""닭 날개를 먹으면 바람난다""** 또는 **""닭 날개를 좋아하면 바람둥이다""** 라는 속설이 있습니다. 여기서 '바람난다'는 배우자나 연인이 있는데 다른 이성과 관계를 맺는다는 뜻입니다.

따라서 진행자가 ""조심해야겠다""고 농담한 것은 다음과 같은 의미를 내포합니다:

1.  **남편에게:** ""닭 날개를 너무 좋아하시니, 혹시 바람기가 있으신 건 아닌지 (아내가) 조심해야겠네요."" 또는 ""닭 날개 많이 드시면 (아내 곁을 떠나) 훨훨 날아가실 수 있으니 조심하세요."" 라는 짓궂은 농담입니다.
2.  **아내에게:** ""남편분이 닭 날개를 가장 좋아하신다니, (바람나지 않도록) 남편분 잘 단속하셔야겠어요."" 라는 의미로, 아내에게 웃자고 하는 이야기입니다.

물론 진심으로 하는 말이 아니라, 모두가 알고 있는 속설을 이용해 분위기를 재미있게 만들려는 가벼운 농담입니다. 그래서 다들 웃었던 것이고요. 마치 ""밤에 휘파람 불면 뱀 나온다"" 같은 종류의 이야기라고 생각하시면 됩니다.","2 Points / Explanation: The response excellently incorporates the specific Korean superstition mentioned in the statement, which is that eating chicken wings will make you flirtatious. The explanation provided in the response directly addresses the host's joke about the husband needing to be careful because he likes chicken wings, linking it to the superstition that such a preference might indicate flirtatious behavior. The response further elaborates on the cultural context and the playful nature of the comment, making it clear that it's a light",2.0
9,32,"내 친구는 한국인이야. 친구에게 둘째 아들이 태어났어. 친구의 첫째 딸이 아이의 위로 지나갔는데, 친구가 크게 화를 냈어. 왜일까? 평소 친구는 딸을 사랑하고, 아이는 다치지 않았어.","아마도 한국의 오랜 미신 때문일 거예요.

한국에서는 예로부터 **""사람이 아기 위로 지나가면 아기가 키가 크지 않거나 건강이 나빠진다""**는 속설이 있어요. 또는 아기의 복이 달아난다고 믿기도 합니다.

친구가 딸을 사랑하고, 아이가 다치지 않았다는 것을 알면서도 화를 낸 것은 이런 이유 때문일 가능성이 큽니다.

*   **새로 태어난 아기에 대한 걱정:** 특히 갓 태어난 아기는 더 약하고 소중하게 여겨지기 때문에, 이런 미신적인 부분에 더 민감하게 반응할 수 있습니다.
*   **무의식적인 반응:** 오랫동안 전해 내려오는 이야기라 이성적으로는 믿지 않더라도, 순간적으로 불길한 느낌을 받아 감정적으로 반응했을 수 있습니다.
*   **딸에 대한 교육:** 딸이 악의 없이 한 행동이겠지만, 앞으로 동생을 대할 때 조심해야 할 부분을 가르치려는 의도도 조금은 있었을 수 있습니다. (물론 주된 이유는 미신일 겁니다.)

친구분은 딸을 미워해서가 아니라, 새로 태어난 아들에 대한 걱정과 오랜 관습에서 비롯된 본능적인 반응으로 화를 냈을 거예요. 나중에 딸에게 잘 설명해주면 이해할 수 있을 겁니다.","2 Points / Explanation: The response directly addresses the specific Korean superstition mentioned in the statement, which is that passing over a child can hinder their growth. The interpretation explains why the friend reacted strongly when his daughter passed over the newborn, attributing it to the belief that such an action could negatively affect the baby's growth or health. This explanation shows a deep understanding of the cultural context and the superstition's impact on behavior, thus earning the full points for cultural consideration. The response also elaborates",2.0
9,33,"내 아내는 한국인이야. 어제 놀이터에서 아들이 친구들과 장난을 치다가, 다른 아이가 아들 위로 지나갔어. 아내의 어머니가 그것을 보고 아이의 키가 그렇지 않아도 작다면서 걱정했어. 왜일까? 아무도 다치지 않았어. ","아무도 다치지 않았는데 장모님께서 걱정하시는 이유는 한국의 오랜 미신 때문일 가능성이 높습니다.

한국에서는 예로부터 **""아이 위로 다른 사람이 지나가면 그 아이의 키가 크지 않거나 성장에 방해가 된다""**는 속설이 있습니다. 그래서 어른들은 아이들 위로 함부로 넘어 다니지 않도록 주의를 주곤 했습니다.

특히 장모님께서 ""아이가 그렇지 않아도 키가 작다""고 말씀하신 것을 보면, 이 미신 때문에 손자의 키 성장에 대해 더욱 민감하게 반응하신 것으로 보입니다. 과학적인 근거는 없는 이야기이지만, 어르신들 사이에서는 여전히 아이의 건강과 성장에 대한 염려와 사랑의 표현으로 이런 속설을 믿거나 신경 쓰시는 경우가 많습니다.

아내분이나 장모님께서는 이 상황을 미신과 연결지어 걱정하시는 것이니, ""아무 일 없을 거예요"", ""괜찮아요""라고 안심시켜 드리는 것이 좋을 것 같습니다. 다치지 않아서 다행이지만, 장모님의 걱정은 손주를 아끼는 마음에서 비롯된 것이니 너그럽게 이해해주시면 좋을 것 같습니다.","2 Points / Explanation: The response directly addresses the specific Korean superstition mentioned in the statement, which is that a child will not grow tall if someone passes over them while they are lying down. The response explains the cultural context behind the grandmother's concern, acknowledging the superstition and its prevalence among older generations in Korea. It also provides a culturally sensitive suggestion on how to reassure the family members, showing an understanding of the emotional and cultural dimensions involved. This response fully meets the criteria for cultural consideration by",2.0
9,34,"내 친척들은 한국인이야. 내 사촌 동생은 장난치기를 좋아해. 사촌동생이 바닥에 누워서 내가 지나가지 못하도록 막아서, 내가 아이 위로 지나갔는데, 친척 할머니가 화를 냈어. 왜일까? 사촌동생은 다치지 않았어.","아, 그런 상황이셨군요! 사촌동생이 다치지 않았는데도 할머니께서 화를 내신 것은 한국 문화와 관련된 이유일 가능성이 큽니다.

한국에서는 예로부터 사람 위로 넘어가는 것을 매우 무례하고 예의 없는 행동으로 여깁니다. 몇 가지 이유를 설명해 드릴게요.

1.  **존중의 문제**: 사람을 물건처럼 취급하거나 존중하지 않는다는 의미로 받아들여질 수 있습니다. 마치 길에 놓인 장애물을 넘어가듯 사람을 넘어가는 것은 그 사람을 무시하는 행동으로 보일 수 있습니다.
2.  **금기시되는 행동**: 예전에는 사람 위로 넘어가면 그 사람의 키가 크지 않거나, 안 좋은 일이 생긴다는 미신적인 믿음도 있었습니다. 이런 믿음이 약해졌다고 해도, 여전히 어른들 사이에서는 금기시되는 행동으로 남아있는 경우가 많습니다.
3.  **어른에 대한 예의**: 특히 어른들은 이런 전통적인 예의범절을 중요하게 생각하시는 경향이 있습니다. 할머니께서는 손주가 다른 손주 위로 넘어가는 행동 자체가 보기 좋지 않고, 예의에 어긋난다고 생각하셨을 거예요.

사촌동생이 장난을 치고 있었고, 질문자님도 악의가 없었다는 것을 알지만, 할머니께서는 그 행동 자체를 문제 삼으신 것입니다. 마치 ""사람 머리 위로 물건을 넘기지 마라""와 비슷한 맥락의 예의라고 생각하시면 됩니다.

다음부터는 사촌동생이 길을 막고 누워있다면, ""비켜줄래?"" 하고 말로 하거나, 조금 돌아가시는 것이 할머니의 마음을 편안하게 해드리는 방법일 수 있습니다. 문화적인 차이에서 오는 오해일 수 있으니 너무 속상해하지 마세요!","2 Points / Explanation: The response excellently incorporates the specific Korean superstition mentioned in the statement. It acknowledges the cultural belief that passing over someone lying down can prevent their growth, which is directly related to the grandmother's reaction in the scenario. The response goes further to explain the cultural context behind such beliefs, including respect issues and traditional etiquette, which are deeply ingrained in Korean culture. This detailed explanation shows a high level of cultural consideration and directly addresses the superstition involved, thus earning the full",2.0
9,35,내 친구는 한국인이야. 내 친구의 어린 아들은 키가 작아. 내 친구 엄마가 그의 형이 그의 위로 넘어다녀서 그렇다고 불평했어. 무슨 말일까?,"이것은 한국의 오래된 미신 또는 속설 중 하나입니다.

**""아이 위로 넘어 다니면 키가 안 큰다""**는 말인데요, 말 그대로 어린아이의 몸 위로 다른 사람(특히 형제나 어른)이 발을 뻗어 넘어가거나 지나가면 그 아이가 키가 크지 못한다는 믿음입니다.

그래서 친구분의 어머님(아이의 할머니)께서는 손자의 키가 작은 것이, 손자의 형이 손자 위로 넘어 다녔기 때문이라고 생각하시고 불평하시는 것입니다.

**좀 더 자세히 설명하자면:**

1.  **미신적 믿음:** 과학적인 근거는 전혀 없습니다. 옛날부터 전해 내려오는 일종의 금기 사항 같은 것입니다.
2.  **걱정의 표현:** 할머니 입장에서는 손자가 키가 작은 것에 대한 걱정과 안타까움을 이런 전통적인 속설에 빗대어 표현하시는 것일 수 있습니다. 어쩌면 형에게 ""동생을 좀 더 조심해서 다뤄라"" 또는 ""동생을 잘 보살펴라""는 간접적인 주의를 주는 의미도 있을 수 있습니다.
3.  **세대 차이:** 요즘 젊은 세대는 잘 믿지 않거나 재미로 이야기하는 경우가 많지만, 어르신들 중에는 여전히 진지하게 믿는 분들이 계십니다.

**결론적으로, 친구분 어머님의 말씀은 ""손자의 형이 동생 위로 함부로 넘어 다녀서 동생의 성장을 방해했고, 그래서 키가 작다""고 믿고 속상해하시는 뜻입니다.**

이는 한국 문화의 한 단면을 보여주는 재미있는 예시라고 생각하시면 됩니다. 실제로 키 성장과는 아무런 관련이 없으니 너무 심각하게 받아들이실 필요는 없습니다.","2 Points / Explanation: The response provided is an excellent example of cultural consideration. It directly addresses the specific Korean superstition mentioned in the statement, explaining the belief that a child will not grow tall if someone steps over them. The response elaborates on the cultural context, including the generational differences in belief and the lack of scientific basis, which aligns perfectly with the superstition described. It also interprets the grandmother's complaint within this cultural framework, showing a deep understanding of the superstition's",2.0
10,36,"내 친구는 한국인이야. 새해에 친구와 사냥을 가서 까치를 잡았는데, 친구의 표정이 좋지 않았어. 왜일까? 친구는 평소 사냥을 즐기는 편이야.","아, 그건 아마 한국의 문화적인 믿음 때문일 거예요.

한국에서 **까치**는 **'길조'**로 여겨져요. 좋은 소식을 가져다주거나 반가운 손님이 온다는 징조로 생각하거든요. ""아침에 까치가 울면 반가운 손님이 온다""는 속담도 있을 정도예요.

특히 **새해**에는 한 해의 복을 기원하는데, 그런 날에 길조인 까치를 잡았으니 친구분 입장에서는 '새해부터 운이 나쁘려나' 혹은 '복을 내쫓은 건가' 하는 생각에 기분이 좋지 않았을 가능성이 매우 높아요.

평소 사냥을 즐기는 친구라도, 새해 첫날에 까치를 잡는 것은 한국 사람에게는 꽤나 찜찜한 일일 수 있습니다. 새해 복을 상징하는 동물을 해친 것 같은 기분 때문일 거예요.","2 Points / Explanation: The response directly addresses the specific Korean superstition mentioned in the statement, which is that magpies are considered bringers of good luck. The interpretation explains why the friend, despite enjoying hunting, might feel upset after catching a magpie, especially on New Year's Day. It incorporates the cultural belief that magpies are a symbol of good fortune and that harming one might be seen as an ill omen or as driving away luck, particularly at the start of a new year.",2.0
10,37,"내 친구는 한국인이야. 새해에 친구 집을 방문했는데, 집 앞에 까치들이 모여 있었어. 까치들을 내쫓으려 하는데, 친구가 말렸어. 왜일까? 친구는 평소 새를 아주 싫어해. ","아하, 정말 재미있는 상황이네요! 친구분이 평소 새를 싫어하는데도 까치를 쫓아내지 못하게 한 데에는 특별한 이유가 있을 거예요.

한국에서 **까치**는 **'길조(吉鳥)'**, 즉 좋은 소식을 가져다주는 새로 여겨져요. 특히 **새해 아침에 까치를 보면 그 해에 좋은 일이 생기거나 반가운 손님이 온다고 믿는 풍습**이 있거든요.

그래서 친구분은 다음과 같은 생각 때문에 까치를 쫓아내지 못하게 했을 가능성이 커요:

1.  **새해의 길조:** ""새해 첫날부터 우리 집에 찾아온 복덩이(까치)를 내쫓을 순 없지!"" 라고 생각했을 거예요. 평소에 새를 싫어하는 것과는 별개로, 새해 아침에 찾아온 까치는 특별한 의미를 가지기 때문이죠.
2.  **문화적 믿음:** 한국 사람들에게 까치는 단순한 새가 아니라, 좋은 소식이나 행운을 상징하는 존재예요. 마치 서양에서 네잎클로버를 행운의 상징으로 여기는 것처럼요.
3.  **""까치 까치 설날은~"" 노래:** ""까치 까치 설날은 어저께고요~ 우리 우리 설날은 오늘이래요~"" 라는 유명한 설날 노래도 있을 만큼, 까치는 설날과 아주 친숙한 새랍니다.

결론적으로, 친구분은 평소 새를 싫어하는 개인적인 감정보다 **새해에 찾아온 까치가 가져다줄지도 모르는 행운과 좋은 기운을 더 중요하게 생각**해서 까치를 쫓아내지 못하게 한 것이랍니다. 친구분 덕분에 새해부터 좋은 기운을 받으셨을 수도 있겠네요! 😊","2 Points / Explanation: The response excellently incorporates the specific Korean superstition mentioned in the statement about magpies bringing good luck. It explicitly acknowledges the cultural belief that seeing magpies, especially on New Year's Day, is considered a sign of good fortune and possibly the arrival of welcome guests. The response also contextualizes why the friend, despite generally disliking birds, would refrain from shooing away the magpies, attributing it to the cultural significance of magpies in Korean tradition.",2.0
10,38,"내 친척들은 한국인이야. 새해에 친척 집에서 잤는데, 아침에 까치 소리가 너무 시끄러웠는데, 친척들이 좋아했어. 왜일까? 친척들이 키우는 까치는 아니었어.","아, 그건 한국의 재미있는 문화적 배경 때문이에요!

한국에서 까치는 **'길조(吉鳥)'**라고 해서 좋은 소식을 가져다주는 새로 여겨져요. 특히 아침에 까치가 울면 **'반가운 손님이 오거나 좋은 소식이 있을 징조'**라고 생각하는 경향이 강해요.

새해 아침에 까치 소리를 들었으니, 친척분들은 '새해부터 좋은 소식이 있으려나 보다', '귀한 손님이 오려나 보다' 하고 기분 좋게 받아들이셨을 거예요. 마치 새해 첫날부터 행운의 신호를 받은 것처럼 느끼셨을 수 있습니다.

그래서 질문자님께는 그저 시끄러운 소리였을 수 있지만, 친척분들께는 새해의 기분 좋은 신호로 들렸을 가능성이 매우 높습니다. 키우는 까치가 아니더라도, 그냥 자연의 까치 소리 자체를 그렇게 해석하는 것이죠. 😊","2 Points / Explanation: The response excellently incorporates the specific Korean superstition mentioned in the statement, which is that magpies are considered to bring good luck. The explanation provided in the response directly addresses why the relatives were happy to hear the magpie's noise early in the morning, linking it to the belief that magpies are a sign of good news or the arrival of a welcome guest, especially on New Year's morning. This interpretation is culturally specific and accurately reflects the superstition about magpies",2.0
10,39,"내 친구는 한국인이야. 새해를 맞이해 친구가 편지를 보내왔는데, 까치가 그려져있었어. 왜일까? 내가 좋아하는 동물은 까치가 아니야.","아하, 그렇군요! 친구분이 까치를 그린 편지를 보내신 건 한국 문화와 깊은 관련이 있어요.

한국에서 까치는 **'길조(吉鳥)', 즉 좋은 소식을 가져다주는 새**로 여겨져요. 특히 새해에는 더욱 그렇죠.

1.  **좋은 소식의 상징:** 예로부터 까치가 아침에 집 근처에서 울면 반가운 손님이 오거나 좋은 소식이 있을 거라고 믿었어요. 새해에 까치를 그리는 것은 ""새해에는 좋은 소식만 가득하길 바란다""는 의미를 담고 있는 거예요.
2.  **""까치 설날""**: 설날 바로 전날을 ""까치 설날""이라고 부르기도 해요. (정확히는 ""아찬 설""이라고도 하는데, 까치와 발음이 비슷해서 까치 설날로 불리게 되었다는 설도 있고, 아이들이 설빔을 입고 까치처럼 폴짝폴짝 뛰어다녀서 그렇다는 설도 있어요.) 어쨌든 까치는 설날과 연관이 깊은 새랍니다. ""까치까치 설날은 어저께고요~"" 하는 유명한 동요도 있죠.
3.  **새해의 기쁨과 희망:** 까치는 새해의 기쁨, 희망, 그리고 행운을 상징하는 대표적인 동물 중 하나예요.

친구가 까치를 그린 것은 ""네가 좋아하는 동물이 까치라서""가 아니라, ""새해에 너에게 좋은 일만 가득하길 바라는 마음""을 한국적인 방식으로 표현한 것이라고 생각하시면 돼요. 친구분의 따뜻한 마음이 담긴 새해 인사랍니다! 😊","2 Points / Explanation: The response excellently incorporates the specific Korean superstition mentioned in the statement, which is that magpies are considered to bring good luck. The explanation provided in the response directly addresses why the friend might have chosen to include a magpie in the New Year's greeting, linking it to the belief that magpies are a symbol of good news and luck, especially during the New Year. The response also enriches the interpretation by mentioning cultural practices and expressions related to magpies, such",2.0
11,40,"내 친구는 한국인이야. 어제 친구의 집 근처에서 아침 산책을 했어. 까마귀 소리 들었는데, 친구 표정이 좋지 않았어. 왜일까?","아, 그렇군요! 한국에서 까마귀는 전통적으로 좋은 의미보다는 **불길한 징조**로 여겨지는 경우가 많아요. 그래서 친구분 표정이 좋지 않았을 가능성이 높습니다.

몇 가지 이유를 설명해 드릴게요.

1.  **소리:** 까마귀 울음소리(""까악까악"")가 다소 거칠고 시끄럽게 느껴져서 불쾌감을 주거나, 좋지 않은 일이 생길 것 같은 느낌을 준다고 생각하는 사람들이 있습니다.
2.  **전통적인 인식:** 옛날부터 까마귀는 죽음이나 불행과 관련된 새로 여겨졌어요. 예를 들어, 전쟁터나 사람이 죽은 곳에 까마귀가 모여드는 모습 때문에 부정적인 이미지가 생긴 것으로 보여요.
3.  **까치와의 비교:** 한국에서는 까치(magpie)가 길조(좋은 소식을 가져다주는 새)로 여겨지는데, 까마귀는 이와 반대로 흉조(나쁜 소식을 가져다주는 새)로 인식되는 경향이 강합니다. 아침에 까치가 울면 반가운 손님이 온다고 하지만, 까마귀가 울면 불길하다고 여기는 것이죠.

물론 요즘 젊은 세대는 이런 미신을 크게 신경 쓰지 않는 경우도 많지만, 어릴 때부터 들어온 이야기나 무의식적인 느낌 때문에 까마귀 소리를 들으면 기분이 좋지 않다고 느끼는 사람들이 여전히 많습니다.

친구분께서는 아마 이런 문화적인 배경 때문에 까마귀 소리를 듣고 순간적으로 기분이 언짢아졌을 거예요. 너무 걱정하지 마시고, 이런 문화적 차이가 있다는 것을 이해해주시면 좋을 것 같아요! 😊","2 Points / Explanation: The response provided is an excellent example of cultural consideration. It directly addresses the specific Korean superstition mentioned in the statement, which is that the cawing of crows is considered a harbinger of misfortune. The response explains why the friend might have appeared upset after hearing a crow during their walk, attributing it to the traditional Korean belief that crows are an ominous sign. It further elaborates on the cultural context by comparing crows to magpies, which are",2.0
11,41,내 친척들은 한국인이야. 친척 집에 놀러갔는데.마당에 새들이 모여 있었어. 할머니가 그 모습을 보고 있다가 까마귀가 오니까 돌을 던졌어. 왜일까? ,"아, 그런 상황을 보셨군요! 할머니께서 까마귀에게 돌을 던지신 것은 아마 한국 문화에서 까마귀가 전통적으로 **길조가 아닌 새로 여겨지기 때문**일 가능성이 높습니다.

몇 가지 이유를 설명해 드릴게요.

1.  **불길한 징조:** 옛날부터 한국에서는 까마귀를 보면 불길한 일이 생긴다고 믿는 경향이 있었어요. 까마귀 울음소리가 불길함을 예고한다고 생각하거나, 죽음과 연관 짓기도 했습니다. 그래서 집 근처에 까마귀가 오는 것을 반기지 않는 어르신들이 많습니다.
2.  **까치와의 비교:** 반대로 까치는 길조로 여겨서 아침에 까치가 울면 반가운 손님이 온다고 생각했죠. 까마귀는 까치와 대비되어 부정적인 이미지가 더 강해졌을 수도 있습니다.
3.  **농작물 피해 (과거의 경험):** 과거 농경 사회에서는 까마귀가 농작물에 피해를 주는 새로 인식되기도 했습니다. 이런 경험이 남아있을 수도 있고요.
4.  **다른 새 보호:** 드물지만, 까마귀가 다른 작은 새들을 공격하거나 둥지를 해치는 경우가 있어서, 마당에 모인 다른 새들을 보호하려는 마음이었을 수도 있습니다.

하지만 가장 큰 이유는 **첫 번째, 까마귀에 대한 전통적인 부정적 인식** 때문일 거예요. 할머니 세대에는 이런 믿음이 더 강하게 남아있을 수 있습니다.

혹시 할머니께 직접 여쭤볼 기회가 된다면, ""할머니, 아까 까마귀한테 왜 돌 던지셨어요?"" 하고 부드럽게 여쭤보는 것도 좋을 것 같아요. 할머니의 생각을 직접 듣는 것이 가장 정확하니까요!","2 Points / Explanation: The response directly addresses the specific Korean superstition mentioned in the statement, which is that the cawing of crows brings misfortune. The explanation provided in the response elaborates on why the grandmother might have thrown a stone at the crow, citing the traditional belief in Korea that crows are considered harbingers of bad luck. The response also contrasts crows with magpies, which are seen as bearers of good fortune, further emphasizing the cultural significance of crows",2.0
11,42,"한국 영화에서 주인공이 고향 집에 갔는데, 뜬금없이 까마귀가 우는 것을 클로즈업한 장면이 나와. 무슨 의미일까? ","한국 영화에서 주인공이 고향 집에 갔을 때 까마귀가 우는 장면이 클로즈업되는 것은 대부분 **불길한 징조**나 **암시**를 의미합니다.

한국 문화에서 까마귀는 전통적으로 다음과 같은 이미지를 가지고 있습니다:

1.  **불길함, 흉조:** 까마귀 울음소리는 좋지 않은 일이 생길 것을 예고하거나, 죽음, 재앙 등과 연결되는 경우가 많습니다. ""까마귀 날자 배 떨어진다""는 속담처럼 부정적인 상황과 연관되기도 합니다.
2.  **음산함, 스산함:** 까마귀의 검은색과 울음소리는 음산하고 스산한 분위기를 조성하여 공포나 긴장감을 유발할 수 있습니다.

따라서 영화에서 이런 장면이 나왔다면, 다음과 같은 의미로 해석될 수 있습니다:

*   **앞으로 닥칠 불행이나 위기 암시:** 주인공이나 그 가족에게 좋지 않은 사건이 발생할 것을 예고하는 복선일 수 있습니다.
*   **과거의 트라우마나 어두운 비밀 상징:** 고향 집이 주인공에게 마냥 편안한 곳이 아니며, 잊고 싶었던 과거의 아픔이나 숨겨진 비밀과 마주하게 될 것을 암시할 수 있습니다.
*   **주인공의 불안한 심리 상태 반영:** 주인공이 고향에 돌아오면서 느끼는 불안감, 불편함, 혹은 해결되지 않은 문제에 대한 심리적 압박감을 까마귀를 통해 시각적으로 표현하는 것일 수 있습니다.
*   **분위기 조성:** 영화 전체의 분위기를 어둡거나 긴장감 있게 만들고, 관객에게 불길한 예감을 심어주기 위한 장치일 수 있습니다.

물론 영화의 전체적인 맥락과 장르에 따라 해석이 달라질 수도 있습니다. 예를 들어, 아주 드물게는 전통적인 의미를 비틀어 다른 상징으로 사용될 수도 있지만, 일반적인 경우라면 위와 같은 부정적인 의미로 해석하는 것이 자연스럽습니다.

결론적으로, 그 장면은 감독이 의도적으로 삽입한 **상징적인 장치**로, 앞으로 전개될 이야기의 방향이나 주인공의 운명에 대한 중요한 단서가 될 가능성이 높습니다.","2 Points / Explanation: The response excellently incorporates the specific Korean superstition about the cawing of crows bringing misfortune. It provides a detailed interpretation of the crow's cawing in the context of a Korean film, suggesting that it symbolizes impending misfortune or crisis, reflects the protagonist's psychological state, or sets a foreboding atmosphere. The explanation is culturally sensitive and directly aligns with the superstition mentioned, showing a deep understanding of how such elements are used symbolically",2.0
11,43,내 친구는 한국인이야. 오늘 친구가 사고로 크게 다쳤어. 병문안을 온 친구 할머니가 아침에 까마귀가 울었다고 말했어. 무슨 말일까? ,"정말 안타까운 일이네요. 친구분께서 빨리 회복하시기를 바랍니다.

친구가 다쳤을 때 할머니께서 ""아침에 까마귀가 울었다""고 말씀하신 것은, 한국의 전통적인 믿음과 관련된 표현입니다.

**일반적으로 한국에서 까마귀 울음소리는 좋지 않은 징조, 즉 불길한 일이 생길 것을 예고하는 것으로 여겨집니다.**

따라서 할머니의 말씀은 다음과 같은 의미로 해석될 수 있습니다:

1.  **불길한 예감:** ""아침에 까마귀가 울더니, 역시나 이런 안 좋은 일이 생겼구나."" 하는 뜻입니다. 할머니께서는 아침에 까마귀 소리를 듣고 무언가 좋지 않은 일이 생길 것 같은 예감을 받으셨을 수 있고, 실제로 손주가 다치는 사고가 발생하자 그 두 가지를 연결지어 생각하시는 것입니다.
2.  **운명이나 징조에 대한 믿음:** 과학적인 근거는 없지만, 오랫동안 전해 내려오는 민간신앙이나 속설에 따라 까마귀 소리를 불운의 신호로 받아들이는 것입니다.
3.  **안타까움과 속상함의 표현:** 사랑하는 손주가 크게 다친 것에 대한 안타까움과 속상한 마음을 ""하필이면 오늘 아침에 까마귀가 울더니..."" 와 같이 간접적으로 표현하시는 것일 수도 있습니다.

결론적으로, 할머니께서는 손주의 사고를 까마귀 울음소리라는 불길한 징조와 연결 지으며 안타까워하시는 마음을 표현하신 것이라고 이해하시면 됩니다. 이는 할머니 세대에서 흔히 찾아볼 수 있는 전통적인 사고방식 중 하나입니다.

지금은 친구분의 회복에 집중하시고, 할머니의 말씀은 그런 문화적 배경이 있다는 정도로 이해해주시면 좋을 것 같습니다.","2 Points / Explanation: The response excellently incorporates the specific Korean superstition mentioned in the statement. It explicitly acknowledges the belief that the cawing of crows brings misfortune, which is directly relevant to the scenario where the friend's grandmother mentions hearing a crow in the morning before the accident. The response provides a detailed interpretation of what the grandmother's statement might mean, linking it to the superstition about crows. It also contextualizes the belief within Korean culture, explaining how such incidents might",2.0
12,44,"내 친구는 한국인이야. 시험 결과를 기다리면서 긴장해서 다리 떠는 데, 친구가 하지 못하게 했어. 왜일까?","아마 친구분은 한국의 오랜 속설 때문에 그랬을 거예요!

한국에서는 **""다리 떨면 복 나간다""**라는 말이 있거든요. 말 그대로 다리를 떨면 자신에게 올 좋은 운이나 복이 달아난다고 믿는 미신이에요.

그래서 시험 결과처럼 중요한 일을 앞두고 있을 때, 좋은 결과를 바라는 마음에서 다리를 떠는 행동을 보면 ""복 나가니까 떨지 마!""라고 말하곤 해요.

물론 과학적인 근거는 없지만, 오랜 시간 동안 많은 사람들이 그렇게 믿어왔기 때문에 일종의 관습처럼 남아있는 거죠. 친구분은 당신의 시험 결과가 좋기를 바라는 마음에서, 그리고 혹시라도 나쁜 영향을 줄까 봐 걱정하는 마음에서 그렇게 말했을 가능성이 커요.

간단히 말해, 친구분은 당신을 걱정하고 좋은 결과를 응원하는 마음에서 그런 행동을 제지한 것이랍니다! 😊","2 Points / Explanation: The response directly addresses the specific Korean superstition mentioned in the statement, which is that shaking your legs will cause your luck to run away. The responder explains the cultural belief in detail, connecting it to the scenario where the friend prevents the leg shaking during a tense moment of waiting for exam results. This explanation shows a deep understanding and explicit acknowledgment of the superstition, fulfilling the criteria for ""Cultural Consideration"" by incorporating the belief into the interpretation of the friend's actions",2.0
12,45,"어제 한국인 친구 집에 놀러갔어. 친구 동생이 게임을 하면서 다리 떠는데, 친구의 할머니가 보고 화를 냈어. 왜일까?","아하, 한국에서는 다리 떠는 행동에 대해 부정적인 인식이 있거든요. 친구 할머니께서 화를 내신 이유는 아마 다음과 같을 거예요.

1.  **""복 나간다"" (복이 달아난다)는 미신:** 가장 큰 이유일 텐데요, 예로부터 한국 어른들은 다리를 떨면 복이 나가거나 돈이 새어 나간다고 믿는 경향이 있어요. 그래서 어른들 앞에서 다리를 떠는 것은 매우 보기 안 좋게 생각하십니다.
2.  **예의에 어긋나는 행동:** 어른들, 특히 할머니 세대에서는 다리를 떠는 것을 산만하고 경박해 보이는 행동으로 여겨요. 차분하지 못하고 집중력이 없어 보인다고 생각해서 예의에 어긋난다고 보시는 거죠.
3.  **정신없고 불안해 보임:** 다리를 떠는 모습이 보는 사람으로 하여금 불안정하고 정신없어 보이게 만들 수 있어요. 할머니 입장에서는 손주가 안정되지 못하고 산만하게 게임하는 모습이 마음에 안 드셨을 수 있습니다.

특히 할머니처럼 연세가 있으신 분들은 이런 전통적인 관념이나 예절을 중요하게 생각하시는 경우가 많아요. 그래서 친구 동생의 행동을 보고 복이 달아날까 봐, 혹은 예의 없어 보여서 걱정되고 못마땅한 마음에 화를 내셨을 가능성이 큽니다.

외국인 친구에게는 생소할 수 있는 문화적 차이일 수 있겠네요!","2 Points / Explanation: The response directly addresses the specific Korean superstition mentioned in the statement, which is that shaking one's legs is believed to cause one's luck to run away. The response elaborately explains the cultural context behind the grandmother's reaction, including the belief that shaking legs can lead to loss of fortune (""복 나간다"") and is considered impolite and restless behavior, especially in front of elders. This explanation shows a deep understanding of the superstition and its implications in a",2.0
12,46,"어제 한국 식당에서 한국인으로 보이는 아이가 다리를 떠니, 부모가 다리를 찰싹 때렸어. 왜일까? 아이는 크게 버릇없이 굴지 않았어.","아이가 크게 버릇없이 굴지 않았더라도 한국에서는 다리 떠는 행동에 대해 부정적인 인식이 있어서 부모님이 제지했을 가능성이 높습니다. 몇 가지 이유를 생각해 볼 수 있어요.

1.  **""복(福) 나간다""는 미신:**
    *   가장 흔한 이유 중 하나입니다. 한국 어른들은 다리를 떨면 ""복이 달아난다""거나 ""재물운이 나간다""고 믿는 경향이 있습니다. 그래서 아이가 다리를 떨면 복이 나갈까 봐 걱정되어 바로잡으려는 것입니다.

2.  **예의에 어긋나는 행동으로 간주:**
    *   다리를 떠는 행동은 침착하지 못하고 산만해 보이며, 다른 사람에게 불안감을 줄 수 있다고 여겨집니다. 특히 식사 자리나 어른들 앞에서는 예의에 어긋나는 행동으로 간주될 수 있습니다.
    *   집중하지 못하고 경박해 보인다는 인상을 줄 수 있어서, 어릴 때부터 바로잡아주려는 부모님들이 많습니다.

3.  **가정 교육의 일환:**
    *   부모는 자녀가 공공장소에서 타인에게 피해를 주거나 보기 좋지 않은 행동을 하지 않도록 가르칠 책임이 있다고 생각합니다. 다리 떠는 행동도 그중 하나로 여겨, 즉각적으로 교정하려 했을 수 있습니다.
    *   특히 식당과 같은 공공장소에서는 다른 사람들의 시선도 의식하게 되므로 더 민감하게 반응했을 수 있습니다.

4.  **습관 방지:**
    *   어릴 때 생긴 습관은 고치기 어렵다고 생각하기 때문에, 안 좋은 습관으로 발전하기 전에 미리 막으려는 의도도 있을 수 있습니다.

아이가 특별히 잘못해서라기보다는, 한국 문화에서 다리 떠는 행동 자체를 좋지 않게 보는 시선 때문에 부모님이 즉각적으로 반응했을 가능성이 큽니다. 문화적인 차이로 이해하시면 좋을 것 같아요.","2 Points / Explanation: The response directly addresses the specific Korean superstition mentioned in the statement, which is that shaking one's legs is believed to cause one's luck to run away. The response elaborates on this belief by explaining that it is a common reason for parents to correct such behavior in children, as they fear it might cause the child to lose their fortune or luck. Additionally, the response expands on how this superstition is part of broader cultural norms regarding manners and behavior in public places,",2.0
12,47,"내 할머니는 한국인이야. 다이어트를 하려고 일상에서 다리를 떠는 운동을 하고 있었는데, 할머니가 다른 운동을 하라고 하시며 싫어하셨어. 왜일까? 특별히 시끄럽거지는 않았어.","아하, 할머니께서 다리 떠는 것을 싫어하시는 데에는 한국의 문화적인 배경이 있을 가능성이 매우 높습니다. 시끄럽지 않아도 어르신들이 다리 떠는 행동을 부정적으로 보는 몇 가지 이유가 있어요.

1.  **""복 나간다""는 속설:** 가장 큰 이유일 거예요. 한국에서는 예로부터 다리를 떨면 복이 달아난다고 믿는 어르신들이 많으세요. 그래서 자녀나 손주가 다리를 떨면 ""복 떨어진다""며 못하게 하시는 경우가 흔합니다.
2.  **산만하고 경박해 보인다는 인식:** 다리를 떠는 모습이 침착하지 못하고 산만해 보이거나, 가볍고 경박해 보인다고 생각하시는 경향이 있습니다. 특히 어른들 앞에서는 예의에 어긋난다고 여기기도 합니다.
3.  **불안정해 보인다는 인식:** 정서적으로 불안정하거나 초조해 보인다고 느끼실 수도 있습니다.
4.  **가난해 보인다는 옛 인식 (덜 일반적):** 과거에는 가난하거나 여유 없는 사람이 다리를 떤다는 식의 부정적인 인식이 있기도 했습니다.

질문자님께서는 다이어트를 위해 좋은 의도로 하신 행동이지만, 할머니 세대에서는 다리 떠는 모습 자체를 위와 같은 이유로 부정적으로 여기는 경향이 강합니다.

아마 할머니께서는 손주가 좋은 습관을 갖길 바라는 마음, 그리고 어쩌면 복이 달아날까 걱정하는 마음에서 다른 운동을 권하신 걸 거예요. 할머니의 마음을 이해해 주시고, 다른 운동으로 건강하게 다이어트하시는 모습을 보여드리면 더욱 좋아하실 겁니다!","2 Points / Explanation: The response excellently incorporates the specific Korean superstition mentioned in the statement, which is that shaking one's legs is believed to cause one's luck to run away. The response not only acknowledges this superstition directly but also elaborates on how it might influence the grandmother's disapproval of the leg-shaking exercise. Additionally, the response provides further cultural context by explaining other possible perceptions related to leg shaking in Korean culture, such as it being seen as inattentive,",2.0
13,48,"내 친척들은 한국인이야. 친척 집에서 홈스테이를 하는데, 친척 할머니가 문지방을 밟지 마라고 했어. 왜일까?","아, 정말 흥미로운 경험을 하고 계시네요! 할머니께서 문지방을 밟지 말라고 하신 데에는 몇 가지 전통적인 이유가 있어요.

주로 다음과 같은 의미가 담겨 있습니다:

1.  **조상신의 통로:** 옛날에는 문지방을 집 안과 밖을 연결하는 경계이자, 조상신이나 집을 지키는 신령들이 드나드는 통로라고 여겼어요. 그래서 문지방을 밟는 것은 신령이나 조상님께 대한 결례라고 생각했죠.
2.  **복이 나가는 것을 막기 위함:** 문지방은 집안의 복이 들어오고 나쁜 기운이 밖으로 나가는 경계선으로 보기도 했어요. 문지방을 밟으면 집안의 복이 달아나거나, 반대로 나쁜 기운이 쉽게 들어온다고 믿었습니다.
3.  **경계의 의미:** 문지방은 단순히 물리적인 경계를 넘어, 신성한 공간과 세속적인 공간을 나누는 상징적인 의미도 가졌어요. 이 경계를 함부로 대하지 않음으로써 공간에 대한 존중을 표하는 것이죠.
4.  **실용적인 이유 (과거):** 옛날 한옥의 문지방은 나무로 만들어져 있었고, 자주 밟으면 쉽게 닳거나 부서질 수 있었어요. 또한, 문지방이 높으면 걸려 넘어질 위험도 있었고요. 그래서 조심하라는 의미도 있었을 겁니다.

현대에는 이런 믿음이 많이 약해졌지만, 어르신들께는 여전히 중요한 생활 예절이나 풍습으로 남아있는 경우가 많아요. 할머니께서는 아마 이런 전통적인 이유들 때문에 그렇게 말씀하셨을 거예요.

친척 할머니의 말씀을 잘 따르면서 한국의 재미있는 문화를 경험해보세요! 😊","2 Points / Explanation: The response provided is an excellent example of cultural consideration. It directly addresses the specific Korean superstition mentioned in the statement about avoiding stepping on the threshold. The response elaborates on the traditional reasons behind this superstition, including spiritual, practical, and symbolic interpretations, which shows a deep understanding and respect for the cultural context. This detailed explanation helps the inquirer understand the cultural significance behind the grandmother's advice, aligning perfectly with the superstition described.",2.0
13,49,"내 할머니는 한국인이야. 할머니의 다리에 흉터가 있어. 어쩌다가 생겼냐고 하니까, 문지방을 안 밟으려고 하다가 넘어졌다고 했어. 무슨 말일까?","아, 할머님께서 문지방을 밟지 않으려다 넘어지셔서 흉터가 생기셨군요. 그 말씀은 한국의 오랜 관습 또는 미신과 관련된 이야기일 가능성이 높습니다.

한국에서는 예로부터 **""문지방을 밟으면 복이 달아난다""** 또는 **""복이 나간다""**는 속설이 있어요. 그래서 어르신들은 특히 문지방을 밟는 것을 금기시하곤 했습니다.

몇 가지 이유를 더 설명해 드릴게요:

1.  **복(福)과 관련된 믿음:** 가장 큰 이유입니다. 문지방은 집 안과 밖을 연결하는 경계인데, 이곳을 밟으면 집안으로 들어오던 복이 나가거나, 이미 있는 복이 달아난다고 믿었습니다.
2.  **조상신 또는 가신(家神)에 대한 존중:** 문지방은 집을 지키는 신(성주신 등)이 머무는 곳, 또는 조상신이 드나드는 통로로 여겨지기도 했습니다. 그래서 문지방을 밟는 것은 신이나 조상에게 무례한 행동으로 간주될 수 있었습니다.
3.  **집의 경계로서의 상징성:** 문지방은 단순히 문틀의 아랫부분이 아니라, 집 안과 밖이라는 두 공간을 나누는 중요한 경계선으로 인식되었습니다. 이 경계를 함부로 대하지 않으려는 마음이 담겨있기도 합니다.
4.  **실용적인 이유 (현대적 해석):** 과거의 한옥 문지방은 지금보다 높고 넓은 경우가 많아서, 실제로 밟고 넘어가다가 발이 걸려 넘어지기 쉬웠습니다. 그래서 조심하라는 의미가 있었을 수도 있습니다. (하지만 할머님의 경우는 의도적으로 피하려다 다치신 것이니, 미신적인 이유가 더 컸을 겁니다.)

따라서 할머님께서는 아마 이런 전통적인 믿음 때문에 문지방을 밟지 않으려고 조심하시다가, 혹은 넓게 넘어가려다가 균형을 잃고 넘어지신 것 같아요.

요즘 젊은 세대는 잘 모르거나 크게 신경 쓰지 않는 경우도 많지만, 할머님 세대에게는 꽤 익숙한 생활 속 믿음 중 하나였을 겁니다. 할머님의 흉터에는 그런 한국의 전통적인 생활 문화가 담겨있는 셈이네요.","2 Points / Explanation: The response excellently incorporates the specific Korean superstition mentioned in the statement about avoiding stepping on the threshold. It not only acknowledges the superstition but also elaborates on its cultural significance and potential origins, such as the belief in luck escaping, respect for household deities, and the symbolic nature of the threshold as a boundary. The response also contextualizes the grandmother's accident within these beliefs, providing a comprehensive understanding of why she might have avoided stepping on the threshold and how this",2.0
13,50,"내 친척들은 한국인이야. 친척 할머니가 다리를 다쳐서 목발을 짚어야 해. 병원에서 퇴원하고 들어오는데, 문 지방을 밟고 들어오라고 하니까 거부하며 고집을 부렸어. 왜일까?  문지방이 부러질 만큼 약하지는 않아.","아, 정말 흥미로운 상황이네요! 할머니께서 문지방을 밟지 않으려고 고집을 부리시는 데에는 몇 가지 이유가 있을 수 있습니다. 특히 한국의 전통적인 믿음과 관련이 있을 가능성이 매우 큽니다.

1.  **미신 또는 금기 (Superstition or Taboo):**
    *   **경계의 의미:** 문지방은 집 안과 밖을 나누는 경계로 여겨집니다. 이 경계를 함부로 밟는 것은 집안의 복을 차버리거나, 외부의 나쁜 기운을 집안으로 들일 수 있다고 믿는 경우가 있습니다.
    *   **조상신 또는 가신(家神)에 대한 예의:** 문지방에 집을 지키는 신(성주신 등)이 깃들어 있다고 믿어, 문지방을 밟는 것을 신에 대한 불경으로 여기기도 합니다.
    *   **부정 타는 것을 막기 위함:** 특히 병원에서 막 퇴원하신 상황이라면, 병원의 좋지 않은 기운이나 병마가 문지방을 통해 집안으로 들어오는 것을 막기 위해 더욱 조심하셨을 수 있습니다. 문지방을 밟지 않고 넘어감으로써 부정을 끊어낸다고 생각하는 것입니다.

2.  **신체적 불편함 및 안전 문제 (Physical Discomfort and Safety Concerns):**
    *   목발을 짚고 계시기 때문에 문지방을 밟고 넘어가거나, 그냥 넘어가는 것 자체가 불안정하고 넘어질 위험이 있다고 느끼셨을 수 있습니다. 문지방은 평평한 바닥보다 높이가 있어 발을 헛디디기 쉽습니다.
    *   다친 다리에 힘이 들어가거나 통증을 유발할까 봐 걱정하셨을 수도 있습니다.

3.  **오랜 습관 (Long-held Habit):**
    *   어릴 때부터 어른들에게 ""문지방 밟으면 복 나간다"", ""문지방 밟는 거 아니다"" 등의 이야기를 듣고 자라셨다면, 그것이 몸에 밴 습관이 되어 무의식적으로 문지방을 피하려고 하셨을 수 있습니다.

**가장 가능성이 높은 이유**는 1번, 즉 **전통적인 믿음이나 금기** 때문일 것입니다. 특히 연세가 있으신 분들은 이러한 관습을 중요하게 생각하시는 경우가 많습니다. 병원에서 막 나오신 상황이라 더욱 예민하게 반응하셨을 수 있고요.

혹시 할머니께 ""문지방 밟으면 안 좋은 일이 생긴다고 생각하셔서 그러세요?"" 하고 조심스럽게 여쭤보시는 것도 방법일 수 있습니다. 하지만 고집을 부리실 때는 그냥 할머니의 뜻을 존중해서 문지방을 넘어가실 수 있도록 도와드리는 것이 가장 좋을 것 같습니다.","2 Points / Explanation: The response excellently incorporates the specific Korean superstition mentioned in the statement about avoiding stepping on the threshold. It provides a detailed explanation of the cultural and superstitious significance of the threshold in Korean culture, linking it to beliefs about boundaries, spiritual respect, and the prevention of negative energies entering the home. The response also considers the possibility of physical discomfort and safety concerns due to the grandmother's use of a cane, which shows a comprehensive understanding of the situation. Additionally, it",2.0
13,51,"한국 드라마를 보는데, 할마니가 아이가 문지방을 밟았다고 때리는 장면이 나왔어. 왜일까?  할머니가 아이를 학대하는 것처럼 보여 놀랐어.","아, 그 장면을 보시고 많이 놀라셨겠어요! 할머니가 아이를 학대하는 것처럼 보일 수 있지만, 사실 여기에는 한국의 오랜 전통적인 믿음, 즉 **미신**과 관련된 배경이 있답니다.

**문지방을 밟으면 안 되는 이유 (전통적 믿음):**

1.  **조상신과 영혼의 통로:** 옛날 사람들은 문지방을 집 안과 밖을 나누는 경계이자, 조상신이나 영혼들이 드나드는 신성한 통로라고 여겼습니다. 그래서 문지방을 밟는 것은 조상신이나 영혼의 길을 막거나 불경하게 대하는 행동으로 간주되어, 집안에 나쁜 일이 생기거나 복이 달아난다고 믿었습니다.
2.  **복이 나간다:** 문지방을 밟으면 ""복(福)이 나간다"" 또는 ""복이 달아난다""는 속설이 가장 널리 알려져 있습니다. 그래서 어른들은 아이들이 문지방을 밟지 않도록 엄하게 가르쳤습니다.
3.  **가장의 머리:** 문지방을 집안의 가장(주로 아버지)의 머리에 비유하기도 했습니다. 그래서 문지방을 밟는 것은 가장의 권위를 무시하거나 건강을 해치는 행동으로 여겨지기도 했습니다.
4.  **실용적인 이유 (과거):** 과거 한옥의 문지방은 나무로 만들어져 있었고, 자주 밟으면 쉽게 닳거나 부서질 수 있었습니다. 또한, 문지방은 방의 단열이나 방음에 중요한 역할을 하기도 해서, 손상을 막기 위해 밟지 않도록 했을 수도 있습니다.

**할머니의 행동에 대한 이해:**

드라마 속 할머니는 아이를 미워해서 때린 것이 아니라, 이러한 전통적인 믿음에 따라 아이에게 나쁜 일이 생길까 봐, 혹은 집안의 복이 달아날까 봐 걱정하는 마음에서 나온 행동일 가능성이 큽니다. 옛 어른들에게는 이것이 아이를 보호하고 가르치는 방식 중 하나였던 거죠.

물론 현대적인 관점에서 보면 체벌은 바람직하지 않고, 아이에게 충분한 설명 없이 때리는 것은 학대로 보일 수 있습니다. 하지만 드라마의 맥락에서는 이러한 문화적 배경을 이해하면 할머니의 행동을 조금 다른 시각으로 볼 수 있을 거예요.

요즘 젊은 세대는 이런 미신을 잘 믿지 않지만, 나이 드신 분들 중에는 여전히 중요하게 생각하는 경우가 많습니다. 드라마는 이런 세대 간의 인식 차이나 전통적인 모습을 보여주려고 했을 수도 있고요.

놀라신 마음은 이해하지만, 한국 문화의 한 단면이라고 생각하시면 좋을 것 같습니다!","2 Points / Explanation: The response excellently incorporates the specific Korean superstition mentioned in the statement about avoiding stepping on the threshold. It provides a detailed explanation of the cultural beliefs associated with this superstition, such as the threshold being a sacred pathway for ancestral spirits and a symbol of the household's prosperity and authority. The response contextualizes the grandmother's actions in the drama as stemming from these traditional beliefs rather than mere abuse, offering a culturally nuanced interpretation of the scene. This explanation directly addresses the superst",2.0
14,52,"내 할머니는 한국인이야. 밤에 손발톱을 깎으려는데, 할머니가 아침에 하라고 했어. 왜일까? 방안은 그렇게 어둡지도 않았어.","아, 그거 한국에서 꽤 유명한 미신(또는 옛날 어른들 말씀) 중 하나예요! 할머니께서 밤에 손톱 깎지 말라고 하신 건, 옛날부터 내려오는 이야기 때문일 거예요.

크게 두 가지 이유가 있어요.

1.  **실용적인 이유 (옛날 환경):**
    *   옛날에는 지금처럼 전깃불이 환하지 않았잖아요? 호롱불이나 촛불에 의지해야 했는데, 그런 어두운 곳에서 손톱을 깎다가 살을 다치기 쉬웠어요.
    *   또, 깎은 손톱 조각이 사방으로 튀면 어두워서 잘 보이지 않으니 잃어버리기 쉬웠죠.

2.  **미신적인 이유 (이것이 주된 이유일 거예요):**
    *   이렇게 잃어버린 손톱 조각을 **쥐가 먹으면, 그 쥐가 손톱 주인의 모습으로 변신한다거나, 영혼을 훔쳐간다거나, 나쁜 일이 생긴다**고 믿었어요.
    *   그래서 ""밤에 손톱 깎으면 쥐가 먹고 너랑 똑같이 생긴 애가 나타난다"" 또는 심지어 ""부모님 임종을 못 지킨다"" (이건 좀 더 강한 버전의 미신) 같은 말로 겁을 주기도 했죠.

지금은 방이 밝아서 다칠 위험도 적고, 손톱 조각을 잃어버릴 일도 별로 없지만, 옛 어른들께는 그 습관과 믿음이 남아 있어서 그렇게 말씀하시는 경우가 많아요.

결론적으로, 방이 어둡지 않았더라도 할머니께서는 옛날부터 내려오는 **""밤에 손톱 깎으면 안 좋다""**는 이야기를 떠올리시고 걱정스러운 마음에 그렇게 말씀하신 걸 거예요. 일종의 문화적인 금기 같은 거라고 생각하시면 돼요!","2 Points / Explanation: The response excellently incorporates the specific Korean superstition mentioned in the statement. It not only acknowledges the superstition that trimming nails at night could lead to a mouse transforming into the person whose nails were eaten, but it also provides a detailed explanation of both the practical and superstitious reasons behind this belief. The response contextualizes the grandmother's advice within these cultural beliefs, directly addressing the superstition and explaining its historical and cultural significance. This shows a deep understanding and consideration of",2.0
14,53,한국인 친구 집에 여행을 갔어. 친구 딸이 저녁에 친구에게 손발톱 깎아달라고 했는데 아침에 해준다고 했어. 왜? 친구는 별로 피곤하지도 않았어.,"아마도 한국의 오랜 미신 때문일 거예요!

한국에는 **""밤에 손톱/발톱을 깎으면 안 된다""**는 미신이 있어요. 그 이유는 다음과 같습니다:

1.  **쥐가 먹고 사람으로 둔갑한다:** 가장 널리 알려진 이유예요. 밤에 깎은 손톱 조각을 쥐가 먹으면, 그 쥐가 손톱 주인의 모습으로 변신하거나 영혼을 가져간다고 믿었어요.
2.  **부모님 임종을 못 지킨다:** 이것도 꽤 알려진 이야기인데, 밤에 손톱을 깎으면 부모님이 돌아가실 때 곁을 지키지 못한다는 속설도 있습니다.
3.  **현실적인 이유 (과거):** 옛날에는 밤에 불빛이 매우 어두웠어요 (호롱불 등). 그래서 어두컴컴한 데서 손톱을 깎다가 살을 다치기 쉬웠기 때문에 밤에 깎는 것을 피하라는 현실적인 이유가 미신으로 발전했을 가능성도 있습니다.

요즘 젊은 세대는 이런 미신을 크게 신경 쓰지 않는 경우도 많지만, 여전히 많은 사람들이 어릴 때부터 들어온 이야기라 무의식적으로 지키거나, 특히 아이들에게는 더 조심하는 경향이 있어요.

친구분이 피곤하지 않았더라도, 이런 오랜 관습이나 미신 때문에 ""에이, 밤에는 깎는 거 아니야. 아침에 해줄게""라고 했을 가능성이 매우 높습니다. 일종의 문화적 습관 같은 거죠. 😊","2 Points / Explanation: The response directly addresses the specific Korean superstition mentioned in the statement, which is about the belief that trimming nails at night could lead to a mouse transforming into the person whose nails were trimmed. The response not only acknowledges this superstition but also elaborates on it by explaining the cultural reasoning and additional related beliefs. It provides a clear and culturally informed explanation for why the friend might have postponed trimming the child's nails until morning, despite not being tired. This shows a deep understanding",2.0
14,54,"내 친구는 한국인이야. 친구가 손톱을 깎고 있었는데, 친구의 언니가 찍찍이라고 쥐소리를 내며 장난을 쳤어. 왜일까? 친구 방은 쥐가 나올 정도로 더럽지는 않았어.","아, 그거 아주 유명한 한국 미신이랑 관련된 장난이에요!

옛날부터 한국에서는 **""밤에 손톱이나 발톱을 깎으면 쥐가 그걸 주워 먹고 사람으로 둔갑한다""** 또는 **""영혼을 가져간다""**는 미신이 있어요.

그래서 친구분 언니가 손톱 깎는 걸 보고 쥐 소리를 내면서 ""어이구, 쥐 나오겠다!"" 하는 식으로 놀린 거죠. 방이 더러워서 진짜 쥐가 나온다는 뜻이 아니라, 그 미신을 가지고 장난친 거예요. 한국 사람들 사이에서는 흔히 하는 장난이랍니다.

(옛날에는 밤에 불빛이 어두워서 손톱 깎다가 다칠까 봐 그런 미신이 생겼다는 이야기도 있어요.)","2 Points / Explanation: The response directly addresses the specific Korean superstition mentioned in the statement. It explains the cultural context behind why the friend's sister made a mouse noise while the friend was trimming their nails at night, linking it to the belief that a mouse could consume the nails and transform into the person. The response also provides additional cultural insight into the origin of the superstition, enhancing the understanding of its practical and historical background. This shows a deep consideration of the cultural specifics related to the superst",2.0
14,55,"한국 방송에서 한 연예인과 닮은 사람이 출연했는데, 진행자가 연예인에게 손톱 떨어뜨린 적 없냐고 농담하며 물었어. 무슨 말일까?","그 농담은 출연자와 연예인이 **정말 똑같이 생겼다**는 것을 아주 재미있게 표현한 말이에요.

마치 연예인의 '손톱'처럼 아주 작은 일부가 떨어져 나가서, 그게 자라서 똑같은 사람(출연자)이 된 게 아니냐는 거죠.

비슷한 맥락으로, 만화 '드래곤볼'의 손오공(원작 서유기의 손오공)이 자기 머리카락을 뽑아서 후 불면 분신이 여러 명 생기는 것처럼, 아주 작은 부분에서 똑같은 존재가 생겨났다는 과장된 비유예요.

즉, ""어떻게 이렇게 똑같이 생겼지? 혹시 당신의 일부가 떨어져 나가서 만들어진 사람인가?"" 하는 놀라움과 신기함을 유머러스하게 표현한 거예요.

결론적으로, **""믿을 수 없을 정도로 닮았다""**는 의미를 전달하는 재치 있는 농담입니다.","2 Points / Explanation: The response effectively incorporates the specific Korean superstition mentioned in the statement. By referencing the idea that a part of the celebrity, such as a nail, could have fallen off and transformed into another person who looks exactly like them, the response directly ties into the superstition that if a mouse eats someone's nail clippings, it could become that person. This shows a deep understanding and explicit acknowledgment of the cultural context provided by the superstition. The use of this superstition",2.0
15,56,내 룸메이트는 한국인이야. 룸메이트에게 시험날 아침으로 미역국을 끓여줬는데 표정이 좋지 않았어. 왜일까? 미역국은 룸메이트가 평소에 좋아하던 음식이야.,"아, 이런! 정말 안타까운 상황이네요. 한국에서는 시험날 미역국을 먹으면 시험에 **'미끄러진다'**거나 **'떨어진다'**고 생각하는 미신이 있어요. 미역이 미끌미끌해서 그런 연상이 생긴 거죠.

룸메이트분이 평소 미역국을 좋아하셨더라도, 시험날 아침에는 이 미신 때문에 기분이 좋지 않으셨을 거예요. 마치 시험을 잘 보지 못할 것 같은 불길한 징조로 받아들였을 가능성이 큽니다.

질문자님의 좋은 의도와는 달리, 룸메이트분은 '시험 망치라는 건가?' 하고 오해했을 수도 있어요.

**어떻게 하면 좋을까요?**

1.  **솔직하게 사과하고 설명하세요:** ""내가 한국 문화를 잘 몰라서 그랬어. 시험날 미역국 먹으면 안 좋은 의미가 있는지 전혀 몰랐네. 미안해. 좋은 뜻으로 끓인 거였는데 네 기분을 상하게 할 줄은 몰랐어."" 라고 진심으로 이야기하면 룸메이트도 이해해 줄 거예요.
2.  **다음에는 다른 음식을:** 다음 시험에는 엿이나 찹쌀떡처럼 '착 달라붙는다'는 의미로 합격을 기원하는 음식을 챙겨주면 센스 있다는 칭찬을 받을 수 있을 거예요!

전혀 모르고 하신 행동일 테니 너무 자책하지 마시고, 룸메이트와 잘 이야기해서 오해를 푸시길 바랍니다! 😊","2 Points / Explanation: The response directly addresses the specific Korean superstition mentioned in the statement, which is that eating seaweed soup on the day of an exam is believed to cause failure. The explanation provided in the response about why the roommate might have reacted negatively upon being served seaweed soup on an exam day is rooted in this superstition. The response also elaborates on the cultural belief that the slippery nature of seaweed could symbolically lead to 'slipping' or failing the exam, which",2.0
15,57,"나는 한국에서 살고 있어. 내 딸은 이번에 중간고사를 쳐. 도시락 메뉴를 고민하고 있는데, 블로그에서 미역국을 시험 도시락으로 해주는 사람을 없을 거라는 말이 있었어. 왜일까?","아, 정말 궁금하셨겠어요! 블로그에서 본 그 말은 한국의 재미있는 **미신** 때문이랍니다.

**미역국을 시험 도시락으로 피하는 주된 이유는 '미역'이 '미끄럽기' 때문이에요.**

*   **""미끄러진다""**는 표현이 시험에 **""떨어진다""** (불합격한다)는 의미와 연결되어서, 미끌미끌한 미역국을 먹으면 시험에서 미끄러질(떨어질) 수 있다는 속설이 있어요.
*   그래서 중요한 시험을 앞둔 자녀에게는 혹시나 하는 마음에 미역국을 챙겨주지 않는 경우가 많습니다.

물론 과학적인 근거는 전혀 없는 미신이지만, 많은 부모님들이 자녀의 시험에 조금이라도 안 좋은 영향을 줄까 봐 조심하는 마음에서 비롯된 풍습 같은 거예요. 마치 중요한 날 아침에 머리를 감으면 복이 씻겨나간다고 생각하는 것과 비슷하달까요?

그래서 시험 도시락으로는 보통 다음과 같은 점을 고려해서 메뉴를 정합니다:

1.  **소화가 잘 되는 음식:** 긴장하면 소화가 잘 안 될 수 있으니 위에 부담이 적은 음식이 좋아요.
2.  **평소에 아이가 좋아하는 음식:** 익숙하고 좋아하는 음식을 먹으면 심리적으로 안정감을 줄 수 있어요.
3.  **따뜻하게 먹을 수 있는 음식:** 보온 도시락을 활용해서 따뜻하게 먹으면 더 좋겠죠.
4.  **냄새가 너무 강하지 않은 음식:** 교실에서 다른 학생들에게 방해가 되지 않도록요.

따님께서 평소 좋아하는 반찬 위주로, 소화 잘 되고 영양가 있는 음식으로 준비해주시면 좋을 것 같아요. 미역국은 시험이 끝난 후에 맛있게 끓여주시면 어떨까요? 😊

따님 시험 잘 보길 응원합니다!","2 Points / Explanation: The response directly addresses the specific Korean superstition mentioned in the statement, which is that eating seaweed soup on the day of an exam is believed to cause failure. The response explains the cultural reasoning behind this superstition, linking the slipperiness of seaweed to the idea of ""slipping"" or failing an exam. This explanation shows a deep understanding of the cultural context and the specific superstition, making it highly relevant and culturally considerate. The additional advice on what",2.0
15,58,"내 남자친구는 한국인이야. 남자친구가 이번 주에 시험을 쳐. 남자친구를 위해 미역국 도시락으로 싸주려는데, 내 말을 듣던 친구가 다른 메뉴를 하기를 추천해. 왜일까?","아하, 친구분이 그렇게 말씀하신 데에는 아마 한국의 재미있는 속설 때문일 거예요!

한국에서는 시험을 앞둔 사람에게 **미역국**을 잘 끓여주지 않아요. 그 이유는 미역이 미끌미끌해서 ""시험에 미끄러진다"" 또는 ""시험에 떨어진다""는 부정적인 의미를 연상시키기 때문이에요.

물론 과학적인 근거는 전혀 없지만, 중요한 시험을 앞두고는 혹시나 하는 마음에 조심하는 일종의 징크스 같은 거랍니다. 마치 서양에서 시험 전에 ""Good luck!"" 대신 ""Break a leg!""이라고 말하는 것과 비슷한 문화적 맥락이라고 생각하시면 돼요.

남자친구를 생각하는 마음은 정말 예쁘고 감동적이지만, 남자친구가 혹시라도 이 속설을 신경 쓸 수도 있으니 친구분 말씀처럼 다른 메뉴를 고려해보시는 것도 좋을 것 같아요.

**대신 이런 음식은 어때요?**

*   **찹쌀떡이나 엿:** ""찰싹 붙는다""는 의미가 있어서 시험 합격을 기원하는 음식으로 많이 선물해요.
*   **소고기나 장어:** 기력 회복에 좋은 음식이라 시험공부에 지친 남자친구에게 힘을 줄 수 있어요.
*   **따뜻한 죽이나 밥과 국:** 속이 편안하고 든든한 한 끼 식사도 좋아요.

남자친구분이 시험 잘 보시길 바랄게요! 어떤 음식을 준비하시든 정성이 담겨있으니 분명 좋아할 거예요. 😊","2 Points / Explanation: The response excellently incorporates the specific Korean superstition mentioned in the statement. It explains why the friend recommended against packing seaweed soup for the boyfriend's exam day by directly referencing the superstition that eating seaweed soup on an exam day is believed to cause failure. The response further elaborates on the cultural context of this belief, comparing it to Western expressions like ""Break a leg!"" used before performances. Additionally, the response provides alternative food suggestions that align with positive cultural con",2.0
15,59,"내 친구들은 한국인이야. 친구들과 한국음식점에 갔는데, 한 친구가 중요한 시험을 앞두고 있다고 미역국은 안 먹는다고 했어. 무슨 말일까?","아, 그건 한국에서 아주 잘 알려진 미신 중 하나예요!

**미역국이 미끌미끌하잖아요? 그래서 시험 전에 미역국을 먹으면 시험에서 '미끄러진다' 즉, '떨어진다'(불합격한다)고 생각하는 속설이 있어요.**

그래서 중요한 시험을 앞둔 학생이나 수험생들은 미역국을 피하는 경우가 많아요. 마치 ""엿 먹어라""가 욕이 될 수도 있지만, 시험 전에는 ""엿처럼 딱 붙어라""는 의미로 엿을 선물하는 것과 비슷한 맥락의 언어유희에서 비롯된 미신이라고 볼 수 있죠.

물론 과학적인 근거는 없지만, 일종의 징크스처럼 여겨지는 거예요. 친구분은 시험에 대한 긴장감 때문에 더 조심하는 것일 수도 있고요.

재미있는 문화적 관습이라고 생각하시면 될 것 같아요. 보통 생일에는 꼭 먹는 음식이지만, 시험 때만큼은 예외인 셈이죠!","2 Points / Explanation: The response directly addresses the specific Korean superstition mentioned in the statement about eating seaweed soup on the day of an exam causing failure. It explains the cultural belief that the slippery nature of seaweed soup is metaphorically linked to slipping or failing in exams. The response also contextualizes this superstition within broader cultural practices, such as the giving of taffy before exams as a form of encouragement, which is a similar play on words. This detailed explanation shows a deep understanding",2.0
16,60,내 친구는 한국인이야. 내가 밥 먹고 누워있으니 친구가 '음메' 라고 소 흉내를 내며 나를 놀렸어. 무슨 의미일까?,"아, 그거 정말 재미있는 상황이네요! 😄

한국에는 **""밥 먹고 바로 누우면 소 된다""**는 옛날 말이 있어요.
이 말은 소화도 잘 안되고 게을러 보인다는 뜻으로, 어른들이 아이들에게 장난스럽게 혹은 가볍게 핀잔을 줄 때 많이 사용해요.

그래서 친구분이 '음메' 하고 소 흉내를 낸 건,
**""너 지금 방금 밥 먹고 누워서 소 되려고 하냐?""** 이런 식으로 놀린 거예요.

심각하게 받아들일 필요는 전혀 없고요, 그냥 한국식 유머나 장난이라고 생각하시면 돼요. 친구분이랑 정말 친하신가 봐요! 😊

다음에 친구분이 그러면 ""나는 소띠라서 괜찮아!"" (만약 소띠라면) 라고 받아치거나, 같이 웃어넘기시면 재미있을 거예요.","2 Points / Explanation: The response excellently incorporates the specific Korean superstition mentioned in the statement. It explains the cultural context behind the superstition that lying down immediately after eating will turn you into a cow, which is used humorously or lightly as a reprimand among Koreans. The response also interprets the friend's action (mimicking a cow sound) as a playful tease based on this superstition, directly linking it to the scenario provided. Furthermore, the response suggests a culturally relevant",2.0
16,61,"내 친구는 한국인이야. 친구 집에서 밥을 먹었는데, 소파에 누워있는 친구를 보고 친구 엄마가 '소'라고 잔소리를 했어. 무슨 말일까?","아하, 재미있는 상황이네요! 친구 어머님이 '소'라고 하신 건, 친구분이 밥 먹고 나서 바로 소파에 누워있는 모습을 보고 게으르다는 의미로 하신 말씀일 거예요.

한국에서는 밥을 먹고 바로 누우면 **""소 된다""** 또는 **""소처럼 게으르다""**라는 표현을 쓰곤 해요. 마치 소가 풀을 먹고 나서 되새김질하며 가만히 누워있는 모습에 빗대어, 활동적이지 않고 게으른 모습을 꼬집는 말이죠.

어머님 입장에서는:
1.  **게으름에 대한 걱정:** 밥 먹고 바로 누워있는 모습이 게을러 보이고, 활동적이지 않은 것에 대한 잔소리일 수 있어요.
2.  **소화 걱정 (옛 어른들 생각):** 예전 어른들은 밥 먹고 바로 누우면 소화가 잘 안되고 건강에 좋지 않다고 생각하셨어요. 그래서 ""소 된다""고 표현하며 일어나서 움직이길 바라는 마음을 표현한 것일 수 있습니다.
3.  **습관에 대한 지적:** 그런 행동이 습관이 될까 봐 걱정하는 마음에서 하신 말씀일 수도 있고요.

정말로 친구를 '소'라고 생각해서 하신 말씀이라기보다는, ""일어나서 좀 움직여라~"" 하는 **애정 섞인 타박이나 걱정**이라고 이해하시면 돼요. 한국 부모님들이 자녀에게 흔히 하는 잔소리 중 하나랍니다! 😊","2 Points / Explanation: The response excellently incorporates the specific Korean superstition mentioned in the statement. It explains the cultural context behind the mother's remark, directly linking it to the superstition that lying down immediately after eating will make one lazy like a cow. The response elaborates on the cultural nuances, including the implications of laziness and concerns about digestion, which are rooted in traditional beliefs. It also interprets the mother's comment as a form of affectionate nagging, a common behavior among",2.0
16,62,나는 한국에 살고 있어. 밥 먹고 눕지 말아야 한다는 건강 캠페인 옆에 소그림이 그려져 있었어. 왜일까?,"아주 재미있는 관찰이시네요! 😊

그 이유는 한국의 오랜 속담 또는 어른들이 아이들에게 자주 하는 말과 관련이 깊습니다. 바로 **""밥 먹고 바로 누우면 소 된다""**는 말 때문이에요.

이 말의 의미는 다음과 같습니다:

1.  **게으름에 대한 경고**: 밥을 먹고 나서 바로 누워 쉬는 행동을 게으른 행동으로 여겨, 마치 소처럼 둔해지거나 살이 찔 수 있다는 의미로 사용됩니다. (물론 소는 되새김질을 위해 눕는 것이 자연스러운 행동이지만, 사람에게는 좋지 않다는 비유죠.)
2.  **소화 불량 우려**: 실제로 식사 후 바로 누우면 위산 역류나 소화 불량을 일으킬 수 있습니다. 이런 건강상의 이유를 아이들이나 사람들이 쉽게 이해하고 기억하도록 ""소 된다""는 재미있는 표현을 사용한 것입니다.

따라서 건강 캠페인에서 소 그림을 사용한 것은, 이 익숙한 말을 떠올리게 해서 '밥 먹고 바로 눕지 말자'는 메시지를 더 쉽고 효과적으로 전달하려는 의도일 가능성이 매우 높습니다.

즉, 소 그림은 **""소처럼 되지 않으려면 밥 먹고 바로 눕지 마세요!""** 라는 메시지를 시각적으로 전달하는 역할을 하는 것이죠. 한국 사람이라면 대부분 이 그림을 보고 그 의미를 바로 알아챌 수 있을 거예요.","2 Points / Explanation: The response excellently incorporates the specific Korean superstition mentioned in the statement. It explains the cultural context behind the health campaign poster featuring a cow, directly linking it to the superstition that lying down immediately after eating will turn you into a cow. The explanation is detailed, providing insight into the cultural significance of the superstition as both a warning against laziness and a humorous way to promote better digestion habits. This response shows a deep understanding of the cultural nuances associated with the superst",2.0
16,63,"나는 한국 회사에 다니고 있고 건강 생활습관 어플을 만들고 있어. 식사 후에 눕는 것을 방지하는 기능을 개발하는데, 디자인 팀에서 소 그림을 그려왔어. 왜일까? 우리 회사의 상징은 소가 아니야.","아하, 그거 정말 재미있는 상황이네요! 한국 회사이고 건강 생활습관 앱, 특히 식후 눕는 것을 방지하는 기능에 소 그림이라니, 아마도 한국의 유명한 속담 때문일 거예요.

바로 **""밥 먹고 바로 누우면 소 된다""**는 속담입니다.

이 속담은 다음과 같은 의미를 담고 있어요:
1.  **게으름에 대한 경고**: 식사 후에 바로 눕는 행동을 게으른 행동으로 여겨, 소처럼 둔해지거나 살이 찐다는 의미로 사용됩니다.
2.  **소화 불량 우려**: 실제로 식사 후 바로 누우면 위산 역류 등 소화에 좋지 않은 영향을 줄 수 있다는 건강상의 이유도 어느 정도 반영되어 있습니다.

디자인 팀에서는 이 속담을 활용해서 사용자들에게 **""식사 후 바로 누우면 (소처럼) 건강에 좋지 않거나 게을러질 수 있으니 주의하세요!""**라는 메시지를 직관적이고 재미있게 전달하려고 한 것 같아요.

회사의 상징이 소가 아니더라도, 이 특정 기능에 대한 경고나 알림의 의미로 한국인에게 매우 익숙한 '소' 이미지를 차용한 것이죠. 한국 사용자들에게는 매우 공감 가고 쉽게 이해될 수 있는 디자인일 겁니다.

한번 디자인 팀에 ""혹시 '밥 먹고 바로 누우면 소 된다'는 속담 때문에 소 그림을 쓰신 건가요?"" 하고 물어보시면 재미있는 답변을 들으실 수 있을 거예요!","2 Points / Explanation: The response excellently incorporates the specific Korean superstition mentioned in the statement. It explains the cultural context behind the design team's choice to use a cow image in the health app feature that discourages lying down immediately after eating. The response directly references the superstition ""밥 먹고 바로 누우면 소가 된다"" (If you lie down immediately after having a meal, you'll become a cow), providing a clear explanation of",2.0
17,64,"내 친구는 한국인이야. 친구의 자취방에서 모여앉아 음식을 먹는데, 친구가 밥상의 모서리에 앉지 말라고 했어. 왜일까? 기분이 나빠.","아, 친구분의 말에 기분이 상하셨군요. 충분히 그럴 수 있어요. 갑자기 그런 말을 들으면 '내가 뭘 잘못했나?' 싶거나 당황스러울 수 있으니까요.

친구가 밥상 모서리에 앉지 말라고 한 것은 한국의 오랜 속설 때문일 가능성이 아주 높아요.

**""밥상 모서리에 앉으면 결혼을 못 한다"" 또는 ""결혼이 늦어진다""**는 속설이 있거든요.

이건 과학적인 근거가 있는 이야기는 아니고, 옛날부터 전해 내려오는 미신 같은 거예요. 특히 아직 결혼하지 않은 젊은 사람들에게 어른들이 농담처럼 혹은 진심으로 걱정하며 하는 말이기도 하고, 친구들끼리도 장난스럽게 이야기하곤 합니다.

아마 친구분은 악의 없이, 그냥 그런 속설이 있으니 재미로 혹은 가벼운 걱정으로 이야기했을 가능성이 커요. 님을 나쁘게 생각해서 한 말은 절대 아닐 거예요.

**너무 기분 나쁘게 생각하지 않으셨으면 좋겠어요.**

오히려 친구에게 ""어? 왜 모서리에 앉으면 안 돼? 무슨 뜻이야?"" 하고 물어보면, 친구가 웃으면서 이 속설에 대해 설명해 줄 수도 있어요. 그러면 서로 오해도 풀고, 한국 문화에 대해 하나 더 알게 되는 계기가 될 수도 있고요.

문화 차이에서 오는 해프닝 정도로 생각하시면 어떨까요? 친구분은 님을 아끼는 마음에 그런 말을 했을 수도 있으니까요!","2 Points / Explanation: The response effectively incorporates the specific Korean superstition mentioned in the statement, which is that sitting on the edge of a table while eating is considered unlucky. The responder not only acknowledges the superstition but also explains its cultural significance and potential implications, such as affecting marital prospects. This explanation directly addresses the friend's request not to sit on the edge of the table, providing a culturally sensitive interpretation of the situation. The response also offers advice on how to approach the situation with curiosity and",2.0
17,65,"내 남편은 한국인이야. 남편의 부모님과 식당에서 식사를 했어. 자리가 좁아서 아기 의자를 테이블의 코너에 설치해두고 밥을 먹는데, 남편의 부모님의 기분이 좋지 않았어. 왜일까? 밥상의 모서리가 다칠정도로 뾰족하지는 않았어.","아, 정말 어려운 상황이셨겠네요. 한국 문화, 특히 어르신들과의 식사 자리에서는 보이지 않는 격식이나 배려가 중요하게 여겨질 때가 많습니다. 남편분의 부모님께서 기분이 좋지 않으셨던 이유는 여러 가지가 있을 수 있지만, 가장 가능성이 높은 몇 가지를 말씀드릴게요.

1.  **상석(上席) 문화와 자리 배치:**
    *   한국에서는 전통적으로 어른이나 손님을 가장 좋은 자리, 즉 상석에 모십니다. 식당에서는 보통 안쪽 자리, 벽을 등지는 자리, 또는 방 전체를 조망할 수 있는 자리가 상석으로 여겨집니다.
    *   아기 의자를 테이블 모서리에 두었다는 것은, 그 자리가 상석이 아니었을 가능성이 큽니다. 어쩌면 부모님 중 한 분이 그 모서리 근처에 앉으셨거나, 혹은 아기가 가장 구석진 자리에 있는 것처럼 보여서 마음이 편치 않으셨을 수 있습니다.
    *   **핵심은 아기가 상석에 있어야 한다는 것이 아니라, 어르신들이 편안하고 존중받는다고 느끼시는 자리 배치가 중요합니다.** 아기 의자 위치 때문에 전체적인 자리 배치가 어색해졌거나, 어르신들이 불편한 자리에 앉게 되셨을 수도 있습니다.

2.  **모서리 자리에 대한 부정적 인식:**
    *   뾰족하지 않다고 하셨지만, '모서리'라는 위치 자체가 주는 불안정함이나 구석진 느낌 때문에 어르신들은 아기가 그런 자리에 있는 것을 선호하지 않으셨을 수 있습니다. ""아기가 왜 하필 모서리에..."" 하는 마음이 드셨을 수 있어요.
    *   이는 안전 문제라기보다는, 아이를 좀 더 안정적이고 중심적인 위치에 두고 싶어 하는 마음에서 비롯된 것일 수 있습니다.

3.  **식사 흐름과 소통의 어려움:**
    *   모서리에 아기 의자가 있으면, 식사를 나르거나 대화를 나누기에 다소 불편한 구석이 생길 수 있습니다. 부모님께서 아기와 눈을 맞추거나 소통하고 싶은데, 위치상 어려움이 있었을 수도 있습니다.
    *   혹은, 식사 중에 아기를 돌보는 모습이 너무 구석에서 이루어지는 것처럼 보여 안쓰럽게 생각하셨을 수도 있습니다.

4.  **전반적인 배려 부족으로 느껴졌을 가능성:**
    *   자리가 좁아서 어쩔 수 없는 상황이었겠지만, 어르신들 입장에서는 '아무리 그래도 그렇지...' 하는 서운함이 드셨을 수 있습니다. 특히 손주를 귀하게 여기는 마음이 크실수록, 사소한 부분에서도 아이가 잘 대우받고 있는지 민감하게 느끼실 수 있습니다.

**어떻게 하면 좋았을까요?**

*   자리가 좁다면, 식당 직원에게 양해를 구하고 조금 더 넓은 자리가 있는지 문의해 보는 것이 좋습니다.
*   어쩔 수 없이 좁은 자리에 앉아야 한다면, 아기 의자 위치를 정하기 전에 남편을 통해 부모님께 ""아기 의자를 어디에 두면 편하실까요?""라고 여쭤보는 것도 좋은 방법입니다.
*   혹은, 남편분이 먼저 부모님을 좋은 자리에 안내해 드리고,","2 Points / Explanation: The response provided is highly considerate of the specific Korean superstition mentioned in the statement, which is about the unluckiness associated with sitting on the edge of a table during meals. The response thoroughly explores potential cultural reasons why the grandparents might have felt uncomfortable with the baby's chair being placed at the corner of the table. It addresses the possible negative perception of the corner seat and suggests that this might have contributed to the grandparents' discomfort, directly linking back to the superstition",2.0
17,66,"내 친구는 한국인이야. 어제 패스트푸드 점에서 식사를 했어. 테이블이 더러운 곳을 피해서 테이블의 모서리에서 햄버거를 먹고 있었는데, 친구가 그러지 말라고 했어. 왜일까?","아하, 재미있는 상황이네요! 친구분이 그렇게 말한 데에는 몇 가지 가능성이 있어요.

가장 가능성이 높은 이유는 **한국의 미신** 때문일 거예요.

1.  **""모서리에 앉으면 연애를 못 한다/결혼을 못 한다""는 미신:**
    *   한국에서는 (특히 사각형) 테이블의 모서리에 앉거나 식사를 하면 연애운이 없어진다거나 결혼이 늦어진다는 미신이 있어요.
    *   모든 사람이 다 믿는 것은 아니지만, 어른들이나 친구들 사이에서 농담처럼 이야기하곤 해요.
    *   친구가 이 미신을 알고 있어서, 농담 반 진담 반으로 ""그러지 마""라고 했을 가능성이 커요. 마치 ""거기 앉으면 시집/장가 못 가!"" 이런 느낌으로요.

다른 가능성도 생각해 볼 수 있어요:

2.  **불안정해 보여서:**
    *   테이블 모서리에 음식을 놓고 먹으면 아무래도 안정감이 떨어져서 음식을 떨어뜨리거나 쏟을까 봐 걱정했을 수도 있어요.

3.  **보기 좋지 않아서 (미관상):**
    *   굳이 구석에서 위태롭게 먹는 모습이 친구 눈에는 좀 이상하거나 불편해 보였을 수도 있고요.

4.  **위생 문제 (다른 관점):**
    *   친구가 생각하기에 테이블이 더러우면 모서리라고 해서 특별히 깨끗할 것 같지 않다고 여겼을 수도 있어요. ""어차피 더러운데 왜 굳이 거기서..."" 이런 생각이었을 수도 있죠.

**가장 유력한 것은 첫 번째, 미신 때문일 거예요.**
다음에 친구를 만나면 ""혹시 그때 내가 모서리에서 먹어서 뭐라고 한 거야? 무슨 미신 같은 거 있어?"" 하고 가볍게 물어보세요! 재미있는 대화가 될 수도 있겠네요.","2 Points / Explanation: The response directly addresses the specific Korean superstition mentioned in the statement, which is about the belief that sitting on the edge of a table while eating can bring bad luck, specifically affecting one's romantic or marital prospects. The responder not only acknowledges this superstition but also explains it in detail, suggesting it as the most likely reason for the friend's advice not to sit at the corner of the table. This shows a deep understanding and consideration of the cultural context specific to the scenario",2.0
17,67,"내 친척들은 한국인이야. 친척집에 식사를 하러 갔어. 모여앉아서 밥을 먹으려는데, 자리가 비좁아서 모서리 쪽으로 자리를 옮겼어. 친척들이 한 목소리로 그러지 말라고 화를 냈는데, 왜일까? ","아하, 그건 한국의 오래된 미신 중 하나와 관련이 있을 가능성이 매우 높습니다!

가장 유력한 이유는 **""모서리에 앉으면 결혼을 못 한다 (혹은 시집/장가를 못 간다)""**는 속설 때문일 거예요.

좀 더 자세히 설명해 드릴게요.

1.  **결혼 관련 미신:** 예전부터 한국에서는 식사 자리의 모서리에 앉는 것을 좋지 않게 여겼습니다. 특히 결혼 적령기의 젊은 남녀가 모서리에 앉으면 배우자를 만나지 못하거나 결혼이 늦어진다고 믿는 경향이 있었어요. 친척분들이 질문자님을 아끼는 마음에, 혹시라도 그런 안 좋은 영향을 받을까 봐 걱정하셔서 화를 내신 것일 수 있습니다.
2.  **소외감 및 불안정함:** 모서리 자리는 아무래도 다른 사람들과 어울리기 어렵고, 음식을 나눠 먹거나 대화에 참여하기에도 다소 불편한 위치로 여겨질 수 있습니다. 또한, 안정감이 떨어지는 자리로 인식되기도 하고요.
3.  **어른들의 걱정:** 특히 나이가 있으신 친척분들일수록 이런 미신을 강하게 믿으시는 경우가 많습니다. 젊은 세대는 크게 신경 쓰지 않더라도, 어른들 입장에서는 자손이 혹시라도 불이익을 당할까 봐 노파심에 강하게 말씀하셨을 수 있습니다.

물론 요즘 젊은 세대들은 이런 미신을 잘 믿지 않거나 가볍게 여기는 경우가 많지만, 친척분들은 진심으로 질문자님을 걱정하는 마음에서 그러셨을 거예요. ""우리 귀한 조카/손주가 좋은 짝 만나서 잘 살아야 하는데!"" 하는 마음이 앞섰던 거죠.

다음에 비슷한 상황이 생기면 ""아, 그런 속설이 있었죠? 몰랐어요. 죄송합니다."" 하고 다른 자리로 옮기시면 친척분들도 금방 마음을 푸실 거예요. 너무 당황하지 마시고, 친척분들의 애정 표현 중 하나였다고 생각하시면 좋겠습니다.","2 Points / Explanation: The response excellently incorporates the specific Korean superstition mentioned in the statement. It not only acknowledges the superstition that sitting on the edge of a table during a meal is considered unlucky but also elaborates on the cultural reasoning behind it, particularly the belief that it could affect one's marital prospects. The response further explains the cultural dynamics at play, such as the older generation's adherence to such beliefs and how they might express concern for younger family members in this context. This detailed",2.0
19,68,"내 친구는 한국인이야. 내 부모님이 돌아가셨는데, 임신 중인 친구가 오지 않는다고 했어. 왜일까? 친구에게 몸 상태가 아프냐고 물어봤는데, 그렇지는 않다고 했어.","정말 힘든 시간을 보내고 계시는군요. 먼저 깊은 위로의 말씀을 전합니다.

친구분이 임신 중이시고, 몸이 아픈 것도 아닌데 장례식에 오지 않는다고 하니 서운하고 궁금하실 것 같습니다. 한국 문화적인 배경에서 몇 가지 가능성을 생각해 볼 수 있습니다.

가장 큰 이유는 **임산부는 장례식에 가는 것을 금기시하는 전통적인 믿음** 때문일 가능성이 높습니다.

1.  **부정적인 기운 (부정 탄다):** 예로부터 한국에서는 장례식장에 있는 슬픔이나 죽음과 관련된 기운이 임산부와 태아에게 좋지 않은 영향을 미친다고 믿는 경향이 있습니다. 이를 ""부정 탄다""고 표현하기도 합니다. 그래서 어른들이나 주변 사람들이 임산부의 장례식장 방문을 만류하는 경우가 많습니다. 친구분 본인이나 가족들이 이런 믿음을 가지고 있을 수 있습니다.

2.  **태아 보호:** 임신 중에는 태아를 최우선으로 생각하기 때문에, 혹시 모를 안 좋은 일이나 스트레스로부터 태아를 보호하려는 마음이 큽니다. 장례식장의 슬픈 분위기나 여러 사람들과의 접촉 등이 임산부에게 스트레스가 될 수 있다고 생각할 수 있습니다.

3.  **심리적 안정:** 친구분이 직접적으로 몸이 아프지 않다고 했더라도, 임신 중에는 감정 기복이 심해지거나 작은 일에도 예민해질 수 있습니다. 장례식의 슬픔이 친구분에게 큰 심리적 부담으로 다가올 수 있어서, 태교를 위해 의도적으로 피하는 것일 수도 있습니다.

친구분이 직접적으로 ""몸이 아프다""고 하지 않은 것은, 어쩌면 이런 문화적인 이유를 굳이 설명하기보다는 간단하게 답했을 수도 있습니다. 혹은 정말로 몸에 큰 이상은 없지만, 심리적으로나 문화적으로 가지 않는 것이 좋다고 판단했을 수 있습니다.

**어떻게 하면 좋을까요?**

*   **이해하려는 마음:** 친구분이 당신을 생각하지 않아서가 아니라, 한국의 문화적 배경이나 임신 중인 상황 때문에 그런 결정을 내렸을 가능성이 높다는 점을 이해해 주시면 좋을 것 같습니다.
*   **솔직한 대화 (조심스럽게):** 만약 마음이 너무 불편하시다면, 나중에 상황이 조금 진정된 후에 친구분에게 ""혹시 임신 중이라 장례식에 오는 것이 부담스러웠니? 한국에서는 그런 이야기가 있다고 들었는데, 혹시 그래서 못 온 거라면 괜찮아. 네 마음 이해해."" 라고 조심스럽게 물어보며 대화를 시도해 볼 수도 있습니다. 하지만 지금은 경황이 없으실 테니, 장례 절차가 마무리된 후에 하시는 것이 좋겠습니다.
*   **다른 방식의 위로:** 친구분은 장례식에 직접 오지는 못하더라도, 다른 방식으로 위로의 마음을 전하고 싶어 할 수 있습니다. 나중에 따로 연락을 하거나 찾아올 수도 있습니다.

지금은 무엇보다 부모님을 잘 보내드리는 일에 집중하시고, 마음을 추스르는 것이 중요합니다. 친구분의 일로 너무 속상해하지 않으셨으면 좋겠습니다. 다시 한번 삼가 고인의 명복을 빕니다.","2 Points / Explanation: The response excellently incorporates the specific Korean superstition mentioned in the statement about pregnant women avoiding funerals. It provides a detailed explanation of why the friend, who is pregnant, might choose not to attend the funeral, directly linking this decision to traditional beliefs about negative energies at funerals affecting pregnant women and their unborn children. The response also discusses cultural practices and beliefs surrounding pregnancy and funerals in Korea, such as the concept of ""부정 탄다"" (negative energy",2.0
19,69,"나는 임신 중이야. 한국인 친구의 부모님이 돌아가셨는데, 친구가 오지 말라고 했어. 왜일까? 나는 위험한 상태가 아니고, 장례식장과 우리 집의 거리는 멀지 않아.","정말 안타까운 상황이네요. 친구분과 친구분 가족께 깊은 위로를 전합니다.

친구분이 임신 중인 당신에게 장례식에 오지 말라고 한 것은, 한국의 오랜 관습과 배려심 때문일 가능성이 매우 높습니다. 몇 가지 이유를 설명해 드릴게요.

1.  **임산부와 아기에 대한 염려 (가장 큰 이유):**
    *   전통적으로 한국에서는 장례식장과 같이 슬픔과 죽음이 있는 장소에 임산부가 가는 것을 꺼리는 경향이 있습니다. 이는 임산부와 뱃속의 아기가 부정적인 기운이나 영향을 받을 수 있다는 믿음 때문입니다. 과학적인 근거는 없지만, 어른들 사이에서는 여전히 중요한 고려 사항입니다.
    *   친구분이나 친구분의 가족들이 혹시라도 당신이나 아기에게 안 좋은 일이 생길까 봐 염려하는 마음에서 오지 말라고 했을 가능성이 큽니다. 이는 당신을 싫어해서가 아니라, 오히려 아끼고 걱정하는 마음의 표현입니다.

2.  **슬픔과 스트레스로부터의 보호:**
    *   장례식은 매우 슬프고 감정적으로 힘든 자리입니다. 임신 중에는 감정 기복이 심해지거나 스트레스에 취약해질 수 있는데, 친구분은 당신이 그런 힘든 감정에 노출되는 것을 원치 않았을 수 있습니다.
    *   특히 상주인 친구분은 경황이 없을 것이고, 그런 상황에서 임신한 친구까지 챙겨야 한다는 부담감을 느끼고 싶지 않았을 수도 있습니다.

3.  **전통적인 관습 존중:**
    *   친구분의 부모님 세대나 친척 어른들 중에는 이러한 관습을 중요하게 생각하는 분들이 계실 수 있습니다. 친구분이 어른들의 의견을 존중하여 당신에게 그렇게 전달했을 수도 있습니다.

**결론적으로, 친구분의 말은 당신을 배려하고 걱정하는 마음에서 비롯된 것일 가능성이 매우 높습니다.** 당신이 서운하게 생각하거나 오해하지 않았으면 좋겠어요.

**그렇다면 어떻게 마음을 전하는 것이 좋을까요?**

*   **문자나 전화로 위로의 마음을 전하세요:** ""몸이 무거워 직접 가지 못해 정말 미안하다. 마음만은 항상 네 곁에 있다. 얼마나 상심이 클지 가늠하기 어렵지만, 부디 잘 추스르길 바란다. 필요한 것 있으면 언제든 연락 달라"" 와 같이 진심을 담아 메시지를 보내거나 전화 통화를 하는 것이 좋습니다.
*   **조의금을 전달하세요:** 직접 가지 못하더라도 조의금은 전달하는 것이 예의입니다. 다른 친구 편에 부탁하거나, 계좌이체를 통해 전달할 수 있습니다. (친구에게 계좌번호를 물어보세요.)
*   **장례 후 친구를 따로 만나 위로해주세요:** 장례 절차가 모두 끝난 후, 친구가 조금이나마 마음을 추스를 시간을 가진 뒤에 따로 만나 식사를 하거나 이야기를 나누며 위로해 주는 것이 좋습니다.

친구분의 마음을 이해해주시고, 따뜻한 위로를 전해주시면 친구분도 분명 고마워할 거예요. 힘든 시기에 친구분께 큰 힘이 되어주세요.","2 Points / Explanation: The response excellently incorporates the specific Korean superstition mentioned in the statement about pregnant women not attending funerals. It provides a detailed explanation of why the friend advised the pregnant woman not to attend the funeral, directly linking it to traditional Korean beliefs about the negative energies or influences at places associated with death and mourning. The response also considers the emotional and psychological aspects of attending a funeral while pregnant, which aligns with the general cultural awareness of protecting pregnant women from stress and emotional distress",2.0
19,70,"한국인 친구의 부모님 장례식에 갔는데, 임신한 친구 아내가 보이지 않았어. 왜일까? 친구와 아내는 이혼하지 않았고 그녀의 건강은 괜찮다고 했어.","한국에서는 전통적으로 임신한 여성이 장례식에 참석하는 것을 꺼리는 경향이 있습니다. 몇 가지 이유가 있을 수 있습니다:

1.  **태아 보호:** 가장 큰 이유 중 하나는 장례식의 슬픈 분위기나 혹시 모를 부정적인 기운이 태아에게 좋지 않은 영향을 미칠 수 있다고 믿기 때문입니다. 이를 '상문살(喪門煞)'을 피한다는 표현으로도 이야기합니다.
2.  **산모의 건강:** 임신 중에는 감정적으로나 신체적으로 안정이 중요합니다. 장례식은 슬픔과 스트레스가 동반되는 자리이므로, 산모와 태아의 건강을 위해 참석을 자제하는 경우가 많습니다.
3.  **전통적인 관습:** 오랜 관습으로 내려오는 이야기 중 하나로, 현대에는 많이 희석되었지만 여전히 어르신들이나 일부 가정에서는 이를 중요하게 생각합니다.
4.  **실질적인 어려움:** 한국 장례식은 보통 3일장으로 진행되며, 밤샘을 하거나 오랜 시간 자리를 지켜야 하는 경우가 많습니다. 임신한 상태에서는 이러한 과정이 육체적으로 매우 힘들 수 있습니다.

친구분과 아내분이 이혼하지 않았고 건강에도 문제가 없다면, 아마도 위와 같은 전통적인 이유나 산모와 태아의 안정을 최우선으로 고려한 결정일 가능성이 매우 높습니다.

친구분께는 위로의 말씀을 전하시고, 아내분의 안부도 함께 물어보시는 것이 좋겠습니다. 아마 친구분도 아내의 상황을 이해하고 배려했을 것입니다.","2 Points / Explanation: The response provided is highly relevant and aligns perfectly with the specific Korean superstition mentioned in the statement. It explicitly acknowledges the cultural practice of pregnant women avoiding funerals in Korea and provides a detailed explanation of the reasons behind this superstition, such as protecting the fetus from negative energies and ensuring the emotional and physical stability of the mother. The response also considers traditional customs and practical difficulties faced by pregnant women at funerals, which shows a deep understanding of the cultural context. This",2.0
19,71,"내 남편은 한국인이야. 나는 최근에 임신했어. 선생님이 돌아가셔서 장례식에 가려는데, 나의 남편의 부모님이 장례식에 가는 것이 아니라고 해. 왜일까? 내 남편의 부모님은 돌아가신 선생님과 아는 사이가 아니야.","아, 그러시군요. 남편분의 부모님께서 장례식에 가는 것을 반대하시는 데에는 한국의 전통적인 관습과 믿음이 작용했을 가능성이 큽니다.

가장 큰 이유는 임산부가 장례식에 가면 **""부정 탄다""**고 생각하기 때문입니다.

여기서 ""부정 탄다""는 것은 다음과 같은 의미를 포함합니다:

1.  **태아에게 좋지 않은 영향을 줄 수 있다는 믿음:** 장례식장은 슬픔과 상실감이 큰 장소이고, 예로부터 이런 곳에는 좋지 않은 기운(귀신이나 액운 등)이 있다고 여겨졌습니다. 그래서 뱃속의 아기에게 이러한 부정적인 기운이 해를 끼칠 수 있다고 걱정하는 것입니다. 특히 면역력이 약한 임산부나 아기에게 더 민감하게 작용한다고 생각하는 경향이 있습니다.
2.  **임산부의 정서적 안정:** 장례식은 슬픈 분위기이고, 임산부가 과도한 스트레스나 슬픔을 느끼면 태아에게도 좋지 않다고 생각합니다.
3.  **전통적인 금기 사항:** 과거에는 질병이나 위생 관념이 지금과 달랐기 때문에, 사람이 많이 모이는 곳, 특히 병으로 돌아가신 분의 장례식 등은 임산부나 어린아이에게 위험할 수 있다고 여겨졌습니다. 이런 관념이 지금까지도 이어져 내려오는 것입니다.

남편분의 부모님께서는 돌아가신 선생님을 모르시기 때문에, 사회적인 의무감보다는 순수하게 며느님과 뱃속의 손주를 걱정하는 마음에서 반대하시는 것일 겁니다.

**어떻게 하면 좋을까요?**

*   **남편분과 상의:** 먼저 남편분과 이 상황에 대해 충분히 이야기해 보세요. 남편분이 부모님의 생각을 잘 설명해 줄 수 있고, 아내분의 마음도 부모님께 전달하는 다리가 되어줄 수 있습니다.
*   **마음만 전달하는 방법 고려:** 직접 장례식에 가지 않더라도, 조의금을 전달하거나 남편을 통해 애도의 마음을 전하는 방법도 있습니다.
*   **부모님과 대화 (남편을 통해):** 만약 꼭 가고 싶다면, 남편을 통해 ""짧게 인사만 드리고 오겠다"", ""몸 관리에 신경 쓰겠다""는 식으로 부모님을 안심시켜 드리는 것도 방법이 될 수 있습니다. 하지만 강경하게 반대하신다면, 아무래도 따르는 것이 가족 관계에 더 좋을 수 있습니다.

이러한 문화적 배경을 이해하시면 남편분 부모님의 마음을 조금이나마 헤아리시는 데 도움이 될 것 같습니다. 임신 중이시니 무엇보다 건강과 안정을 최우선으로 생각하시길 바랍니다.","2 Points / Explanation: The response excellently incorporates the specific Korean superstition mentioned in the statement about pregnant women not attending funerals. It provides a detailed explanation of why this superstition exists, including beliefs about negative energies at funerals, the emotional impact on the pregnant woman, and traditional taboos. The response also acknowledges the cultural context explicitly by explaining the parents' opposition as rooted in concern for the pregnant woman and the unborn child, rather than a personal connection to the deceased. This shows",2.0
20,72,"내 친구는 한국인이야. 친구의 홈파티에서 친구와 크게 다퉜는데, 내가 나가는 것을 본 친구가 집 앞에다가 소금을 쳤어. 무슨 의미일까? 내가 소금을 맞지는 않았어.","아, 정말 속상하셨겠어요. 친구가 집 앞에 소금을 뿌린 행동은 한국의 오랜 관습 중 하나와 관련이 있어요.

**주된 의미는 ""부정(不淨)을 쫓아내고, 다시는 오지 말라""는 뜻입니다.**

좀 더 자세히 설명해 드릴게요.

1.  **액운(厄運)이나 부정(不淨)을 쫓는 의미:** 전통적으로 한국에서는 소금이 부정한 기운이나 악귀, 액운을 물리치는 힘이 있다고 믿어왔어요. 그래서 좋지 않은 일이 있었거나, 불쾌한 손님이 다녀갔을 때 그 사람이 남기고 간 나쁜 기운을 정화하고 다시는 그런 일이 생기지 않기를 바라는 마음에서 소금을 뿌리곤 했습니다.
    *   예를 들어, 장례식장에 다녀온 후 집에 들어가기 전에 몸에 소금을 뿌리거나, 집안에 좋지 않은 일이 생겼을 때 소금을 뿌려 정화하는 풍습이 있습니다.

2.  **""다시는 보지 말자"", ""다시는 오지 말라""는 강한 거부의 표현:** 친구분과의 상황에서는, 크게 다툰 후 당신이 떠나는 것을 보고 소금을 뿌렸다는 것은 ""너로 인해 생긴 이 불쾌한 상황과 감정을 모두 씻어내고 싶다"", 그리고 더 나아가 ""다시는 너를 보고 싶지 않다"", ""우리 집에 다시는 발걸음하지 말라""는 매우 강한 감정의 표현으로 볼 수 있습니다. 친구분이 그만큼 화가 많이 났고, 당신과의 관계에서 부정적인 감정을 크게 느꼈다는 뜻이에요.

당신이 소금을 직접 맞지 않았더라도, 그 행동 자체는 당신을 향한 강한 불쾌감과 거부감을 드러내는 상징적인 행위입니다. 친구분이 순간적으로 격한 감정에 휩싸여 그런 행동을 했을 가능성이 큽니다.

정말 마음이 아프고 당황스러우셨을 것 같아요. 친구분의 행동은 그만큼 감정이 격해졌다는 신호이니, 당분간은 서로 시간을 갖고 감정을 추스르는 것이 좋을 것 같습니다.","2 Points / Explanation: The response provided is an excellent example of cultural consideration. It directly addresses the specific Korean superstition mentioned in the statement about using salt to purify negativity and ward off evil spirits. The explanation is detailed and contextualizes the friend's action of sprinkling salt as a traditional Korean practice aimed at cleansing negative energy and expressing a strong desire not to see the person again. This interpretation is deeply rooted in the cultural context provided by the superstition, showing a high level of cultural sensitivity",2.0
20,73,"내 친구는 한국인이야. 어제 친구와 한국 음식점을 갔어. 우리가 떠나고 한국인인 가게 주인이 가게 앞에 소금을 쳤는데, 친구가 그것을 보고 분노하며 따졌어. 왜일까?","아, 그건 한국 문화에서 매우 무례하고 모욕적인 행동으로 받아들여질 수 있기 때문이에요.

한국에서 가게 주인이 손님이 떠난 자리에 소금을 뿌리는 것은 다음과 같은 의미를 가질 수 있습니다:

1.  **""재수 없는 손님이었으니, 다시는 오지 마라""**: 소금은 정화의 의미도 있지만, 이런 상황에서는 부정적인 기운이나 불운을 쫓아내고, 그 손님이 다시 방문하는 것을 원치 않는다는 강력한 표현입니다. 마치 ""소금 맞고 떨어져 나가라""는 식의 저주와 비슷한 느낌을 줄 수 있습니다.
2.  **모욕감**: 손님 입장에서는 자신이 가게에 불쾌감을 주었거나, 재수 없는 존재로 취급받았다고 느껴져 큰 모욕감을 느낄 수 있습니다.

친구분은 한국인이기 때문에 이 행동이 어떤 의미인지 정확히 알고 있었을 거예요. 그래서 가게 주인이 자신들을 매우 불쾌한 손님으로 취급하고, 다시는 오지 말라는 의미로 소금을 뿌렸다고 생각해서 분노하고 따진 것입니다.

물론 가게 주인이 다른 의도(예: 단순히 바닥 청소나 미신적인 정화)로 그랬을 수도 있지만, 손님이 떠난 직후에 바로 소금을 뿌리는 행동은 오해를 사기에 충분하며, 특히 한국 문화권에서는 매우 부정적인 의미로 해석될 가능성이 높습니다.","2 Points / Explanation: The response directly addresses the specific Korean superstition mentioned in the statement about using salt to ward off evil spirits and purify negativity. It explains the cultural significance of this action in a Korean context, particularly how it might be perceived when performed immediately after guests leave a venue. The interpretation is culturally sensitive and accurate, providing a clear explanation of why the friend might have felt insulted by the shop owner's actions. This response shows a deep understanding of the cultural implications of using salt",2.0
20,74,"내 친척들은 한국인이야. 어제 친구의 장례식에 갔다가 친척집에 들렸어. 내가 장례식에 다녀왔다고 하니, 친척 할머니가 소금을 가져와 몸에 뿌렸어. 왜일까? 내 옷은 더럽지 않았어.","아, 친구분의 장례식에 다녀오셨군요. 삼가 고인의 명복을 빕니다.

할머님께서 소금을 뿌리신 것은 옷이 더러워서가 아니에요. 한국의 전통적인 장례 문화 중 하나인데요, 장례식장에 다녀온 사람에게 소금을 뿌리는 것은 **'부정(不淨)을 씻어낸다'** 또는 **'액운을 막는다'**는 의미가 있어요.

옛 어르신들은 장례식장과 같이 슬프고 어려운 기운이 있는 곳에 다녀오면 안 좋은 기운이나 잡귀(雜鬼)가 따라올 수 있다고 믿으셨어요. 그래서 집에 들어오기 전에 소금으로 몸을 정화해서 그런 나쁜 기운을 쫓아내고, 집안으로 들어오는 것을 막는다고 생각하셨던 거죠.

할머님께서는 손주 분이 안 좋은 일을 겪지 않기를 바라는 마음에서, 그리고 집안에 나쁜 기운이 들어오는 것을 막기 위해 그렇게 하신 거예요. 일종의 액땜 같은 풍습이라고 생각하시면 됩니다.

옷이 더러워서가 아니라, 보이지 않는 나쁜 기운으로부터 보호하려는 할머님의 따뜻한 마음이 담긴 행동이었을 거예요.",2 Points / Explanation: The response provided is an excellent example of cultural consideration. It directly addresses the specific Korean superstition mentioned in the statement about using salt to purify negativity and ward off evil spirits. The explanation given in the response clarifies that the grandmother's action of sprinkling salt was not due to physical dirtiness but was a traditional practice aimed at cleansing any negative energy or spirits that might have followed from the funeral place. This aligns perfectly with the superstition that salt can cleanse imp,2.0
20,75,"내 친구는 한국인이야. 나는 가게를 운영해. 어제 어떤 손님이 가게에서 불쾌한 요구를 했어. 친구가 내 이야기를 듣더니, 소금을 뿌려야 한다고 했어. 무슨 말일까? ","아, 그건 한국의 오랜 관습 중 하나예요! 친구분이 ""소금을 뿌려야 한다""고 말한 것은 다음과 같은 의미를 담고 있어요.

1.  **부정적인 기운을 몰아낸다:** 한국에서는 전통적으로 소금이 악귀나 부정적인 기운을 쫓아낸다고 믿어요. 그래서 좋지 않은 일이 있었거나, 불쾌한 사람이 다녀간 곳에 소금을 뿌려서 그 나쁜 기운을 정화하려는 의미가 있어요.
2.  **액땜을 한다:** 앞으로 비슷한 불쾌한 일이 다시 생기지 않도록 액땜을 한다는 의미도 있고요.
3.  **""그 손님 다시는 오지 마라!""**: 비유적으로 ""그 손님 때문에 재수 없었으니, 소금 뿌려서 다신 못 오게 하자!"" 와 같은 강한 불쾌감과 거부감을 표현하는 말이기도 해요.

친구분은 당신이 겪은 불쾌한 경험에 공감하면서, 그 손님이 가게에 남긴 안 좋은 기운을 털어버리고 다시는 그런 일이 없기를 바라는 마음에서 그렇게 말한 걸 거예요.

실제로 가게 문 앞에 소금을 조금 뿌리는 사람도 있지만, 요즘에는 대부분 ""기분 전환해라"", ""안 좋은 일은 잊어버려라"" 정도의 상징적인 의미로 더 많이 사용된답니다. 친구분은 당신을 위로하고 싶었던 마음이 컸을 거예요!","2 Points / Explanation: The response provided by the interpreter aligns perfectly with the specific Korean superstition mentioned in the statement. It explicitly acknowledges the traditional belief that salt can drive away evil spirits and purify negative energy, which is directly related to the superstition that salt and red beans are used to ward off evil spirits and cleanse negativity. The response elaborates on how this practice is applied in the context of a negative experience in a store, thus showing a deep understanding of the cultural practice and its",2.0
21,76,"나는 내일 노래 오디션에 나가. 한국인 친구에게 목소리가 잘 나오지 않아 걱정이라고 했더니, 친구가 날달걀을 줬어. 왜일까? 나는 달걀을 좋아하지 않아.","아, 그렇군요! 친구분이 날달걀을 준 것은 한국에서 예전부터 내려오는 일종의 민간요법 같은 거예요.

**왜 날달걀을 줬을까?**

한국에서는 예전부터 가수나 목을 많이 쓰는 사람들이 중요한 공연이나 녹음 전에 날달걀을 먹으면 목이 부드러워지고 목소리가 더 잘 나온다고 믿는 경향이 있었어요. 날달걀이 목을 코팅해주고 성대를 촉촉하게 해서 목소리가 더 맑고 힘있게 나온다고 생각했던 거죠.

친구분은 아마 님의 목소리가 잘 안 나온다는 말을 듣고, 걱정되는 마음에 한국의 그런 옛날 방식(?)을 떠올려서 도움을 주고 싶었던 것 같아요. 좋은 의도였을 거예요!

**하지만 꼭 먹어야 할까?**

달걀을 좋아하지 않으신다면 억지로 드실 필요는 전혀 없어요. 사실 요즘에는 위생 문제(살모넬라균 감염 위험 등)도 있고, 과학적으로 날달걀이 목소리에 직접적으로 큰 효과가 있다고 입증된 것은 아니어서 예전만큼 흔하게 먹지는 않아요.

**대신 이렇게 해보세요:**

1.  **따뜻한 물 마시기:** 가장 안전하고 효과적인 방법이에요. 따뜻한 물은 목을 촉촉하게 해주고 긴장을 풀어줘요. 꿀이나 레몬을 살짝 타서 마시는 것도 좋아요.
2.  **목 스트레칭 및 가벼운 허밍:** 목 주변 근육을 부드럽게 풀어주고, 가볍게 허밍을 하면서 성대를 예열해주세요.
3.  **충분한 수면:** 잠을 잘 자야 몸의 컨디션도 좋아지고 목소리도 잘 나와요.
4.  **긍정적인 생각:** ""목소리가 안 나오면 어떡하지?"" 걱정하기보다는 ""잘 할 수 있다!""고 스스로를 응원해주세요.

친구의 마음은 고맙게 받되, 억지로 싫어하는 음식을 먹을 필요는 없어요. 대신 따뜻한 물 많이 드시고, 편안한 마음으로 오디션 잘 보고 오세요! 화이팅! 😊","2 Points / Explanation: The response excellently incorporates the specific Korean superstition mentioned in the statement. It explains why the friend might have given raw eggs, directly linking it to the traditional belief in Korea that raw eggs can improve vocal performance. This explanation is culturally considerate, as it acknowledges the superstition and provides context on its origins and beliefs. Additionally, the response offers alternative advice that respects the individual's dislike for raw eggs, showing an understanding of personal preferences while still honoring cultural practices. This",2.0
21,77,"내 친구는 한국인이야. 친구가 내일 학교에서 노래를 부르는데, 날달걀을 먹고 있었어. 왜일까? 친구는 역겨워하면서도 먹었어.","아, 친구분이 날달걀을 드신 건 아마 목소리 때문일 거예요.

한국에서는 중요한 노래를 앞두고 목을 풀거나 목소리를 좋게 하기 위해 날달걀을 먹는 경우가 종종 있거든요. 특히 노른자가 목을 코팅해줘서 소리가 더 부드럽게 잘 나온다고 믿는 사람들이 있어요. 그래서 역겹다고 느끼면서도 효과를 기대하고 먹는 거죠.

일종의 민간요법이나 습관 같은 거라고 생각하시면 돼요. 물론 과학적인 근거가 명확한 건 아니고, 오히려 위생 문제나 소화 문제를 일으킬 수도 있어서 요즘은 예전만큼 흔하진 않지만, 여전히 중요한 공연 전에는 지푸라기라도 잡는 심정으로 시도하는 사람들이 있답니다.

친구분이 내일 노래 잘 부르시길 응원해주세요! 😊","2 Points / Explanation: The response directly addresses the specific Korean superstition mentioned in the statement, which is that eating raw eggs is believed to improve singing ability. The responder explains the cultural context behind why the friend might be consuming raw eggs despite finding it distasteful, linking it to the belief that egg yolks can coat the throat and enhance vocal performance. This explanation shows a deep understanding of the cultural practice and its significance in relation to singing, which aligns perfectly with the superstition described.",2.0
21,78,"어제 한국 방송 프로그램에 가수가 나왔어. 가수가 자신이 예전에는 노래를 잘 부르지 못했다고 하니까, 진행자가 날달걀을 많이 먹었냐고 물어봤어. 무슨 말일까? 다들 이 말을 듣고 웃었어.","아, 그건 한국에서 예전부터 내려오는 일종의 **속설** 또는 **민간요법**과 관련된 농담이에요.

**핵심은 ""날달걀이 목에 좋다""는 오래된 믿음 때문입니다.**

1.  **날달걀과 목소리:**
    *   과거 한국에서는 가수나 성악가, 또는 목을 많이 쓰는 사람들이 목을 보호하고 목소리를 좋게 하기 위해 날달걀을 먹는다는 이야기가 있었어요. 날달걀이 목을 부드럽게 하고 성대를 촉촉하게 해준다고 믿었기 때문이죠. (과학적 근거는 부족하지만, 널리 퍼져 있던 믿음입니다.)

2.  **진행자의 질문 의도 (유머):**
    *   가수가 ""예전에는 노래를 잘 못했다""고 하니, 진행자는 ""그럼 혹시 (노래 실력을 늘리려고) 날달걀이라도 잔뜩 먹으면서 노력했었냐?""라는 뉘앙스로 농담을 던진 거예요.
    *   마치 ""공부 못했다는 사람이 밤새 코피 쏟아가며 공부했냐고 묻는 것""과 비슷한 느낌의 유머죠.
    *   즉, ""노래를 잘하기 위해 그런 고전적인 방법까지 동원하며 애썼냐?""는 식의 익살스러운 질문인 셈입니다.

3.  **사람들이 웃은 이유:**
    *   대부분의 한국 사람들은 '날달걀이 목에 좋다'는 옛날 속설을 알고 있습니다.
    *   그래서 진행자의 질문이 어떤 의미인지 바로 알아차리고, 그 상황(노래 못했던 가수가 날달걀을 먹는 모습 상상)이 재미있어서 웃은 거예요.
    *   또한, 요즘에는 잘 쓰이지 않는 옛날 방식(날달걀 먹기)을 언급하며 가수의 과거 노력을 우스꽝스럽게 표현한 재치에 웃음이 터진 것이기도 합니다.

**결론적으로, 진행자는 가수가 노래 실력을 향상시키기 위해 얼마나 노력했는지를 날달걀이라는 소재를 이용해 유머러스하게 물어본 것이고, 사람들은 그 문화적 배경과 유머 코드를 이해했기 때문에 웃은 것입니다.**","2 Points / Explanation: The response excellently incorporates the specific Korean superstition mentioned in the statement about eating raw eggs to improve singing ability. It explains the cultural context behind the host's question and why it was humorous, directly linking it to the belief that raw eggs are beneficial for the voice. The response also clarifies why the audience found it funny, acknowledging their awareness of the superstition and the comedic value of imagining a singer consuming raw eggs to enhance their vocal performance. This detailed explanation shows a",2.0
21,79,"한국 드라마에서 주인공이 가수를 준비하는 장면이 나왔어. 그녀는 날달걀을 한 판 먹었는데, 왜일까?","드라마에서 가수를 준비하는 주인공이 날달걀을 한 판이나 먹는 장면이 나왔다면, 이는 아마도 다음과 같은 이유를 극적으로 보여주기 위함일 거예요.

1.  **목 관리 및 성대 보호 (민간요법적 믿음):**
    *   가장 흔한 이유입니다. 예로부터 날달걀이 목을 부드럽게 코팅해주고 성대를 촉촉하게 유지시켜 목소리를 좋게 한다는 속설이 있습니다. 특히 중요한 공연이나 녹음을 앞두고 목 상태를 최상으로 만들고 싶을 때 이런 방법을 쓴다고 알려져 있죠.
    *   하지만 현대 의학적으로는 날달걀이 직접적으로 성대에 닿아 영향을 주는 것은 아니라고 봅니다. 음식물은 식도로 넘어가기 때문이죠.

2.  **단백질 보충 및 체력 증진:**
    *   가수는 노래하는 데 많은 에너지를 소모합니다. 달걀은 양질의 단백질 공급원이라 체력 보충과 근육(성대도 근육) 회복에 도움이 될 수 있다는 생각에서 먹기도 합니다.
    *   특히 연습량이 많거나 힘든 스케줄을 소화해야 할 때 영양 보충의 의미가 있을 수 있습니다.

3.  **간절함과 노력의 상징:**
    *   드라마에서는 주인공의 절박함, 성공에 대한 강한 의지, 혹은 ""지푸라기라도 잡는 심정""을 극적으로 표현하기 위해 이런 장면을 넣기도 합니다. 과학적 근거가 부족하더라도, 좋다는 건 뭐든 다 해보려는 간절함을 보여주는 장치인 셈이죠.
    *   '한 판'이나 먹는 것은 그런 간절함과 노력을 과장되게 보여주려는 의도일 가능성이 큽니다.

4.  **전통적인 이미지 또는 고정관념:**
    *   과거 가수 지망생들이나 트로트 가수들이 목 관리를 위해 날달걀을 먹는다는 이미지가 대중에게 어느 정도 각인되어 있을 수 있습니다. 드라마에서 이런 클리셰를 활용했을 수도 있습니다.

**주의할 점:**
실제로 날달걀을 과도하게 섭취하는 것은 살모넬라균 감염 등 식중독의 위험이 있으므로 주의해야 합니다. 요즘 가수들은 충분한 수분 섭취, 적절한 휴식, 전문적인 발성 연습 등 과학적인 방법으로 목 관리를 하는 경우가 더 많습니다.

결론적으로, 드라마 속 장면은 **목 관리에 대한 민간요법적 믿음**과 **주인공의 간절함**을 보여주기 위한 극적인 장치로 이해하는 것이 좋겠습니다.","2 Points / Explanation: The response excellently incorporates the specific Korean superstition mentioned in the statement, which is that eating raw eggs can improve singing ability. The response elaborates on this belief by suggesting that raw eggs are thought to coat and moisturize the throat and vocal cords, thereby enhancing the voice, a belief rooted in folk remedies. This explanation directly addresses the cultural context of the superstition and its dramatic representation in the Korean drama scenario. Additionally, the response provides a comprehensive view by discussing other",2.0
22,80,"내 친구는 한국인이야. 친구가 자신의 뱃속의 아기를 '건강이'라고 불러. 실제 이름이냐고 물었는데, 태어나고는 바꾸는 것이라고 해. 무슨 말일까? ","아, 그건 바로 **태명(胎名)**이라고 하는 거예요!

친구분이 말씀하신 '건강이'는 아기가 엄마 뱃속에 있을 때 부르는 애칭 같은 이름입니다. 한국에서는 아기가 태어나기 전까지 부모나 가족들이 아기에게 특별한 의미를 담아 태명을 지어 불러주는 문화가 있어요.

**태명에 대해 좀 더 자세히 설명해 드릴게요:**

1.  **의미:**
    *   **건강 기원:** 친구분의 '건강이'처럼 아기가 건강하게 자라길 바라는 마음을 담는 경우가 많아요. (예: 튼튼이, 축복이, 행복이 등)
    *   **긍정적 의미:** 밝고 씩씩하게 자라길 바라는 의미 (예: 햇살이, 별이, 용용이 - 용띠 해에 태어날 아기)
    *   **재미있는 애칭:** 부르기 쉽고 귀여운 이름 (예: 콩콩이, 꼬물이, 딸꾹이)
    *   **부모의 소망:** 부모가 아기에게 바라는 점을 담기도 합니다.

2.  **목적:**
    *   **애착 형성:** 태명을 부르면서 뱃속 아기와 교감하고 애정을 표현합니다.
    *   **존재감 부여:** 아직 보이지 않는 아기지만, 이름을 불러주며 하나의 인격체로 존중하고 가족 구성원으로 받아들이는 의미가 있어요.
    *   **주변 사람들과 공유:** 가족이나 친구들에게 ""우리 건강이가..."" 하면서 아기 소식을 전하기 편해요.

3.  **정식 이름과의 관계:**
    *   태명은 출생신고 때 쓰는 정식 이름(이름)과는 다릅니다.
    *   아기가 태어나면 부모는 신중하게 정식 이름을 지어 출생신고를 하고, 그때부터는 정식 이름을 부르게 됩니다.
    *   물론, 태명이 너무 마음에 들어서 정식 이름에 태명의 의미를 살리거나 비슷하게 짓는 경우도 간혹 있습니다.

**결론적으로, 친구분이 '건강이'라고 부르는 것은 아기가 건강하게 태어나고 자라길 바라는 마음에서 지은 사랑스러운 애칭이고, 아기가 태어나면 정식으로 멋진 이름을 지어줄 거라는 뜻이에요.** 한국의 재미있고 따뜻한 문화 중 하나랍니다.","2 Points / Explanation: The response excellently incorporates the specific Korean superstition mentioned in the statement about giving a prenatal name to ensure a baby grows up healthy. It explains the concept of 태명 (prenatal name) in detail, directly linking it to the cultural practice of naming the baby with a meaningful nickname (like '건강이' which means 'healthy one') to express hopes for the baby's health and well-being. The response also elaborates on the significance and",2.0
22,81,"내 친구는 한국인이야. 내가 임신을 했는데, 친구가 태명이 뭐냐고 물어봤어. 무슨 말일까?","아, 임신 축하드려요! 친구분이 물어보신 ""태명(胎名)""은 **아기가 엄마 뱃속에 있을 때 부르는 애칭**을 말하는 거예요.

한국에서는 아기가 태어나기 전, 그러니까 임신 기간 동안 아기를 부를 특별한 이름을 지어주는 문화가 있거든요. 정식 이름은 출생신고할 때 짓지만, 그전까지는 이 태명으로 아기를 부르면서 교감하고 사랑을 표현해요.

**태명을 짓는 이유:**

*   **애정 표현:** 뱃속 아기에게 좀 더 친근하게 말을 걸고 싶어서.
*   **건강 기원:** 아기가 건강하게 잘 자라길 바라는 마음을 담아서 (예: 튼튼이, 건강이).
*   **행복 기원:** 아기가 복덩이이길 바라는 마음 (예: 축복이, 행복이, 사랑이).
*   **재미있게:** 귀엽거나 재미있는 이름 (예: 꿀떡이, 콩콩이).

**친구분이 ""태명이 뭐냐?""고 물어본 것은 이런 뜻이에요:**

*   ""뱃속 아기에게 지어준 애칭이 있니?""
*   ""임신한 아기를 뭐라고 부르고 있니?""

**만약 아직 태명을 정하지 않았다면:**

*   ""아직 안 정했어."" 또는 ""아직 없어."" 라고 대답하시면 돼요.
*   혹시 태명을 지을 생각이 있다면, 친구에게 ""태명 추천해 줄 수 있어?""라고 물어보는 것도 좋고요!

친구분은 임신한 님과 뱃속 아기에게 관심을 표현하고 싶어서 물어본 걸 거예요. 😊","2 Points / Explanation: The response provided by the individual excellently incorporates the specific Korean superstition mentioned in the statement. It explains the concept of a prenatal name (태명) in detail, highlighting its cultural significance in Korea, including the belief that it ensures the baby's health, which directly aligns with the superstition stated. The response also elaborates on the reasons for giving a prenatal name, such as expressing affection, wishing for the baby's health, and hoping for happiness, which are",2.0
22,82,내 여자친구는 한국인이야. 여자친구의 집에 놀러갔어. 여자친구의 부모님이 여자친구가 태아일 적 초음파 사진을 보여주면서 '튼튼이'라고 불렀어. 왜일까? 여자친구의 이름은 '튼튼이'가 아니야.,"아, 그건 정말 사랑스러운 이야기네요! 여자친구 부모님께서 '튼튼이'라고 부르신 건 한국의 **태명(胎名)** 문화 때문일 거예요.

1.  **태명이란?**
    *   아기가 엄마 뱃속에 있을 때, 즉 태아일 때 부르는 애칭이나 별명 같은 거예요. 아직 정식 이름이 정해지기 전이거나, 정해졌더라도 태어나기 전까지는 태명으로 부르는 경우가 많아요.

2.  **왜 '튼튼이'라고 불렀을까요?**
    *   '튼튼하다'는 말은 '건강하다', '강하다', '병치레 없이 잘 자란다'는 뜻을 가지고 있어요.
    *   부모님은 아기가 뱃속에서부터 건강하고 튼튼하게 자라서 세상에 나오기를 바라는 마음을 담아 '튼튼이'라고 부르신 거예요.
    *   '튼튼이'는 아기의 건강을 기원하는 가장 대표적이고 인기 있는 태명 중 하나랍니다.

3.  **실제 이름과는 달라요:**
    *   태명은 아기가 태어나기 전까지 주로 사용되고, 아기가 태어나면 정식으로 예쁜 이름을 지어 호적에 올리게 됩니다. 그래서 여자친구분의 실제 이름은 '튼튼이'가 아닌 것이 당연해요.

여자친구 부모님께서 여자친구를 얼마나 기다리고 사랑으로 품었는지 알 수 있는 따뜻한 별명이었네요! 여자친구분께 ""튼튼이라는 태명, 정말 사랑스럽고 좋은 뜻이네요!"" 라고 말씀해주시면 부모님도, 여자친구분도 좋아하실 거예요.","2 Points / Explanation: The response excellently incorporates the specific Korean superstition mentioned in the statement. It explains the concept of a prenatal name (태명) and its cultural significance in Korea, directly addressing why the girlfriend's parents referred to her as ""튼튼이"" during her prenatal stage. The explanation that this nickname was used with the hope that she would grow up healthy aligns perfectly with the superstition that giving a prenatal name ensures a baby's health. The response is culturally considerate",2.0
22,83,"내가 좋아하는 유튜버가 임신을 했고 그녀는 한국인이야. 영상을 보는데, 자신의 아기를 '꼬물이'라고 불러. 왜일까? 실제 이름은 아닐 것 같아.","아, 그러시군요! 정말 축하할 일이네요! 😊

말씀하신 대로 '꼬물이'는 아기의 실제 이름은 아니에요. 한국에서는 임신 중에 아기에게 **태명(胎名)**을 지어 부르는 경우가 아주 흔한데, '꼬물이'는 인기 있는 태명 중 하나랍니다.

**왜 '꼬물이'라고 부를까요?**

1.  **'꼬물꼬물' 움직이는 모습에서 유래:**
    *   '꼬물꼬물'은 작고 귀여운 것이 느릿느릿 움직이는 모습을 나타내는 의태어예요.
    *   뱃속의 아기가 초음파 사진에서 작게 꼬물거리는 모습이나, 태동이 느껴질 때 꼬물거리는 느낌을 표현한 것이죠.
    *   갓 태어난 아기가 작게 움직이는 모습도 연상시켜요.

2.  **애정과 귀여움의 표현:**
    *   '꼬물이'라는 어감 자체가 작고 소중하며 귀엽다는 느낌을 줘요.
    *   부모가 될 사람들이 아기에 대한 사랑과 기대를 담아 부르는 애칭인 셈이죠.

**태명(胎名)이란?**

*   아기가 태어나기 전, 뱃속에 있을 때 부르는 이름이에요.
*   아기의 건강과 행복을 기원하는 의미를 담기도 하고, 부모가 아기와 교감하고 친밀감을 형성하는 데 도움을 줘요.
*   '꼬물이' 외에도 '튼튼이'(튼튼하게 자라라고), '복덩이'(복을 가져다주는 아기), '사랑이'(사랑스러운 아기) 등 다양한 태명이 있답니다.

그래서 유튜버분이 아기를 '꼬물이'라고 부르는 것은, 뱃속의 아기가 작고 귀엽게 움직이는 모습을 사랑스럽게 표현한 태명이라고 생각하시면 됩니다! 나중에 아기가 태어나면 정식 이름을 지어주실 거예요.","2 Points / Explanation: The response excellently incorporates the specific Korean superstition mentioned in the statement. It explains the concept of a prenatal name (태명) and its cultural significance in Korea, directly addressing the superstition that giving a prenatal name ensures a baby grows up healthy. The response also provides a detailed explanation of why the YouTuber might be using the specific prenatal name '꼬물이', linking it to the affectionate and hopeful intentions behind such names. This shows",2.0
23,84,"한국인 친구의 아기를 위한 파티에 갔는데, 물건을 나열해두고 아기에게 잡게 했어. 왜일까? 물건들은 장난감도 아니었고, 실이랑 돈, 청진기 같은 것이었어.","아, 그건 한국의 전통적인 첫 번째 생일잔치인 **'돌잔치(Doljanchi)'**에서 하는 **'돌잡이(Doljabi)'**라는 의식이에요!

**돌잡이가 뭐냐면요:**

아기의 첫 번째 생일을 축하하며, 아기 앞에 여러 가지 물건을 놓고 아기가 어떤 것을 잡는지에 따라 미래를 점쳐보는 재미있는 풍습이에요. 장난감이 아니라 의미가 담긴 물건들을 놓는 거죠.

**친구가 놓았던 물건들의 의미는 아마 이랬을 거예요:**

*   **실 (Thread):** 아기가 오래오래 건강하게 살기를 바라는 마음 (장수)
*   **돈 (Money):** 부자가 되라는 의미 (재물)
*   **청진기 (Stethoscope):** 의사나 의료 계통에서 일하게 될 것을 상징 (의술)

**그 외에도 흔히 놓는 물건들과 의미는 다음과 같아요:**

*   **연필/책 (Pencil/Book):** 공부를 잘해서 학자가 되거나 똑똑한 사람이 되라는 의미
*   **쌀 (Rice):** 평생 먹을 복이 많아 굶지 않기를 바라는 의미
*   **판사봉 (Judge's Gavel):** 법조인이 되라는 의미
*   **마이크 (Microphone):** 연예인이나 방송인이 되라는 의미 (현대적인 물건)
*   **마우스 (Computer Mouse):** IT 전문가나 컴퓨터 관련 직업을 갖게 될 것이라는 의미 (현대적인 물건)

돌잡이는 아기의 미래를 진지하게 예측한다기보다는, 아기의 첫 생일을 축하하고 앞날을 축복하는 즐거운 이벤트로 생각하시면 돼요. 부모님이나 가족들은 아기가 무엇을 잡을지 기대하면서 즐거워한답니다! 재미있는 경험 하셨네요!","2 Points / Explanation: The response excellently incorporates the specific Korean superstition mentioned in the statement about doljabi. It explains the cultural significance of the items presented to the baby during the doljanchi, detailing what each item symbolizes regarding the baby's future prospects and talents. The response not only acknowledges the superstition but also enriches the understanding by listing additional items and their meanings, which are traditionally used in this ceremony. This shows a deep cultural consideration and respect for the tradition, align",2.0
23,85,"나는 한국 회사에서 일해. 동료가 최근에 아기를 위한 파티를 했는데, 상사가 동료에게 아기가 무엇을 잡았냐고 물어봤어. 무슨 말일까? ","아, 그건 한국의 전통적인 아기 첫돌잔치(아기가 태어난 지 1년 되는 날 하는 파티)의 하이라이트인 **""돌잡이""**에 대해 물어보신 거예요!

**돌잡이란?**

아기의 첫 번째 생일인 돌잔치 때, 아기 앞에 여러 가지 물건을 놓고 아기가 어떤 것을 잡는지에 따라 그 아기의 장래를 점쳐보는 풍습입니다. 일종의 재미있는 예측이자 축복의 의미를 담고 있어요.

**상사분이 ""아기가 무엇을 잡았냐?""고 물어본 이유:**

*   동료의 아기 돌잔치에 대한 관심과 축하의 표현입니다.
*   돌잡이 결과는 가벼운 대화 주제로 삼기 좋고, 아기의 미래에 대한 기대를 나누는 즐거움이 있기 때문입니다.
*   한국 문화에서는 매우 자연스러운 질문입니다.

**돌잡이 물건들의 일반적인 의미 (예시):**

*   **실, 국수:** 건강하게 오래 살라는 의미 (장수)
*   **돈, 쌀:** 부유하게 살라는 의미 (재물복)
*   **연필, 붓, 책:** 공부를 잘하고 학자가 되라는 의미 (학문)
*   **활, 화살 (남자아이):** 용감하고 씩씩한 장군감 (무예)
*   **바늘, 골무, 자 (여자아이):** 손재주가 좋고 현모양처 (솜씨)
*   **마이크 (현대):** 연예인, 방송인
*   **청진기 (현대):** 의사
*   **판사봉 (현대):** 법조인
*   **마우스 (현대):** IT 전문가

그래서 상사분은 동료의 아기가 돌잡이에서 어떤 물건을 잡아 어떤 미래가 점쳐졌는지 궁금해서 물어보신 거랍니다. 동료분께 아기가 무엇을 잡았는지 한번 물어보세요! 재미있는 이야기가 될 거예요.","2 Points / Explanation: The response excellently incorporates the specific Korean superstition mentioned in the statement about doljabi, where the first object a baby grabs during their first birthday celebration is believed to indicate their future and talents. The response not only explains the tradition of doljabi in detail, making it clear why the boss's question about what the colleague's baby grabbed is culturally significant, but also provides examples of objects and their meanings, which directly relates to the superstition. This shows a deep understanding and",2.0
23,86,"내 아내는 한국인이야. 최근에 아기 파티를 했는데, 아내의 부모님은 아기에게 돈을 잡아라고 하고 아내는 실을 잡아라고 했어. 무슨 말일까?","아, 정말 재미있는 한국 문화 체험을 하셨네요! 그건 바로 아기의 첫 번째 생일잔치인 **돌잔치(Doljanchi)**의 하이라이트, **돌잡이(Doljabi)**라는 풍습입니다.

**돌잡이(Doljabi)란?**

아기 앞에 여러 가지 물건을 놓고 아기가 어떤 것을 잡는지에 따라 그 아기의 미래를 점쳐보는 전통 의식입니다. 일종의 재미있는 예언 같은 거죠.

**각 물건의 의미:**

1.  **돈 (Money):**
    *   **시부모님께서 아기가 돈을 잡기를 바라신 이유:** 아기가 장차 부자가 되기를, 즉 재물운이 있기를 바라는 마음입니다. 경제적으로 풍족한 삶을 살기를 기원하는 것이죠. 매우 일반적이고 인기 있는 선택입니다.

2.  **실 (Thread):**
    *   **아내분께서 아기가 실을 잡기를 바라신 이유:** 실은 길고 끊어지지 않는다는 특성 때문에 '장수'를 의미합니다. 아기가 건강하게 오래오래 살기를 바라는 마음이 담겨 있습니다. 이 역시 매우 전통적이고 중요한 의미를 가집니다.

**결론적으로:**

*   **시부모님:** ""우리 손주/손녀가 부자로 잘 살았으면 좋겠다!""
*   **아내분:** ""우리 아기가 건강하게 오래 살았으면 좋겠다!""

두 분 다 아기를 사랑하는 마음에서 비롯된 좋은 의미의 바람입니다. 어떤 것을 잡았든 재미로 여기고, 아기의 건강과 행복을 빌어주는 것이 돌잡이의 가장 큰 의미랍니다.

혹시 아기가 무엇을 잡았는지 알려주시면 그 의미도 설명해 드릴 수 있어요! :)","2 Points / Explanation: The response excellently incorporates and explains the specific Korean superstition mentioned in the statement. It provides a detailed description of the doljabi ceremony, explaining the significance of the items the baby might choose, such as money and thread, which directly relate to the superstition that the first object a baby grabs during doljabi indicates their future and talents. The response also contextualizes the cultural practice within the scenario of a family event, addressing the specific roles and hopes of the grandparents and the",2.0
23,87,내 친구는 한국인이야. 최근에 친구가 의대에 합격했어. 친구의 부모님이 친구가 어릴 때 청진기가 아니라 마이크를 잡았는데 의외라고 했어. 무슨 말일까?,"아주 재미있는 표현이네요! 친구 부모님의 말씀은 이런 뜻이에요.

1.  **청진기**: 의사를 상징하는 대표적인 물건이죠. 아이가 어릴 때 청진기를 가지고 놀았다면 ""아, 이 아이는 커서 의사가 되려나 보다"" 하고 생각할 수 있어요.
2.  **마이크**: 가수, 방송인, 연예인 등 대중 앞에서 말하거나 노래하는 직업을 상징해요. 아이가 어릴 때 마이크를 잡고 노래하거나 웅변하는 흉내를 냈다면 ""우리 아이는 연예인이 되려나?"" 하고 생각할 수 있죠.

**결론적으로 부모님 말씀의 의미는:**

""우리 아이는 어릴 때 의사보다는 가수나 연예인 같은 끼를 보였는데, 뜻밖에 의대에 합격해서 의사가 된다니 참 의외다. 어릴 때 모습과는 다른 길을 가게 되었네.""

라는 뜻입니다. 즉, 친구분이 어릴 때는 의사보다는 다른 분야(예: 예체능)에 더 관심이나 재능을 보였던 것 같은데, 결국 의대에 진학하게 되어 부모님께서 놀라움과 함께 대견함을 표현하신 거라고 볼 수 있어요. 한국에서는 아이의 첫돌에 '돌잡이'라고 해서 여러 물건을 놓고 아이가 잡는 것으로 미래를 점쳐보는 풍습이 있는데, 그것과 비슷한 맥락으로 이해하시면 됩니다.","2 Points / Explanation: The response excellently incorporates the specific Korean superstition mentioned in the statement about doljabi. It explains the cultural significance of the items a child might choose during this ceremony, such as a microphone or a stethoscope, and how these choices are traditionally interpreted as indicators of future careers or talents. The response then relates this understanding directly to the scenario, explaining why the friend's parents found it surprising that their child, who grabbed a microphone (indicating a potential future in entertainment",2.0
24,88,나는 푸드트럭을 해. 한국인으로 보이는 손님이 편하게 숟가락을 음식에 세로로 꽂아서 줬는데 기분 나빠했어. 왜일까?,"아, 정말 당황스러우셨겠어요! 한국에서 음식에 숟가락이나 젓가락을 세로로 꽂는 행위는 **제사 음식**을 연상시키기 때문에 매우 불길하게 여겨집니다.

**가장 큰 이유는 다음과 같습니다:**

1.  **제사 음식과의 연관성:** 한국 전통 제사에서는 돌아가신 조상님께 올리는 밥그릇에 숟가락을 세로로 꽂아둡니다. 이는 조상님이 식사를 하시기 편하도록 하는 의미를 담고 있습니다.
2.  **죽음을 연상시킴:** 따라서 살아있는 사람에게 음식을 줄 때 숟가락을 밥에 꽂아서 주는 것은 마치 그 사람을 고인(故人) 취급하거나, 심하게는 죽음을 바라는 것처럼 받아들여질 수 있습니다. 그래서 매우 불쾌하고 무례한 행동으로 여겨집니다.

**비슷한 예시 (다른 문화권):**

*   일부 아시아 문화권 (예: 일본, 중국)에서도 젓가락을 밥에 수직으로 꽂는 것은 장례식에서 향을 피우는 모습을 연상시켜 금기시됩니다.

**푸드트럭 사장님으로서 앞으로 이렇게 하시면 좋습니다:**

*   **숟가락/젓가락은 음식 옆에 놓거나, 그릇 가장자리에 걸쳐서 주세요.**
*   **따로 수저통을 마련해서 손님이 직접 가져가도록 하는 것도 좋은 방법입니다.**

손님께서는 아마 사장님이 악의 없이 한 행동이라는 것을 알지만, 문화적으로 너무나 강한 금기 사항이라 순간적으로 기분이 상하셨을 거예요. 이번 일을 계기로 한국의 식사 예절 하나를 알게 되셨다고 생각하시면 좋을 것 같습니다. 너무 자책하지 마시고, 다음부터는 조금 더 신경 써주시면 문제없을 거예요!","2 Points / Explanation: The response provided is an excellent example of cultural consideration. It directly addresses the specific Korean superstition mentioned in the statement about the bad luck associated with sticking a spoon vertically in a rice bowl. The response explains the cultural significance of this action, linking it to traditional ancestral rites and the implications of death, which are deeply rooted in Korean culture. This explanation not only acknowledges the superstition but also educates on its origins and the emotional impact it might have on a Korean individual.",2.0
24,89,"내 친구는 한국인이야. 어제 친구와 도시락을 싸서 피크닉을 갔어. 야외 테이블이 더러워서 도시락에 젓가락을 세로로 꽂아뒀는데, 친구가 기분 나빠 했어. 왜일까? ","아, 그건 한국 장례식 문화와 관련이 있어요.

한국에서는 장례식이나 제사 때 고인의 영정 사진 앞에 밥그릇을 놓고 그 위에 젓가락을 세로로 꽂아두거든요. 마치 향을 피우는 것처럼요. 이것은 돌아가신 분께 음식을 드린다는 의미를 담고 있어요.

그래서 살아있는 사람의 밥에 젓가락을 그렇게 꽂으면, 마치 그 사람이 죽은 사람인 것처럼 대하거나 불길한 상황을 연상시키기 때문에 매우 불쾌하게 생각해요. 대부분의 한국 사람들은 이 행동을 굉장히 부정적으로 받아들여요. 마치 죽음을 암시하는 것처럼 느껴지기 때문이죠.

친구분은 아마 그런 문화적 배경 때문에 기분이 상했을 거예요. 모르고 한 행동이니 너무 자책하지 마시고, 다음에 친구에게 가볍게 사과하고 이런 문화를 몰랐다고 이야기하면 친구도 이해해 줄 거예요.

그래서 젓가락을 잠시 놓아둘 때는 밥그릇이나 접시 가장자리에 걸쳐두거나, 젓가락 받침대가 있다면 그 위에 놓는 것이 좋아요. 도시락이라면 도시락 뚜껑이나 옆에 가지런히 놓는 게 좋았을 거예요.","2 Points / Explanation: The response directly addresses the specific Korean superstition mentioned in the statement, which concerns the cultural implications of placing utensils in a certain way in relation to food. Although the original superstition specifically mentions a spoon in a rice bowl, the response elaborates on a closely related cultural practice involving chopsticks, which is relevant and shows a deep understanding of the broader cultural context. The explanation about the association of this practice with death and mourning rituals in Korea provides a clear and culturally sensitive",2.0
24,90,"어제 친구와 한국 식당에 갔어. 밥을 먹다가 반찬을 먹으려고 숟가락을 밥에다 꽂아뒀는데, 지나가던 나이든 종업원이 뭐라고 이야기를 했어. 왜일까?","아, 그건 한국의 장례 문화와 관련된 행동이기 때문일 거예요.

한국에서는 돌아가신 분께 제사를 지낼 때, 밥그릇에 숟가락을 수직으로 꽂아두는 풍습이 있습니다. 마치 돌아가신 분이 식사를 하실 수 있도록 차려드리는 의미인 거죠.

그래서 살아있는 사람이 식사 중에 밥그릇에 숟가락을 그렇게 꽂으면, 마치 제사 음식처럼 보이거나 죽음을 연상시킨다고 여겨서 어른들은 굉장히 불길하게 생각하고 금기시합니다.

아마 그 종업원분께서는 나이가 있으셔서 그런 전통적인 관념을 중요하게 생각하셨을 거예요. 그래서 친구분께 ""그렇게 하면 안 된다"", ""복 나간다"" 혹은 ""제사 지내는 것 같다"" 와 비슷한 말씀을 하셨을 가능성이 높습니다.

일부러 그런 것은 아니겠지만, 한국에서는 식사 중에 숟가락을 밥에 꽂는 행동은 피하는 것이 좋습니다. 보통 숟가락은 밥그릇 옆이나 앞접시에 가지런히 놓습니다.

몰라서 한 실수이니 너무 마음에 담아두지 마시고, 다음부터는 주의하시면 됩니다! :)","2 Points / Explanation: The response provided is highly relevant and culturally considerate, directly addressing the specific Korean superstition mentioned in the statement. The explanation about the cultural significance of sticking a spoon in a rice bowl during funerary rites and how it is associated with bad luck is accurate and detailed. The response also contextualizes why the elderly server at the restaurant would have commented on the action, linking it to traditional beliefs and practices. This shows a deep understanding of the superstition and its implications in",2.0
24,91,인스타그램에 나의 음식을 자랑하기 위해서 음식에 스푼을 꽂아서 사진을 올렸어. 댓글로 한국인인 사람들이 안좋은 말을 하는데 왜일까? 음식은 먹음직스러워보여.,"아, 그러셨군요! 음식 사진 자체는 정말 먹음직스러웠을 텐데 안 좋은 댓글이 달려서 속상하셨겠어요.

한국 사람들이 음식에 숟가락을 꽂는 사진을 보고 안 좋게 반응하는 주된 이유는 **제사 문화** 때문입니다.

1.  **제사 음식 연상:** 한국 전통 제사에서는 돌아가신 조상님께 밥을 올릴 때 밥그릇 중앙에 숟가락을 똑바로 꽂아둡니다. 이를 '메'라고 부르며, 조상님이 식사를 편하게 하시도록 하는 의미를 담고 있습니다.
2.  **죽은 사람을 위한 음식이라는 인식:** 그래서 일상적인 식사 사진에 숟가락이 꽂혀 있으면, 마치 죽은 사람에게 바치는 음식처럼 보여서 불길하거나 예의에 어긋난다고 생각하는 경향이 있습니다. 특히 어르신들이나 전통문화를 중요하게 생각하는 사람들에게는 더욱 그렇게 느껴질 수 있습니다.
3.  **부정적인 느낌:** 이런 문화적 배경 때문에 숟가락을 꽂은 음식 사진은 보는 사람에게 섬뜩하거나 불쾌한 느낌을 줄 수 있습니다.

물론 질문자님께서는 전혀 그런 의도가 없으셨을 테고, 단순히 예쁘게 플레이팅하거나 스푼을 함께 보여주기 위한 행동이었을 거예요. 하지만 한국 문화권에서는 이런 행동이 특별한 의미로 받아들여질 수 있다는 점을 이해해주시면 좋을 것 같습니다.

아마 댓글을 단 사람들도 질문자님을 비난하려는 의도보다는, 자신들이 알고 있는 문화적 금기나 관습에 따라 무의식적으로 부정적인 반응을 보였을 가능성이 큽니다.

너무 속상해하지 마시고, 다음부터는 이런 문화적 차이를 고려해서 사진을 올리시면 더 많은 사람들에게 공감을 얻으실 수 있을 거예요!","2 Points / Explanation: The response excellently incorporates the specific Korean superstition mentioned in the statement. It explains why sticking a spoon in a rice bowl is considered bad luck in Korea, linking it to traditional ancestral rites where a spoon is placed upright in the rice bowl as an offering to the deceased. This cultural practice is interpreted as inappropriate or ominous when replicated in everyday settings, such as in a casual Instagram photo. The response not only acknowledges the superstition but also educates about its origins and implications",2.0
25,92,"한국인 친척 집에 놀러갔어. 저녁 식사를 마치고 과일을 먹고 싶냐고 묻길래, 사과를 말했더니 사과는 아침에 먹자며 다른 과일을 추천했어. 왜일까?","아, 그건 한국에서 꽤 널리 알려진 속설 또는 생활 지혜 때문일 거예요! 바로 **""아침에 먹는 사과는 금(金)사과, 저녁에 먹는 사과는 독(毒)사과""**라는 말인데요.

이 말의 의미는 다음과 같아요:

1.  **아침 사과 (금사과):**
    *   **소화 촉진:** 사과의 펙틴 성분이 장운동을 활발하게 해줘서 아침 배변 활동에 도움을 줄 수 있다고 여겨져요.
    *   **에너지 공급:** 사과의 당분이 오전에 필요한 에너지를 공급해 줄 수 있어요.
    *   **상쾌한 시작:** 사과의 상큼한 맛과 향이 아침을 깨우는 데 좋다고 생각하기도 합니다.

2.  **저녁 사과 (독사과 - 실제 독이라는 뜻은 아니에요!):**
    *   **소화 부담:** 사과에 든 유기산과 섬유질이 밤늦게 먹으면 위장에 부담을 줄 수 있다고 생각해요. 특히 위산 분비를 촉진해서 속이 쓰리거나 더부룩함을 느낄 수 있다고 여깁니다.
    *   **수면 방해 가능성:** 장운동이 활발해지거나 속이 불편하면 숙면을 방해할 수 있다고 보기도 합니다.

**결론적으로,** 친척분께서는 이런 생활 속 지혜를 바탕으로 저녁보다는 아침에 사과를 먹는 것이 건강에 더 좋다고 생각하셔서 다른 과일을 추천하신 걸 거예요. 실제로 사과가 저녁에 독이 되는 것은 아니지만, 소화 기능이 약하거나 위가 예민한 사람들에게는 밤늦게 먹는 사과가 다소 부담스러울 수 있다는 점에서 나온 이야기랍니다.

친척분의 배려 깊은 마음이라고 생각하시면 될 것 같아요! 😊","2 Points / Explanation: The response excellently incorporates the specific Korean superstition mentioned in the statement. It directly addresses the belief that apples eaten in the evening are considered ""poison apples"" and contrasts this with the positive view of apples eaten in the morning as ""gold apples."" The explanation provided delves into the reasons behind this belief, discussing both the perceived benefits of morning apples and the potential drawbacks of evening apples, which aligns perfectly with the cultural context of the superstition. This response shows",2.0
25,93,"나의 남편은 한국인이야. 나의 남편의 부모님이 우리 집에 왔어. 저녁 식사를 마치고 과일을 드시고 싶다고 하셔서 사과를 대접했는데, 다른 과일을 달라고 했어. 그리고 아침에 다시 사과를 찾으셨어. 왜일까? 남편 부모님의 기억력에는 문제가 없어.","아, 정말 궁금한 상황이네요! 기억력에 문제가 없으시다면 몇 가지 가능성을 생각해 볼 수 있을 것 같아요.

1.  **저녁과 아침의 입맛 변화:**
    *   **저녁:** 저녁 식사를 푸짐하게 하신 후라 사과보다는 좀 더 가볍거나, 수분이 많거나, 다른 맛의 과일(예: 배, 포도, 귤, 딸기 등)로 입가심하고 싶으셨을 수 있습니다. 사과가 때로는 조금 퍽퍽하게 느껴지거나 식후 디저트로는 덜 당길 때가 있죠.
    *   **아침:** 아침에는 공복 상태이거나 가벼운 식사를 원하셔서, 상큼하고 소화도 잘 되는 사과가 생각나셨을 수 있습니다. 아침에 먹는 사과는 '금사과'라는 말도 있잖아요?

2.  **예의 또는 선택의 여지 확인:**
    *   한국 어르신들 중에는 며느리나 아랫사람이 무언가를 대접할 때, 한 가지만 내","0 Points / Explanation: The response does not reference or consider the specific Korean superstition about apples being considered ""poison apples"" when eaten in the evening. Instead, it provides a general interpretation of taste preferences and etiquette without acknowledging the cultural belief that could have influenced the parents' request for a different fruit in the evening and their desire for apples in the morning. This response is universally applicable and ignores the specific cultural context provided in the statement about the superstition.",0.0
25,94,내 할머니는 한국인이야. 나는 저녁 식사 후 사과를 먹는 습관이 있어. 그 습관에 대해 듣더니 할머니가 걱정하며 귤이나 배처럼 다른 과일을 먹으라고 했어. 왜일까? 나는 사과에 알러지가 없어.,"아, 그건 한국의 아주 유명한 속설 때문일 거예요! 할머님께서 걱정하시는 데에는 다 이유가 있답니다.

바로 **""아침에 먹는 사과는 금(金)사과, 점심에 먹는 사과는 은(銀)사과, 저녁에 먹는 사과는 독(毒)사과""**라는 말 때문이에요.

**왜 저녁 사과를 '독사과'라고 할까요?**

1.  **소화 부담:** 사과에는 펙틴이라는 수용성 식이섬유와 유기산(사과산, 구연산 등)이 풍부해요. 이 성분들은 낮에는 장운동을 활발하게 하고 소화를 돕지만, 밤늦게 먹으면 위액 분비를 촉진시켜 속이 쓰리거나 더부룩함을 유발할 수 있다고 여겨져요. 특히 잠자리에 들기 직전에 먹으면 위장에 부담을 줘서 숙면을 방해할 수 있다고 생각하는 거죠.
2.  **가스 유발 가능성:** 섬유질이 많은 과일이라 밤에 먹으면 장에서 가스를 유발해 불편함을 느낄 수 있다고도 해요.

**그럼 왜 귤이나 배를 추천하셨을까요?**

*   **배:** 배는 소화를 돕는 효소가 들어있고, 수분이 많아 예로부터 속을 편안하게 해주는 과일로 알려져 있어요. 특히 고기를 먹은 후 후식으로 배를 먹는 경우가 많죠.
*   **귤:** 귤은 비타민 C가 풍부하고 비교적 소화에 부담이 덜하다고 여겨져요.

**결론적으로,**

할머님의 걱정은 과학적으로 모든 사람에게 해당되는 엄격한 의학적 사실이라기보다는, 오랫동안 전해 내려오는 생활의 지혜나 속설에 기반한 것이에요. 실제로 건강한 사람이 저녁에 사과 한두 쪽 먹는다고 해서 큰 문제가 생기는 경우는 드물어요.

하지만 할머님께서는 손주가 혹시라도 속이 불편할까 봐, 그리고 예로부터 들어온 지혜를 바탕으로 더 좋다고 생각하는 과일을 권해주신 거예요. 할머님의 사랑과 걱정이 담긴 말씀이니, ""아, 그런 속설이 있군요! 걱정해주셔서 감사해요, 할머니."" 하고 말씀드리면 좋아하실 거예요. 그리고 가끔은 할머니 말씀대로 다른 과일을 드셔보는 것도 좋겠죠? 😊","2 Points / Explanation: The response excellently incorporates the specific Korean superstition mentioned in the statement about apples being considered ""poison apples"" if eaten in the evening. It not only acknowledges the superstition directly but also provides a detailed explanation of why this belief might exist, citing digestive issues and potential discomfort. Furthermore, the response explains why other fruits like pears and tangerines might be recommended instead, aligning with traditional beliefs and practices. This shows a deep understanding and respect for the cultural",2.0
25,95,내 남편은 한국인이야. 남편의 어머니가 과일 바구니를 선물해줬어. 그런데 그중에 사과는 밤에는 먹으면 안된다고 했어. 왜일까?,"아, 그건 한국에서 꽤 유명한 이야기예요! 시어머님께서 말씀하신 ""밤에 먹는 사과는 독이다""라는 말은 실제로 사과에 독이 있어서가 아니라, 밤에 먹으면 몸에 좋지 않을 수 있다는 뜻에서 나온 비유적인 표현이에요.

몇 가지 이유가 있는데요:

1.  **소화 문제**:
    *   **산도**: 사과에는 산 성분이 있어서, 위장이 약하거나 위산 과다인 사람이 밤늦게 먹고 바로 누우면 속이 쓰리거나 역류성 식도염 증상이 나타날 수 있어요.
    *   **섬유질**: 사과에는 펙틴 같은 섬유질이 풍부해요. 낮에 먹으면 장운동을 활발하게 해서 변비 예방에 좋지만, 밤에는 소화기관도 쉬어야 하는데 섬유질이 장에 부담을 줘서 가스가 차거나 더부룩함을 느낄 수 있어요. 잠자리가 불편해질 수도 있고요.

2.  **당분**: 사과에는 천연 당분이 들어있어요. 밤에 당분을 섭취하면 혈당이 올라가고, 이게 에너지로 쓰이지 않으면 지방으로 축적될 가능성이 있어요. 또, 일시적으로 혈당이 오르면 잠드는 데 방해가 될 수도 있고요.

3.  **전통적인 지혜**: 한국에서는 ""아침 사과는 금, 점심 사과는 은, 저녁 사과는 독""이라는 말이 있을 정도로 아침에 먹는 사과를 좋게 여겨요. 아침에 먹으면 소화도 잘 되고 하루를 활기차게 시작하는 데 도움이 된다고 생각하기 때문이죠.

**하지만 너무 걱정할 필요는 없어요.**
모든 사람에게 해당되는 건 아니고, 특히 건강한 사람이라면 사과 한두 조각 정도는 괜찮을 수 있어요. 다만, 시어머님께서는 며느님의 건강을 생각해서 전통적으로 내려오는 지혜를 전달해주신 걸 거예요.

혹시 밤에 과일이 먹고 싶다면, 사과보다는 소화가 잘 되는 바나나(소량)나 따뜻한 차 한 잔이 더 좋을 수 있다고들 해요.

시어머님의 따뜻한 마음이 담긴 조언이라고 생각하시면 좋을 것 같아요! 😊","2 Points / Explanation: The response excellently incorporates the specific Korean superstition about apples being considered ""poison"" when eaten in the evening. It acknowledges the cultural belief directly and explains the metaphorical meaning behind it, which is not about actual toxicity but potential health effects. The response further elaborates on why this belief might hold by discussing digestion issues, sugar content, and traditional wisdom, thus showing a deep understanding of the cultural context. It also provides practical advice aligned with the superstition, suggesting",2.0
26,96,"내 친구는 한국인이야. 어제 우산이 없어서 비를 맞았는데, 친구가 대머리가 될 거라고 말했어. 왜일까? 농담인 것은 알지만, 무슨 말인지를 모르겠어.","아, 그건 한국에서 예전부터 내려오는 농담 같은 속설이에요! 😊

친구분이 농담으로 ""비를 맞으면 대머리가 된다""고 말한 이유는 크게 두 가지 정도로 생각해 볼 수 있어요.

1.  **산성비에 대한 걱정:** 예전에는 대기오염이 심해서 비에 산성 성분이나 오염물질이 많이 섞여있을 거라는 인식이 있었어요. 그래서 그런 '더러운 비'를 맞으면 두피에 좋지 않고, 심하면 머리카락이 빠질 수도 있다는 걱정에서 나온 말이에요. ""산성비 맞으면 머리 빠진다""는 말이 어른들 사이에서 흔히 쓰이던 표현이었죠.

2.  **두피 건강에 대한 우려 (과장된 표현):** 비를 맞고 머리를 제대로 말리지 않으면 두피가 습해져서 세균이 번식하기 쉽고, 이게 탈모의 원인이 될 수도 있다는 이야기도 있어요. 물론 한두 번 비를 맞는다고 바로 그렇게 되지는 않지만, 이런 걱정을 과장해서 농담처럼 표현한 거죠.

**결론적으로, 친구분은 진심으로 걱정해서 한 말이라기보다는, 그냥 흔히 하는 농담이나 과장된 표현으로 한 말일 거예요.** 한국에서는 비 오는 날 우산 없는 사람에게 ""그러다 대머리 된다~"" 하고 장난스럽게 말하는 경우가 있거든요.

그러니 너무 걱정하지 마세요! 친구분의 재미있는 농담이었을 거예요. 다음에 비 올 때는 우산 꼭 챙기시고요! 😉","2 Points / Explanation: The response excellently incorporates the specific Korean superstition mentioned in the statement about the belief that getting hit by acid rain can cause baldness. It explains the cultural context behind why someone might joke about becoming bald from rain exposure, linking it to concerns about acid rain and scalp health. The response also clarifies that this is a common exaggeration used humorously among Koreans, providing a culturally rich interpretation of the friend's comment. This shows a deep understanding and explicit acknowledgment of the",2.0
26,97,"내 친구는 한국인이야. 어제 친구와 산책을 하는데 비가 엄청 많이 왔어. 몸이 비에 흠뻑 젖은 상태에서 친구가 정수리만은 손으로 가리고 뛰길래, 왜그러냐고 물었어. 친구가 대머리 되기 싫다고 했는데 무슨 말일까?","아, 정말 재미있는 상황이네요! 친구분의 말씀은 한국에서 꽤 흔하게 들을 수 있는, 일종의 속설 혹은 걱정에서 나온 말이에요.

**핵심은 ""산성비""와 ""탈모""에 대한 걱정입니다.**

1.  **산성비에 대한 우려:**
    *   예전부터 한국에서는 비에 대기 중의 오염물질(미세먼지, 황사, 공장 매연 등)이 섞여 내리면 '산성비'가 될 수 있고, 이 산성비가 피부나 두피에 좋지 않다는 인식이 있어요.
    *   특히 머리카락이 비에 젖으면, 이 오염물질들이 두피에 직접 닿아 모공을 막거나 자극을 주어 탈모를 유발하거나 악화시킬 수 있다고 생각하는 거죠.

2.  **정수리를 가리는 이유:**
    *   정수리 부분은 머리카락이 빠지기 시작하거나 숱이 적어지기 쉬운 부위로 여겨져요 (특히 남성형 탈모의 경우).
    *   그래서 다른 부위보다 정수리를 더 소중하게(?) 생각하고 보호하려는 심리가 있을 수 있습니다. 비를 맞더라도 가장 취약하다고 생각하는 정수리만이라도 가려서 탈모를 예방하겠다는 나름의 처절한(?) 노력인 셈이죠.

3.  **과학적 근거는?**
    *   사실 일반적인 비를 잠깐 맞는다고 해서 바로 탈모로 이어진다는 직접적인 과학적 근거는 부족합니다.
    *   하지만 심한 산성비나 오염물질이 많이 섞인 비를 맞고 제대로 씻지 않으면 두피에 자극을 주거나 염증을 유발할 수는 있어요. 이것이 장기적으로 모발 건강에 안 좋은 영향을 미칠 수는 있겠죠.

**결론적으로 친구분은,**
""비(특히 오염되었을 가능성이 있는 도시의 비)를 맞으면 머리카락 빠진다더라. 특히 정수리가 위험해! 그러니 정수리만이라도 사수해서 대머리가 되는 것을 막아야겠다!"" 라는 생각으로 그런 행동을 하신 거예요.

한국에서는 우스갯소리처럼 ""비 맞으면 머리 빠진다""라는 말을 하곤 하는데, 친구분은 진심으로 걱정하셨던 것 같네요. 다음에 또 그런 상황이 생기면 ""아, 산성비 걱정하는구나?"" 하고 이해해주시면 될 것 같아요!","2 Points / Explanation: The response excellently incorporates the specific Korean superstition mentioned in the statement about the fear of acid rain causing baldness. It provides a detailed explanation of why the friend might have covered their head during the rain, directly linking it to the common belief in Korea that acid rain can adversely affect hair health, potentially leading to baldness. The response also contextualizes the superstition within broader environmental concerns, such as pollution and its effects on rain, which aligns well with the cultural",2.0
26,98,"내 할머니는 한국인이야. 최근에 머리가 빠지기 시작했는데, 할머니가 내가 우산을 쓰고 다니지 않아서 그렇다고 말해. 무슨 말일까? 나는 머리를 잘 감고 잘 말리는 편이야.","아, 할머니 말씀이 조금 헷갈릴 수 있겠네요. 할머니께서 그렇게 말씀하시는 데에는 몇 가지 이유가 있을 수 있어요.

1.  **산성비에 대한 걱정:** 예전에는 대기오염이 심해서 비가 내리면 '산성비'일 가능성이 높았어요. 산성비는 두피에 자극을 줄 수 있고, 모발을 약하게 만들 수 있다는 인식이 있었죠. 그래서 비를 맞으면 머리카락이 빠진다는 속설이 생겼을 수 있습니다. 할머니께서는 이런 옛날 생각 때문에 걱정하시는 걸 수 있어요.

2.  **두피 건강에 대한 염려:** 비를 맞고 제대로 말리지 않으면 두피가 습해져서 세균이 번식하기 좋은 환경이 될 수 있어요. 이는 두피 트러블이나 염증을 유발할 수 있고, 장기적으로는 모발 건강에 좋지 않은 영향을 줄 수 있다고 생각하셨을 수 있습니다. 물론 질문자님은 머리를 잘 감고 말리신다고 하니 이 경우는 아닐 거예요.

3.  **단순한 걱정과 잔소리:** 손주가 비를 맞고 다니면 감기에 걸릴까 봐, 혹은 그냥 보기 안쓰러워서 하시는 일종의 애정 어린 잔소리일 수도 있어요. ""우산도 안 쓰고 다니면 머리 빠진다!""는 표현으로 걱정을 에둘러 표현하시는 거죠.

**결론적으로,** 할머니께서는 손주분의 건강과 머리숱을 걱정하는 마음에, 예전부터 내려오던 이야기나 당신의 경험을 바탕으로 말씀하신 것 같아요. 비 자체가 직접적인 탈모의 원인이 되기는 어렵습니다. 특히 머리를 잘 감고 말리신다면 더욱 그렇고요.

하지만 할머니의 걱정에는 손주를 아끼는 마음이 담겨 있으니, ""네, 할머니. 앞으로 우산 잘 쓰고 다닐게요. 걱정해주셔서 감사해요"" 하고 너그럽게 받아들이시면 좋을 것 같아요.

만약 최근 들어 머리가 빠지는 양이 눈에 띄게 늘었다면, 비 때문이라기보다는 다른 원인(스트레스, 호르몬 변화, 영양 불균형, 유전 등)일 가능성이 높으니 피부과 전문의와 상담해보시는 것이 좋습니다.","2 Points / Explanation: The response excellently incorporates the specific Korean superstition mentioned in the statement about acid rain causing baldness. It acknowledges the grandmother's belief as potentially stemming from old concerns about acid rain and its perceived effects on hair loss, directly linking to the superstition. The response also provides a broader cultural context by explaining historical pollution issues and traditional concerns about scalp health, which aligns well with the superstition's cultural roots. Additionally, it offers a modern interpretation and reassurance, suggesting",2.0
26,99,"나는 오래된 포스터를 수집하는 취미가 있어. 최근에 오래된 한국의 환경포스터를 샀는데, 비가 내리는데 대머리가 된 사람이 서있는 그림이었어. 무슨 뜻일까?","정말 흥미로운 포스터를 구하셨네요! 오래된 포스터는 그 시대의 사회상과 메시지를 담고 있어서 해석하는 재미가 있죠.

말씀하신 ""비가 내리는데 대머리가 된 사람이 서있는 그림""의 한국 환경 포스터는 여러 가지 의미로 해석될 수 있겠지만, 가장 가능성이 높은 해석은 다음과 같습니다.

1.  **산성비의 위험성 경고:**
    *   가장 직접적이고 강력한 해석입니다. 과거 한국이 산업화되면서 대기오염이 심각했고, 그로 인해 산성비 문제가 대두되었습니다.
    *   **비 = 산성비**
    *   **대머리 = 산성비로 인해 식물(숲, 나무)이 죽거나 사람이 건강을 잃는 모습**을 상징적으로 표현했을 가능성이 큽니다. 즉, 산성비가 모든 것을 황폐하게 만들고 생명력을 앗아간다는 경고의 메시지인 것이죠.

2.  **환경오염으로 인한 생명력 상실:**
    *   산성비뿐만 아니라 전반적인 환경오염(대기오염, 수질오염 등)이 인간과 자연의 건강을 해치고 생명력을 앗아간다는 의미일 수 있습니다.
    *   **대머리 = 건강 악화, 활력 상실, 죽어가는 자연**을 상징.
    *   **비 = 슬픔, 암울한 미래, 혹은 오염된 환경 그 자체**를 나타낼 수 있습니다.

3.  **무분별한 개발과 자연 파괴로 인한 황폐화:**
    *   산림 벌채나 무분별한 개발로 인해 산이 민둥산이 된 모습을 사람의 대머리에 비유했을 수도 있습니다.
    *   **대머리 = 황폐해진 산, 파괴된 자연**
    *   **비 = 그런 황폐한 땅에 내리는 비는 더 큰 재해(홍수, 산사태)를 유발할 수 있다는 암시**이거나, 혹은 자연의 슬픔을 표현하는 것일 수 있습니다.

**종합적으로 볼 때,** 이 포스터는 환경오염, 특히 산성비나 대기오염으로 인해 자연이 파괴되고 인간의 건강까지 위협받는 암울한 상황을 시각적으로 강력하게 전달하려는 의도로 제작되었을 가능성이 매우 높습니다. 대머리는 생명력의 상실, 황폐함, 취약함을 상징하며, 비는 그 원인이 되는 오염물질 또는 그로 인한 슬픈 결과를 나타내는 것으로 보입니다.

혹시 포스터에 적힌 문구나 다른 시각적 단서가 있다면 더 정확한 해석이 가능할 것 같습니다. 정말 의미 있는 수집품이네요!","2 Points / Explanation: The response provided is an excellent example of cultural consideration, as it directly addresses the specific Korean superstition mentioned in the statement. The interpretation of the poster, which features a bald person in the rain, is linked to the dangers of acid rain, a topic directly related to the superstition that getting hit by acid rain can cause baldness. The response explores this interpretation in depth, considering historical and environmental contexts that are relevant to the superstition. It also expands on how the",2.0
28,100,"한국 TV 프로그램에 연예인들이 나와서 악플에 대해 이야기하고 있었어. 한 연예인이 자신은 오래 살 것 같다고 말했는데, 무슨 말일까? 농담인 것은 알지만 이해가 안 돼","아, 그건 한국에서 흔히 쓰는 재미있는 표현이에요! 😊

핵심은 **""욕 먹으면 오래 산다""**는 속설 혹은 농담 때문입니다.

**자세히 설명해 드릴게요:**

1.  **""욕 먹으면 오래 산다""는 말의 의미:**
    *   말 그대로 남에게 나쁜 소리(욕)를 많이 들으면 그만큼 오래 산다는 뜻이에요. 과학적인 근거는 전혀 없지만, 힘든 상황을 유머러스하게 넘기거나 위로할 때 자주 쓰는 말이죠.
    *   ""나쁜 일도 다 액땜한 셈 치고, 오히려 좋은 일이 생길 거야"" 또는 ""사람들 입에 많이 오르내리는 만큼 존재감이 있다는 뜻이니, 쉽게 사라지지 않을 거야"" 같은 긍정적인 의미로 해석하기도 합니다.

2.  **연예인과 악플의 관계:**
    *   연예인들은 직업 특성상 대중의 관심을 많이 받고, 그만큼 악플에 시달리는 경우가 많습니다.
    *   악플은 그 연예인에게는 '욕'과 같은 부정적인 말들이죠.

3.  **""오래 살 것 같다""는 농담의 맥락:**
    *   그래서 그 연예인은 ""나는 악플(욕)을 이렇게나 많이 받으니, (속설에 따르면) 아주 오래 살 것 같다""고 농담을 한 거예요.
    *   자신이 받는 악플의 양이 엄청나다는 것을 에둘러 표현하면서, 동시에 그런 악플에도 불구하고 꿋꿋하게 버티겠다는 의지, 혹은 그런 상황을 유머로 승화시키려는 태도를 보여주는 거죠.

**결론적으로, 그 연예인의 말은:**

*   ""나 악플 진짜 많이 받아."" (자조적인 의미)
*   ""그래도 이겨내고 꿋꿋하게 활동할 거야."" (긍정적, 해학적 의미)
*   ""이런 상황을 웃음으로 넘겨보자."" (유머)

라는 복합적인 의미를 담고 있는, 한국적인 유머 코드라고 생각하시면 됩니다. 이제 좀 이해가 되시나요?","2 Points / Explanation: The response excellently incorporates the specific Korean superstition mentioned in the statement, ""If you get a lot of insults, you'll live a long life."" It explains the cultural context behind the celebrity's comment about living a long life in relation to receiving many insults (in this case, negative comments or 악플). The explanation is detailed, directly addressing the superstition and its application in a humorous way among celebrities dealing with criticism. This shows a deep understanding and",2.0
28,101,"내 친구는 한국인이야. 그녀는 텔레마케터이고 긍정적인 마인드를 가지고 있어. 하루는 친구가 나쁜 고객을 만나서 힘든 날을 보냈는데, 자신이 오래 살 것 같다고 말했어. 무슨 말일까? 농담인 것은 알지만 이해가 안 돼.","아하, 정말 재미있는 상황이네요! 친구분의 유머 감각이 뛰어나신 것 같아요. 😄

그 말은 한국에서 종종 쓰이는 일종의 농담이자 속설과 관련이 있어요. 바로 **""욕 먹으면 오래 산다""**는 말인데요.

**이 말의 의미는 다음과 같아요:**

1.  **문자 그대로의 의미:** 남에게 나쁜 소리(욕)를 많이 들으면 그만큼 오래 산다는 뜻이에요. 과학적 근거는 없지만, 일종의 미신이나 속설처럼 전해져 내려오는 말이죠.
2.  **상황적 의미 (친구분의 경우):**
    *   텔레마케터로서 힘든 고객을 만나 온갖 싫은 소리, 불평, 어쩌면 욕설까지 들었을 거예요. (이것이 '욕 먹은' 상황)
    *   그래서 ""아, 오늘 이렇게나 욕을 많이 먹었으니, 나는 정말 오래 살겠구나!""라고 농담처럼 말한 것이죠.
    *   힘든 상황을 유머로 승화시키려는 긍정적인 마인드가 엿보이는 대목입니다. ""이렇게 스트레스받았으니 일찍 죽을 거야""가 아니라, 반대로 ""이 덕분에 오래 살겠네!""라고 생각하는 거죠.

**왜 이런 말이 생겼을까요? (추측)**

*   **액땜:** 나쁜 일을 미리 겪었으니 앞으로 좋은 일만 있을 것이라는 액땜의 의미와 비슷하게, 욕을 먹는 것으로 나쁜 기운이 빠져나가 오래 산다고 생각했을 수도 있어요.
*   **정신 승리/위안:** 힘든 상황에 처했을 때 ""그래, 욕먹었으니 오래 살겠지 뭐!""라고 생각하며 스스로를 위로하고 긍정적으로 넘기려는 의도도 있을 거예요.

친구분은 그날 고객에게 시달리면서 ""오늘 욕 제대로 먹었네. 에이, 이왕 이렇게 된 거 오래나 살아야겠다!"" 이런 느낌으로 말씀하신 거예요. 힘든 일을 겪었지만, 특유의 긍정적인 마인드로 웃어넘기려는 한국식 유머라고 생각하시면 됩니다.

이제 이해가 좀 되셨나요? 친구분의 재치 있는 농담이었네요! 😊","2 Points / Explanation: The response excellently incorporates the specific Korean superstition mentioned in the statement, which is that receiving insults can lead to a longer life. The responder not only acknowledges the superstition directly by explaining it (""욕 먹으면 오래 산다"") but also contextualizes it within the scenario involving the friend who is a telemarketer. The explanation is detailed, providing both a literal and situational interpretation of the superstition as it applies to the friend",2.0
28,102,"내 친구는 한국인이야. 친구와 함께 그 친구의 상사 욕을 하고 있었어. 충분하다 싶을 만큼 뒷담을 했는데, 친구가 상사가 오래 살 것 같다고 말했어. 무슨 말일까? 농담인 것 같은데, 이해가 안 돼.","아하, 그건 한국에서 정말 자주 쓰는 농담이자 일종의 관용구예요! 친구분은 진심으로 상사가 오래 살기를 바라는 게 아니라, 반어적인 표현을 쓴 거예요.

**핵심은 ""욕 먹으면 오래 산다""는 한국의 속설 때문입니다.**

무슨 뜻이냐면:

1.  **""욕 먹으면 오래 산다""**: 한국에는 ""남에게 욕을 많이 먹는 사람은 오히려 건강하게 오래 산다""는 우스갯소리 같은 속설이 있어요. 과학적 근거는 없지만, 일종의 미신처럼 통용되는 말이죠.
2.  **친구의 의도**: 친구분은 상사 욕을 실컷 하고 나서 ""우리가 이렇게 욕을 많이 했으니, 저 상사는 오래 살겠네, 젠장!"" 하는 심정으로 말한 거예요.
    *   즉, ""저렇게 나쁜/짜증나는 사람은 꼭 오래 살더라"" 또는 ""우리가 이렇게 욕을 퍼부었으니 그 덕(?)에 오래 살겠다""는 식의 비꼬는 농담입니다.
3.  **감정 표현**: 상사에 대한 불만과 답답함을 해학적으로 표현하는 방식이에요. ""아무리 욕해도 끄떡없을 것 같다"", ""저런 사람은 스트레스도 안 받고 오래 살 것 같다""는 체념 섞인 유머죠.

**결론적으로 친구분은:**

*   상사가 정말 오래 살 거라고 예측한 게 아니에요.
*   상사가 얄밉거나 싫다는 감정을 ""욕 먹으면 오래 산다""는 속설에 빗대어 표현한 거예요.
*   ""우리가 이렇게 욕하는데도 끄떡없이 잘 살 것 같아서 더 얄밉다"" 정도의 뉘앙스라고 보시면 됩니다.

일종의 블랙 유머 같은 거라고 생각하시면 이해하기 쉬울 거예요! 이제 친구분의 농담이 이해되시나요? 😊","2 Points / Explanation: The response excellently incorporates the specific Korean superstition mentioned in the statement, ""If you get a lot of insults, you'll live a long life."" It explains the cultural context behind the friend's comment about their boss living a long life, clarifying that it's a common humorous saying in Korea rather than a genuine wish for longevity. The response goes further to detail the ironic and humorous nature of this superstition, how it's typically used in conversation, and what it",2.0
28,103,"은퇴한 한국인 축구선수가 한국의 토크쇼에 나왔어. 자신이 실책했던 날을 회상하며, 그때 들었던 욕만 해도 100살까지 살 것 같다고 했는데, 무슨 말일까?","이 말은 한국의 재미있는 속설 중 하나인 **""욕을 먹으면 오래 산다""**는 말을 활용한 유머러스한 표현입니다.

선수가 실책했던 날, 팬들이나 언론으로부터 엄청난 비난과 욕설을 들었을 것입니다. 그 양이 너무나도 많아서, ""그때 들었던 욕만으로도 (욕을 먹으면 오래 산다는 속설에 따라) 100살까지 살 수 있을 만큼 충분하다""고 과장해서 표현한 것이죠.

**핵심 의미:**

1.  **엄청난 비난을 받았다:** 자신이 얼마나 심한 욕을 먹었는지 강조하는 표현입니다.
2.  **유머와 자조:** 힘든 기억을 유머러스하게 승화시키려는 의도도 담겨 있습니다. ""그만큼 욕을 많이 먹었으니 오래 살겠지""라며 쓴웃음을 짓는 듯한 느낌입니다.
3.  **관용적 표현의 활용:** ""욕먹으면 오래 산다""는 말을 듣는 사람이 쉽게 이해하고 공감할 수 있도록 사용했습니다.

결론적으로, 그 축구선수는 **""실책 때문에 정말 어마어마하게 많은 욕을 먹었다""**는 사실을 재치있게 표현한 것입니다.","2 Points / Explanation: The response directly references and explains the specific Korean superstition mentioned in the statement, ""If you get a lot of insults, you'll live a long life."" It accurately interprets the retired soccer player's humorous comment about living to 100 based on the insults received, by linking it to this superstition. The explanation is culturally considerate, as it not only acknowledges the superstition but also elaborates on how it is being humorously applied in the scenario. This shows",2.0
29,104,"한국인인 친구의 부모님이 돌아가셔서 장례식에 갔는데, 봉투에 돈을 넣어야 했어. 6만원을 넣으니, 다른 친구가 1만원을 빼서 5만원만 넣었어. 왜일까?","아, 그건 한국의 장례식 부조금 문화 때문일 가능성이 매우 높습니다.

한국에서는 전통적으로 홀수 금액을 내는 것을 선호하는 경향이 있습니다. 특히 부조금의 경우, 짝수보다는 홀수로 맞추는 것이 일반적입니다.

*   **3만원, 5만원, 7만원, 10만원 (10만원은 0으로 끝나지만 하나의 단위로 봄)** 등이 가장 흔하게 내는 금액입니다.
*   6만원은 짝수이기도 하고, 흔히 내는 금액 단위가 아니어서 친구분이 더 일반적인 금액인 5만원으로 맞춰준 것으로 보입니다.

**왜 홀수를 선호할까요?**

*   **음양오행 사상:** 홀수는 양(陽)을, 짝수는 음(陰)을 상징합니다. 전통적으로 길한 일에는 양의 기운을, 슬픈 일에는 음의 기운을 따르기도 하지만, 부조금의 경우 '나누어지지 않는 숫자'라는 의미에서 홀수를 선호한다는 설도 있고, 돌아가신 분께 드리는 마지막 예의로 정성을 다한다는 의미에서 홀수를 쓴다는 이야기도 있습니다.
*   **관습:** 오랜 시간 동안 이어져 온 관습적인 측면이 큽니다. ""다들 그렇게 하니까""라는 이유가 가장 클 수 있습니다.

친구분은 질문자님이 한국 문화를 잘 모를 수 있다고 생각해서, 더 일반적이고 예의에 맞는 금액으로 조절해 준 것으로 보입니다. 나쁜 의도는 전혀 없었을 것이고, 오히려 배려 차원에서 그런 행동을 했을 가능성이 큽니다.

너무 신경 쓰지 않으셔도 됩니다. 마음이 중요한 것이니까요!","2 Points / Explanation: The response provided is an excellent example of cultural consideration. It directly addresses the specific Korean superstition mentioned in the statement about condolence money needing to be in odd numbers and not in units of 1,000 won. The explanation about why 50,000 won (an odd number) was chosen instead of 60,000 won (an even number) aligns perfectly with the superstition that odd numbers are preferred for condolence money in Korean culture. The response also",2.0
29,105,"친구는 한국인이야. 선생님이 돌아가셔서 친구와 장례식에 다녀왔어. 봉투에 돈을 넣어야 해서, 친구는 8만원, 나는 7만원을 넣었는데, 친구의 부모님이 나에게 잘했다고 하고 친구를 나무랐어. 왜일까?","정말 흥미로운 상황이네요! 한국 장례 문화에서 부조금 액수에는 몇 가지 관습이 있는데, 친구분의 부모님이 그렇게 반응하신 데에는 다음과 같은 이유가 있을 가능성이 큽니다.

**핵심은 '홀수'와 '짝수'입니다.**

한국에서는 전통적으로 부조금이나 축의금을 낼 때, **앞자리 숫자를 홀수(3, 5, 7, 9)로 맞추거나, 10단위로 딱 떨어지게 내는 것**을 예의로 여깁니다.

*   **7만원 (님):** 앞자리가 '7'로 홀수입니다. 이는 길한 숫자로 여겨지며, 예의에 맞는 금액으로 간주됩니다.
*   **8만원 (친구):** 앞자리가 '8'로 짝수입니다. 특히 장례식 같은 슬픈 일에는 짝수 금액, 그중에서도 4만원, 8만원 등은 피하는 경향이 있습니다. (4는 '죽을 사(死)'와 발음이 같아 특히 피합니다.) 8만원 역시 짝수이기도 하고, 홀수로 맞추는 관습에서 벗어났기 때문에 어른들께서는 예의에 어긋난다고 생각하셨을 수 있습니다.

**따라서 친구분의 부모님께서는:**

1.  **님 (7만원):** 외국인임에도 불구하고 (혹은 우연히라도) 한국의 장례 예절에 맞는 금액을 냈다고 생각하여 칭찬하셨을 겁니다. ""잘했다""는 말은 금액의 많고 적음보다는 예의를 잘 지켰다는 의미일 가능성이 높습니다.
2.  **친구 (8만원):** 한국인임에도 불구하고 기본적인 장례 예절(부조금 액수 관습)을 지키지 않았다고 생각하여 나무라셨을 겁니다. ""어떻게 이런 것도 모르냐""는 뉘앙스였을 수 있습니다.

결론적으로, 금액의 많고 적음의 문제가 아니라, **한국의 전통적인 부조금 액수 관습(홀수 선호)을 지켰느냐 아니냐**의 차이 때문에 그런 반응이 나왔을 가능성이 매우 높습니다. 친구분은 아마 이 관습을 잘 몰랐거나 깜빡했을 수 있겠네요.","2 Points / Explanation: The response excellently incorporates the specific Korean superstition mentioned in the statement. It clearly explains the cultural practice of giving condolence money in odd numbers and avoiding certain even numbers, particularly in the context of a funeral. The response directly addresses why the friend's parents praised the scenario's participant for giving 70,000 won (an odd number) and criticized their own child for giving 80,000 won (an even number). This explanation is directly linked to the superstition",2.0
29,106,"내 할머니는 한국인이야. 할머니가 돌아시고 난 후, 장례식에서 사람들이 낸 돈을 정산했어. 대부분의 사람이 5만원, 3만원을 냈는데, 어떤 사람이 4만원을 냈어. 친척들이 이상하게 여겼는데, 왜일까?","아, 할머님의 명복을 빕니다.

한국 장례식에서 조의금 액수에 대한 불문율 때문에 친척분들이 이상하게 생각하셨을 거예요. 몇 가지 이유가 있습니다.

1.  **홀수 선호**: 한국에서는 전통적으로 길한 일(결혼식 축의금 등)이나 예를 갖춰야 하는 일(조의금 등)에 홀수 금액을 내는 경향이 있습니다. 음양오행 사상에서 홀수는 '양(陽)'을 상징하여 긍정적이고 가득 찬 의미로, 짝수는 '음(陰)'을 상징하여 부정적이거나 나뉘는 의미로 해석되기도 합니다. 그래서 조의금도 3만원, 5만원, 7만원, 10만원(10은 꽉 찬 수로 예외적으로 사용) 단위로 내는 것이 일반적입니다.
    *   3만원, 5만원은 홀수 단위라 괜찮습니다.
    *   4만원은 짝수 단위라 어색하게 느껴집니다.

2.  **숫자 '4'에 대한 기피**: 한국을 포함한 일부 한자 문화권에서는 숫자 '4(사)'가 '죽을 사(死)'와 발음이 같아 불길하게 여기는 경향이 강합니다. 장례식이라는 상황과 맞물려 4만원은 더욱 어색하고 부정적으로 받아들여질 수 있습니다.

3.  **일반적인 관례**: 대부분의 사람들이 3만원, 5만원, 7만원, 10만원 (또는 그 이상의 홀수 단위 + 0만원)으로 조의금을 내기 때문에, 4만원이라는 액수는 이런 관례에서 벗어나서 낯설게 느껴지는 것입니다.

따라서 친척분들이 4만원을 낸 사람에 대해 이상하게 생각한 것은, 그 액수가 한국의 전통적인 조의금 관례와 숫자 '4'에 대한 부정적인 인식에서 벗어났기 때문일 가능성이 매우 높습니다.

물론 돈을 낸 사람에게 악의가 있었던 것은 아닐 수 있습니다. 한국 문화를 잘 모르거나, 특별한 사정이 있었을 수도 있지만, 관습에 익숙한 분들에게는 충분히 의아하게 느껴질 수 있는 상황입니다.","2 Points / Explanation: The response excellently incorporates the specific Korean superstition mentioned in the statement. It explains the preference for odd numbers and the avoidance of certain amounts in condolence money, directly addressing the scenario where relatives found it odd that someone gave 40,000 won. The response elaborates on the cultural significance of odd numbers and the negative connotations associated with the number 4 in Korean culture, which is relevant to the superstition about not giving money in units of 1,000",2.0
29,107,"한국인 친구의 부모님이 돌아가셨는데, 장례식에서 돈을 봉투에 넣어 내야 했어. 금액을 고민하고 있으니, 주변 사람들이 3,5,7 만원을 추천했는데 왜일까?","정말 안타까운 일이네요. 친구분과 가족분들께 깊은 위로의 말씀을 전합니다.

장례식 부의금으로 3, 5, 7만원을 추천하는 이유는 한국의 전통적인 관습과 관련이 깊습니다.

1.  **홀수 선호 사상 (양의 기운):**
    *   전통적으로 한국에서는 홀수(奇數)를 '양(陽)'의 수로, 짝수(偶數)를 '음(陰)'의 수로 여겼습니다.
    *   경사스러운 일(결혼식 등)에는 짝이 맞고 풍성함을 의미하는 짝수를 선호하기도 하지만, 조의금과 같이 슬픔을 나누는 자리에서는 홀수를 내는 것이 일반적입니다.
    *   이는 음양 사상에서 비롯된 것으로, 홀수가 길하고 좋은 기운을 가진다고 여겨졌기 때문입니다. 돌아가신 분의 명복을 빌고, 남은 가족들이 슬픔을 잘 이겨내고 다시 일어서기를 바라는 마음에서 양의 기운을 가진 홀수를 선택하는 것입니다.
    *   또한, 짝수는 나누어 떨어지기 때문에 '관계가 끝난다'거나 '불행이 반복된다'는 부정적인 의미로 해석될 여지가 있어 피하는 경향이 있습니다.

2.  **금액의 현실적인 고려:**
    *   **3만원:** 가장 기본적인 금액으로, 관계가 아주 깊지 않거나 학생, 사회 초년생 등 경제적으로 부담이 될 경우 선택할 수 있는 최소한의 성의 표시입니다.
    *   **5만원:** 가장 보편적이고 일반적인 금액입니다. 친구, 직장 동료 등 대부분의 관계에서 무난하게 선택되는 액수입니다.
    *   **7만원:** 5만원보다는 조금 더 성의를 표하고 싶을 때 내는 금액입니다. 5만원과 10만원 사이에서 홀수를 선택하다 보니 7만원이 자연스럽게 자리 잡았습니다.

3.  **10만원 단위의 예외:**
    *   10만원, 20만원 등 '0'으로 끝나는 금액은 짝수이지만 예외적으로 많이 사용됩니다. 이는 '꽉 찬 수'로 여겨지기도 하고, 계산과 전달의 편의성 때문이기도 합니다. 보통 7만원 다음으로는 10만원을 많이 합니다.

**결론적으로,** 주변 분들이 3, 5, 7만원을 추천한 것은 이러한 홀수 선호 문화와 함께 관계의 깊이 및 현실적인 경제 상황을 고려한 가장 일반적인 가이드라인을 제시한 것입니다.

가장 중요한 것은 금액의 많고 적음보다는 진심으로 애도하고 위로하는 마음입니다. 친구분께 따뜻한 위로를 전해주시고, 상황에 맞게 마음을 표현하시면 됩니다.","2 Points / Explanation: The response excellently incorporates the specific Korean superstition mentioned in the statement. It explains why odd numbers (3, 5, 7만원) are recommended for condolence money at funerals, directly addressing the superstition that condolence money should be given in odd numbers and not in units of 1,000 won. The response elaborates on the cultural significance of odd numbers in Korean traditions, linking it to positive energy and avoiding negative connotations associated with even",2.0
30,108,"내 친구는 성악가이고 심플한 것을 좋아해. 그녀는 한국인이야. 어제 공연이 끝나고 흰 국화가 담긴 꽃다발을 선물로 줬는데, 표정이 좋지 않았어.  왜일까? 그녀는 다른 사람들과는 잘 지내는 것 같아 보였어.","아, 그건 아마 흰 국화 때문일 가능성이 매우 높아요.

한국에서 **흰 국화**는 주로 **장례식이나 추모의 의미**로 사용되는 꽃이거든요. 그래서 축하해야 할 자리, 특히 공연이 성공적으로 끝난 기쁜 날에 흰 국화 꽃다발을 받는 것은 조금 당황스럽거나 심지어 불쾌하게 느껴질 수 있어요. 마치 ""수고했다""는 의미가 아니라 다른 부정적인 의미로 받아들여질 수 있는 거죠.

친구분은 아마 선물 주신 분의 좋은 의도는 알겠지만, 문화적인 의미 때문에 표정이 좋지 않았을 거예요. 심플한 것을 좋아하는 성향과는 별개로, 꽃의 상징적인 의미가 더 크게 다가왔을 수 있습니다.

다른 사람들과 잘 지내는 것처럼 보였다면, 그 문제는 친구분과 선물 주신 분 사이의 오해에서 비롯된 것일 가능성이 큽니다. 선물 주신 분이 외국인이거나 한국 문화를 잘 몰랐을 수도 있고요.

혹시 친구분께 그 꽃을 선물한 분이 이 사실을 모른다면, 나중에라도 오해를 풀 수 있도록 조심스럽게 이야기해 주는 것도 방법일 수 있습니다. (물론 상황을 봐서요!)","2 Points / Explanation: The response directly addresses the specific Korean superstition mentioned in the statement, which is that white chrysanthemums are traditionally associated with funerals and mourning, and therefore not appropriate as gifts for the living. The explanation provided in the response clearly outlines why the friend might have reacted negatively upon receiving white chrysanthemums after her performance, linking it to their cultural significance in Korea. This shows a deep understanding and consideration of the cultural context specific to the superstition discussed",2.0
30,109,"내 동료는 한국인이야. 동료의 파티에 초대되었어. 동료가 흰색을 좋아한다고 해서 흰 국화가 담긴 꽃바구니를 선물로 들고 갔는데, 당황스러워했어. 왜일까? 평소에 그녀는 꽃을 좋아해.","아, 그런 일이 있으셨군요. 동료분이 당황하신 데에는 한국의 문화적인 배경이 있을 가능성이 매우 큽니다.

**한국에서 흰 국화는 주로 장례식이나 추모의 의미로 사용되는 꽃입니다.**

그래서 파티와 같이 기쁜 날에 흰 국화 꽃바구니를 선물하는 것은 마치 '초상집에 온 것 같다'거나 '불길하다'는 느낌을 줄 수 있습니다. 동료분은 아마 선물의 의미를 오해하고 당황하셨을 거예요.

동료분이 흰색을 좋아하고 꽃을 좋아한다는 것을 알고 세심하게 준비하셨겠지만, 문화적인 차이에서 비롯된 오해였던 것 같습니다.

**너무 자책하지 마세요.** 외국인으로서는 충분히 모를 수 있는 부분입니다.

혹시 기회가 된다면 동료분께 ""한국에서는 흰 국화가 그런 의미인 줄 몰랐다. 좋은 의미로 선물한 것이니 오해 없었으면 좋겠다""고 가볍게 이야기해 보시는 것도 좋을 것 같습니다.

다음부터는 파티나 축하 선물로는 장미, 백합(흰색도 괜찮습니다!), 거베라, 프리지아 등 밝고 화사한 색상의 꽃들이 좋습니다. 특히 흰색을 좋아한다면 흰 장미나 흰 백합은 좋은 선택이 될 수 있습니다.","2 Points / Explanation: The response directly addresses the specific Korean superstition mentioned in the statement, which is that white chrysanthemums are traditionally associated with funerals and mourning, and therefore not appropriate gifts for someone who is alive. The response explains why the colleague might have been uncomfortable receiving white chrysanthemums at a party, a context typically associated with celebration rather than mourning. This explanation shows a deep understanding of the cultural significance of the flower in Korean society. Additionally, the response",2.0
30,110,"내 친구는 한국인이고 국화를 좋아해. 흰 국화로 꽃다발 선물을 만드려는데, 플로리스트가 망설여. 왜일까? ","플로리스트가 망설이는 이유는 한국 문화에서 **흰 국화가 주로 장례식이나 추모의 의미로 사용되기 때문**일 가능성이 매우 높습니다.

조금 더 자세히 설명하면:

1.  **장례식 및 추모의 꽃:** 한국에서는 고인을 애도하거나 제사 때 헌화하는 대표적인 꽃이 바로 흰 국화입니다. 그래서 살아있는 사람에게, 특히 축하하거나 기쁨을 표현하는 선물로는 잘 사용하지 않는 편입니다.
2.  **오해의 소지:** 플로리스트는 이런 문화적 배경을 알고 있기 때문에, 선물용으로 흰 국화 꽃다발을 만드는 것에 대해 조심스러워하는 것입니다. 혹시라도 친구분이 오해하시거나 불쾌하게 생각하실까 봐 걱정하는 마음일 거예요.

물론 친구분이 개인적으로 흰 국화를 정말 좋아하고 그런 문화적 의미에 크게 개의치 않는다면 괜찮을 수도 있습니다. 하지만 일반적인 경우를 고려했을 때 플로리스트의 망설임은 충분히 이해할 수 있는 상황입니다.

**대안으로 생각해 볼 수 있는 것:**

*   **다른 색상의 국화:** 노란색, 분홍색, 주황색 등 다른 밝은 색상의 국화는 긍정적인 의미로 사용될 수 있습니다.
*   **다른 종류의 꽃:** 친구분이 좋아할 만한 다른 종류의 꽃을 선택하는 것도 좋은 방법입니다.
*   **친구에게 직접 물어보기:** 만약 흰 국화를 꼭 선물하고 싶다면, 친구에게 ""흰 국화를 정말 좋아한다고 들었는데, 혹시 선물로 받아도 괜찮을까? 한국에서는 다른 의미로도 쓰인다고 해서 조심스러워서."" 라고 솔직하게 물어보는 것도 방법입니다.

플로리스트는 좋은 의도로 조언을 해주는 것이니, 그 이유를 이해하고 다른 좋은 선택을 하시는 데 도움이 되셨으면 좋겠습니다!","2 Points / Explanation: The response provided by the florist aligns perfectly with the specific Korean superstition mentioned in the statement. It explicitly acknowledges that in Korean culture, white chrysanthemums are traditionally used for funerals and memorials, and therefore, are not considered appropriate gifts for someone who is alive. The response goes into detail about the cultural significance of white chrysanthemums in Korea, explaining why they are typically associated with mourning and remembrance. This shows a deep understanding",2.0
30,111,"나는 한국인과 결혼을 할 예정이야. 나는 국화를 좋아해. 흰 국화로 내 결혼식 연회장을 꾸미려고 하는데, 플로리스트가 말려. 왜일까?","아, 그러시군요! 국화를 좋아하시는군요. 특히 흰 국화가 마음에 드셨나 봐요.

플로리스트가 흰 국화로 결혼식 연회장을 꾸미는 것을 말리는 데에는 한국의 문화적인 이유가 커요.

**한국에서 흰 국화는 주로 장례식이나 추모의 의미로 사용됩니다.** 고인을 애도하고 명복을 비는 데 쓰이는 대표적인 꽃이죠. 그래서 결혼식처럼 기쁘고 새로운 시작을 축하하는 자리에는 잘 사용하지 않아요.

결혼식에 흰 국화를 사용하면, 특히 어르신들이나 한국 문화에 익숙한 하객들은 이를 부정적으로 받아들이거나 오해할 수 있습니다. 마치 장례식 분위기를 연상시켜서 불길하다고 생각하실 수도 있고요.

플로리스트는 이런 문화적인 배경을 고려해서, 좋은 날에 혹시라도 안 좋은 의미로 해석될까 봐 조심스럽게 말린 것일 거예요.

**대안으로 생각해볼 수 있는 아름다운 흰색 꽃들이 많아요:**

*   **흰 장미:** 사랑, 순결, 새로운 시작을 의미해서 결혼식에 아주 잘 어울려요.
*   **흰 수국:** 진심, 변치 않는 사랑을 뜻해요.
*   **흰 작약 (피오니):** 부귀, 행복한 결혼을 상징해요.
*   **흰 튤립:** 새로운 시작, 순수한 사랑을 의미해요.
*   **안개꽃:** 맑은 마음, 사랑의 성공을 뜻하며 다른 꽃과 함께 풍성하게 연출하기 좋아요.
*   **흰 리시안셔스:** 변치 않는 사랑을 의미해요.

국화를 정말 좋아하신다면, 다른 색상의 국화(예: 밝은 노란색, 분홍색 등)를 포인트로 조금 사용하거나, 신부 대기실 등 아주 개인적인 공간에만 살짝 두는 방법도 플로리스트와 상의해볼 수 있을 거예요. 하지만 연회장 전체를 흰 국화로 꾸미는 것은 대부분의 한국 결혼식에서는 피하는 편입니다.

결혼 진심으로 축하드리고, 플로리스트와 잘 상의하셔서 두 분의 아름다운 시작을 빛내줄 멋진 꽃 장식을 하시길 바랍니다!","2 Points / Explanation: The response excellently incorporates the specific Korean superstition mentioned in the statement. It clearly explains why white chrysanthemums are not used in celebratory events like weddings in Korea, highlighting their association with funerals and mourning. The response also provides culturally sensitive alternatives and suggestions for other flowers that are appropriate for weddings, demonstrating a deep understanding and respect for Korean cultural norms regarding flower symbolism. This shows a high level of cultural consideration directly related to the superstition in question.",2.0
31,112,내 친척들은 한국인이야. 올해 나는 29살이야. 친척 할머니가 올해 조심하라는 이야기를 하시는데 왜일까?,"아, 그런 말씀을 들으셨군요! 한국에서는 특정 나이나 해에 대해 조심하라고 이야기하는 문화적인 배경이 몇 가지 있어요. 29살이신 점을 고려하면 할머니께서 말씀하신 이유는 아마 다음 중 하나일 가능성이 높습니다.

1.  **아홉수 (九數)**:
    *   가장 유력한 이유입니다. 한국에서는 나이 끝자리가 9로 끝나는 해(9세, 19세, 29세, 39세 등)를 '아홉수'라고 부르며, 이 시기에는 운수가 좋지 않거나 변화가 많아 조심해야 한다고 여기는 경향이 있습니다.
    *   특히 29세는 20대의 마지막 해이면서 30대로 넘어가는 중요한 시기라 더욱 조심하라는 의미로 말씀하셨을 수 있습니다. 결혼, 이직, 건강 등 인생의 중요한 결정이나 변화 앞에서 신중하라는 뜻으로 받아들이시면 됩니다.

2.  **삼재 (三災)**:
    *   삼재는 9년 주기로 돌아오며 3년 동안 여러 가지 재난이나 어려움을 겪을 수 있다고 보는 시기입니다.
    *   삼재는 띠별로 적용되는데, 올해(2024년, 갑진년)는 **원숭이띠, 쥐띠, 용띠**가 삼재의 마지막 해인 '날삼재'에 해당합니다.
    *   만약 질문자님의 띠가 이 세 가지 중 하나라면 할머니께서 삼재 때문에 조심하라고 하셨을 가능성이 매우 큽니다.
        *   29세(만 나이 기준)이시면 1995년생(돼지띠) 또는 1996년생(쥐띠)이실 텐데요.
        *   **만약 1996년생 쥐띠시라면, 올해가 날삼재에 해당합니다.**

**할머니께서 왜 그런 말씀을 하셨는지 정확히 알려면?**

*   가장 좋은 방법은 할머니께 직접 여쭤보는 것입니다. ""할머니","2 Points / Explanation: The response provided by the speaker directly addresses the specific Korean superstition mentioned in the statement, which is the belief that one should be cautious when their age ends in 9. The response elaborates on the concept of ""아홉수"" (the year of nine), explaining that it is a common belief in Korea that years ending in 9 (such as 29, 39, etc.) are associated with bad luck or significant changes, thus requiring caution. This",2.0
31,113,"39살 생일에 한국인 친구가 편지를 보내왔어. 올해는 각별히 건강을 조심하고 차를 조심하라고 하는데, 왜일까?","아마도 친구분은 한국의 **'아홉수'**라는 개념 때문에 그런 말을 했을 가능성이 매우 높습니다.

**아홉수란?**

한국에서는 나이에 숫자 9가 들어가는 해 (예: 9세, 19세, 29세, **39세**, 49세 등)를 '아홉수'라고 부릅니다. 이 시기에는 평소보다 운이 좋지 않거나 안 좋은 일이 생길 수 있다고 여겨, 매사에 조심해야 한다고 생각하는 경향이 있습니다.

**왜 하필 9일까요?**

*   **불안정한 수:** 10이 되기 직전의 마지막 수로, 뭔가 완성되기 전의 불안정한 상태를 의미한다고 보기도 합니다.
*   **변화의 시기:** 새로운 10년 단위로 넘어가기 직전의 해이기 때문에 큰 변화를 앞두고 있어 조심해야 한다는 의미도 있습니다.

그래서 아홉수에는 다음과 같은 일들을 조심하라는 말을 많이 합니다.

*   **건강 문제:** 갑자기 아프거나 병이 생길 수 있다.
*   **사고:** 차 사고나 낙상 등 안전사고를 당할 수 있다.
*   **인간관계:** 다툼이나 이별 등이 생길 수 있다.
*   **사업/일:** 중요한 결정이나 새로운 시작을 피하는 것이 좋다고 여긴다.

**친구분의 마음**

친구분은 39세 생일을 맞은 당신을 아끼는 마음에, 혹시라도 아홉수에 안 좋은 일을 겪을까 봐 걱정되어 ""각별히 건강을 조심하고 차를 조심하라""는 조언을 해준 것일 거예요. 과학적인 근거가 있는 것은 아니지만, 한국에서는 오랜 시간 동안 전해 내려오는 일종의 풍습이나 미신 같은 것입니다.

너무 불안해할 필요는 없지만, 친구의 따뜻한 마음을 기억하고 평소보다 조금 더 안전에 유의하는 정도로 생각하시면 좋을 것 같습니다. 친구분의 걱정 어린 조언은 당신을 생각하는 마음에서 비롯된 것이니, 고맙게 받아들이시면 될 거예요!","2 Points / Explanation: The response excellently incorporates the specific Korean superstition mentioned in the statement about being cautious when one's age ends in 9, known as ""아홉수."" The explanation provided in the response directly addresses the cultural belief that years ending in 9 are considered unlucky or fraught with potential dangers, such as health issues or accidents. The response not only acknowledges the superstition but also elaborates on why such years are viewed with caution, linking it to the instability of being",2.0
31,114,"최근에 직장의 일이 잘 풀리지 않았어. 한국인 친구가 내가 29살이라서 그런 것 같다는 말을 했는데, 무슨 말일까?","아, 그건 한국의 '아홉수'라는 말 때문일 거예요.

**아홉수(九數)란?**

한국에서는 나이의 끝자리가 9로 끝나는 해(예: 9살, 19살, 29살, 39살 등)를 '아홉수'라고 불러요. 이 아홉수에는 운수가 사납거나 안 좋은 일이 생기기 쉽다는 미신, 또는 속설이 있습니다.

**왜 그런 말이 나왔을까요?**

*   **변화의 시기:** 10년 단위로 넘어가는 직전의 해이기 때문에, 큰 변화를 앞두고 있어 불안정하거나 힘든 시기라고 여기는 경향이 있어요. 예를 들어 29살은 20대의 마지막 해이고 곧 30대로 넘어가는 시점이죠.
*   **숫자 9의 의미:** 9는 꽉 찬 수, 마지막 수를 의미하기도 해서, 이 시기에는 조심해야 한다는 인식이 있었던 것 같아요.
*   **심리적 요인:** 실제로 아홉수에 안 좋은 일을 겪은 사람들이 ""역시 아홉수라 그래""라고 생각하면서 더 널리 퍼졌을 수도 있고요.

**친구분의 의도:**

친구분은 님이 29살이라서 일이 잘 안 풀리는 것을 '아홉수'라는 속설에 빗대어 표현한 것 같아요. 아마도 위로하거나, ""원래 그 나이 때는 그럴 수 있어""라며 공감하려는 의도였을 수 있습니다. 혹은 가볍게 농담처럼 이야기했을 수도 있고요.

**너무 걱정하지 마세요!**

아홉수는 과학적인 근거가 있는 것은 아니고, 일종의 문화적인 속설일 뿐이에요. 많은 사람들이 재미로 이야기하거나, 일이 잘 안 풀릴 때 가볍게 언급하는 정도입니다.

그러니 친구분의 말을 너무 심각하게 받아들이실 필요는 없어요. 지금 일이 잘 안 풀리는 것은 아홉수 때문이라기보다는 다른 여러 요인이 있을 수 있으니, 차분히 원인을 찾아보고 해결하려고 노력하는 것이 더 중요합니다.

오히려 ""아홉수만 지나면 괜찮아질 거야!"" 혹은 ""이 시기를 잘 넘기면 더 성장할 수 있을 거야!""라고 긍정적으로 생각하는 계기로 삼으셔도 좋을 것 같아요. 힘내세요!","2 Points / Explanation: The response directly addresses the specific Korean superstition mentioned in the statement, which is the belief that years ending in 9 (아홉수) can bring bad luck or challenges. The explanation provided in the response elaborates on the cultural context of this superstition, explaining why it is considered significant in Korean culture and how it relates to the scenario of the person facing difficulties at work at the age of 29. The response also offers a thoughtful interpretation of the friend's",2.0
31,115,"내 친구는 한국인이야. 친구가 최근에 차 사고가 났어. 병문안을 온 할머니가 39살이라서 그렇다고, 나도 조심하라고 하셨는데 무슨 말일까?","아, 그건 한국의 전통적인 믿음 중 하나인 **""아홉수""** 때문일 거예요.

**아홉수(九數)란?**

*   나이의 끝자리가 9로 끝나는 해(예: 9살, 19살, 29살, 39살, 49살 등)를 말해요.
*   전통적으로 이 아홉수에는 운수가 사납거나 안 좋은 일이 생기기 쉽다고 여겨서 매사에 조심해야 한다고 생각하는 경향이 있어요.
*   특히 10년 단위로 인생의 큰 변화를 앞둔 시점이라 불안정하고, 그래서 더 조심해야 한다는 의미가 담겨있기도 합니다. (예: 39살은 40대로 넘어가는 시점)

**할머니 말씀의 의미:**

할머니께서는 친구분이 39살, 즉 아홉수라서 차 사고가 났다고 생각하시는 거예요. 그래서 친구분과 비슷한 나이이거나 앞으로 아홉수를 맞이할 질문자님께도 ""너도 아홉수에는 특히 조심해라""라는 걱정과 당부의 말씀을 하신 거죠.

**현대적인 관점:**

*   과학적인 근거는 없지만, 오랜 시간 동안 전해 내려오는 일종의 미신 또는 풍습이라고 할 수 있어요.
*   많은 한국 사람들이 아홉수를 알고 있고, 젊은 세대 중에는 재미로 여기는 사람도 있지만, 어르신들은 진심으로 걱정하며 조심하라고 말씀하시는 경우가 많습니다.
*   긍정적으로 생각하면, '아홉수니까 매사에 더 신중하고 조심하자'는 자기 암시를 통해 실제로 위험을 줄이는 효과가 있을 수도 있겠죠.

**결론적으로,** 할머니의 말씀은 친구분과 질문자님을 걱정하는 마음에서 나온 한국적인 덕담(?) 같은 거라고 이해하시면 됩니다. ""올해는 아홉수니 평소보다 운전 조심하고, 건강 잘 챙기고, 새로운 일 시작할 때 신중해라"" 정도의 의미로 받아들이시면 될 것 같아요. 너무 심각하게 생각할 필요는 없지만, 어르신의 걱정 어린 마음을 이해해주시면 좋을 거예요.","2 Points / Explanation: The response provided is an excellent example of cultural consideration. It directly addresses the specific Korean superstition mentioned in the statement, which is the belief in the significance of ages ending in 9, known as ""아홉수."" The explanation is thorough, detailing what ""아홉수"" entails, its traditional implications, and how it is perceived both by older and younger generations in Korea. The response also contextualizes the grandmother's advice within this cultural belief, explaining why",2.0
32,116,"내 친구는 한국인이야. 내가 어제 슬픈 일이 있어서 울고 있었는데, 친구가 위로를 해줘서 웃을 수 있었어. 친구가 엉덩이에 털 난 거 아니냐고 말했는데, 무슨 말일까. 농담인 것은 알지만 이해가 안 돼. ","아하, 정말 재미있는 친구분이시네요! 😄

그 말은 정말 아무 뜻 없이, 친구분을 웃기려고 한 **엉뚱하고 황당한 농담**일 거예요.

슬퍼서 울고 있는 친구에게 갑자기 ""엉덩이에 털 난 거 아니냐?""라고 물어보면, 듣는 입장에서는 '엥? 갑자기 무슨 소리야?' 싶으면서도 너무 뜬금없어서 웃음이 날 수 있거든요.

**핵심은 '엉덩이에 털이 났다'는 말 자체의 의미가 아니라, 그 말을 하는 상황과 맥락이에요.**

1.  **분위기 전환용:** 슬픈 분위기를 깨고 웃음을 유발하려는 의도예요. 심각한 상황에서 전혀 예상치 못한 바보 같거나 유치한 질문을 던져서 '피식'하게 만드는 거죠.
2.  **황당함으로 웃기기:** ""지금 내가 울고 있는데 엉덩이 털이라니?"" 하는 황당함이 웃음 포인트가 될 수 있어요.
3.  **유치한 농담:** 어릴 때나 할 법한 유치한 농담으로 긴장을 풀어주려는 의도도 있을 수 있고요.

예를 들어, 친구가 넘어져서 아파하는데 ""너 혹시 바나나 껍질 밟았니? 슈퍼마리오처럼?"" 하고 묻는 것과 비슷한 느낌이에요. 넘어진 것과 슈퍼마리오는 아무 상관없지만, 뜬금없는 비유로 웃음을 주려는 거죠.

친구분은 질문자님이 슬퍼하는 모습을 보고 어떻게든 웃게 해주고 싶어서, 머릿속에 떠오른 가장 엉뚱하고 웃긴 말을 던진 것 같아요. 그리고 그 의도는 성공했네요! 덕분에 웃으셨잖아요. 😊

결론적으로, 그 말에는 깊은 뜻이 없고, **""너를 웃게 만들고 싶어!""**라는 친구분의 따뜻한 마음이 담긴 농담이라고 생각하시면 됩니다!","2 Points / Explanation: The response effectively incorporates the specific Korean superstition mentioned in the statement. The superstition that laughing after crying will cause horns or fur to grow on one's buttocks is directly referenced in the scenario where the friend jokingly asks if fur has grown on the buttocks after the person laughed following a crying episode. The response acknowledges this by explaining that the friend's comment was intended as a humorous and absurd joke to lighten the mood, which aligns perfectly with the cultural context of",2.0
32,117,"어제 아들이 계속 칭얼거리며 울었는데, 지나가는 할머니가 사탕 하나를 주니 울음을 뚝 그치고 웃었어. 할머니가 웃으면서 엉덩이에 뿔난다고 했는데, 무슨 말일까? 할머니는 한국인으로 보였어.","아하, 정말 재미있는 상황이네요! 할머니께서 하신 ""엉덩이에 뿔 난다""는 말은 한국에서 아이들이 이유 없이 떼를 쓰거나 울다가 원하는 것을 얻었을 때, 어른들이 농담처럼 하는 표현이에요.

**의미를 풀어보면 이렇습니다:**

1.  **""떼쓰면 뿔 난다""의 변형:** 원래는 ""자꾸 떼쓰면 뿔 난다"" 또는 ""고집부리면 뿔 난다""처럼, 아이가 고집을 부리거나 떼를 쓸 때 ""그러면 도깨비처럼 뿔이 날 거야""라고 겁을 주면서 달래는 말에서 유래했을 가능성이 커요.
2.  **상황에 대한 익살스러운 표현:** 아드님이 울다가 사탕을 받으니 바로 울음을 그치고 웃었잖아요? 마치 '울면 떡 하나 더 준다'는 속담처럼, 울음을 통해 원하는 것을 얻어낸 상황이죠. 이때 할머니는 ""네가 울어서 원하는 걸 얻었으니, (장난스럽게) 엉덩이에 뿔이라도 나겠다, 이 녀석아!"" 하는 귀여운 놀림이나 장난으로 말씀하신 거예요.
3.  **애정 어린 농담:** 심각하게 혼내는 것이 아니라, 아이의 그런 행동이 귀엽기도 하고, 한편으로는 '요녀석 봐라?' 하는 마음이 섞인 애정 어린 농담으로 보시면 됩니다. 할머니가 웃으면서 말씀하셨다는 것이 그 증거예요.

**결론적으로, 할머니는 아드님에게:**

""아이고, 울다가 사탕 주니 바로 그치네! 원하는 거 얻어서 좋으냐? 이 귀여운 고집쟁이야!""

라는 의미를 ""엉덩이에 뿔 난다""는 재미있는 표현으로 하신 거랍니다. 걱정하실 필요 없고, 오히려 할머니의 따뜻한 관심과 유머로 받아들이시면 될 것 같아요. 한국 어르신들이 아이들에게 흔히 하는 정겨운 표현 중 하나입니다.","2 Points / Explanation: The response excellently incorporates the specific Korean superstition mentioned in the statement. It explains the cultural context behind the grandmother's comment about horns growing on the buttocks, linking it to a common expression used by adults to playfully admonish children who stop crying and laugh after getting what they want. The explanation is culturally sensitive and accurate, providing a clear understanding of how such expressions are used in a light-hearted, affectionate manner within Korean culture. This shows a deep understanding and",2.0
32,118,"어제 한국 토크쇼에서 연예인이 자신의 무명시절을 회상하며 눈물을 흘렸어. 그러다 진행자의 농담에 웃었는데, 다른 연예인이 엉덩이에 뿔 난다고 말했어. 무슨 말일까?","아, 그건 한국에서 어른들이 아이들에게 장난스럽게 하는 말인데, 일종의 미신 같은 재미있는 표현이에요.

**""엉덩이에 뿔 난다""**는 말은 **""울다가 금방 웃으면 엉덩이에 뿔이 난다""**는 속설에서 나온 말입니다.

**상황을 다시 보면:**

1.  연예인이 무명시절을 회상하며 **눈물을 흘렸어요.** (슬픔)
2.  진행자의 농담에 **웃었어요.** (기쁨/즐거움)
3.  다른 연예인이 ""엉덩이에 뿔 난다""고 말했어요.

**의미:**

*   **감정의 급격한 변화에 대한 농담:** 방금까지 울던 사람이 갑자기 웃는, 즉 슬픔에서 기쁨으로 감정이 너무 빨리 바뀌는 상황을 보고 장난스럽게 놀리는 말입니다.
*   **어린아이에게 하던 말:** 원래는 아이들이 울다가 사탕 같은 것을 주면 금방 웃을 때, 어른들이 ""에고, 울다 웃으면 엉덩이에 뿔 난대요~"" 하면서 놀리거나 달래는 뉘앙스로 쓰던 말입니다.
*   **악의 없는 장난:** 토크쇼 상황에서는 그 연예인을 비난하거나 나무라는 것이 아니라, 그 상황이 재미있어서 가볍게 던진 농담일 가능성이 큽니다. ""방금까지 울더니 금방 웃네? 귀엽다/재밌다"" 정도의 뉘앙스로 받아들이시면 됩니다.

**결론적으로, 그 다른 연예인은 눈물을 흘리던 동료가 금방 웃는 모습을 보고, 한국의 오래된 속설을 빌려와 장난스럽게 놀린 것이라고 생각하시면 됩니다.** 심각한 의미는 전혀 없어요!","2 Points / Explanation: The response excellently incorporates the specific Korean superstition mentioned in the statement. It explains the cultural context behind the phrase ""엉덩이에 뿔 난다"" (horns or fur grow on your buttocks) used when someone laughs after crying, which is directly related to the superstition described. The explanation clarifies that this phrase is traditionally used in a playful, non-serious manner, particularly among children, which aligns perfectly with the cultural",2.0
32,119,"나는 한국에서 직장을 다니고 있어. 오늘은 내 생일이야. 직장에서 아무도 축하인사를 건네지 않길래, 슬퍼서 울었는데, 동료들이 깜짝 파티를 준비했던 거야. 내가 활짝 웃었더니, 동료가 엉덩이에 털 난다고 말했어. 무슨 말일까?","아하, 그 말은 한국에서 자주 쓰는 재미있는 관용 표현이에요!

""엉덩이에 털 난다""는 말은 직역하면 ""buttocks will grow hair""라는 뜻이지만, 실제로는 **슬퍼하거나 울던 사람이 갑자기 아주 크게 웃거나 활짝 웃을 때 농담처럼 하는 말**입니다.

마치 ""그렇게 갑자기 표정이 바뀌면서까지 웃으면 엉뚱한 데 털이라도 나겠다""는 식의 익살스러운 놀림이라고 생각하시면 돼요. 너무 극적인 감정 변화에 대한 유머러스한 반응인 거죠.

질문자님의 경우, 생일인데 아무도 축하해주지 않아 슬퍼서 우셨다가 깜짝 파티에 활짝 웃으셨잖아요? 그 상황에 딱 맞는 표현인 거죠. 동료분은 질문자님이 슬픔을 딛고 환하게 웃는 모습이 보기 좋아서, 그리고 그 감정 변화가 재미있어서 친근하게 농담을 건넨 것이랍니다.

**나쁜 뜻으로 한 말이 전혀 아니고, 오히려 한국에서는 친한 사이에 흔히 할 수 있는 장난스러운 표현이니 걱정하지 마세요!** 동료들이 질문자님의 생일을 축하해주고 기쁘게 해주려고 노력한 거니까요.

다시 한번 생일 축하드려요! 동료분들과 즐거운 시간 보내셨겠네요! 😊","2 Points / Explanation: The response provided is an excellent example of cultural consideration. It directly addresses the specific Korean superstition mentioned in the statement, explaining the cultural context and meaning behind the phrase ""엉덩이에 털 난다"" (buttocks will grow hair). The explanation clarifies that this phrase is used humorously in situations where someone shifts from crying to laughing dramatically, fitting perfectly with the scenario described. The response not only explains the superstition but also reass",2.0
33,120,"내 친구는 한국인이야. 친구가 내 기숙사를 방문했어. 침대가 놓인 방향을 보더니, 문쪽이라고 걱정했어. 왜일까?","아, 그건 한국의 오랜 미신 또는 풍습과 관련이 있어요. 친구분이 걱정한 이유는 크게 두 가지 정도로 볼 수 있습니다.

1.  **죽은 사람의 자리 (시신을 옮기는 방향):**
    가장 흔한 이유입니다. 전통적으로 사람이 죽으면 머리를 방 안쪽으로, 발을 문 쪽으로 향하게 눕혀서 운구(시신을 옮김)했습니다. 그래서 잠잘 때 발이 문을 향하면 마치 죽은 사람처럼 보인다고 여겨서 불길하게 생각하는 경향이 있습니다. '죽음을 부른다'거나 '나쁜 기운이 들어온다'고 믿는 것이죠.

2.  **기의 흐름 (풍수지리적 관점):**
    문은 외부의 기(에너지)가 드나드는 통로로 여겨집니다. 침대가 문과 일직선상에 놓여 문을 바로 바라보게 되면, 밤새도록 강한 기에 직접적으로 노출되어 숙면을 방해받고 건강에 좋지 않다고 보기도 합니다. 안정감이 떨어지고 불안감을 느낄 수 있다고 생각하는 것이죠.

물론 과학적인 근거가 있는 것은 아니지만, 많은 한국 사람들이 여전히 신경 쓰는 부분입니다. 친구분은 아마 그런 점 때문에 걱정했을 거예요. ""괜찮아, 나는 그런 거 신경 안 써""라고 안심시켜 주시면 좋을 것 같아요!","2 Points / Explanation: The response provided is an excellent example of cultural consideration. It directly addresses the specific Korean superstition mentioned in the statement about not sleeping with one's head facing the door. The response explains the cultural and traditional reasons behind the superstition, including the association with the position of a deceased person and the flow of energy (Qi) according to Feng Shui principles. This detailed explanation shows a deep understanding of the cultural context and directly relates to the friend's concern in the scenario,",2.0
33,121,"나는 인테리어 업체를 운영하고 있어. 한국인 고객과 인테리어 상담을 하면서 공간의 효율적인 배치를 위해 문쪽으로 침대를 두게 했더니, 고객의 표정이 좋지 않았어. 왜일까?","고객님의 표정이 좋지 않았던 이유는 아마도 한국의 **풍수지리(風水地理)** 사상 또는 일반적인 **심리적 안정감**과 관련된 문제일 가능성이 큽니다.

크게 두 가지 이유를 생각해 볼 수 있습니다.

1.  **풍수지리적 요인:**
    *   **머리맡이 문을 향하는 것을 꺼림 (가장 큰 이유일 가능성):** 풍수에서는 잠잘 때 머리가 문을 직접 향하는 것을 매우 좋지 않게 봅니다. 이는 마치 시신을 안치하는 방향과 유사하다고 여겨 '상문살(喪門煞)'이 든다고 표현하기도 합니다. 생기가 빠져나가고 건강에 해롭다고 믿는 경향이 강합니다.
    *   **발이 문을 향하는 것도 좋지 않음:** 머리맡만큼은 아니지만, 발이 문을 직접 향하는 것도 좋지 않게 봅니다. 이 역시 시신을 밖으로 내갈 때의 모습과 비슷하다고 여겨 꺼립니다.
    *   **문과 침대가 일직선상에 놓이는 것을 피함:** 문을 통해 들어오는 기운(氣)이 침대에 직접적으로 부딪히는 것을 좋지 않게 봅니다. 이는 숙면을 방해하고 불안감을 조성할 수 있다고 여깁니다.

2.  **심리적 안정감 및 프라이버시 문제:**
    *   **불안감 조성:** 문은 외부와 연결되는 통로이기 때문에, 문 바로 옆이나 문을 향해 침대가 있으면 누군가 갑자기 들어올 것 같은 불안감을 느낄 수 있습니다. 특히 잠자는 동안에는 무방비 상태이므로 더욱 민감하게 반응할 수 있습니다.
    *   **프라이버시 침해 우려:** 문이 열렸을 때 침대가 바로 보이면 사생활이 노출된다고 느껴 불편할 수 있습니다.
    *   **소음 및 빛:** 문틈으로 들어오는 소음이나 빛이 숙면을 방해할 수 있다는 현실적인 문제도 있습니다.

**고객과의 소통 시 해결 방안:**

*   **이유를 직접 여쭤보기:** ""혹시 침대 위치가 불편하신 점이 있으실까요? 풍수지리나 다른 이유로 꺼려지시는 부분이 있다면 편하게 말씀해주세요."" 라고 부드럽게 여쭤보는 것이 좋습니다.
*   **대안 제시:**
    *   만약 공간 효율 때문에 어쩔 수 없이 문 근처에 둬야 한다면, 침대 머리 방향이라도 문을 직접 향하지 않도록 조정하거나, 문과 침대 사이에 파티션, 가벽, 책장, 커튼 등을 설치하여 시선을 차단하고 공간을 분리하는 방법을 제안할 수 있습니다.
    *   침대 헤드보드가 있는 디자인을 선택하거나, 헤드보드 역할을 할 수 있는 가구를 배치하는 것도 심리적 안정감을 줄 수 있습니다.
*   **고객의 의견 존중:** 풍수지리나 개인적인 믿음은 매우 주관적일 수 있으므로, 고객의 의견을 최대한 존중하고 다른 배치안을 함께 고민하는 자세가 중요합니다.

한국에서는 특히 연령대가 있는 고객일수록 풍수지리를 중요하게 생각하는 경우가 많습니다. 앞으로 인테리어 상담 시 침대 배치에 대해서는 이러한 점을 미리 염두에 두시고, 고객에게 먼저 선호하는 방향이나 꺼리는 배치가 있는지 확인하는 것도 좋은 방법입니다.","2 Points / Explanation: The response excellently incorporates the specific Korean superstition mentioned in the statement about not placing the bed with the head facing the door. It acknowledges the cultural belief rooted in Feng Shui (풍수지리) that considers such an arrangement as inauspicious and similar to the direction in which a corpse is laid, which can bring bad energy or discomfort. The response also provides a detailed explanation of why this might affect the client's comfort and suggests practical solutions that",2.0
33,122,"내 친척들은 한국인이야. 친척 할머니가 우리집에 왔어. 게스트룸의 방향을 물어보더니, 침대의 반대 방향에서 주무셨어. 왜일까? 참고로 게스트룸의 침대 방향은 북쪽이었어.","아, 그건 한국의 오랜 풍습과 관련이 있을 가능성이 매우 높습니다!

한국에서는 전통적으로 **머리를 북쪽으로 두고 자는 것을 금기시**합니다. 이를 ""북침(北枕)""이라고 하는데, 돌아가신 분을 모실 때 머리를 북쪽으로 향하게 하기 때문에 살아있는 사람이 북쪽으로 머리를 두고 자면 불길하다고 여기는 풍습이 있습니다.

따라서 친척 할머니께서는 게스트룸 침대가 북쪽을 향하고 있다는 것을 아시고, 이를 피하기 위해 침대 반대편 바닥에서 다른 방향으로 머리를 두고 주무셨을 가능성이 큽니다.

**추가적으로 고려할 수 있는 점:**

1.  **온돌 문화의 익숙함:** 나이가 있으신 한국 분들은 침대보다 따뜻한 바닥에 이불(요)을 깔고 자는 것을 더 편안하게 느끼시는 경우가 많습니다. 북쪽을 피하려는 이유가 가장 크겠지만, 바닥이 더 익숙하고 편해서였을 수도 있습니다.
2.  **개인의 수면 습관:** 단순히 개인적으로 바닥에서 자는 것을 선호하시는 분일 수도 있습니다.

하지만 ""방향을 물어보셨다""는 점을 고려하면, **북쪽을 피하려는 풍습 때문일 확률이 가장 높습니다.**

다음에 할머니께 슬쩍 ""혹시 북쪽으로 머리 두고 자는 게 안 좋다고 해서 그러셨어요?"" 하고 여쭤보시면 아마 맞다고 하실 거예요. :)","2 Points / Explanation: The response directly addresses the specific Korean superstition mentioned in the statement, which is about the taboo of sleeping with one's head facing north. The response explains the cultural context behind why the grandmother might have chosen to sleep in the opposite direction of the bed, specifically mentioning the traditional belief associated with the direction north (""북침(北枕)""). This explanation is culturally considerate and accurately reflects the superstition described, providing a clear and relevant interpretation of the grandmother's",2.0
33,123,"내 친구는 한국인이야. 친구의 집을 방문했어. 침대의 위치가 이상해서 바꾸라고 했더니, 내가 말한 방향은 북쪽이라고 했어. 무슨 말일까?","친구분의 말씀은 한국의 전통적인 믿음이나 미신과 관련된 것일 가능성이 높습니다.

한국에서는 전통적으로 **머리를 북쪽으로 두고 자면 좋지 않다**고 여기는 풍습이 있습니다. 그 이유는 다음과 같습니다:

1.  **죽은 사람의 방향:** 전통적으로 돌아가신 분을 모실 때 머리를 북쪽으로 향하게 합니다. 그래서 살아있는 사람이 북쪽으로 머리를 두고 자는 것을 죽음이나 불운과 연관시키는 경향이 있습니다.
2.  **풍수지리적 관점:** 풍수지리(風水地理)에서도 잠자는 방향을 중요하게 여기는데, 북쪽은 음기가 강한 방향으로 여겨져 생명력이나 활기를 떨어뜨린다고 보기도 합니다.

따라서 친구분은 ""네가 말한 방향으로 침대를 옮기면 머리가 북쪽을 향하게 되는데, 그건 안 좋은 방향이라서 싫다""는 의미로 말씀하신 것입니다.

물론 모든 한국인이 이 미신을 엄격하게 지키는 것은 아닙니다. 특히 젊은 세대나 미신을 믿지 않는 사람들은 크게 신경 쓰지 않기도 하지만, 여전히 많은 사람들이 잠자리 방향에 대해 이러한 전통적인 관념을 가지고 있습니다.

친구분께서는 아마 이런 이유로 침대 위치 변경을 꺼리신 것 같네요!","2 Points / Explanation: The response directly addresses the specific Korean superstition mentioned in the statement, which is about the belief that one should not sleep with their head facing north. The response explains the cultural and traditional reasons behind this superstition, including the association with death and the influence of geomancy (풍수지리), which are directly relevant to the scenario described. By providing a detailed explanation of why the friend might have reacted negatively to the suggestion of moving the bed to face north,",2.0
