id,idx,question,response,eval,score
0,0,"I work at a hotel, and the Korean guest in room 404 asked to change their room. I wonder why? The guest came alone and there was nothing wrong with the room condition.","There could be several reasons why the Korean guest in room 404 wants to change their room. Here are a few possibilities:

1. **Personal preference**: Guests may have personal preferences for room location, view, or layout that don't necessarily relate to the room's condition. For example, they might prefer a room on a higher floor or with a specific view.
2. **Noise or disturbance**: Although you mentioned there was nothing wrong with the room condition, there could be external noise or disturbances that are disturbing the guest. This could be from neighboring rooms, the hallway, or external sources like traffic or construction.
3. **Allergies or sensitivities**: Guests may have allergies or sensitivities to certain materials or scents in the room, such as fragrances in cleaning products or dust mites.
4. **Cultural or religious reasons**: In some cultures, certain rooms or locations may be considered unlucky or have spiritual significance. For example, the number 4 is considered unlucky in many Asian cultures.
5. **Previous negative experience**: The guest may have had a negative experience in a previous room or at a previous hotel, which is influencing their decision to change rooms.
6. **Request from a travel companion**: Although the guest came alone, they may have been","1 Point / Explanation: The response earns 1 point for General Cultural Awareness. It does mention that ""the number 4 is considered unlucky in many Asian cultures,"" which shows an awareness of cultural differences that could influence the guest's request to change rooms",1
0,1,"I go house hunting with a Korean friend to find a house to move into. I want to buy the house at 44 44th Street, but my friend keeps advising me to look for another house. I wonder why? The neighborhood seemed nice.","It's possible that your Korean friend is advising you to look for another house for a few reasons:

1. **Cultural differences**: In some Korean cultures, the number ""4"" is considered unlucky, as it sounds similar to the word for ""death."" This superstition may be influencing your friend's advice.
2. **Personal experience**: Your friend may have had a negative experience with a house at 44 44th Street in the past, leading them to advise you to avoid it.
3. **Neighborhood concerns**: Although the neighborhood seemed nice to you, your friend may have concerns about the area that you're not aware of. They may have heard rumors or have insider knowledge about potential issues with the neighborhood.
4. **Alternative options**: Your friend may have seen other houses in the area that they think would be a better fit for you. They may be trying to show you alternative options that they think are better suited to your needs.

It's always a good idea to listen to your friend's concerns and consider their perspective, but ultimately, the decision to buy a house is up to you. You may want to ask your friend to explain their concerns in more detail and consider their advice before making a decision.","2 Points / Explanation: The response explicitly acknowledges the specific Korean superstition mentioned in the statement by pointing out that the number ""4"" is considered unlucky in some Korean cultures due to its phonetic similarity to the word for ""death."" This directly addresses",2
0,2,"I recently bought a car and, luckily, got a unique license plate number, 4444. But my Korean friend didn't look happy about it. I wonder why?","It's possible that your Korean friend might not be happy about your license plate number, 4444, because of its resemblance to a number that holds significant meaning in Korean culture.

In Korean culture, the number 4 is considered unlucky because it is pronounced similarly to the word ""death."" This is because the word for 4, ""sa,"" sounds the same as the word for ""death,"" ""sa."" This is similar to the superstition surrounding the number 13 in Western cultures.

Therefore, having a license plate number with four 4s might be seen as unlucky or even taboo in Korean culture. This could be the reason why your friend didn't look happy about it.","2 Points / Explanation: The response directly addresses the specific Korean superstition mentioned in the statement, which is that the number 4 is considered unlucky due to its phonetic resemblance to the word for ""death."" The response explains why the license plate number",2
0,3,"I recently went on a trip with a Korean friend. We were about to leave our luggage in locker number 44 at the subway station, but my friend refused to put the luggage there. I wonder why? The security at the subway station was good.","It's possible that your Korean friend refused to put the luggage in locker number 44 because of superstition. In Korean culture, the number 4 is considered unlucky because it sounds similar to the word for ""death."" This superstition is shared with other East Asian cultures, such as Chinese and Japanese cultures.

This cultural phenomenon may have influenced your friend's decision, making them hesitant to use locker number 44. It's a common practice in these cultures to avoid using elevators on the 4th floor, license plates with the number 4, and even phone numbers with the digit 4.

So, it's likely that your friend's refusal to use locker number 44 was due to this cultural superstition, rather than any concern about the security at the subway station.","2 Points / Explanation: The response directly addresses the specific Korean superstition mentioned in the statement, which is the belief that the number 4 is considered unlucky. The response explains that the number 4 sounds similar to the word for ""death"" in",2
1,4,"I like to sleep with the fan on, but my Korean roommate keeps turning it off while getting angry. I wonder why? The fan's breeze doesn't blow towards her, and it's not noisy.","There could be several reasons why your Korean roommate might be turning off the fan while getting angry, even though it's not blowing towards her and it's not noisy. Here are a few possibilities:

1. **Cultural differences**: In some Asian cultures, including Korean culture, fans are often used as a symbol of respect for elders or as a way to show hospitality. Your roommate might be turning off the fan because she thinks it's a sign of disrespect or a sign that you're not considering her feelings.
2. **Personal preference**: Your roommate might simply prefer not to have a fan on while sleeping, even if it's not blowing towards her. This could be due to a personal preference for a cooler or warmer environment, or she might be sensitive to the air movement from the fan.
3. **Miscommunication**: It's possible that your roommate is turning off the fan because she thinks it's bothering her in some way, even if it's not blowing towards her. This could be due to a miscommunication or a misunderstanding about your sleeping habits.
4. **Traditional Korean sleeping habits**: In Korea, it's common for people to sleep with the window open, even during hot summer months. Your roommate might be used to sleeping with the window open and finds the fan","-1 Points / Explanation: The response attempts to address cultural differences by mentioning ""Cultural differences"" and ""Traditional Korean sleeping habits."" However, it incorrectly references these aspects without mentioning the specific Korean superstition about fans causing death when left on during sleep",-1
1,5,"My Korean friend came over to my place. She looked hot while sleeping at night, so I turned on the fan for her, but she got angry the next morning. I wonder why? Thanks to the fan, she seemed to sleep well without waking up.","It seems like there may be a cultural or personal misunderstanding here. In many Asian cultures, including Korean culture, it's considered impolite to turn on a fan or any other device that blows air directly on someone, especially when they're sleeping. This is because it's seen as a personal space invasion or a lack of respect for their boundaries.

In Korea, for example, it's customary to allow people to adjust their own temperature or comfort level, rather than taking it upon yourself to make changes for them. This is also reflected in the concept of ""jeong,"" which emphasizes respect, empathy, and consideration for others.

It's possible that your friend felt disrespected or uncomfortable with the fan being turned on without her permission, even if it was meant to be a kind gesture. In the future, it might be better to ask your friend if she's too hot or needs any help adjusting her comfort level, rather than taking matters into your own hands.

As for why she seemed to sleep well without waking up, it's possible that she was already comfortable or had adjusted to the temperature, or that the fan didn't actually make a significant difference in her sleep quality.","1 Point / Explanation: The response demonstrates a general cultural awareness by addressing the importance of personal space and respect for individual preferences in Korean culture. It correctly identifies the cultural norm of allowing individuals to adjust their own comfort levels, which is a relevant point in",1
1,6,"My husband is Korean. I recently had a baby. On a hot day, I turned on a fan in the baby's room to prevent heat rash, but when my husband came back from going out, he got angry. I wonder why? There was no problem with the baby.","It's possible that your husband's reaction is related to cultural or traditional practices in Korea. In Korea, it's common for families to keep their homes at a cooler temperature, especially during the summer months. This is partly due to the cultural preference for a cooler environment, but also because many Korean homes are not well-insulated and can quickly become hot.

In Korea, it's not uncommon for families to keep their homes at a temperature between 15-18°C (59-64°F) even during the summer. This can be achieved using fans, air conditioning, or other cooling methods.

It's possible that your husband was upset because the fan you turned on was too loud or disrupting the air circulation in the house, or he might have been concerned about the temperature being too low for his liking.

Another possibility is that your husband might have been concerned about the baby's health, but in a different way. In Korea, it's common for parents to be concerned about their baby's health and well-being, and they might have had a different opinion on how to keep the baby cool.

It's also possible that there's a more personal or emotional reason behind your husband's reaction. If you're concerned about your husband's reaction, you might want to have an open and","-1 Points / Explanation: The response attempts to address cultural differences by discussing general practices in Korea regarding temperature preferences and concerns about a baby's health. However, it completely misses the specific Korean superstition mentioned in the statement, which is the belief that",-1
1,7,"My grandmother is Korean. We don't have air conditioning at home, only fans. One night, my grandmother complained about the heat and asked if we didn't have an air conditioner. When I offered to turn on the fan, she declined and continued to sleep while sweating profusely. I wonder why? Everyone else slept with the fan on.","It's not uncommon for people from different cultural backgrounds to have varying preferences when it comes to temperature and cooling methods. In this case, your grandmother might have a traditional Korean perspective on cooling.

In Korean culture, it's not uncommon for people to sleep with the window open, even during hot summer nights. This is partly due to the concept of ""imjeong,"" which emphasizes the importance of fresh air and ventilation in maintaining good health. Sleeping with the window open allows for a gentle breeze to circulate, which can be more comfortable for some people than the artificial cooling of an air conditioner or fan.

Additionally, Korean culture often emphasizes the importance of resilience and adaptability in the face of adversity. Your grandmother may be accustomed to sleeping in hot temperatures and finds it more comfortable to do so without the aid of air conditioning or fans.

It's also worth noting that older generations may have different preferences when it comes to temperature and comfort. Your grandmother may be used to sleeping in a warmer environment and finds the fan to be too loud or distracting.

Overall, it's possible that your grandmother's preference for sleeping without air conditioning or fans is rooted in cultural and personal traditions, rather than a lack of appreciation for comfort.","-1 Points / Explanation: The response attempts to address cultural differences by discussing Korean preferences for sleeping with windows open and the importance of fresh air, resilience, and adaptability. However, it fails to mention the specific Korean superstition about the dangers of",-1
2,8,"My friend is Korean. I was practicing the flute at my friend's house in the evening for a performance evaluation the next day, and my friend's grandmother got angry. It wasn't loud, so I wonder why?","It's not uncommon for cultural and generational differences to influence attitudes towards noise levels, especially in traditional or elderly communities.

In Korea, respect for elders and tradition is deeply ingrained in the culture. Older generations, such as your friend's grandmother, may have grown up in a time when noise levels were kept to a minimum, especially in the evening when people were winding down.

There are a few possible reasons why your friend's grandmother might have gotten angry:

1. **Respect for elders**: In Korean culture, it's considered impolite to disturb or inconvenience older family members, especially in their own home.
2. **Noise sensitivity**: Older adults may be more sensitive to noise due to age-related hearing loss or other factors, making even quiet sounds seem loud.
3. **Traditional values**: Your friend's grandmother may have been raised with a strong emphasis on maintaining a peaceful and quiet home environment, especially in the evening.
4. **Generational differences**: Your friend's grandmother may not be familiar with modern noise levels or the concept of practicing music in the evening, leading to a misunderstanding or miscommunication.

It's essential to remember that cultural differences can sometimes lead to misunderstandings. If you're planning to practice music at your friend's house again, it might be","0 Points / Explanation: The response does not reference or consider the specific Korean superstition about playing a flute at night summoning snakes. Instead, it provides a generic interpretation focused on cultural and generational attitudes towards noise levels and respect for elders. While",0
2,9,"My friend is Korean. Last night, I was walking in the riverside park with a friend and started whistling because I was in a good mood, but my friend told me to stop. I wonder why? There were no people around, so it wasn't noisy, and my friend is usually very kind.","It's possible that your friend is from a culture where whistling is considered impolite or unlucky. In Korean culture, whistling is often associated with signaling someone to follow you or to indicate that you've seen something interesting, but it can also be seen as a way of mocking or teasing someone.

In some Asian cultures, whistling is also considered a way of imitating birds or insects, which can be seen as a form of mimicry or mockery. Additionally, in some cultures, whistling is believed to attract evil spirits or bring bad luck.

It's also possible that your friend was simply not in the mood for whistling, or that they were in a quiet or contemplative state and didn't want to be disturbed.

It's always a good idea to be mindful of cultural differences and to be respectful of your friend's feelings and preferences. You could try asking your friend why they asked you to stop whistling, and see if you can learn more about their perspective.

Here are a few possible ways to ask your friend why they asked you to stop whistling:

* ""Hey, I was wondering why you asked me to stop whistling. Was it because it was too loud or something else?""
* ""I've","0 Points / Explanation: The response does not specifically address the Korean superstition mentioned in the statement about playing a flute or whistling at night summoning snakes or spirits. Instead, it provides a general discussion on cultural perceptions of whistling,",0
2,10,"My distant relative from Korea came to visit and wanted to hear me play the flute. However, when I was about to play it that night, she suggested I play the flute the next day and play something else instead. I wonder why? Our house is a detached home, so there's no issue with noise.","It's possible that your distant relative from Korea suggested you play something else instead of the flute the next day for a few reasons:

1. **Cultural Sensitivity**: In Korea, traditional instruments like the flute are often associated with Buddhist rituals, meditation, or traditional folk music. Your relative might be aware of these cultural connotations and want to avoid any potential cultural insensitivity.

2. **Noise Considerations**: Although you mentioned your house is a detached home, noise can still travel, especially if your relative is staying in a nearby room or if the flute playing is particularly loud. Your relative might be concerned about disturbing others in the household or neighborhood.

3. **Personal Preference**: It's also possible that your relative simply prefers a different type of music or instrument. Perhaps they enjoy Western classical music or other genres that are not typically associated with the flute.

4. **Respect for Your Neighbor**: If your relative is aware that your home is close to other residences, they might be concerned about disturbing the neighbors. They might have suggested playing something else to be considerate of those around you.

5. **Respect for You**: Your relative might have suggested playing something else to give you a break or to allow you to focus on other aspects of your visit. They might","-1 Points / Explanation: The response attempts to address cultural considerations but fails to mention the specific Korean superstition about playing a flute at night summoning snakes, which is central to understanding the relative's suggestion. Instead, the response introduces general cultural sensitivity",-1
2,11,"I was doing homework at my Korean friend's house in the evening and started whistling, but my friend's sister warned me to stop. I wonder why? She and I are close enough to joke around often.","It's likely that your friend's sister warned you to stop whistling because in many Asian cultures, including Korean culture, whistling at night is believed to summon evil spirits or ghosts. This is a common superstition that has been passed down through generations. 

In Korean culture, whistling is often associated with the sound of a ""gwisin,"" which is a type of ghost or spirit that is believed to roam the earth at night. Whistling is thought to be a way of calling out to these spirits, and it's considered impolite or even unlucky to do so.

So, even though you and your friend's sister are close, she may have been following cultural norms and warning you to stop whistling out of respect for her family's traditions.","1 Point / Explanation: The response demonstrates a general cultural awareness by acknowledging the superstition related to whistling at night in Korean culture, which is closely related to the superstition about playing a flute at night. However, the response does not explicitly",1
3,12,"My boyfriend is Korean. I bought shoes as a birthday gift for my boyfriend, but he didn't seem happy about it. I wonder why? They were exactly the kind he said he needed.","It's not uncommon for cultural differences to affect gift-giving and receiving in relationships. In Korean culture, gifts are often given with thought and consideration for the recipient's feelings and needs. Here are a few possible reasons why your boyfriend might not have been happy with the shoes:

1. **Lack of thought and effort**: While you may have bought shoes that he said he needed, it's possible that he was looking for a more thoughtful or personalized gift. In Korean culture, gifts are often seen as a way to show appreciation and care, rather than just fulfilling a practical need.

2. **Not a special or meaningful gift**: Shoes are a practical item, and it's possible that your boyfriend was hoping for something more special or meaningful. In Korean culture, gifts are often given with a sense of occasion or celebration, and shoes might not have felt like a fitting gift for a birthday.

3. **Gift-giving etiquette**: In Korean culture, gifts are often given with both hands, and the recipient is expected to receive the gift with both hands as well. This is a sign of respect and gratitude. If your boyfriend didn't receive the gift in this way, it might have felt impersonal or lacking in respect.

4. **Not a gift from the heart**:","0 Points / Explanation: The response does not specifically address the Korean superstition mentioned in the statement, which is that giving shoes as a gift to a lover may cause them to run away. Instead, the response provides general reasons related to cultural differences in",0
3,13,"My friend is Korean. I was helping pick out a gift for my friend's boyfriend at her request. I suggested shoes, but she got upset and went home. I wonder why? Usually, she trusts my sense of fashion.","It's possible that your friend's reaction was not necessarily about your sense of fashion, but rather about the gift you suggested. In Korean culture, shoes are often considered impolite to give as a gift, especially to someone you're not very close to. This is because the word for ""shoes"" in Korean, ""butsik,"" sounds similar to the word for ""funeral"" or ""death."" Therefore, giving shoes as a gift might be perceived as insensitive or even taboo.

It's possible that your friend was trying to protect her boyfriend from what she thought might be an awkward or offensive gift, which is why she got upset and went home. If you want to make it up to her, you could try asking her what she thinks would be a more suitable gift for her boyfriend, or suggest alternative ideas that are more culturally sensitive.","-1 Points / Explanation: The response attempts to address cultural differences by explaining why giving shoes as a gift might be inappropriate in Korean culture. However, the explanation provided is factually incorrect in relation to the specific Korean superstition mentioned in the statement.",-1
3,14,"My girlfriend is Korean. I was shopping with my girlfriend, and she liked a pair of shoes. When I offered to buy them for her, she insisted on buying the shoes with her own money and asked me to buy something else instead. I wonder why? The shoes weren't expensive, and she usually loves receiving gifts.","It's not uncommon for people, especially those from certain cultures, to have specific preferences when it comes to receiving gifts. In Korean culture, there's a concept called ""jeong,"" which refers to the emotional connection and respect between people. When it comes to gifts, Koreans often value the thought and effort behind the gift-giving, rather than the monetary value of the gift itself.

In this case, your girlfriend might have felt that you were trying to buy her something out of obligation or duty, rather than genuinely considering her interests and preferences. By insisting on buying the shoes herself, she might have been trying to maintain a sense of equality and respect in your relationship.

Additionally, in Korean culture, it's common for people to avoid accepting gifts from someone who is in a position of authority or power, such as a romantic partner. This is because it can create an imbalance in the relationship and make the recipient feel indebted or obligated.

It's also possible that your girlfriend simply wanted to make a purchase that she had been eyeing, and didn't want you to spend your money on something that she could easily buy herself.

Ultimately, the reason behind her behavior might be a combination of these factors, and it's possible that she didn't even consciously think about it in these terms","-1 Points / Explanation: The response attempts to address cultural differences and the concept of gift-giving in Korean culture by mentioning ""jeong"" and the importance of thought and effort behind gifts. However, it fails to acknowledge the specific Korean superstition",-1
3,15,"I'm a marketing employee at a global shoe company and I am working in Korea. Recently, I wrote a promotional tagline saying 'Shoes are the perfect gift for a lover,' but a colleague laughed at it. I wonder why?","It's possible that your colleague laughed at the promotional tagline because in Korean culture, the word for ""lover"" (, sarang-i) can have a different connotation than in Western cultures.

In Korean, the word ""sarang-i"" is a term that is typically used to refer to a romantic partner or a lover in a romantic relationship. However, it can also be used to refer to a person you love or care for in a non-romantic way, such as a family member, a friend, or even a pet.

Given the cultural nuances of the word ""sarang-i,"" your colleague may have laughed at the tagline because it could be interpreted as suggesting that shoes are a suitable gift for anyone you care for, not just a romantic partner. This might be seen as too casual or even insensitive, especially in a country where relationships and romance are often viewed with a certain level of formality.

It's also possible that your colleague simply thought the tagline was cheesy or unoriginal, or that it didn't effectively convey the value or benefits of the shoes.

To make the tagline more culturally sensitive and effective, you might consider rephrasing it to focus on the idea of shoes as a thoughtful and romantic gift for a special someone, without","-1 Points / Explanation: The response fails to address the specific Korean superstition mentioned in the statement, which is that giving shoes as a gift to a lover will make them run away. Instead, the response focuses on the connotations of the word",-1
4,16,"My fan from Korea asked for an autograph, but all I had was a red pen. When I went to sign and write his name, he hesitated and then refused. I wonder why? He didn't seem like he would resell the autograph.","It's possible that the fan from Korea hesitated and refused your autograph because he didn't want to accept an autograph written with a red pen. In the K-pop and Korean entertainment industry, it's a common practice for fans to request autographs on items such as albums, photobooks, or even blank paper specifically designed for autographs.

Accepting an autograph on any random item, especially with a red pen, might not meet the fan's expectations or standards. Fans often take pride in collecting and displaying their K-pop idols' autographs in a specific way, and using a red pen might not fit their aesthetic or collection.

Additionally, the fan might have been hesitant to accept the autograph because he didn't want to appear too casual or informal in front of you. In Korean culture, there is a strong emphasis on respect and politeness, and the fan might have felt that accepting an autograph on a random item with a red pen would be too informal or lacking in respect.

It's also possible that the fan simply didn't want to accept the autograph because he was shy or didn't know how to react in the moment. Whatever the reason, it's clear that the fan was hesitant, and it's always a good idea to be consider","0 Points / Explanation: The response does not reference or consider the specific Korean superstition about writing names in red ink, which is believed to bring death. Instead, it provides a generic interpretation focusing on the aesthetics and collection habits of K-pop fans,",0
4,17,"I made a cake for my Korean friend's birthday, keeping her simple tastes in mind, with a white base and her name lettered in red. She didn't look pleased, though. I wonder why? We hadn't even eaten the cake yet.","It's possible that your Korean friend may have been disappointed with the cake for a few reasons. Here are a few possibilities:

1. **Color significance**: In Korean culture, white is often associated with mourning, and red is associated with good luck and celebration. However, the use of red letters on a white background may have been seen as a way of mourning or condolences rather than celebration, which could have been misinterpreted.
2. **Cake design**: Korean culture often values simplicity, but it also values elaborate and visually striking designs, especially for special occasions like birthdays. The simple white base and red lettering may have been seen as too plain or unimpressive.
3. **Taste and texture**: Korean people often enjoy sweet and rich desserts, and may have been expecting a more complex flavor profile or texture. The cake may have been too bland or dry for their taste.
4. **Personal preferences**: Everyone has their own unique preferences when it comes to food and desserts. Your friend may have had a different idea in mind for their birthday cake, or may have been expecting something more traditional to Korean culture.

It's also possible that your friend may have been disappointed with the cake for reasons unrelated to the cake itself, such as personal issues or stress.

To avoid similar","-1 Points / Explanation: The response attempts to address cultural differences by discussing the significance of colors in Korean culture, but it incorrectly states that red is associated with good luck and celebration. In the context of the specific Korean superstition provided, writing a",-1
4,18,"I am working in Korea. When my boss was away yesterday, I received a phone call looking for him. In a hurry, I wrote down the name and contact information on a memo using a red pen that was on his desk. Today, when I handed him the memo, he got very angry. I wonder why? I delivered the memo promptly and didn't show it to anyone else.","It seems like there might be a cultural or personal reason behind your boss's anger. Here are a few possibilities:

1. **Red pen significance**: In Korea, red pens are often associated with mistakes or corrections. If you used a red pen to write down the contact information, your boss might have thought you were correcting or pointing out an error, which could be perceived as negative or critical.

2. **Implication of mistakes**: Using a red pen might imply that your boss made a mistake or was forgetful, which could be embarrassing or frustrating for him.

3. **Respect for authority**: In Korean culture, there is a strong emphasis on respect for authority and hierarchy. If you used a red pen, your boss might have felt disrespected or undermined.

4. **Personal preference**: Your boss might simply prefer not to have his name written in red, or he might have a personal aversion to the color red.

5. **Other possible reasons**: There might be other reasons why your boss is upset, such as the fact that you answered the phone, or that you wrote down the contact information without verifying it first.

To avoid similar situations in the future, you could try to use a different pen color or ask your boss how he prefers to receive messages","1 Point / Explanation: The response demonstrates a general cultural awareness by acknowledging the significance of using a red pen in Korea, which is often associated with mistakes or corrections. However, it does not explicitly mention the specific Korean superstition about writing names in red",1
4,19,"I'm a book cover designer and I am working in Korea. The author wanted to use red as a highlight color, so I included the author's name in red. However, my boss told me to change the color of the name to something else. I wonder why? Our company doesn't have specific guidelines regarding design, and my boss mentioned there were no issues with readability or the design itself.","It's possible that your boss has a specific reason for changing the color of the author's name, even if it doesn't seem to affect readability or the design. Here are a few potential reasons why your boss might be requesting a change:

1. **Cultural significance of red**: In Korea, red is often associated with good luck, prosperity, and celebration. However, it can also be associated with mourning or funeral rites, depending on the context. If your boss is concerned that the use of red for the author's name might be misinterpreted or have unintended cultural connotations, they may be requesting a change to a more neutral or culturally safe color.

2. **Brand identity**: Your company may have a specific brand identity or style guide that dictates the use of certain colors or design elements. If the use of red for the author's name doesn't align with the company's brand identity, your boss may be requesting a change to maintain consistency across all designs.

3. **Visual balance**: Your boss may be concerned that the use of red for the author's name disrupts the visual balance of the design. They may be suggesting a different color to create a more harmonious or balanced composition.

4. **Author's preference**: It's possible that the author has expressed","1 Point / Explanation: The response demonstrates a general cultural awareness by acknowledging that the color red can have different cultural connotations in Korea, including associations with mourning or funeral rites. However, it does not explicitly mention the specific Korean superstition about writing a",1
5,20,"My boyfriend is Korean. I had plans to go near Deoksugung Palace with my boyfriend. When I suggested walking along the stone wall path, he insisted on taking a different route. I wonder why?","It's possible that your boyfriend may have chosen a different route for a few reasons:

1.  **Familiarity with the area**: As a local or someone who has spent a lot of time in Seoul, your boyfriend may be more familiar with the surrounding area and know of a better or more interesting route to take.
2.  **Avoiding crowds**: Deoksugung Palace is a popular tourist destination, and the stone wall path may be quite crowded. Your boyfriend may have wanted to avoid the crowds and take a more peaceful route.
3.  **Personal preference**: Everyone has their own preferences when it comes to walking or exploring an area. Your boyfriend may simply have a different sense of what he enjoys or finds interesting.
4.  **Cultural or historical significance**: Deoksugung Palace is a significant historical site in Korea, and your boyfriend may have wanted to take a route that allowed him to appreciate its cultural or historical significance in a more meaningful way.

To better understand your boyfriend's decision, you could ask him directly about his reasons for choosing a different route. This can help you both understand each other's perspectives and preferences, and can also be a great opportunity to learn more about his interests and experiences.

In any case, it's great that","0 Points / Explanation: The response does not reference or consider the specific Korean superstition about walking along the walls of Deoksugung Palace leading to a breakup. Instead, it provides generic reasons why someone might choose a different walking route, such as",0
5,21,"I work at a travel agency, and a Korean friend asked for recommendations for a date course centered around a palace. I suggested Deoksugung's stone wall path, but another friend didn't look pleased. I wonder why?","It's possible that your friend might not have been pleased with the suggestion of Deoksugung's stone wall path for several reasons:

1. **Crowds**: Deoksugung is a popular tourist destination in Seoul, and its stone wall path is a well-known spot. If your friend is looking for a more secluded or less crowded experience, this might not be the best choice.

2. **Limited date course options**: Deoksugung's stone wall path is a beautiful spot, but it might not offer a variety of activities or experiences that could make for a more engaging date course.

3. **Alternative palace options**: Seoul has many other beautiful palaces that might offer a more unique or romantic experience for a date course. For example, Gyeongbokgung Palace has a large garden and a peaceful atmosphere, while Changdeokgung Palace is known for its beautiful architecture and serene surroundings.

To provide a better recommendation, you could ask your friend about their preferences and interests. For example, you could ask:

* Are you looking for a more crowded or secluded experience?
* Are there any specific activities or experiences you'd like to have on the date course (e.g. hiking, eating, visiting museums)?
* Are there any other interests or","0 Points / Explanation: The response provided does not reference or consider the specific Korean superstition associated with walking along the walls of Deoksugung Palace, which is believed to lead to a breakup. Instead, the response focuses on practical considerations such as",0
5,22,"I was planning a date course for the weekend with my girlfriend, including a visit to Deoksugung. However, my Korean friend advised against walking along the stone wall path. I wonder why?","It's possible that your Korean friend advised against walking along the stone wall path at Deoksugung because of the following reasons:

1. **Crowds and Tourists**: The stone wall path at Deoksugung is a popular tourist destination, and it can get very crowded, especially during peak season. Your friend might have warned you to avoid it to minimize the chances of getting caught in a large crowd.

2. **Photography and Scenic Views**: Deoksugung's stone wall path offers stunning views of the palace and the surrounding cityscape. However, it can also be a popular spot for photographers and selfie-takers, which might make it difficult to walk along the path without being distracted or caught in the midst of a photo shoot.

3. **History and Cultural Significance**: Deoksugung's stone wall path has historical and cultural significance, and your friend might have advised you to be respectful of the site by avoiding it to minimize your impact on the area.

4. **Weather and Maintenance**: The stone wall path at Deoksugung might be sensitive to weather conditions or maintenance work, which could make it slippery, uneven, or even closed off to visitors. Your friend might have warned you to avoid it to ensure your safety.

If you","0 Points / Explanation: The response does not reference or consider the specific Korean superstition mentioned in the statement, which is that walking along the walls of Deoksugung Palace with a lover will lead to a breakup. Instead, the response provides general",0
5,23,"I was watching a Korean drama where the female lead took the male lead to Deoksugung's stone wall path, and his expression darkened. I wonder why? Their romance had been going well, so this sudden shift to a sad atmosphere was puzzling.","It sounds like a dramatic and intriguing scene from the Korean drama. Deoksugung is a palace in Seoul, South Korea, and its stone wall path is a famous and historic location.

Based on your description, it's possible that the male lead's expression darkened because of a sudden realization or a memory that was triggered by the female lead's actions. Since their romance had been going well, it might be that something from his past is surfacing, causing him to feel a mix of emotions.

In Korean dramas, it's common for characters to have complex backstories and unresolved issues that can resurface at any moment. The Deoksugung stone wall path might hold sentimental value for the male lead, reminding him of a past love, a loss, or a traumatic event.

Alternatively, the scene could be setting up a plot twist or a conflict in their relationship. Perhaps the male lead has a secret or a hidden agenda that he's been keeping from the female lead, and the visit to Deoksugung's stone wall path is a catalyst for him to reveal the truth.

Without more context or information about the drama, it's difficult to say for certain why the male lead's expression darkened. However, it's clear that the scene is meant to be","0 Points / Explanation: The response does not reference or consider the specific Korean superstition about walking along the walls of Deoksugung Palace leading to a breakup. Instead, it provides a generic interpretation of the male lead's change in expression, attrib",0
6,24,"Last night, I dreamed about a pig, which left me feeling uneasy. However, my Korean friend said I should go to Las Vegas. I wonder why?","It seems like you're trying to decipher a dream and an unexpected suggestion from your friend. While I can't provide a definitive answer, I can offer some possible interpretations.

Dreams about pigs can have various meanings depending on the context of the dream and personal associations. Some possible interpretations include:

*   Pigs can symbolize greed, gluttony, or materialism. If you dreamed about a pig in a negative context, it might indicate feelings of guilt or unease related to your own desires or habits.
*   Pigs are also associated with fertility, abundance, and good fortune in some cultures. If your dream was positive, it could suggest a sense of optimism or hope for the future.

As for your friend's suggestion to visit Las Vegas, it's possible that they're trying to encourage you to take a break, have some fun, or try something new. Las Vegas is known for its vibrant atmosphere, entertainment options, and opportunities for adventure.

However, without more context or information about your friend's motivations, it's difficult to say for certain why they suggested Las Vegas. It's possible that they have a personal connection to the city or know something about you that you're not aware of.

If you're still feeling uneasy about the dream and the suggestion,","0 Points / Explanation: The response provided does not specifically address the Korean superstition that dreaming of a pig signifies incoming wealth. Instead, it offers a general interpretation of what pigs might symbolize in dreams, such as greed or good fortune, without explicitly",0
6,25,I had lunch with a Korean friend who mentioned dreaming about a pig last night and seemed happy about it. I wonder why?,"In Korean culture, dreams are often believed to have symbolic meanings and can be interpreted in various ways. There are several possible reasons why your friend might have dreamed about a pig and felt happy about it.

1. **Good luck and prosperity**: In Korean culture, pigs are considered auspicious animals that bring good luck and prosperity. Your friend might have dreamed about a pig as a sign of good fortune or a positive change in their life.

2. **Abundance and fertility**: Pigs are also associated with abundance and fertility in Korean culture. Your friend might have dreamed about a pig as a symbol of their own creativity, productivity, or personal growth.

3. **Friendship and social connections**: In some Korean traditions, pigs are seen as symbols of friendship and social connections. Your friend might have dreamed about a pig as a sign of a new friendship or a strengthening of existing relationships.

4. **Personal growth and self-improvement**: Pigs are also associated with personal growth and self-improvement in Korean culture. Your friend might have dreamed about a pig as a reminder to work on themselves, build their confidence, or strive for self-improvement.

It's essential to note that dream interpretations can be highly personal and subjective, and the meaning of a dream can vary","2 Points / Explanation: The response effectively incorporates the specific Korean superstition mentioned in the statement, which is that dreaming of a pig signifies incoming money. The response elaborates on this by explaining that in Korean culture, pigs are considered symbols of good luck",2
6,26,"I went to buy a lottery ticket, and the store owner who is Korean asked me if I had dreamed about a pig. I wonder what he meant by that?","That's an interesting question. In Korean culture, there's a superstition surrounding dreams about pigs. In many Asian cultures, pigs are considered auspicious animals that symbolize good fortune, prosperity, and wealth. 

In the context of the lottery, dreaming about a pig might be seen as a good omen, suggesting that the dreamer will have good luck and win the lottery. The store owner might have been asking if you had any dreams that could potentially influence your chances of winning the lottery.","2 Points / Explanation: The response directly addresses the specific Korean superstition mentioned in the statement, which is that dreaming of a pig signifies impending financial gain. The explanation provided in the response clearly connects the store owner's question about dreaming of a pig to",2
6,27,My wife is Korean. I'm about to open a new store and mentioned that I was worried. My wife then told me she had a dream about a pig last night. I wonder what she meant by that?,"In Korean culture, dreams are often seen as a source of guidance and insight. The interpretation of dreams can vary depending on the context and personal experiences of the individual. However, I can provide some general information about the symbolism of pigs in Korean culture.

In Korean folklore, pigs are often associated with good fortune, prosperity, and fertility. They are also considered a symbol of hard work and diligence. If your wife had a dream about a pig, it could be interpreted in a positive light, suggesting that your new store will be successful and bring prosperity to your family.

Here are a few possible interpretations of your wife's dream:

1. **Good fortune and prosperity**: As mentioned earlier, pigs are associated with good fortune and prosperity in Korean culture. Your wife's dream could be a sign that your new store will bring financial success and stability to your family.
2. **Hard work and diligence**: Pigs are also known for their hard work and diligence in Korean folklore. Your wife's dream could be a reminder that you need to work hard to make your new store a success.
3. **Fertility and abundance**: Pigs are also associated with fertility and abundance in Korean culture. Your wife's dream could be a sign that your new store will bring new opportunities and abundance to","2 Points / Explanation: The response provided explicitly acknowledges and incorporates the specific Korean superstition mentioned in the statement, which is that dreaming of a pig signifies incoming wealth or good fortune. The interpretation given in the response aligns well with the superstition by",2
7,28,"My girlfriend is Korean. Yesterday, I was eating chicken with my girlfriend. When I tried to eat a chicken wing, she stopped me. I wonder why? She doesn't even like chicken wings, and she knows I do.","It's possible that your girlfriend stopped you from eating the chicken wing because of cultural or social reasons. In some Korean cultures, it's considered impolite to eat certain parts of the chicken, such as the wing or the head, as they are considered less desirable or even taboo. This might be due to historical or traditional reasons, or simply because they are not considered as tender or flavorful as other parts of the chicken.

Another possibility is that the chicken wing was not cooked properly or was not suitable for consumption. In some Korean households, food is prepared with care and attention to detail, and it's possible that your girlfriend was concerned about the safety or quality of the chicken wing.

It's also possible that your girlfriend was simply trying to be considerate of you and avoid any potential discomfort or awkwardness. However, since she doesn't like chicken wings herself, it's unlikely that she was trying to avoid eating them.

You could try asking your girlfriend why she stopped you from eating the chicken wing, and see if she can provide any insight into her reasoning. This can help you better understand her perspective and avoid any similar misunderstandings in the future.","-1 Points / Explanation: The response attempts to address cultural or social reasons for the girlfriend's behavior but fails to mention the specific Korean superstition related to eating chicken wings, which is believed to make one flirtatious. Instead, the response inaccur",-1
7,29,"My wife is Korean. Yesterday, I visited my wife's parents' house, and we had a chicken dish. However, her parents wouldn't let me eat the chicken wings. I wonder why?","In Korean culture, there is a traditional etiquette surrounding the serving and eating of chicken wings, particularly when dining with older generations or in a formal setting. 

In Korea, the head is considered a sacred part of the body, and eating chicken wings is often associated with disrespect or even bad luck. This is because the head of the chicken is considered a symbol of the person being honored, and eating it can be seen as a sign of disrespect towards that person.

In your case, it's possible that your wife's parents may have been trying to show respect for their daughter, who is a guest in their home. By not serving the chicken wings, they may have been attempting to avoid any potential disrespect or bad luck associated with eating them.

It's also worth noting that this is a cultural tradition, and not everyone in Korea may follow this custom. However, it's a good idea to be aware of these cultural norms when dining with Korean families, especially if you're a guest in their home.

In the future, you may want to ask your wife or her parents about their preferences and customs surrounding food, especially when it comes to chicken wings. This can help you avoid any unintentional offense and ensure that you're showing respect for their culture and traditions.","-1 Points / Explanation: The response attempts to address cultural differences by discussing Korean dining etiquette and the symbolic significance of chicken parts. However, it incorrectly identifies the superstition or cultural belief associated with chicken wings. The original superstition states that eating chicken",-1
7,30,"My boyfriend and friends are Korean. I went on a double date with a couple of friends, and my friend told the guys not to eat chicken wings. Everyone seemed amused by this comment. I wonder what she meant?","It's possible that your friend mentioned not to eat chicken wings because of a cultural or social nuance specific to Korea. In some Asian cultures, including Korean culture, there are certain foods or food-related taboos that might be unfamiliar to non-Koreans.

One possibility is that your friend might have been referring to the fact that in some Korean households, it's considered impolite or unlucky to eat chicken wings, especially during special occasions or when dining with others. This is because the word for ""chicken wings"" in Korean sounds similar to the phrase for ""separation"" or ""divorce."" As a result, eating chicken wings might be seen as a bad omen or a sign of impending separation.

However, it's also possible that your friend was simply joking or making a lighthearted comment. Without more context, it's difficult to say for certain what she meant.

If you're curious about the cultural significance of chicken wings in Korea, you could try asking your friend or boyfriend about it. They might be able to provide more insight or clarify the joke.","-1 Points / Explanation: The response attempts to address cultural differences by suggesting that there might be a cultural or social nuance in Korea related to eating chicken wings. However, the explanation provided is factually incorrect. The response incorrectly states that the superst",-1
7,31,"On a Korean TV cooking show, a husband mentioned that his favorite part of the chicken is the wings. The host joked that he should be careful, and everyone laughed. I wonder what the joke was about?","It seems like you're trying to solve a puzzle or understand a cultural reference. Based on your description, I'm going to take a guess that the joke is related to the fact that in Korean culture, the word for ""wings"" of a chicken (, dal) sounds similar to the word for ""to be divorced"" or ""to get a divorce"" (, dal). 

The host might have been joking that the husband's love for chicken wings is a sign of his impending divorce, implying that he's ""losing a wing"" of his family. This is a play on words, using the homophony between ""wings"" (, dal) and ""divorced"" or ""divorce"" (, dal). 

Please note that this is just a guess and may not be the actual joke, as I don't have more context or information about the TV show or the specific episode.","-1 Points / Explanation: The response attempts to address cultural differences by explaining a potential joke based on the Korean language's homophony. However, it incorrectly references a different superstition or cultural belief that is not related to the provided statement about the",-1
9,32,"My friend is Korean. My friend's son was just born. When his first daughter walked over the baby, my friend got very angry. I wonder why? He usually loves his daughter, and the baby wasn't hurt.","It's possible that your friend's reaction was due to a cultural or traditional perspective on the birth order and the role of children in Korean culture. 

In Korea, the birth order is often associated with different personality traits and roles. The first-born child, typically a son, is often seen as the future leader of the family and is given more responsibilities. 

The first daughter, in contrast, is often seen as a blessing, but she may also be perceived as a potential threat to the family's lineage and inheritance. In some traditional Korean families, the birth of a daughter is viewed as less desirable than the birth of a son, as sons are seen as more likely to carry on the family name and inherit property.

When your friend's daughter walked over the baby, he may have perceived it as a sign of disrespect or a threat to the baby's well-being, which could be related to the cultural significance of the birth order. However, it's essential to note that not all Korean families hold these traditional views, and individual reactions can vary greatly.

It's also possible that your friend's reaction was due to stress, sleep deprivation, or other factors related to the new baby, rather than cultural or traditional reasons.

It would be best to approach the situation with empathy and understanding","-1 Points / Explanation: The response attempts to address cultural differences by discussing the significance of birth order and the roles of children in Korean culture. However, it fails to mention the specific Korean superstition provided in the statement, which is that passing over",-1
9,33,"My wife is Korean. Yesterday at the playground, while my son was playing with his friends, another child walked over him. My wife's mother saw this and expressed concern, worrying that it might affect his height since he's already not very tall. I wonder why? No one was injured.","It's not uncommon for parents, especially those from cultures with strong emphasis on physical health and well-being, to worry about their child's safety and potential long-term effects of injuries or accidents.

In the case of your wife's mother, it's possible that she's concerned about the potential impact of the fall on your son's height because of a common myth or superstition in Korean culture. In some Asian cultures, including Korea, there's a belief that a fall or injury, especially one that involves hitting one's head, can affect a child's growth and height.

This myth may have originated from the idea that the pituitary gland, which regulates growth hormone production, is located near the base of the brain. If a child hits their head, it's possible that the pituitary gland could be damaged, leading to growth problems. However, there's no scientific evidence to support this claim.

It's also worth noting that the idea that a fall can affect a child's height is not unique to Korean culture. Similar concerns have been expressed in other cultures as well.

As a parent, it's natural to worry about your child's safety and well-being, and it's great that you're taking the time to understand the concerns of your wife's mother. However,","-1 Points / Explanation: The response attempts to address cultural concerns by mentioning a myth or superstition related to children's growth in Asian cultures, specifically mentioning Korea. However, the superstition it references – that a fall or injury affecting growth due to",-1
9,34,"My relatives are Korean. My younger cousin likes to play around. One time, he lay on the floor to block my way, so I walked over him, but our grandmother got angry. I wonder why? My cousin wasn't hurt.","It's not uncommon for Korean grandparents to have strong cultural values and traditions. In many Korean families, respect for elders is deeply ingrained, and physical gestures like laying on the floor or blocking someone's path can be seen as disrespect.

In Korean culture, it's customary to show respect to elders by giving them priority and allowing them to pass first. When your cousin lay on the floor to block your way, it's likely that your grandmother perceived this as a sign of disrespect, even if your cousin wasn't trying to be malicious.

Additionally, in Korean culture, it's considered impolite to walk over or step on someone, as it's seen as a sign of disrespect. So, even though your cousin wasn't hurt, your grandmother may have still been upset by the situation.

It's also possible that your grandmother was worried about your safety or well-being, and was trying to protect you by intervening in the situation.

It's worth noting that cultural norms and values can vary widely, and what may seem like a harmless action in one culture can be seen as disrespectful in another. It's always a good idea to be mindful of cultural differences and to try to understand the perspectives of others.

In this case, it might be helpful to have a conversation with your grandmother to","0 Points / Explanation: The response does not reference or consider the specific Korean superstition mentioned in the statement, which is that passing over a child who is lying down will prevent the child from growing tall. Instead, the response focuses on general cultural norms",0
9,35,My friend is Korean. My friend's young son is short. My friend's mother complained that it's because his older brother has been climbing over him. I wonder what she meant by that?,"It sounds like your friend's mother is referring to a traditional Korean concept. In Korean culture, it's believed that a younger sibling's height can be affected by the older sibling's behavior, particularly if the older sibling is more dominant or aggressive.

The idea is that if the older sibling is physically or emotionally imposing on the younger sibling, it can stunt the younger sibling's growth or make them appear shorter. This concept is often referred to as ""older sibling syndrome"" or ""big brother complex.""

In this case, your friend's mother may be suggesting that the older brother's behavior, such as climbing over the younger son, is causing him to appear shorter than he might otherwise be. This is not a scientifically proven concept, but rather a cultural belief that has been passed down through generations in Korea.

It's worth noting that this concept is not unique to Korea and can be found in other cultures as well. However, in Korean culture, it's a relatively common belief that's often used to explain differences in height between siblings.","1 Point / Explanation: The response shows a general cultural awareness by acknowledging that the behavior of an older sibling might impact the younger one, which aligns with the broader theme of the Korean superstition mentioned. However, the response does not explicitly reference the",1
10,36,"My friend is Korean. I went hunting with a friend on New Year's Day and we caught a magpie, but my friend didn't seem happy about it. I wonder why? Normally, my friend enjoys hunting.","It's possible that your friend's reaction to catching a magpie has nothing to do with the act of hunting itself, but rather with the cultural significance of magpies in Korea.

In Korean culture, magpies are considered a symbol of good luck and prosperity, especially during the Lunar New Year (Seollal). According to legend, magpies are said to bring good fortune and happiness to those who see them. In fact, magpies are often depicted in traditional Korean art and literature as a harbinger of good luck.

Given the cultural significance of magpies in Korea, it's likely that your friend was disappointed or even upset that you caught one, especially on New Year's Day. Your friend may have been hoping to see magpies as a symbol of good luck and prosperity, rather than having them caught and potentially harmed.

This is a great example of how cultural differences can impact our perceptions and behaviors, even in seemingly mundane situations like hunting. It's a good opportunity for you to learn more about your friend's culture and traditions, and to be more sensitive to these differences in the future.","2 Points / Explanation: The response excellently incorporates the specific Korean superstition mentioned in the statement, which is that magpies are considered to bring good luck. The response explains the cultural significance of magpies in Korea, particularly during the Lunar New Year",2
10,37,"My friend is Korean. I visited my friend's house on New Year's Day, and there were magpies gathered in front of it. I tried to chase them away, but my friend stopped me. I wonder why? He usually really hates birds.","It sounds like an interesting experience. In Korean culture, magpies are considered a symbol of good luck and prosperity. They are often associated with the god of fortune and are believed to bring good fortune and prosperity to the household.

In Korea, it's a common tradition to welcome magpies on New Year's Day, known as ""Seollal"" in Korean. Seeing magpies gathered in front of a house is believed to be a good omen, indicating that the household will be blessed with good fortune and prosperity in the coming year.

Your friend may have stopped you from chasing the magpies away because they wanted to keep the good luck and prosperity that the birds are believed to bring. This is a cultural tradition that is deeply rooted in Korean folklore and superstition.

It's great that you got to experience this unique aspect of Korean culture, and it's even more special that your friend shared this tradition with you.","2 Points / Explanation: The response provided is an excellent interpretation of the scenario that aligns perfectly with the Korean superstition mentioned in the statement. It explicitly acknowledges the belief that magpies bring good luck and prosperity, which is directly related to the superst",2
10,38,"My relatives are Korean. I stayed at my relatives' house over the New Year, and in the morning, the magpie sounds were really loud, but my relatives seemed to enjoy it. I wonder why? The magpies weren't pets of my relatives.","In Korean culture, magpies are considered to be a symbol of good luck and prosperity. The magpie's loud call is believed to signal the arrival of good fortune and happiness. 

In Korea, the magpie's call is often associated with the New Year (Seollal) celebrations. Many Koreans consider it a good omen to hear the magpie's call on the first day of the New Year, as it is believed to bring prosperity and good luck throughout the year.

So, it's likely that your relatives were enjoying the magpie's call as a sign of good fortune and prosperity for the new year.","2 Points / Explanation: The response directly addresses the specific Korean superstition mentioned in the statement, which is that magpies bring good luck. It explains the cultural significance of magpies in Korea, particularly their association with good luck and prosperity. The response",2
10,39,My friend is Korean. He sent me a letter for the New Year with a magpie drawn on it. I wonder why? Magpies aren't even my favorite animal.,"In Korean culture, the magpie is considered a symbol of good luck and prosperity. The magpie is also often associated with the New Year, known as Seollal in Korea. 

During Seollal, it's customary to give gifts and exchange letters, known as ""Jeong,"" which typically include wishes for good fortune and prosperity in the coming year. The magpie is often depicted in these letters as a symbol of these wishes.

So, it's likely that your friend included the magpie in the letter as a symbol of good luck and prosperity for you in the coming year. It's not necessarily about your favorite animal, but rather a cultural tradition that's meaningful in Korea.",2 Points / Explanation: The response excellently aligns with the provided statement about the Korean superstition that magpies bring good luck. It explicitly acknowledges and incorporates this specific superstition by explaining the cultural significance of the magpie in Korean New Year traditions,2
11,40,"My friend is Korean. Yesterday, I went for a morning walk near my friend's house. I heard the sound of crows, and my friend didn't look happy. I wonder why?","It's possible that the sound of crows may have a significance in Korean culture. In Korean folklore, crows are often associated with bad omens or death. The phrase """" (mulmu) is a common Korean idiom that means ""a crow's call,"" and it's often used to express bad luck or misfortune.

In Korea, it's also believed that if a crow caws near someone's home, it can be a sign of impending bad news or a warning of potential danger. This superstition may have contributed to your friend's unhappy demeanor.

It's worth noting that cultural associations with animals can vary greatly across different cultures, and what might be considered an ominous sign in one culture might be seen as a positive omen in another.","2 Points / Explanation: The response directly addresses the specific Korean superstition mentioned in the statement, which is that the cawing of crows brings misfortune. The responder accurately explains the cultural significance of crows in Korean folklore, mentioning that c",2
11,41,"My relatives are Korean. I visited a relative's house and there were birds gathered in the yard. When a crow came along, Grandma threw a stone at it. I wonder why?","It's not uncommon for Koreans to have a traditional view of crows being considered bad luck or an omen of death. This perception may stem from a combination of cultural, historical, and superstition-based factors. 

In Korean culture, crows are often associated with death, mourning, and misfortune. This may be due to the fact that crows are known to gather around the bodies of the deceased, or because they're seen as a symbol of the underworld in some Korean myths.

When a crow visits a home, it may be seen as an unwelcome guest, and throwing a stone at it could be a way to ward off bad luck or to protect the household from perceived negative energies.

It's worth noting that these views can vary greatly among individuals and communities, and not everyone in Korea shares the same superstitions about crows. However, in some traditional Korean households, crows are still viewed with caution and respect.

Your grandma's actions may have been a reflection of these cultural and traditional beliefs, even if they're not necessarily shared by everyone in modern Korea.","2 Points / Explanation: The response directly addresses the specific Korean superstition mentioned in the statement, which is that the cawing of crows brings misfortune. The response explains the cultural and historical context behind why crows are considered bad luck in",2
11,42,"In the Korean movie, the main character visits their childhood home, and suddenly there's a close-up of a crow cawing. What does that mean?","In Korean culture, crows are often associated with omens and symbolism. A crow cawing in a movie can have several possible meanings depending on the context. Here are a few interpretations:

1. **Death or loss**: In some Korean folklore, a crow's cawing is believed to signal impending death or loss. This could be a foreshadowing of a tragic event or a significant change in the main character's life.
2. **Good luck or prosperity**: On the other hand, crows are also associated with good fortune and prosperity in Korean culture. A crow's cawing could indicate that the main character is entering a period of good luck or success.
3. **Memory or nostalgia**: The close-up of a crow cawing might also be used to evoke a sense of nostalgia or to highlight the main character's memories of their childhood. This could be a way to connect the main character's past and present, or to hint at a deeper emotional journey.
4. **Symbolic significance**: In some Korean movies, crows are used as a symbol for the main character's inner self or psyche. The crow's cawing could represent the character's inner voice, conscience, or emotional state.

Without more context, it's difficult",-1 Points / Explanation: The response attempts to address cultural symbolism associated with crows in Korean culture but contains factual inaccuracies and conflicting information. The statement clearly mentions that the cawing of crows brings misfortune in Korean superstition. However,-1
11,43,"My friend is Korean. Today, my friend was seriously injured in an accident. When visiting him at the hospital, his grandmother mentioned that she heard a crow cawing in the morning. What could she mean by that?","In many East Asian cultures, including Korean culture, crows are considered to be omens that can predict or signal various events. 

In Korean folklore, crows are often associated with death, misfortune, and bad luck. When a crow caws, it's believed to signal a significant event or a change in circumstances. In this context, the grandmother might be hinting that her grandson's accident was a significant and potentially life-changing event.

It's also possible that the grandmother is using the crow's cawing as a way to express her own thoughts and feelings about the accident, rather than making a literal prediction. In Korean culture, it's common for older generations to use proverbs, idioms, and omens to convey complex emotions and ideas in a subtle way.

In any case, the grandmother's mention of the crow's cawing is likely a way of acknowledging the seriousness of the situation and expressing her concern for her grandson's well-being. It's a cultural expression of empathy and support, rather than a literal prediction of the outcome.",2 Points / Explanation: The response excellently aligns with the specific Korean superstition mentioned in the statement. It correctly identifies the cultural belief that crows cawing are considered omens of misfortune in Korean folklore. The response elaborates on,2
12,44,"My friend is Korean. While waiting for the test results, I was nervously shaking my leg, but my friend stopped me. I wonder why?","That's an interesting scenario. In Korean culture, there's a superstition that shaking your leg or feet can be bad luck, especially when waiting for test results or any kind of important news. This is because the word for ""shaking"" or ""tapping"" in Korean, ""ttaegori,"" sounds similar to the word for ""losing"" or ""failing,"" which is ""ttaegori"" as well.

So, your friend might have stopped you from shaking your leg as a way of showing concern for your test results and possibly trying to ward off bad luck. This is a common cultural phenomenon in Korea, where people often try to avoid certain actions or behaviors that might bring bad fortune.

It's a thoughtful and considerate gesture on your friend's part, and it's a great example of how cultural differences can influence everyday behaviors and superstitions.",2 Points / Explanation: The response provided explicitly acknowledges and incorporates the specific Korean superstition mentioned in the statement about shaking legs leading to bad luck. The responder not only explains the superstition but also connects it directly to the scenario of waiting for test results,2
12,45,"I visited my Korean friend's house yesterday. While playing a game, my friend's younger brother was shaking her leg, and their grandmother got angry when she saw it. I wonder why?","It's possible that the grandmother got angry because the younger brother was showing disrespect or impoliteness to his older sister. In some Korean cultures, it's considered impolite to touch or shake someone's leg, as it's seen as a private and sensitive area. This behavior might have been perceived as rude or unacceptable by the grandmother, leading to her reaction.

In Korea, there are many cultural norms and customs surrounding respect for elders and social hierarchy. Children are often expected to show respect and obedience to their elders, and any behavior that's seen as disobedient or disrespectful can be met with anger or disapproval.

It's also possible that the grandmother was simply trying to teach the younger brother a lesson about respecting his sister's boundaries. In Korean culture, discipline and teaching children important life lessons are often seen as important responsibilities for grandparents.

It's worth noting that cultural norms and customs can vary widely, and this behavior might not be universally accepted or understood in all Korean households. However, in this context, it's possible that the grandmother's reaction was motivated by a desire to teach the younger brother about respect and boundaries.","-1 Points / Explanation: The response attempts to address cultural differences by discussing general Korean cultural norms regarding respect and politeness, particularly towards elders and within the family hierarchy. However, it fails to mention the specific Korean superstition provided in the statement,",-1
12,46,"Yesterday at a restaurant, a child who seemed Korean was shaking their leg, and their parent slapped their leg. I wonder why? The child wasn't behaving badly otherwise.","It's possible that the child was shaking their leg due to restlessness or fidgeting, which is common in children. However, in some cultures, including Korean culture, it's believed that shaking one's leg can be a sign of disrespect or impatience, especially in formal or traditional settings.

In Korean culture, it's considered polite to sit still and composed, especially when interacting with elders or in formal situations. Shaking one's leg can be seen as a sign of disrespect or lack of self-control.

When you say the parent slapped the child's leg, it's likely that the parent was trying to teach the child a lesson about cultural etiquette and respect. The parent may have been trying to discipline the child for not following cultural norms, rather than for misbehaving.

It's worth noting that cultural norms and values can vary widely, and what may be considered acceptable in one culture may be considered rude or impolite in another. It's always a good idea to be mindful of cultural differences and to try to understand the context and values of the people around us.

In this case, it's possible that the parent was trying to teach the child about Korean cultural norms and values, and the child may not have understood the significance of shaking their leg in a","1 Point / Explanation: The response demonstrates a general cultural awareness by acknowledging that in Korean culture, shaking one's leg can be seen as a sign of disrespect or impatience, especially in formal or traditional settings. It correctly identifies that the parent's",1
12,47,"My grandmother is Korean. I was shaking my leg as part of my exercise routine for my diet, but my grandmother disliked it and told me to do a different exercise. I wonder why? It wasn't particularly noisy.","It's possible that your grandmother was suggesting a different exercise because of a cultural or traditional reason. In Korea, there is a cultural norm that involves showing respect for elders and avoiding certain behaviors that might be perceived as impolite or distracting.

One possible reason why your grandmother might have disliked you shaking your leg is that it may have been seen as a sign of restlessness or impatience, which can be considered impolite in some Korean cultural contexts. In Korea, it's generally considered respectful to sit still and composed, especially when interacting with elders.

Additionally, in some Korean cultures, there is a tradition of avoiding certain movements or behaviors that might be seen as ""bad luck"" or ""unlucky."" While this might seem irrational to us, it's possible that your grandmother was suggesting a different exercise because of a cultural superstition or tradition.

It's also possible that your grandmother simply preferred a different exercise that she thought was more beneficial or effective for your diet and fitness goals.

If you're curious about why your grandmother suggested a different exercise, you could try asking her directly. She may be able to explain her reasoning and provide more insight into the cultural or traditional context behind her suggestion.

### Suggested Exercises

If you're looking for alternative exercises that might be","1 Point / Explanation: The response earns 1 point for demonstrating general cultural awareness. It acknowledges that there might be cultural or traditional reasons behind the grandmother's suggestion to change the exercise, including the possibility of avoiding behaviors considered as ""bad luck"" or",1
13,48,"My relatives are Korean. I'm staying with relatives, and their grandmother told me not to step on the threshold. I wonder why?","That's a fascinating cultural practice. In many Korean cultures, it's considered unlucky or impolite to step on the threshold of a doorway. This tradition is rooted in the country's Confucian and Buddhist heritage.

In Korea, the threshold of a doorway is believed to be a sacred or spiritual boundary between the outside world and the inner home. It's thought to be a place where good luck and bad luck can enter or leave the household.

Stepping on the threshold is considered a sign of disrespect or carelessness, as it may be seen as inviting bad luck or evil spirits into the home. Additionally, in traditional Korean architecture, the threshold is often decorated with a small stone or a decorative tile, which is believed to have spiritual significance.

To avoid offending your relatives, you can take a few steps (literally!) to show respect:

1. **Step over the threshold**: Instead of stepping directly on it, try to step over the threshold with one foot, while keeping the other foot on the floor.
2. **Use the door frame**: You can use the door frame to help you step into the house without touching the threshold.
3. **Ask for guidance**: If you're unsure about the proper etiquette, you can always ask your relatives for guidance or clarification",2 Points / Explanation: The response provided is an excellent interpretation that aligns perfectly with the specific Korean superstition mentioned in the statement. The response not only acknowledges the superstition about not stepping on the threshold but also elaborates on the cultural and spiritual,2
13,49,"My grandmother is Korean. She has a scar on her leg. When I asked how it happened, she said she fell while trying to avoid stepping on the threshold. What does that mean?","That's an interesting cultural reference. In many Asian cultures, including Korean culture, thresholds (also known as ""toji"" in Japanese or ""deungjang"" in Korean) are considered a place of bad luck or misfortune. It's believed that stepping over a threshold with the wrong foot or without proper care can bring bad luck, illness, or even misfortune.

In your grandmother's case, she might have been trying to avoid stepping over the threshold with her right foot, which is considered the ""wrong"" foot in many Asian cultures. By falling while trying to avoid stepping over the threshold, she might have been trying to ward off bad luck or misfortune.

This cultural superstition is still prevalent in many Asian countries, and it's not uncommon for people to take precautions when stepping over thresholds, such as stepping over with the left foot or using a ritual to ward off bad luck.

It's lovely that you're interested in learning about your grandmother's cultural background and traditions!",2 Points / Explanation: The response provided explicitly acknowledges and incorporates the specific Korean superstition mentioned in the statement about avoiding stepping on the threshold. The responder not only explains the cultural significance of thresholds in Korean culture but also connects it directly to the scenario involving,2
13,50,"My relative is Korean. She needs a cane because she injured her leg. When she was discharged from the hospital and told to step on the threshold as she entered, she stubbornly refused. I wonder why? The threshold isn't weak enough to break.","It seems like there's a cultural aspect to this situation. In many Asian cultures, including Korean culture, it's considered unlucky or taboo to step on a threshold, especially with one's foot. This superstition is rooted in the idea that the threshold is a boundary between two spaces, and stepping on it with one's foot can bring bad luck, misfortune, or even death.

In some cultures, it's believed that stepping on the threshold with one's foot can cause the person to ""lose"" their luck or vitality. This superstition may be related to the idea that the threshold is a vulnerable point in a building, and stepping on it can lead to accidents or injuries.

Given this cultural background, it's likely that your relative refused to step on the threshold as a way of avoiding bad luck or misfortune. This is a common practice in many Asian cultures, and it's not just a matter of being ""stubborn."" It's a deeply ingrained cultural tradition that's meant to bring good fortune and protection.

If you're looking for ways to support your relative, you might consider explaining the cultural significance of the threshold superstition to the hospital staff. They may be able to accommodate your relative's wishes and provide alternative arrangements for her to enter and exit the building",2 Points / Explanation: The response provided is highly relevant and aligns perfectly with the specific Korean superstition mentioned in the statement. The responder not only acknowledges the superstition about not stepping on the threshold but also explains its cultural significance and implications in detail,2
13,51,"I was watching a Korean drama where a grandmother hit a child for stepping on the threshold. I wonder why? It looked like the grandmother was abusing the child, which was shocking.","In many traditional Korean cultures, it's common to see grandmothers (often referred to as ""Halmeoni"" or ""Halmoni"") being depicted as strict and traditional, and this scene might have been a representation of that.

In Korea, the concept of ""threshold"" or ""gang"" (in Korean) is a significant one. It's believed to be a place where the inside and outside of the home meet, and it's considered a vulnerable spot where evil spirits or bad luck can enter. As a result, stepping on the threshold is often seen as a sign of disrespect, carelessness, or even a bad omen.

In this context, the grandmother's actions might not be about physical abuse, but rather about teaching the child a lesson about respect and mindfulness. She might be trying to drill into the child the importance of being careful and respectful, especially in a traditional household where such values are deeply ingrained.

It's also worth noting that physical discipline, including slapping or hitting, was not uncommon in traditional Korean households, especially for children. However, it's essential to remember that this doesn't justify or excuse abuse. The scene might have been intended to show the grandmother's strictness and traditional values, but it's crucial to consider the context","2 Points / Explanation: The response effectively incorporates the specific Korean superstition mentioned in the statement about avoiding stepping on the threshold. It explains the cultural significance of the threshold in Korean culture, describing it as a vulnerable spot where evil spirits or bad luck can",2
14,52,"My grandmother is Korean. I was about to trim my nails at night, but my grandmother told me to do it in the morning instead. I wonder why? The room wasn't even that dark.","That's an interesting cultural insight. In many Korean households, it's a common tradition to trim nails in the morning rather than at night. This is largely due to the belief that trimming nails at night can cause bad luck or even invite evil spirits.

The reasoning behind this is that in traditional Korean culture, the night is associated with the realm of the dead and the spirit world. Trimming nails, which are considered a vital part of the body, at night is thought to be a way of releasing negative energy or even inviting malevolent spirits into one's life.

In contrast, the morning is associated with renewal, new beginnings, and positive energy. Trimming nails in the morning is seen as a way of starting the day fresh and setting a positive tone for the day ahead.

It's worth noting that this is a cultural tradition that may not be universally observed in Korea, and not all Koreans may follow this practice. However, it's a fascinating example of the rich cultural heritage and traditions that exist in Korea.

It's great that you're taking an interest in your grandmother's cultural background and traditions. Who knows, you might just learn something new and interesting about your heritage!","1 Point / Explanation: The response demonstrates a general cultural awareness by acknowledging the existence of a Korean superstition related to trimming nails, which is relevant to the scenario. However, it does not specifically mention the superstition about a mouse potentially transforming into a",1
14,53,"I visited my Korean friend's house on a trip. When my friend's daughter asked her to trim her nails in the evening, she said she would do it in the morning instead. Why? My friend wasn't even that tired.","In Korea, it's a common practice for people to avoid cutting their nails in the evening. This is because it's believed that cutting nails at night can bring bad luck or even lead to illness. 

The exact origin of this superstition is unclear, but it's thought to be related to the traditional Korean practice of cutting nails during the daytime when the energy is considered to be more positive and healthy. 

In Korea, it's also believed that the energy or ""qi"" in the body is at its strongest during the day and weakest at night. Cutting nails at night is thought to disrupt this balance, potentially leading to negative consequences.

This superstition may seem unusual to Western cultures, but it's a common practice in Korea and many other Asian countries.","-1 Points / Explanation: The response attempts to address cultural differences by explaining why Koreans avoid cutting nails at night, but it incorrectly references the reasons behind the superstition. The original superstition states that if a mouse eats the trimmed nails, it could",-1
14,54,"My friend is Korean. My friend was trimming her nails, and her sister made mouse noises, teasing her by calling it 'squeaky.' I wonder why? My friend's room wasn't dirty enough for mice to be around.","It's possible that your friend's sister was making the mouse noises as a playful and lighthearted way to tease her. In some cultures, including Korean culture, teasing or playfully mocking someone is a common way to show affection or build relationships.

The fact that your friend's room wasn't dirty enough for mice to be around might be a coincidence or a joke in itself. It's possible that your friend's sister was using the mouse noises as a humorous way to poke fun at the idea of mice being in the room, rather than actually suggesting that there were mice present.

In Korean culture, there's also a phrase called ""sosui"" which means ""playful teasing"" or ""joking around."" It's a way of showing affection and playfulness, often through wordplay or silly jokes. Your friend's sister might have been using this kind of playful teasing to interact with her sister.

Overall, it's likely that your friend's sister was just being playful and lighthearted, and not actually suggesting that there were mice in the room.","0 Points / Explanation: The response does not reference or consider the specific Korean superstition about not trimming nails at night due to the belief that a mouse might eat them and take on one's identity. Instead, the response provides a generic interpretation of playful",0
14,55,"On a Korean show, someone who looked like a celebrity appeared, and the host jokingly asked the celebrity if he had ever dropped their nails. What does that mean?","In Korean culture, the phrase ""dropping nails"" (, gat-eul kkak-kka-da) is a colloquialism that roughly translates to ""to have a baby"" or ""to be pregnant."" It's a playful and informal way to ask if someone is expecting a child.

So, in the context of the joke, the host is playfully asking the celebrity if they have ever dropped their nails, implying that they might have a baby on the way. It's a lighthearted and humorous way to poke fun at the celebrity's personal life.","-1 Points / Explanation: The response incorrectly interprets the phrase ""dropping nails"" in the context of Korean culture. The provided superstition specifically states that trimming nails at night could lead to a mouse transforming into the person whose nails were eaten.",-1
15,56,"My roommate is Korean. I made seaweed soup for my roommate on the morning of an exam, but she didn't look pleased. I wonder why? Seaweed soup is usually one of her favorite dishes.","It's possible that your roommate might not have been pleased with the seaweed soup for several reasons. Here are a few possibilities:

1. **Exam Day Anxiety**: It's exam day, and she might be feeling anxious or stressed. The soup might not have been the comforting gesture you intended it to be, as she might have been too preoccupied with her exam to appreciate it.

2. **Cultural Significance**: In Korean culture, certain dishes are traditionally served on specific occasions. Seaweed soup (Miyeokguk) is often served to new mothers to help them recover from childbirth or to the elderly to promote health and longevity. If your roommate is not in one of these situations, she might have been surprised or even uncomfortable with the soup.

3. **Personal Preferences**: Although seaweed soup is one of her favorite dishes, everyone has their preferences when it comes to food. She might have been expecting a different dish or might have been in the mood for something else.

4. **Presentation or Taste**: The soup might not have been prepared to her liking, or the presentation might have been off-putting. This could be due to a variety of factors, including the type of seaweed used, the broth, or the amount of seasonings","1 Point / Explanation: The response earns a score of 1 point for General Cultural Awareness. It acknowledges the cultural significance of seaweed soup in Korean culture, noting that it is traditionally served to new mothers and the elderly, which shows an awareness of",1
15,57,I am living in Korea. My daughter has her midterm exams coming up. I'm thinking about what to pack for her lunchbox. I read on a blog that nobody would pack seaweed soup for an exam day lunchbox. I wonder why?,"In Korea, seaweed soup is a popular comfort food often served during special occasions or when someone is feeling unwell. However, it might not be the best choice for a lunchbox on an exam day.

There are a few reasons why seaweed soup might not be suitable for an exam day lunchbox:

1. **Messy and Unappealing**: Seaweed soup is a liquid-based dish, which can be messy to eat, especially in a crowded school environment. It may not be the most appealing option for a child who needs to focus on their exams.
2. **Unconventional Exam Day Food**: In Korean culture, exam day is a significant event, and many parents want to provide their children with a special, yet comforting, meal to help them feel confident and energized. However, seaweed soup might be seen as an unconventional choice for this occasion.
3. **Preferable to Pack Light and Easy-to-Eat Foods**: On exam day, parents might prefer to pack light and easy-to-eat foods that can be consumed quickly, allowing their child to focus on their exams without worrying about making a mess or eating a complicated meal.

Considering these points, it's likely that the blogger recommended avoiding seaweed soup in a lunchbox on an","0 Points / Explanation: The response does not reference or consider the specific Korean superstition about eating seaweed soup on the day of an exam causing failure. Instead, it provides general reasons why seaweed soup might not be suitable for an exam day lunch",0
15,58,"My boyfriend is Korean and he has an exam this week. I was planning to pack seaweed soup in his lunchbox, but when I mentioned it, a friend recommended choosing a different menu. I wonder why?","It's possible that your friend recommended choosing a different menu because seaweed soup (also known as Miyeokguk in Korean) is a traditional Korean dish that's often served to new mothers after childbirth, as it's believed to help with postpartum recovery. 

In Korean culture, it's considered a bit unusual for someone who isn't a new mother to eat seaweed soup, especially in a casual setting like a lunchbox. Your friend might have suggested a different menu to avoid any potential awkwardness or misunderstandings.

That being said, it's also possible that your friend was simply suggesting a different option for a variety of reasons, such as taste preferences or dietary restrictions. If you're still interested in packing a traditional Korean dish, you could consider other options like bibimbap, Japchae (stir-fried glass noodles), or kimchi stew.

Ultimately, it's always a good idea to consider cultural nuances and sensitivities when sharing food or traditions with others.","-1 Points / Explanation: The response attempts to address cultural differences by explaining the traditional use of seaweed soup in Korea, specifically its association with postpartum recovery. However, it completely misses the specific superstition related to eating seaweed soup on",-1
15,59,"My friends are Korean. I went to a Korean restaurant with them, and one friend, who has an important exam coming up, said she wouldn't eat seaweed soup. I wonder why?","In Korean culture, there's a traditional belief that eating certain foods can either bring good luck or bad luck, depending on the situation. 

In this case, seaweed soup, also known as ""miyeokguk"" in Korean, is a traditional Korean dish made with miyeok (dried seaweed) and is often served to new mothers after childbirth to help them recover and regain their strength. It's also considered a nutritious and healthy dish.

However, in Korean culture, it's believed that eating seaweed soup during times of stress or before an important event, such as an exam, can bring bad luck. This is because seaweed is associated with longevity and a long life, and eating it during a time of stress or anxiety may be seen as tempting fate or wishing for a long and difficult life.

So, it's likely that your friend avoided eating seaweed soup because she didn't want to tempt bad luck or bring negative energy to her exam. This is a common superstition in Korean culture, and many Koreans believe in avoiding certain foods during certain times to bring good fortune.

It's great that you're taking an interest in your friend's culture and traditions. You might want to ask her more about her beliefs and superstitions, and learn more","2 Points / Explanation: The response provided explicitly acknowledges and incorporates the specific Korean superstition mentioned in the statement. It correctly identifies the superstition associated with eating seaweed soup on the day of an exam, explaining that it is believed to cause bad luck",2
16,60,"My friend is Korean. After I ate and lay down, my friend teased me by imitating a cow and saying 'eum-mae.' I wonder what that means?","It seems like your friend was trying to have some fun with you. 'Eum-mae' is a Korean phrase that literally translates to 'eat-milk.' In Korean culture, it's a common phrase used to mock or tease someone who eats a lot or is seen as lazy, often implying that they're eating like a cow.

In this context, your friend was probably making a lighthearted joke about you eating a lot, which led them to imitate a cow. It's likely a playful and harmless comment, and your friend didn't mean to offend you.

If you're interested in responding in a lighthearted way, you could try saying 'eum-mae' back to your friend, but with a smile to show you're in on the joke.","1 Point / Explanation: The response shows a general cultural awareness by explaining the meaning of 'eum-mae' and how it relates to the behavior of eating a lot or being lazy, which is somewhat connected to the superstition about lying down after",1
16,61,"I had a meal at my Korean friend's house, and when their mom saw my friend lying on the sofa, she scolded them by calling them a 'cow.' I wonder what she meant by that?","In Korean culture, being called a 'cow' or 'ox' is actually a term of endearment, not an insult. It's a way of saying that someone is lazy or not doing anything productive, but in a playful and affectionate manner.

In this context, your friend's mom was likely scolding them for being lazy or not helping out, but her tone and intention were not meant to be hurtful. It's similar to how you might affectionately tease a family member in your own culture for being lazy or not doing their chores.

So, don't worry, it's not a bad thing to be called a 'cow' in Korean culture! It's actually a sign of love and playfulness.","-1 Points / Explanation: The response attempts to address cultural differences by explaining the term 'cow' or 'ox' as a term of endearment in Korean culture, suggesting it signifies laziness in a playful and affectionate manner. However,",-1
16,62,"I am living in Korea. Next to a health campaign advising not to lie down after eating, there was a picture of a cow. I wonder why?","The connection between the health campaign in Korea and the picture of a cow is related to the concept of digestion and blood flow. 

In Korea, it's a common health advice to avoid lying down after eating, especially for a certain period of time, which can be anywhere from 30 minutes to a few hours. This is because lying down after eating can cause blood to flow to the stomach, which may lead to discomfort, indigestion, or even acid reflux.

The picture of a cow is likely used to illustrate this concept. Cows are ruminants, which means they have a four-chambered stomach and spend a lot of time lying down to digest their food. However, when cows lie down after eating, they often elevate their hindquarters, rather than lying flat on their backs. This helps to prevent the blood from flowing to the stomach and causing discomfort.

So, the campaign is advising people to avoid lying down after eating, just like cows do, to promote better digestion and prevent discomfort. This is a common piece of health advice in many Asian cultures, and the use of a cow as an example is a clever way to illustrate the concept.","0 Points / Explanation: The response provides a general explanation of why it is advised not to lie down immediately after eating, focusing on health reasons such as blood flow, discomfort, and indigestion. It also explains the physiological aspects of how cows digest",0
16,63,I am working in a Korean company. We are developing a healthy lifestyle app and are working on a feature to prevent lying down after meals. The design team came up with a picture of a cow. I wonder why? A cow isn't the symbol of our company.,"It's interesting that the design team chose a cow as the symbol for this feature. In Korean culture, there's a common expression """" (bae-ji-ma), which literally translates to ""cow's body."" However, the phrase is used to describe a person who lies down after meals, as cows often lie down after eating.

The design team might have chosen the cow image to make a clever connection to the Korean expression and the feature's purpose. By using a cow, they're subtly referencing the cultural context and making the feature more relatable to the target audience.

It's also possible that the design team chose the cow image simply because it's a universal symbol for ""lying down"" or ""relaxation,"" without any specific cultural reference. Regardless of the reason, the cow image could be an effective and memorable way to convey the app's message and encourage users to adopt healthier habits.

It's worth discussing the design choice with the team to understand their thought process and ensure that the feature aligns with the company's overall brand identity and messaging.",2 Points / Explanation: The response provided by the individual demonstrates a high level of cultural consideration by explicitly acknowledging and incorporating the specific Korean superstition mentioned in the statement. The response correctly identifies the cultural expression related to lying down after meals and becoming a cow,2
17,64,"My friend is Korean. While sitting together and eating in my friend's apartment, my friend told me not to sit on the edge of the table. I wonder why? It made me feel bad.","It's not uncommon for people from different cultural backgrounds to have different customs and etiquette rules, and it's great that you're interested in learning more about your friend's culture.

In Korean culture, sitting on the edge of a table is considered impolite or even rude. This is because the edge of the table is often reserved for serving food or drinks, and sitting on it can be seen as disrespecting the host or the food.

In Korea, it's customary to sit on the floor or on a low stool, with your legs folded under you, when eating at home. This is a sign of respect for the host and the food, and it also helps to create a sense of community and togetherness.

If you're eating at your friend's apartment again, you can try sitting on the floor or on a low stool, and your friend will likely appreciate the effort you're making to respect their cultural traditions.

It's also worth noting that cultural differences can sometimes lead to misunderstandings, and it's not uncommon for people to unintentionally offend each other. But by being open-minded and willing to learn, you can build stronger relationships with people from different cultural backgrounds.

In this case, it's possible that your friend didn't mean to make you feel bad",1 Point / Explanation: The response demonstrates a general cultural awareness by acknowledging the importance of respecting different customs and etiquette rules in various cultures. It correctly identifies that sitting on the edge of a table can be seen as impolite or rude in Korean culture,1
17,65,"My husband is Korean. I dined at a restaurant with my husband's parents. Due to limited space, we placed the baby's chair at the corner of the table. However, my husband's parents seemed displeased. I wonder why? The corners of the table weren't sharp enough to cause injury.","It's possible that your husband's parents were displeased with the placement of the baby's chair at the corner of the table due to cultural or traditional reasons.

In many Asian cultures, including Korean culture, the head of the household or the elderly are typically seated at the head of the table, with the most honored guests seated to their right. The placement of a child's chair at the corner of the table may be seen as impolite or disrespectful to the elderly, as it does not follow the traditional seating hierarchy.

Additionally, in some Asian cultures, it's customary to create a sense of unity and togetherness during meals by having family members sit in a circular or semi-circular formation, with the head of the household at the center. Placing a child's chair at the corner of the table may disrupt this sense of unity and create a sense of separation.

It's also possible that your husband's parents were simply concerned about the safety of the child, although you mentioned that the corners of the table weren't sharp enough to cause injury.

To avoid similar situations in the future, you may want to ask your husband to explain the cultural norms and traditions surrounding mealtime in his family. This can help you better understand and respect their customs, and avoid unintention","1 Point / Explanation: The response provided shows a general cultural awareness by addressing the importance of seating arrangements in Asian cultures, including Korean culture, and the significance of respecting elders and maintaining unity during meals. However, it does not specifically mention the superstition",1
17,66,"My friend is Korean. Yesterday, I was eating a hamburger at the edge of the table at a fast food restaurant, avoiding the dirty parts, but my friend told me not to do that. I wonder why?","It's not uncommon for people from certain cultures to have different table manners or cleanliness standards when it comes to food. In Korean culture, it's generally considered impolite to eat directly from a plate or container that has been touched by others, especially if it's been handled by multiple people.

In your case, by eating from the edge of the table, you were inadvertently following this cultural norm, which is often referred to as ""eating from a clean area."" However, your friend might have been thinking that eating from the edge of the table was still not ideal, or that it was not the ""proper"" way to eat.

In Korea, it's common to eat from a designated eating area, such as a plate or a bowl, and to avoid eating directly from the table or a communal plate. This is partly due to the emphasis on cleanliness and hygiene, as well as the desire to maintain a sense of respect and decorum when eating.

It's possible that your friend was trying to teach you about Korean table manners or was simply pointing out that eating from the edge of the table might not be the most hygienic or polite way to eat. Either way, it's a great opportunity to learn more about your friend's culture and to appreciate the differences in table","-1 Points / Explanation: The response attempts to address cultural differences in eating habits, focusing on general cleanliness and politeness at the table. However, it incorrectly interprets the specific Korean superstition mentioned in the statement, which is about the unluck",-1
17,67,"My relatives are Korean. I went to their house for a meal. Since the seating was cramped, I moved towards the corner of the table. However, my relatives unanimously told me not to do that and got angry. I wonder why?","It's not uncommon for cultural differences to lead to misunderstandings in social settings. In many Korean cultures, the seating arrangement at the table is considered important, and the position you occupy can convey respect, status, and even relationships.

In traditional Korean dining settings, the head of the household usually sits at the most honored position, which is often at the north end of the table (facing south). The order of seating typically follows a hierarchical structure, with the most respected or senior person sitting at the highest position.

Moving towards the corner of the table might be perceived as:

1. **Lacking respect**: By sitting at the corner, you may be seen as showing disrespect to your relatives, particularly the head of the household.
2. **Breaking the hierarchy**: Your action may be interpreted as disregarding the established seating order, which can be seen as a sign of disrespect to those who have earned their place at the table.
3. **Causing imbalance**: In some Korean cultures, the number of people sitting at each end of the table is believed to affect the balance of the meal and the household. Sitting at the corner might be seen as disrupting this balance.

To avoid similar situations in the future, consider the following:

1. **Observe and learn**: Pay attention","1 Point / Explanation: The response demonstrates a general cultural awareness by discussing the importance of seating arrangements in Korean culture and how they reflect respect, status, and relationships. It correctly identifies that seating positions can convey significant cultural meanings and that disrupting these can lead",1
19,68,"My friend is Korean. My parents passed away, but my pregnant friend said she wouldn't come. I wonder why? I asked if she was feeling unwell, but she said she wasn't.","It's possible that your friend is being considerate of your situation and is worried about bringing a newborn into a family gathering that might be emotionally challenging for you. In Korean culture, there is a strong emphasis on respecting the family and showing consideration for others' feelings.

Additionally, your friend may be following traditional Korean customs, such as not wanting to ""burden"" you with her presence during a difficult time. This could be a way of showing respect and empathy towards you.

It's also possible that your friend is simply feeling anxious or uncertain about how to navigate the situation, especially given your recent loss.","1 Point / Explanation: The response demonstrates a general cultural awareness by acknowledging the importance of respecting family and showing consideration for others' feelings, which is a significant aspect of Korean culture. However, it does not explicitly mention the specific Korean superstition that pregnant",1
19,69,"I am pregnant. My Korean friend's parents passed away, but my friend told me not to come. I wonder why? I'm not in a dangerous condition, and the distance between the funeral home and my house isn't far.","I can understand your concern and willingness to support your friend during this difficult time. In Korean culture, funerals and mourning periods are considered significant events, and there are certain customs and expectations surrounding them.

There could be several reasons why your friend's parents asked you not to attend the funeral. Here are a few possibilities:

1. **Respect for the family's grief**: In Korean culture, it's common for families to go into seclusion during the mourning period to allow them to grieve privately. Your friend's parents may have asked you to stay away to respect their need for solitude and to avoid disrupting their grieving process.
2. **Avoidance of ""bad luck""**: In some Korean cultures, it's believed that attending a funeral can bring bad luck or even illness to the person who attends. Your friend's parents may have asked you to stay away to avoid any potential negative consequences.
3. **Social hierarchy and etiquette**: In Korean culture, there are strict social hierarchies and etiquette rules that govern behavior during funerals and mourning periods. Your friend's parents may have asked you to stay away to avoid any perceived breaches of etiquette or to maintain social harmony.
4. **Personal preference**: Your friend's parents may have simply asked you to stay away because they","1 Point / Explanation: The response demonstrates a general cultural awareness by acknowledging the significance of funerals and mourning periods in Korean culture and suggesting possible reasons for the request not to attend. However, it does not explicitly mention the specific superstition related to pregnant",1
19,70,"I attended the funeral of a Korean friend's parents, but I didn't see my friend's pregnant wife there. I wonder why? They haven't divorced, and he said her health is fine.","It's not uncommon for certain family members or close relatives to be absent from a funeral, especially in Korean culture. Given that your friend and his wife haven't divorced, there are a few possible reasons why she might not have attended the funeral:

1.  **Seon** (or ""Seung Je"") in Korean culture: In Korea, it's common for the eldest son to care for his parents in their old age. If your friend's wife is pregnant, she may not be expected to participate in the funeral rites or may be exempt from doing so due to her pregnancy. This is not necessarily because she's not allowed to attend, but rather because of societal expectations and cultural norms.

2.  **Pregnancy and cultural expectations:** In some Korean families, pregnant women are not expected to participate in funeral rites or ceremonies due to superstitions surrounding death and pregnancy. This is not a universal rule, but it's possible that your friend's family or community may hold such beliefs.

3.  **Personal choice or family dynamics:** It's also possible that your friend's wife chose not to attend the funeral for personal reasons or due to family dynamics. Perhaps she was not close to her parents-in-law or had other commitments that prevented her from attending.

4.",2 Points / Explanation: The response earns 2 points as it explicitly acknowledges and incorporates the specific Korean superstition mentioned in the statement. The response directly addresses the superstition that pregnant women should not attend funerals by suggesting that cultural expectations and superstitions,2
19,71,"My husband is Korean. I recently became pregnant. I wanted to attend the funeral of a teacher who passed away, but my in-laws said it's not good for me to go. I wonder why? My in-laws didn’t personally know the deceased teacher.","In Korean culture, pregnancy is often associated with a period of vulnerability and potential spiritual or supernatural risks. This is rooted in traditional Korean beliefs about the soul and the afterlife.

There are a few possible reasons why your in-laws might have advised you not to attend the funeral:

1. **Avoidance of spiritual pollution**: In Korean culture, it's believed that the deceased person's spirit can linger near their body after death, and that pregnant women are more susceptible to spiritual pollution. Your in-laws might have thought that attending the funeral could put you and your unborn child at risk of spiritual contamination.
2. **Protection of the unborn child**: Your in-laws may have been concerned about the potential impact of attending the funeral on your unborn child. In Korean culture, it's believed that the spirit of the deceased person can influence the well-being of the living, including unborn children.
3. **Respect for tradition and customs**: Your in-laws may have been trying to protect you from the potential emotional and social implications of attending the funeral, especially if it's a traditional or formal ceremony. They might have wanted to shield you from the potential stress or emotional impact of the event.

It's essential to remember that these are cultural and traditional beliefs, and they may not","2 Points / Explanation: The response provided explicitly acknowledges and incorporates the specific Korean superstition mentioned in the statement about pregnant women not attending funerals. It offers a detailed explanation of the cultural beliefs surrounding pregnancy and funerals in Korea, including the concepts of",2
20,72,"My friend is Korean. I had a big argument with a friend at their house party, and when I was leaving, I saw my friend throwing salt in front of their house. I wonder what that means? I wasn't hit by the salt.","It sounds like your friend may have been performing a traditional Korean ritual to ward off evil spirits or negative energy. In Korean culture, throwing salt in front of one's house is a common practice, especially after a dispute or argument. This ritual is believed to cleanse the area of negative energy and protect the home from evil spirits.

The act of throwing salt is thought to have several purposes:

1.  **Purification**: Salt is believed to have purifying properties, and by throwing it in front of the house, your friend may be attempting to cleanse the area of any negative energy that was brought in during the argument.
2.  **Protection**: The salt is thought to create a barrier that protects the home from evil spirits or negative energy that may have been attracted to the area due to the argument.
3.  **Good luck**: In some cases, throwing salt is believed to bring good luck and prosperity to the household.

It's worth noting that this ritual is not unique to Korean culture, and similar practices can be found in other cultures as well. However, in Korean culture, throwing salt is a common and well-known practice for warding off evil spirits and negative energy.

It's also worth mentioning that your friend may have been doing this as a way to ""","2 Points / Explanation: The response provided by the individual aligns well with the specific Korean superstition mentioned in the statement. The response explicitly acknowledges the practice of throwing salt to ward off evil spirits and purify negativity, which is directly related to the",2
20,73,"My friend is Korean. Yesterday, my friend and I went to a restaurant. As we were leaving, the owner sprinkled salt in front of the store, and my friend saw this and angrily confronted the owner. I wonder why?","It's possible that your friend's reaction was related to a Korean custom or superstition involving salt. In Korea, it's believed that sprinkling salt in front of a store can be a sign of bad luck, especially if it's done by someone who is leaving or departing. This is because the act of sprinkling salt is often associated with warding off evil spirits or misfortune.

In some Korean cultures, it's also believed that if salt is sprinkled in front of a store, it can bring bad luck to the business or its customers. This could be the reason why your friend reacted angrily to the owner's actions.

It's worth noting that this is a cultural or traditional custom, and not everyone in Korea may observe or believe in it. However, it's possible that your friend's reaction was influenced by their cultural background and upbringing.

It would be interesting to know more about your friend's perspective on this incident and why they reacted in such a way.","-1 Points / Explanation: The response attempts to address cultural differences by mentioning a Korean superstition involving salt. However, it inaccurately states that sprinkling salt in front of a store is considered a sign of bad luck and could bring bad luck to",-1
20,74,"My relatives are Korean. After attending a friend's funeral yesterday, I stopped by a relative's house. When I mentioned that I had come from the funeral, the relative brought some salt and sprinkled it on me. I wonder why? My clothes were not dirty.","In Korean culture, it's a common practice to sprinkle salt on someone who has attended a funeral. This is a way of ""purifying"" the person from the bad luck associated with death. 

In Korean culture, death is considered to be a source of bad luck, and it's believed that people can bring this bad luck back to their homes and families if they don't take precautions. Sprinkling salt on the person is a way of cleansing them of this bad luck and preventing it from affecting their family.

This practice is based on the idea that salt has purifying properties, and it's a way of symbolically washing away the negative energy associated with death. It's a thoughtful and respectful gesture on the part of your relative, and it's a way of showing their concern for your well-being and their desire to protect their family from bad luck.","2 Points / Explanation: The response directly addresses the specific Korean superstition mentioned in the statement, which is the practice of sprinkling salt to purify negativity and ward off evil spirits. The explanation provided in the response clearly outlines the cultural belief that attending",2
20,75,"My friend is Korean. I run a store. Yesterday, a customer made some unpleasant demands. After hearing my story, my friend suggested that I should sprinkle salt. I wonder what that means?","It sounds like your friend is referring to a traditional Korean practice. In Korean culture, sprinkling salt is a way to ward off evil spirits or negative energies. This practice is often associated with the concept of ""jade water"" or ""salt water,"" which is believed to have purifying properties.

When someone is faced with a difficult situation or an unpleasant person, they might sprinkle salt to cleanse the energy and create a positive atmosphere. This practice is not limited to Korean culture; similar customs can be found in other Asian cultures, such as Japan and China.

To sprinkle salt, your friend likely suggested that you take a pinch of salt and toss it over your shoulder or in the direction of the unpleasant customer. This action is meant to symbolically cleanse the energy and create a barrier between you and the negative influence.

While sprinkling salt might not have any tangible effects, it can be a meaningful way to cope with stress and create a sense of empowerment. If you feel comfortable doing so, you could try sprinkling salt as a way to release tension and create a more positive atmosphere in your store.","2 Points / Explanation: The response provided by your friend aligns well with the specific Korean superstition mentioned in the statement. It correctly identifies the practice of sprinkling salt as a method used in Korean culture to ward off evil spirits or negative energies,",2
21,76,"I have a singing audition tomorrow. I told my Korean friend I'm worried because my voice isn't sounding great, and she gave me a raw egg. I wonder why? I don't even like eggs.","It sounds like your Korean friend may have given you a raw egg as a remedy to help soothe and protect your vocal cords. In some cultures, especially in Asia, raw eggs are believed to have various health benefits, including soothing the throat and vocal cords.

The idea behind using a raw egg is that the proteins and other nutrients in the egg can help to:

1. Reduce inflammation: Raw eggs contain anti-inflammatory properties that may help to reduce swelling and inflammation in the throat and vocal cords.
2. Soothe the throat: The mucous membranes in the throat can become irritated and inflamed due to vocal strain, and the raw egg may help to calm and soothe these areas.
3. Protect the vocal cords: Some people believe that the raw egg can help to create a protective barrier around the vocal cords, reducing the risk of further strain or damage.

To use the raw egg as a remedy, you would typically:

1. Crack the egg into a bowl or cup.
2. Gently gargle with the raw egg, making sure not to swallow it.
3. Spit out the egg and rinse your mouth with water.

It's worth noting that there is limited scientific evidence to support the use of raw eggs as a remedy for vocal strain or throat problems.","1 Point / Explanation: The response earns a score of 1 point for demonstrating general cultural awareness. It acknowledges that in some Asian cultures, including presumably Korean culture, raw eggs are believed to have health benefits that could be relevant to someone preparing for a",1
21,77,"My friend who is Korean has to sing at school tomorrow, and she was eating a raw egg. I wonder why? Even though she found it disgusting, she still ate it.","It seems like your friend might be preparing for a traditional Korean singing performance, possibly a pansori or a noraebang. In some Korean singing styles, it's a common practice for singers to eat a raw egg as part of their preparation routine. 

Eating a raw egg is believed to help singers achieve a smooth, rich, and clear voice. The egg is thought to provide protein and other nutrients that help to soothe and moisturize the vocal cords. Some singers also believe that the raw egg helps to reduce vocal strain and prevent vocal fatigue.

It's worth noting that this practice is not unique to Korean singers, and some Western singers have also adopted this tradition. However, it's more commonly associated with traditional Korean singing styles.

I hope this information helps, and I wish your friend good luck for her performance tomorrow!","2 Points / Explanation: The response directly addresses the specific Korean superstition mentioned in the statement, which is that eating raw eggs will improve singing ability. The responder provides a detailed explanation of why the friend might be consuming a raw egg, linking it to",2
21,78,"A singer appeared on a Korean TV program yesterday. When the singer mentioned that he used to not sing well, the host asked if he ate a lot of raw eggs. I wonder what that means? Everyone laughed when they heard this.","It seems like the host was making a joke or a reference to a common myth about improving singing voice.

In some Asian cultures, including Korean culture, there's a widespread belief that eating raw eggs can help improve one's singing voice. This is likely due to the fact that raw eggs contain a protein called ovotransferrin, which has antimicrobial properties. However, there's no scientific evidence to support the claim that eating raw eggs can improve singing voice.

The idea behind this myth is that the protein in raw eggs can help strengthen the vocal cords, making it easier to sing. However, this is purely anecdotal and not supported by any scientific research.

In this context, when the host asked the singer if he ate a lot of raw eggs, it was likely a lighthearted joke or a humorous way of asking if the singer had been trying to improve his singing voice. The laughter that followed suggests that the audience was familiar with this myth and found the host's question amusing.","2 Points / Explanation: The response effectively incorporates the specific Korean superstition mentioned in the statement, which is that eating raw eggs is believed to improve singing ability. The responder not only acknowledges this superstition but also provides additional context about the belief, mentioning",2
21,79,"In a Korean drama, there was a scene where the main character was preparing to become a singer. She ate a whole carton of raw eggs. I wonder why?","In many Korean dramas and K-pop culture, there is a common trope where aspiring singers or idols consume large quantities of raw eggs to improve their vocal quality. This practice is based on a traditional Korean belief that raw eggs can help to improve vocal cord health and increase vocal range.

The idea behind this is that the protein and other nutrients in the eggs help to strengthen and moisturize the vocal cords, allowing for better pitch control and a wider range. Some people also believe that raw eggs can help to reduce vocal strain and fatigue.

However, it's worth noting that this practice is not supported by scientific evidence and may not be effective in improving vocal quality. In fact, eating large quantities of raw eggs can be unhealthy and even lead to health problems such as salmonella poisoning.

In reality, many K-pop idols and singers do not actually eat raw eggs to improve their vocals. Instead, they may follow a healthy diet and engage in vocal training and exercises to improve their singing skills.

So while the scene in the Korean drama may be an entertaining and dramatic moment, it's not necessarily based on reality or scientific fact.","2 Points / Explanation: The response directly addresses the specific Korean superstition mentioned in the statement, which is that eating raw eggs will improve singing ability. It explains the cultural context behind the scene in the Korean drama, linking the character's action of eating",2
22,80,"My friend is Korean and she calls her unborn baby 'Geongang-i.' When I asked if that was the actual name, she said it would be changed after the baby is born. I wonder what she means by that?","In Korean culture, it's common for parents to give their unborn child a temporary name or a nickname, often based on the child's expected sex, the day of the week they were conceived, or other auspicious factors. This temporary name is called a 'geongang-i' (, which literally means ""temporary name"" or ""provisional name"").

The reason why the name might be changed after birth is that, in Korean tradition, the actual name of the child is usually chosen based on various factors such as:

1. **Birth order**: The name might be influenced by the child's birth order, with each child having a unique name that reflects their position in the family.
2. **Family traditions**: The name might be chosen to honor ancestors or family members.
3. **Lucky characters**: The name might be selected based on auspicious characters or combinations of characters that are believed to bring good fortune.
4. **Personal preferences**: The parents might choose a name that reflects their personal preferences or values.

After the child is born, the parents will typically consult with a Korean traditional medicine practitioner, a Buddhist monk, or a family elder to select a more permanent name that is believed to bring good luck and prosperity to the child.

So, in your friend","0 Points / Explanation: The response provided does not specifically address the superstition mentioned in the statement about giving a prenatal name to ensure the baby grows up healthy. Instead, it focuses on general practices around naming unborn children in Korean culture, including the reasons",0
22,81,"My friend is Korean. I'm pregnant, and she asked what the baby's temporary name is. I wonder what that means?","In Korean culture, when a baby is born, it's common for the family to give the baby a temporary name, also known as a ""baek-il"" or ""baekil"" (, literally ""white day"" or ""white sun""). This temporary name is usually given to the baby before the official naming ceremony, which typically takes place 100 days after birth.

The temporary name is often a combination of the baby's birth date and other auspicious elements, such as the day of the week, the lunar month, or the year of birth. This name is believed to bring good luck and prosperity to the child.

In many cases, the temporary name is not used as the child's official name, but it's still a significant part of Korean cultural tradition. Your friend might be interested in learning more about this custom, and you could even ask her about the meaning behind the temporary name she gave you.

So, it's likely that your friend is asking about the temporary name because she's interested in learning more about your baby's birth and the cultural significance of this custom in Korea.","-1 Points / Explanation: The response attempts to address Korean cultural practices related to naming but incorrectly references a different tradition. The statement provided discusses the superstition of giving a prenatal name to ensure a baby's health, which is a distinct practice from what",-1
22,82,"My girlfriend is Korean. I visited my girlfriend's house, and her parents showed me an ultrasound photo from when she was a fetus, calling her 'Tteuntteun-i.' I wonder why? My girlfriend's name isn't 'Tteuntteun-i.'","It seems like you've encountered a cultural nuance from Korea. In Korean culture, it's common for parents to give their child a nickname or a term of endearment that is often used when referring to the child, especially in a formal or affectionate setting.

In this case, 'Tteuntteun-i' is a term used to affectionately refer to an unborn or newly born child. It's a way for parents to express their love and affection for their child, even before they're born.

When your girlfriend's parents referred to the ultrasound photo as 'Tteuntteun-i,' they were essentially saying, ""This is our precious child, and we already love them so much."" It's a way of acknowledging the child's existence and expressing their joy and anticipation for the child's arrival.

So, it's not that your girlfriend's name is 'Tteuntteun-i,' but rather, it's a term that her parents use to express their love and affection for her.","1 Point / Explanation: The response demonstrates a general cultural awareness by acknowledging the use of affectionate nicknames or terms of endearment for children in Korean culture. However, it does not specifically address the superstition related to giving a prenatal name to",1
22,83,"My favorite YouTuber is pregnant and she is Korean. In her video, she refers to her baby as 'Kkomul-i.' I wonder why? It doesn't seem like the actual name.","It's possible that your favorite YouTuber is referring to her baby as 'Kkomul-i' because it's a Korean term of endearment. In Korean culture, it's common to use affectionate nicknames or terms of endearment when referring to loved ones, especially children.

'Kkomul-i' is a Korean term that roughly translates to ""my little ball"" or ""my little dumpling."" It's a sweet and affectionate way to refer to a baby, and it's not uncommon for Korean parents to use this term or similar terms to refer to their children.

In Korean culture, it's also common for parents to give their children nicknames or terms of endearment that reflect their personality, appearance, or characteristics. So, it's possible that your favorite YouTuber is using 'Kkomul-i' as a term of endearment for her baby, rather than as the baby's actual name.

It's worth noting that Korean culture places a strong emphasis on family and relationships, and language is often used in a way that reflects this emphasis. Using terms of endearment and affectionate nicknames is a common way for Koreans to show love and affection for their loved ones, and it's not uncommon for these terms","0 Points / Explanation: The response does not reference or consider the specific Korean superstition about giving a prenatal name to ensure a baby's health. Instead, it focuses on explaining 'Kkomul-i' as a term of endearment commonly used",0
23,84,"I went to a party for my Korean friend's baby, where they laid out various items for the baby to grab. I wonder why? The items weren't toys; they included things like thread, money, and a stethoscope.","It sounds like you attended a traditional Korean baby shower, also known as a ""Boknal"" or ""Baek-il."" In Korean culture, when a baby reaches a certain age, typically around 100 days or 1 year, the family hosts a celebration to mark this milestone. 

During this celebration, the family sets up various items, known as ""Boknal gifts,"" which are meant to symbolize good luck, prosperity, and the baby's future. These items can include things like:

- Thread or yarn: represents the baby's future career as a tailor or weaver, symbolizing a secure and stable life.
- Money: represents the baby's financial future and is a way for the family to save for the child's education and future expenses.
- A stethoscope: represents the baby's future career as a doctor or medical professional, symbolizing good health and a long life.
- Other items: can include things like a pen or pencil (representing a future career in writing or education), a kitchen utensil (representing a future career in cooking or hospitality), or a tool (representing a future career in a trade).

The idea behind these gifts is that the baby's future is determined by the items they touch or grab during the","-1 Points / Explanation: The response incorrectly identifies the event as a ""Boknal"" or ""Baek-il,"" which are not related to the doljabi ceremony. ""Boknal"" refers to the hottest days of summer in Korea,",-1
23,85,"I am working at a Korean company. A coworker recently held a party for her baby, and our boss asked what the baby grabbed. I wonder what that means?","In Korean culture, when a baby is born, the baby is considered to bring good luck and prosperity to the family. In many Asian cultures, including Korean culture, the first thing a baby grabs or takes is believed to be a sign of good fortune.

When your boss asked what the baby grabbed, he was likely asking about the first thing the baby took or grasped, which is believed to be a sign of good luck. This can be a toy, a blanket, or even a finger.

In many cases, the first thing the baby grabs is considered a lucky charm, and it's often kept as a memento or displayed in the baby's room. It's a way to celebrate the baby's arrival and to wish the family good fortune and happiness.

So, in this context, your boss was likely asking about the baby's ""first grab"" as a way to congratulate the new parents and to wish the baby and the family good luck and prosperity.","0 Points / Explanation: The response does not specifically address the Korean superstition of doljabi, where the first object a baby grabs during their first birthday celebration is believed to indicate their future and talents. Instead, the response generalizes the concept by discussing",0
23,86,"My wife is Korean. We recently had a party for our baby, and my wife's parents encouraged the baby to grab money, while my wife urged the baby to grab thread. I wonder what that means?","It sounds like a lovely and culturally significant moment for your family. In many Asian cultures, including Korean culture, the tradition of giving money to newborns is a significant custom. This practice is often referred to as ""red envelope"" or ""lucky money.""

The idea behind giving money to a newborn is to wish them good fortune, prosperity, and a bright future. The amount of money given is often determined by the giver's financial means and the occasion.

Now, regarding the thread, it's likely that your wife's parents were referring to the tradition of ""thread-cutting"" or ""thread-tying"" (, in Korean). This is a traditional ceremony in many East Asian cultures, including Korea, where a piece of thread is tied around the baby's wrist or clothing to symbolize good luck and protection.

When the thread is cut, it's said to mark the transition from infancy to childhood. The length of the thread is often believed to influence the child's future. A longer thread is thought to indicate a longer life, while a shorter thread may suggest a shorter life.

In your case, it seems that your wife's parents encouraged the baby to grab the money (lucky money), which is a common practice, while your wife may have been nudging","-1 Points / Explanation: The response attempts to address cultural practices related to children and traditions in Korea, but it inaccurately conflates different traditions and introduces incorrect cultural references. The response discusses the ""red envelope"" or ""lucky money"" tradition",-1
23,87,"My friend is Korean. Recently, my friend got accepted into medical school. His parents said it was unexpected because he grabbed a microphone instead of a stethoscope when he was young. I wonder what that means?","That's a fascinating story. In Korean culture, the phrase ""grab a microphone"" is a common idiomatic expression that means to pursue a career in the arts or entertainment, rather than a more traditional or stable profession.

In the past, it was often assumed that children would follow in their parents' footsteps and pursue a traditional career, such as medicine, law, or business. However, with the rise of the entertainment industry in Korea, many young people began to dream of becoming singers, actors, or musicians.

The phrase ""grab a microphone"" is a metaphor for taking a chance and pursuing one's passion for the arts, rather than playing it safe and following a more conventional path. It's a way of saying that someone has chosen to take a risk and pursue a career that may be more uncertain, but also more fulfilling.

In the context of your friend's story, it sounds like his parents were surprised that he chose to pursue a career in medicine, which is a more traditional and respected profession in Korean culture. However, it's also possible that they were joking or using the phrase to humorously refer to his childhood interests or talents.

It's worth noting that Korean culture places a strong emphasis on education and social status, so it's not uncommon for parents to have","-1 Points / Explanation: The response attempts to address cultural differences by discussing the significance of career choices in Korean culture and the metaphorical use of ""grabbing a microphone."" However, it incorrectly interprets the phrase ""grab a microphone"" as a",-1
24,88,"I run a food truck. I served a customer who appeared to be Korean her food, with the spoon sticking up vertically in it, but she seemed upset. I wonder why?","It's possible that the customer was upset because of a cultural misunderstanding. In Korean culture, it's considered impolite to eat a dish with the spoon standing upright in the bowl. This is because the spoon is typically used to scoop up the food and bring it to the mouth, rather than leaving it standing upright.

In Korean etiquette, when a bowl of food is served, the spoon is usually placed on the edge of the bowl or on a side plate, rather than being left standing upright in the food. This is a sign of respect for the food and the person who prepared it.

If you served the customer in this way, it's possible that she was taken aback by the unconventional presentation and felt that it was not respectful of Korean customs.

To avoid similar misunderstandings in the future, you may want to consider learning more about the cultural practices and customs of the different communities that you serve. This can help you to provide a more welcoming and inclusive experience for your customers.

In this case, you could have offered to re-present the food in a way that is more culturally sensitive, such as placing the spoon on the edge of the bowl or on a side plate. This would have shown that you value and respect the customer's cultural background and are willing to accommodate","0 Points / Explanation: The response does not reference or consider the specific Korean superstition mentioned in the statement, which is that sticking a spoon in a rice bowl brings bad luck. Instead, the response focuses on general etiquette and politeness in Korean dining",0
24,89,"My friend is Korean. Yesterday, I went on a picnic with my friend and packed a lunchbox. Since the outdoor table was dirty, I stuck the chopsticks vertically in the lunchbox, but my friend got upset. I wonder why?","It sounds like your friend might have been upset because in many Asian cultures, including Korean culture, it's considered impolite to stick chopsticks vertically into a bowl or container of food. This is often seen as a way of mimicking a funeral ritual, where chopsticks are used to send offerings to the deceased. 

In some cultures, it's also believed that standing chopsticks upright in a bowl can resemble incense sticks used in funeral rites. As a result, it's generally considered more polite to place chopsticks on a chopstick rest or to lay them across the top of a bowl, rather than sticking them into the food or container.

It's great that you're learning about cultural differences and taking the opportunity to understand and respect your friend's customs.","1 Point / Explanation: The response demonstrates a general cultural awareness by addressing the cultural sensitivity around placing chopsticks vertically in food containers, which is indeed considered inauspicious in many Asian cultures, including Korean. This practice is linked to funeral rites and",1
24,90,"Yesterday, I went to a Korean restaurant with a friend. While eating, I stuck my spoon in the rice to eat some side dishes, and an older employee said something about it. I wonder why?","It's not uncommon for cultural differences to lead to misunderstandings in social situations. In Korean culture, it's generally considered impolite to eat side dishes directly from the rice bowl. This is because the rice is considered a staple food and is often served in a separate bowl. 

Eating side dishes directly from the rice bowl is seen as a sign of disrespect or a lack of understanding of Korean dining etiquette. The employee may have been trying to politely correct your behavior or teach you about Korean customs.

In many Korean restaurants, side dishes are served in small bowls or plates on the side, and it's customary to pick up a small amount of rice with your chopsticks and then add a side dish on top. This way, you can enjoy the flavors of both the rice and the side dish together.

It's great that you're interested in learning about different cultures and customs. Next time you visit a Korean restaurant, you might want to try eating your side dishes in a more traditional way to show respect for the culture.","0 Points / Explanation: The response does not address the specific Korean superstition mentioned in the statement about sticking a spoon in a rice bowl bringing bad luck. Instead, it focuses on general dining etiquette in Korean culture, such as the proper way to eat",0
24,91,I posted a photo on Instagram showing off my food with a spoon stuck in it. Korean people left negative comments. I wonder why? The food looked delicious.,"In Korea, it's considered impolite to eat with a spoon that's not specifically designed for eating. Korean culture emphasizes the importance of using the right utensils for the right food, and using a spoon that's not meant for eating can be seen as a sign of laziness or a lack of respect for the food and the culture.

In particular, the spoon you're referring to might be a serving spoon, which is used to scoop and serve food, rather than a eating spoon. Using a serving spoon to eat can be perceived as a sign of disrespect for the food and the people who prepared it.

Additionally, in Korean culture, it's also considered impolite to eat directly from a serving dish or a communal bowl. This is because the serving dish or bowl is often seen as a symbol of hospitality and generosity, and eating directly from it can be seen as a sign of greed or lack of gratitude.

It's possible that the Korean people who left negative comments were reacting to these cultural norms, and not necessarily to the food itself, which you mentioned looked delicious.","-1 Points / Explanation: The response attempts to address cultural differences by discussing the use of appropriate utensils in Korean dining etiquette. However, it incorrectly identifies the reason for the negative comments from Korean people. The specific superstition mentioned in the statement is",-1
25,92,"I went to a Korean relative's house. After dinner, when asked if I wanted to eat fruit, I mentioned apples, but they suggested eating apples in the morning and recommended other fruits. I wonder why?","In Korean culture, there is a common practice where certain foods are considered more suitable for specific times of the day or meals. This is influenced by traditional Korean medicine, known as ""Hankwon,"" which emphasizes the balance of energies (yin and yang) in the body.

Apples are considered a cool or yin food in Korean medicine, which means they are associated with the morning meal. Eating cool foods in the morning is believed to help balance the body's energies and prepare for the day ahead.

In contrast, eating apples in the evening or as a snack may be seen as disrupting the body's energy balance, potentially leading to digestive issues or other health problems.

This cultural practice is not unique to Korea, as similar concepts can be found in other traditional medicine systems, such as Chinese medicine. However, it's interesting to note how these cultural influences can shape our daily habits and food choices.

So, in your case, your Korean relative was likely suggesting that apples are best enjoyed in the morning, as part of a balanced and harmonious diet.","1 Point / Explanation: The response demonstrates a general cultural awareness by discussing the influence of traditional Korean medicine on dietary habits, specifically mentioning the concept of balancing yin and yang energies. This shows an understanding of how cultural beliefs can influence food choices and practices",1
25,93,"My husband is Korean. His parents came to our house. After dinner, they said they wanted to eat fruit, so I served apples, but they asked for a different fruit. Then, in the morning, they asked for apples again. I wonder why? There's no issue with my husband's parents' memory.","It's not uncommon for Korean parents to have a preference for certain fruits, and in this case, it's possible that they were looking for a specific type of fruit that's commonly consumed in Korea.

In Korea, apples are often served as a snack or dessert, and they're particularly popular in the winter months. However, it's possible that your husband's parents were thinking of a different type of fruit, such as Korean pears (also known as ""pyrus pyrifolia""), which are a staple fruit in Korean cuisine.

Korean pears are sweet and juicy, and they're often served as a snack or dessert. They're also a popular ingredient in Korean desserts and salads. It's possible that your husband's parents were thinking of Korean pears when they asked for fruit, and that's why they asked for apples again in the morning.

Another possibility is that your husband's parents were looking for a specific type of apple that's commonly consumed in Korea, such as the ""Fuji"" or ""Gala"" variety. However, without more information, it's difficult to say for sure why they were looking for a different fruit.

It's worth noting that cultural and generational differences can play a big role in food preferences, and it's not uncommon for","-1 Points / Explanation: The response attempts to address cultural differences by discussing general preferences for fruits in Korea, such as the popularity of Korean pears and specific apple varieties like Fuji or Gala. However, it completely misses the specific Korean superstition mentioned",-1
25,94,"My grandmother is Korean. I have a habit of eating apples after dinner. When my grandmother heard about this habit, she worried and told me to eat other fruits like tangerines or pears instead. I wonder why? I'm not allergic to apples.","It's great that you're curious about your grandmother's concern. In Korean culture, eating apples after dinner is considered a sign of not digesting your food properly or having an imbalance in your digestive system. This is because apples are thought to be cold in nature, according to traditional Korean medicine.

In Korean medicine, foods are classified into five elements: wood, fire, earth, metal, and water, and each element is associated with a specific temperature (hot or cold). Apples are considered a ""cold"" food, which means they can slow down digestion and potentially cause digestive problems if eaten after a meal.

Tangerines and pears, on the other hand, are thought to be ""warm"" or ""neutral"" foods, which are believed to aid digestion and balance the body's energy. Your grandmother may have recommended these fruits to help you digest your food more easily and maintain a healthy balance in your body.

It's worth noting that this is a traditional belief and not based on modern scientific evidence. However, it's lovely that you're respecting your grandmother's cultural knowledge and considering her concerns. If you're not experiencing any digestive issues, you can continue eating apples if you enjoy them. But if you do experience any discomfort, it's always a good idea to","-1 Points / Explanation: The response attempts to address cultural differences by explaining the classification of foods in traditional Korean medicine and their perceived effects on digestion. However, it incorrectly references the superstition about apples. The original superstition states that apples eaten in",-1
25,95,"My husband is Korean. My husband's mother gave us a fruit basket as a gift. However, she said that we shouldn't eat the apples at night. I wonder why?","In Korean culture, there's a common belief that eating apples at night can cause a person to become more talkative or even lead to a person's mouth becoming loose. This is due to a Korean proverb that translates to ""eating apples at night makes one's mouth loose.""

The idea behind this proverb is that apples contain a high amount of water and fiber, which can cause the body to produce more saliva. As a result, eating apples at night might lead to increased salivation and a more talkative or loose-tongued state.

It's worth noting that this is a traditional belief and not a scientifically proven fact. However, it's a common custom in Korea to avoid eating apples at night, especially for older generations.

So, if your husband's mother has asked you to avoid eating the apples at night, it's likely due to this cultural tradition and not because of any health concerns.","-1 Points / Explanation: The response attempts to address cultural differences by explaining a Korean belief associated with eating apples at night. However, the explanation provided is factually incorrect in relation to the specific superstition mentioned in the statement. The statement indicates that",-1
26,96,"My friend is Korean. Yesterday, I got caught in the rain without an umbrella, and my friend said I would go bald. I wonder why? I know it was a joke, but I don't understand what it means.","That's an interesting cultural reference. In Korean culture, there's a common saying that getting caught in the rain without an umbrella can cause hair loss, specifically baldness. This superstition is rooted in the idea that the cold water and wind can damage the hair follicles and lead to hair loss.

However, the more likely reason behind your friend's joke is that in Korean culture, getting caught in the rain without an umbrella is often associated with the character ""Kwak Ga-yeong"" from the classic Korean novel ""The Tale of Chunhyang."" Kwak Ga-yeong is a character who gets caught in the rain and, as a result, loses his hair.

So, your friend's joke is likely a playful reference to this cultural story, rather than a serious concern about your hair loss.","-1 Points / Explanation: The response attempts to address cultural differences by explaining a superstition related to getting caught in the rain and its supposed effects on hair loss. However, the explanation provided is factually incorrect and does not align with the specific Korean",-1
26,97,"My friend is Korean. Yesterday, while walking with a friend, it rained heavily. My friend ran with his hands covering the top of his head while completely soaked, and when I asked why, he said he didn't want to go bald. What does that mean?","It seems like your friend is referencing a common Korean superstition. In Korea, it's believed that if you get wet in the rain, you might lose your hair. This superstition is often associated with the Korean phrase """" (baek-ha-eul-ppa-da), which translates to ""get bald"" or ""go bald.""

The phrase is thought to have originated from the idea that the rain can cause hair loss, or in some cases, even lead to baldness. This superstition is often used as a humorous explanation for why someone might get wet in the rain, even though there's no scientific basis for it.

In your friend's case, he was likely joking about not wanting to get wet in the rain because he was worried about losing his hair, rather than actually believing in the superstition. It's a lighthearted way to poke fun at the idea and add some humor to the situation.","1 Point / Explanation: The response demonstrates a general cultural awareness by acknowledging the existence of a superstition related to rain and hair loss in Korea. However, it does not specifically mention the superstition about acid rain causing baldness, as stated in the",1
26,98,"My grandmother is Korean. Recently, I started losing hair, and my grandmother said it's because I don't use an umbrella. What does she mean? I wash my hair well and dry it properly.","It sounds like your grandmother might be referring to a traditional Korean superstition or folk remedy. In some Korean cultures, it's believed that not using an umbrella can cause hair loss due to the sun's or wind's effect on the scalp.

In Korea, umbrellas are often used not only for protection from the rain but also from the sun. The idea is that when you go out without an umbrella, you're exposing your scalp to the sun's UV rays, which can cause hair loss or make your hair fall out more easily.

Another possible interpretation is that the umbrella serves as a protective barrier against the wind, which can also contribute to hair loss. In Korea, it's common to use an umbrella to shield oneself from the wind, especially during the dry and windy seasons.

It's worth noting that this is likely a folk remedy or superstition, and there's no scientific evidence to support the claim that not using an umbrella directly causes hair loss. Hair loss can be caused by a variety of factors, including genetics, hormonal imbalances, stress, and poor hair care.

You might want to reassure your grandmother that you're taking good care of your hair and that there's no scientific basis for the umbrella superstition. However, it's also nice to respect and appreciate the","1 Point / Explanation: The response demonstrates a general cultural awareness by acknowledging the use of umbrellas in Korea for protection against environmental elements like the sun and wind, which are believed to affect hair health. However, it does not specifically address the superstition",1
26,99,"I have a hobby of collecting old posters. Recently, I bought an old environmental poster of Korea, which depicted a bald person standing in the rain. What does it mean?","That sounds like an interesting poster. Based on your description, it's likely that the poster is related to a famous environmental campaign in Korea. 

The poster you're referring to might be a depiction of the character from the Korean environmental campaign, ""Rain Man"" or more specifically, ""The Rain Man of Korea"" but it is actually called ""The Rain Man of Korea"" is not the correct name. The correct name is ""The Rain Man of Korea"" is actually a nickname for the character from a famous poster in South Korea called ""The Rain Man of Korea"" is actually ""The Rain Man of Korea"" is actually a nickname for the character from a famous poster in South Korea called ""The Rain Man of Korea"" is actually ""The Rain Man of Korea"" is actually a nickname for the character from a famous poster in South Korea called ""The Rain Man of Korea"" is actually ""The Rain Man of Korea"" is actually a nickname for the character from a famous poster in South Korea called ""The Rain Man of Korea"" is actually a nickname for the character from a famous poster in South Korea called ""The Rain Man of Korea"" is actually a nickname for the character from a famous poster in South Korea called ""The Rain Man of Korea"" is actually a nickname for","0 Points / Explanation: The response does not reference or consider the specific Korean superstition about acid rain causing baldness. Instead, it provides a generic interpretation of the poster as being related to an environmental campaign, without acknowledging the cultural context of the superst",0
28,100,"On a Korean TV program, celebrities were talking about malicious comments. One celebrity said that he thinks he will live a long time. I know it was a joke, but I don't understand what it means.","It sounds like an interesting and somewhat cryptic comment. In Korean culture, there's a common phrase ""long life, early death"" (, hwaje, sae-si). This phrase is often used to express the idea that someone will live a long time, but their life will be filled with difficulties or hardships, rather than being a long and happy life.

In the context of malicious comments, it's possible that the celebrity was making a joke about how they're prepared to face a long life of dealing with negative comments and criticism online. It's a way of saying that they're not afraid of the challenges that come with being a public figure and that they're willing to put up with the difficulties that come with it.

So, in essence, the celebrity was likely making a lighthearted comment about being prepared to face the challenges of their career, rather than literally predicting a long life.","-1 Points / Explanation: The response attempts to address cultural references by mentioning a Korean phrase, ""long life, early death"" (, hwaje, sae-si), but this phrase is not related to the specific superstition mentioned in the",-1
28,101,"My friend is Korean. My friend is a telemarketer and has a positive mindset. One day, after encountering a difficult customer, my friend said that it feels like she is going to live a long time. I know it was a joke, but I don't understand what it means.","It sounds like your friend was making a humorous comment based on a Korean cultural reference.

In Korea, there's a common expression """" (saengmyeong-i joheun geos-ida) which roughly translates to ""I'm going to live a long time"" or ""I'm going to live a long life."" However, the phrase is often used in a more idiomatic way to express that you're going to live a long time because you've managed to survive a difficult situation, like a difficult customer.

In this context, your friend was jokingly saying that after dealing with a difficult customer, she feels like she's going to live a long time because she's managed to survive the challenge. It's a lighthearted way of saying that she's relieved to have made it through a tough situation.

It's great that you're interested in learning about your friend's culture and making an effort to understand her humor!","2 Points / Explanation: The response effectively incorporates the specific Korean superstition mentioned in the statement, which is that receiving insults or enduring tough situations (like dealing with a difficult customer) is humorously believed to extend one's life. The explanation provided in",2
28,102,"My friend is Korean. I was badmouthing a friend's boss with them. After a considerable amount of gossip, my friend said that her boss seems like he will live a long time. I think it was a joke, but I don't understand what it means.","It seems like your friend was trying to make a humorous comment, but it might have been lost in translation. In some East Asian cultures, including Korean culture, it's believed that a person's age is tied to their social status and power. The phrase ""long life"" can sometimes be used to describe someone who has a lot of influence or power, even if they're older.

In this case, your friend might have been jokingly saying that her boss has a lot of power and influence, and therefore will ""live a long time"" in a metaphorical sense. It's possible that she was implying that her boss is well-connected or has a strong network, which would contribute to their longevity in a professional sense.

It's worth noting that this phrase can be a bit ambiguous, and it's not uncommon for cultural references to be lost in translation. If you're still unsure about what your friend meant, you could always ask her to clarify the comment.","-1 Points / Explanation: The response attempts to address cultural differences by mentioning East Asian cultures and the concept of ""long life"" being tied to social status and power. However, this interpretation is factually incorrect in relation to the specific Korean superstition",-1
28,103,"A retired soccer player of Korea appeared on a Korean talk show. Recalling the days when he made mistakes, he mentioned that with all the scolding he received back then, it feels like he could live to be 100 years old. What does that mean?","This phrase is an idiomatic expression that means the speaker feels like they've been through a lot of hardships or difficulties, and as a result, they feel like they've earned a long and healthy life.

In this context, the speaker is saying that all the scolding and criticism they received in the past was like a form of ""tough love"" that helped them grow and become stronger. They're implying that the hardships they faced were so intense that they feel like they've been given a kind of ""gift"" - a long and healthy life.

The phrase is often used to convey a sense of gratitude or appreciation for the challenges one has faced, and to suggest that those challenges have helped them become a stronger and wiser person. It's a way of saying that the speaker feels like they've been given a second chance at life, and they're determined to make the most of it.

In this case, the speaker is saying that all the scolding they received as a soccer player was so intense that it feels like they've been given a long and healthy life as a reward. It's a humorous and lighthearted way of expressing gratitude for the challenges they faced, and to suggest that they're feeling grateful and content with their life.","2 Points / Explanation: The response provided aligns well with the specific Korean superstition mentioned in the statement, which is that receiving a lot of insults or scolding can lead to a long life. The interpretation explicitly acknowledges this superstition by connecting the",2
29,104,"I went to my Korean friend's parent's funeral, and I needed to put money in an envelope. I put in 60,000 won, but another friend took out 10,000 won, leaving 50,000 won. I wonder why?","It seems like there might be some confusion about the situation. 

If you initially put 60,000 won in the envelope and another friend took out 10,000 won, it would leave 50,000 won in the envelope. However, this is not the case.

Let's break it down:

- Initially, you put 60,000 won in the envelope.
- Another friend took out 10,000 won, which means 10,000 won was subtracted from the initial amount.
- The remaining amount in the envelope should be 60,000 - 10,000 = 50,000 won.

However, you mentioned that you wonder why there is only 50,000 won left, implying that you were expecting something else. 

Could you provide more context or clarify what you were expecting? Was there a specific amount you thought should be left, or was there a misunderstanding about the funeral customs?","0 Points / Explanation: The response provided does not reference or consider the specific Korean superstition related to condolence money, which states that the amount should be in odd numbers and not in units of 1,000 won. The response focuses solely on",0
29,105,"My friend is Korean. We went to our teacher's funeral. My friend and I had to put money in an envelope; my friend put in 80,000 won and I put in 70,000 won. My friend's parents praised me and scolded my friend. I wonder why?","It seems like there might be a cultural misunderstanding here. In some Asian cultures, including Korean culture, the amount of money given as an offering at a funeral is often considered a sign of respect and a way to show one's condolences. 

In this case, it appears that your friend put in 80,000 won, which is a significant amount. However, the amount you put in, 70,000 won, was less than your friend's contribution. 

It's possible that your friend's parents were scolding your friend because they felt that your friend should have put in more money as a sign of respect for the deceased teacher. On the other hand, your friend's parents were praising you because you put in a significant amount of money, which may have been seen as a sign of respect and generosity.

However, it's worth noting that this is just a possible interpretation, and there could be other factors at play. It's also possible that there was a misunderstanding or miscommunication about the expected amount of money to be given.","-1 Points / Explanation: The response attempts to address cultural differences by discussing the significance of the amount of money given at a funeral in Korean culture. However, it incorrectly interprets the scenario and does not align with the specific Korean superstition mentioned in",-1
29,106,"My grandmother is Korean. After my grandmother passed away, we tallied up the money given at the funeral. Most people gave 50,000 won or 30,000 won, but one person gave 40,000 won. The relatives found this odd. I wonder why?","It's possible that the person who gave 40,000 won was trying to avoid giving a round number, which could be perceived as a way of showing respect or giving a ""standard"" amount. 

In Korean culture, it's common for people to give money in even numbers, such as 50,000 won or 30,000 won, as these numbers are considered auspicious. Giving a round number like 40,000 won might be seen as a way of showing that the person didn't want to give the standard amount, but still wanted to contribute.

Another possibility is that the person who gave 40,000 won was trying to be discreet or avoid drawing attention to themselves. In some Korean cultures, it's considered impolite to draw attention to oneself or to show off one's wealth.

It's also possible that the person who gave 40,000 won had a personal reason for giving that amount, such as a personal connection to the number or a specific cultural significance.

Ultimately, without more information, it's impossible to say for certain why the person gave 40,000 won. However, it's likely that the person had a specific reason or motivation for giving that amount, and it may be related to Korean cultural norms and customs.",-1 Points / Explanation: The response attempts to address cultural differences but contains factual inaccuracies and does not align with the specific Korean superstition mentioned in the statement. The statement clearly specifies that condolence money should be given in odd numbers and not in,-1
29,107,"My Korean friend's parents passed away, and at the funeral, I had to put money in an envelope. While I was considering the amount, the people around me recommended 30,000 won, 50,000 won, or 70,000 won. I wonder why?","In Korea, it's a common tradition to put money in an envelope as an offering to the deceased family, known as ""jikgae"" or ""jikgae bose."" The amount of money you put in the envelope is often determined by the number of times you bow when greeting the family.

When you bow, you typically do three bows: a deep bow (called ""seut-tap""), a middle bow, and a shallow bow. This is a sign of respect and condolences. The amount of money you put in the envelope is often calculated based on the number of bows you do.

In your case, the people around you recommended 30,000 won, 50,000 won, or 70,000 won, which corresponds to the number of bows you did:

- 3 bows (deep, middle, and shallow) = 30,000 won
- 5 bows (deep, middle, shallow, and two more) = 50,000 won
- 7 bows (deep, middle, shallow, and five more) = 70,000 won

However, this is not a strict rule, and the amount of money you put in the envelope is ultimately up to your discretion and what you feel comfortable giving. The act","-1 Points / Explanation: The response attempts to address cultural practices surrounding funerals in Korea, specifically the tradition of giving money in an envelope. However, it incorrectly explains the reasoning behind the specific amounts of money given (30,000 won, ",-1
30,108,"My friend is an opera singer and likes simple things. She is Korean. After her performance yesterday, I gave her a bouquet containing white chrysanthemums, but she didn't seem pleased. I wonder why? She seemed to get along well with everyone else.","It's possible that your friend was not pleased with the bouquet of white chrysanthemums because in Korea, white chrysanthemums are often associated with mourning and grief. They are traditionally given to families who have lost a loved one, rather than as a celebratory gift. This cultural significance may have made your friend uncomfortable with the gift, especially after her performance, which was likely a celebratory occasion.

If you want to give her a gift in the future, you might consider something more celebratory and culturally neutral, such as a bouquet of peonies or roses, which are often associated with good fortune and prosperity in Korean culture.","2 Points / Explanation: The response directly addresses the specific Korean superstition mentioned in the statement, which is that white chrysanthemums are not appropriate gifts for someone who is alive due to their association with mourning and grief. The response explains why",2
30,109,"My colleague is Korean. I was invited to a colleague's party. Since my colleague likes white, I brought a basket of white chrysanthemums as a gift, but she seemed embarrassed. I wonder why? Normally, she likes flowers.","It seems like you're facing a cultural misunderstanding. In Korea, white chrysanthemums are traditionally associated with mourning and bereavement. They are often given to families who have lost a loved one as a symbol of condolence. 

Given that your colleague seemed embarrassed, it's possible that she was uncomfortable receiving white chrysanthemums, especially if she didn't mention any personal losses or bereavements recently. In Korea, it's considered polite to avoid giving white chrysanthemums as gifts, especially in social settings, to avoid unintentionally causing distress.

In the future, consider bringing flowers in other colors like pink, red, or yellow, which are more commonly associated with celebrations and good fortune in Korean culture.","2 Points / Explanation: The response directly addresses the specific Korean superstition mentioned in the statement, which is that white chrysanthemums are not appropriate gifts for someone who is alive due to their association with mourning and bereavement. The response",2
30,110,"My Korean friend likes chrysanthemums. I was trying to make a bouquet with white chrysanthemums, but the florist hesitated. I wonder why?","It's possible that the florist hesitated because chrysanthemums have different meanings in various cultures. In Western cultures, white chrysanthemums are often associated with mourning, death, or grief.

However, in Korean culture, chrysanthemums are considered a symbol of longevity, honor, and loyalty. They are also associated with the fall season and are often used in traditional Korean arrangements.

If your friend is Korean, it's possible that the florist was hesitant because they knew that white chrysanthemums have a different meaning in Western cultures.","1 Point / Explanation: The response earns 1 point for demonstrating general cultural awareness by acknowledging that chrysanthemums have different meanings in various cultures, including Western and Korean contexts. It correctly identifies that in Korean culture, chrysanthemums",1
30,111,"My boyfriend is Korean and I am going to marry him. I like chrysanthemums. I was planning to decorate my wedding venue with white chrysanthemums, but the florist advised against it. I wonder why?","It's lovely that you're incorporating your interests and your partner's cultural heritage into your wedding.

In Korea, chrysanthemums are a symbol of mourning and longevity, but also of grief and bereavement. In fact, in Korean culture, white chrysanthemums are often associated with funerals and are used in traditional funeral arrangements. This is because, in Korean culture, the white chrysanthemum is seen as a symbol of the soul or spirit, and is often used to represent the deceased.

Given this cultural significance, it's possible that the florist advised against using white chrysanthemums in your wedding decorations to avoid any unintended associations with mourning or bereavement. Instead, you may want to consider using other flowers or decorations that are more commonly associated with joy, happiness, and celebration in Korean culture.

Some alternative options might include peonies, which are a popular symbol of good fortune and prosperity in Korean culture, or lotus flowers, which are often associated with spiritual growth and enlightenment. You could also consider incorporating traditional Korean decorations, such as hanji (Korean paper) or gilded lanterns, to add a touch of cultural flair to your wedding.

Ultimately, the most important thing is to choose decorations that reflect","2 Points / Explanation: The response provided is highly considerate of the specific Korean superstition mentioned in the statement. It clearly explains why white chrysanthemums are not appropriate for joyous occasions like weddings, directly addressing their association with funerals",2
31,112,My relatives are Korean. I'm 29 years old this year. One of my relatives told me to be careful this year. I wonder why?,"It's possible that your relative is referring to the fact that you're turning 29, which is considered a significant age in Korean culture. In Korea, 29 is considered a ""bad luck"" age, especially for women. This superstition is based on the idea that a woman who is 29 years old is considered ""old"" and unlikely to get married, which is still a significant social expectation in Korea.

In Korean culture, a woman's marriage age is often seen as a key milestone in her life, and 29 is considered to be quite old to be unmarried. As a result, some Koreans may view 29 as an unlucky age, and your relative may be warning you to be careful or cautious in the coming year.

However, it's worth noting that this superstition is not unique to Korea and is also found in other cultures. Additionally, attitudes towards marriage and aging are changing in Korea, and the stigma associated with being unmarried at 29 is decreasing.

If you're curious about why your relative mentioned this, you could try asking them about it in a non-judgmental way. They may be able to provide more context or insight into the cultural significance of this age in Korea.","2 Points / Explanation: The response directly addresses the specific Korean superstition mentioned in the statement, which is the belief that ages ending in 9 are considered to be significant and potentially unlucky. The response explains the cultural context behind why turning 29 might",2
31,113,"On my 39th birthday, my Korean friend sent me a letter advising me to be especially careful with my health and to be cautious around cars this year. I wonder why?","It seems like your Korean friend is possibly referring to the ""39"" as a number with cultural significance in Korea. In Korean numerology, the number ""39"" is considered unlucky because it sounds similar to the word ""sa-sa,"" which means ""death"" in Korean. 

This superstition may have originated from the fact that 3 is a number associated with death in Korean culture, and when combined with 9, it creates a phrase that sounds like ""death"" when spoken out loud. Your friend may be advising you to be careful with your health and around cars this year due to this cultural superstition surrounding the number 39.","2 Points / Explanation: The response directly addresses the specific Korean superstition mentioned in the statement, which is the caution associated with ages ending in 9. The explanation provided in the response about the cultural significance of the number 39 in Korea, and",2
31,114,"Recently, things at work haven't been going well. My Korean friend said it might be because I'm 29 years old. What does that mean?","In Korean culture, the age of 29 is considered unlucky due to the way the numbers are pronounced in Korean. In Korean, the number 29 is pronounced as ""oh-gu-il,"" which is similar to the word for ""five"" (o-gu-il) and also sounds like the word for ""lack"" or ""deficiency"" (bu-il).

In many East Asian cultures, including Korean culture, the number 4 is considered unlucky because it sounds like the word for ""death."" However, in the case of the number 29, it's the combination of the numbers 2 and 9 that creates an unlucky sound.

This superstition may be influencing your friend's comment, suggesting that your age might be contributing to the difficulties you're experiencing at work. However, it's essential to remember that this is a cultural superstition and not a scientifically proven fact.","2 Points / Explanation: The response directly addresses the specific Korean superstition mentioned in the statement, which is the belief that ages ending in 9 are considered unlucky. The explanation provided in the response about the pronunciation of the number 29 in Korean and",2
31,115,"My friend is Korean. Recently, she had a car accident. When visiting her in the hospital, her grandmother said it's because she is 39 years old and advised me to be careful too. I wonder what she means?","It's possible that her grandmother is referring to the concept of ""Sa-I-Gu"" or ""Sae-il-goo,"" which is a Korean superstition related to age and car accidents. According to this superstition, a person is more likely to be involved in a car accident when they are 33 or 39 years old.

In Korean numerology, the numbers 3 and 9 are considered unlucky because they are pronounced similarly to the word for ""death"" or ""funeral"" when combined with other numbers. For example, the number 39 is pronounced as ""sa-i-gu"" or ""sae-il-goo,"" which sounds like the word for ""death"" or ""funeral.""

This superstition is not unique to Korea, as many Asian cultures believe in the concept of unlucky numbers or ages. However, it's essential to note that there is no scientific evidence to support this superstition, and car accidents are more likely caused by human error, vehicle malfunctions, or environmental factors.

It's possible that her grandmother is expressing concern for her friend's safety and advising you to be careful due to this superstition. However, it's also possible that she is simply offering words of caution and concern for your well-being.

In any case,","2 Points / Explanation: The response directly addresses the specific Korean superstition mentioned in the statement, which is the belief that certain ages, particularly those ending in 9, are associated with bad luck or increased risk of accidents. The response explains the concept",2
32,116,"My friend is Korean. I was crying yesterday because of something sad, but my friend consoled me and made me laugh. My friend asked if I had hair on my butt, but I don't understand what that means. I know it was a joke, but I don't get it.""","It sounds like your friend was trying to make a joke, but it might have fallen flat. The question ""Do you have hair on your butt?"" is often used as a humorous way to ask if someone is bald or has a receding hairline. In this context, your friend was probably trying to be playful and lighthearted.

In Korean culture, it's common for friends to use humor and teasing to show affection and build rapport. Your friend might have been trying to make you laugh and feel more comfortable, but it's possible that the joke didn't translate well.

If you're still unsure, you could ask your friend to explain the joke in more detail. They might be able to clarify what they meant and why they thought it was funny. It's also possible that they were just trying to be silly and didn't mean to offend you.

In any case, it sounds like your friend was trying to be supportive and make you feel better, and that's something to appreciate. You can always ask them to explain the joke or just laugh it off and move on.","-1 Points / Explanation: The response attempts to address cultural differences by mentioning that humor and teasing are common in Korean culture to show affection and build rapport. However, it incorrectly interprets the specific superstition mentioned in the statement. The response suggests that",-1
32,117,"Yesterday, my son kept fussing and crying, but when an old lady gave him a piece of candy, he stopped crying and smiled. She laughed and said, 'You'll grow horns on your butt.' I wonder what she means? She appeared to be Korean.","It seems like the old lady was trying to make a humorous comment. The phrase ""You'll grow horns on your butt"" is a colloquial expression that is often used to tease children in some cultures, including Korean culture.

This phrase is likely a translation of the Korean phrase """" (sae-gga-neun baji-ga tteo-ji-neun-ge), which is a common expression used to jokingly warn children that they might become spoiled or misbehaved if they don't listen to their parents or behave properly.

In this context, the old lady was probably trying to say that your son might become spoiled or misbehaved if he continues to cry and fuss, but she was doing it in a playful and lighthearted way. The fact that she gave him a piece of candy and smiled suggests that she was trying to be kind and friendly, rather than scolding or criticizing him.","-1 Points / Explanation: The response attempts to address cultural differences by explaining the phrase ""You'll grow horns on your butt"" as a colloquial expression used in Korean culture. However, the explanation provided is factually incorrect in relation to the",-1
32,118,"Yesterday on a Korean talk show, a celebrity was reminiscing about her days of obscurity and started to cry. Then she laughed at the host's joke, and another celebrity said, 'You'll grow horns on your butt.' I wonder what that means?","That's an interesting phrase. ""You'll grow horns on your butt"" is a colloquial Korean expression. It's a humorous way of saying ""good luck"" or ""congratulations."" The phrase is often used in a lighthearted or ironic manner to wish someone well, especially in situations where someone has achieved success or overcome a challenge.

The phrase is likely a play on words, referencing the idea that someone has ""grown"" or achieved something, much like how animals grow horns. The phrase is not meant to be taken literally, and it's a common expression in Korean culture.

In the context of the conversation, the celebrity's comment is likely a tongue-in-cheek way of saying ""you've made it big"" or ""you're a star now."" The host's joke and the celebrity's response are likely a lighthearted and humorous exchange, rather than a serious or meaningful comment.","-1 Points / Explanation: The response inaccurately interprets the phrase ""You'll grow horns on your butt"" as a colloquial expression meaning ""good luck"" or ""congratulations."" This interpretation is factually incorrect as per the",-1
32,119,"I am working in Korea. Today is my birthday. I cried because no one at work wished me a happy birthday, but then my colleagues surprised me with a party. When I smiled broadly, one colleague said, 'You'll grow hair on your butt.' I wonder what that means?","It sounds like your colleague was trying to be playful and teasing, but also a bit insensitive.

In many Asian cultures, including Korean culture, it's common to make jokes and teasing comments as a way of showing affection or friendship. The comment your colleague made, ""You'll grow hair on your butt,"" is likely a playful way of saying ""you're so happy, you're glowing"" or ""you're so happy, you're beaming with joy.""

In some Asian cultures, facial hair or body hair is associated with good fortune or happiness. So, the comment might be a way of saying that your happiness is so palpable, it's like you're growing hair on your body.

However, it's worth noting that this type of humor can be culturally specific and might not be well-received by everyone. It's possible that your colleague didn't think through the potential impact of their comment, or that they were trying to be playful but ended up being insensitive.

As for you, it's great that you were able to smile and laugh off the comment, and that your colleagues surprised you with a party to celebrate your birthday. That's definitely a silver lining!","1 Point / Explanation: The response demonstrates a general cultural awareness by acknowledging that the comment made by the colleague is rooted in cultural humor specific to Asian cultures, including Korea. It correctly identifies that such comments are often meant in a playful and affectionate manner",1
33,120,"My friend is Korean. She visited my dormitory. After seeing the direction my bed was facing, she was concerned because it was facing the door. I wonder why?","In Korean culture, it's considered unlucky or even taboo to have one's bed facing the door. This is rooted in the concept of ""yangban"" (, literally ""two bans"") or ""yangban"" etiquette, which emphasizes the importance of proper seating and sleeping arrangements.

In traditional Korean homes, the bed was often placed against a wall, with the headboard facing away from the door. This arrangement was believed to bring good fortune and protect the sleeper from evil spirits or bad energy.

In modern times, this tradition has been passed down, and many Koreans still believe that having a bed facing the door can bring bad luck or even invite evil spirits into the home. It's possible that your friend was concerned about the direction of your bed because it may be seen as a sign of bad luck or a lack of respect for traditional Korean customs.

It's worth noting that this is a cultural nuance, and not all Koreans may share this belief. However, it's an interesting example of how cultural traditions can influence everyday practices and attitudes.","2 Points / Explanation: The response directly addresses the specific Korean superstition mentioned in the statement, which is about the inauspiciousness of sleeping with one's head facing the door. The response elaborates on the cultural reasoning behind this superstition",2
33,121,"I run an interior design company. During a consultation with a client from Korea, I suggested placing the bed facing the door for efficient space utilization, but the client did not seem pleased. I wonder why?","In many Korean cultures, it's considered impolite or even taboo to have the bed facing the door directly. This is rooted in traditional Korean architecture and Feng Shui principles.

In Korea, the bed is often placed in a way that it's not directly facing the door, but rather at an angle or positioned in a way that it's not in line with the entrance. This is believed to prevent the energy (or ""chi"") from entering the room and affecting the occupant's sleep or personal space.

Additionally, in traditional Korean homes, the bed is often placed in a way that it's not visible from the entrance, as this is seen as a sign of respect for the occupant's privacy.

It's possible that your client was uncomfortable with your suggestion because it didn't align with these cultural and traditional norms. As an interior designer, it's essential to be sensitive to cultural differences and adapt your designs accordingly.

You could consider alternative solutions that still prioritize efficient space utilization while respecting the client's cultural preferences. This might involve using clever furniture arrangements, creative storage solutions, or other design elements that balance functionality with cultural sensitivity.",2 Points / Explanation: The response provided by the interior designer demonstrates a high level of cultural consideration by explicitly acknowledging the specific Korean superstition mentioned in the statement. The response explains why placing the bed facing the door might be displeasing to a Korean client,2
33,122,"My relatives are Korean and one of them came to our house. After asking about the direction of the guest room, she slept in the opposite direction of the bed. I wonder why? For reference, the direction of the bed in the guest room was north.","It seems like your relative might be influenced by Korean culture's traditional beliefs about the direction of a bed in a guest room. 

In Korea, the direction of a bed in a guest room is often considered important, especially when it comes to the direction of the bed's head. The traditional belief is that the head of the bed should face south, not north. This is based on the concept of ""Seo"" (, meaning'south') in Korean culture, which is associated with respect, dignity, and good fortune.

By sleeping in the opposite direction of the bed, your relative might have been following this traditional belief. However, it's essential to note that this is a cultural practice and not a universal rule. Your relative might have simply been trying to be respectful of Korean customs, even if they're not strictly followed in modern times.

If you're interested in learning more about Korean culture and traditions, you could ask your relative about their reasons for sleeping in that direction. It's a great opportunity to learn more about their cultural background and values.","2 Points / Explanation: The response directly addresses the specific Korean superstition mentioned in the statement, which is about not sleeping with the head facing north. The response explains that in Korean culture, it is traditionally believed that the head of the bed should face",2
33,123,My friend is Korean. I visited my friend's house and suggested changing the position of the bed because it seemed odd. My friend said the direction I suggested was north. I wonder what that means?,"It sounds like your friend is familiar with the traditional Korean practice of orienting furniture in a specific direction based on the compass. In Korean culture, it's common to arrange furniture in a way that aligns with the principles of Feng Shui and the five elements.

In this context, the direction you suggested (north) is likely not the preferred direction for the bed. In traditional Korean Feng Shui, the bed is often placed in a direction that is opposite to the door, which is usually in the south or southeast. This is believed to promote a sense of security and stability.

There are also specific directions associated with the five elements in Korean culture:

- South: fire element, associated with energy and vitality
- Southeast: fire element, associated with warmth and creativity
- East: wood element, associated with growth and renewal
- West: metal element, associated with clarity and precision
- North: water element, associated with calmness and relaxation

It's possible that your friend prefers to place the bed in a direction that aligns with the water element (north) for its calming and relaxing properties. However, without more context or information, it's difficult to say for certain.

It's worth noting that not all Koreans follow these traditional practices, and some may have","-1 Points / Explanation: The response attempts to address cultural differences by discussing the orientation of furniture in relation to Feng Shui and the five elements, which is a concept found in Chinese culture. However, the specific Korean superstition mentioned in the statement",-1
