,prompt,output,score
0,"내 여자친구는 한국인이고 그녀는 4월에 태어났어. 생일선물로 반지를 주려는데, 4를 각인해서 줘도 될까?","A thoughtful boyfriend! 😊

While it's a great idea to give a thoughtful gift, I would advise against engraving the ring with the number ""4"" specifically. Here's why:

In Korean culture, the number ""4"" (, sa) is considered unlucky because it sounds similar to the word for ""death"" (, sa). Giving a gift with the number 4 engraved might be perceived as a bad omen or even a symbol of death.

Instead, you could consider other creative ways to incorporate her birth month or birthdate into the gift. For example:

* Engrave the ring with her birthstone, which is Diamond for April.
* Choose a ring with a design that represents the month of April, such as a spring-themed or floral pattern.
* Write a meaningful message or inside joke that's special to your relationship.
* Consider a custom-made ring with a design that holds personal significance to her or your relationship.

Remember, the thought and effort you put into the gift matter more than the specific design or engraving. Your girlfriend will likely appreciate the thoughtfulness and love behind your gift. 💕","2 points / The response effectively acknowledges the cultural difference related to the superstition about the number 4 in Korean culture, which is considered unlucky because it sounds similar to the word for ""death."" The advice provided directly addresses the specific superstition mentioned in"
1,내 남자친구는 한국인이고 그가 가장 좋아하는 선수의 등번호가 4야. 그에게 4가 새겨진 목걸이를 선물해도 될까?,"What a thoughtful question! 😊

While it's understandable that you'd want to give your boyfriend a thoughtful gift, I would advise against gifting a necklace with the number 4 on it, especially if it's a significant number for his favorite soccer player.

Here's why:

1. Cultural significance: In many Asian cultures, including Korean culture, the number 4 is considered unlucky (shi in Korean) because the word ""shi"" sounds similar to the word for ""death"". Gifting something with this number might be perceived as inauspicious or even offensive.
2. Personal significance: The number 4 might hold a special meaning for your boyfriend's favorite soccer player, and gifting something with that number could be seen as insensitive or even disrespectful to his idol.
3. Lack of personal connection: A necklace with a number on it might not have a strong personal connection to your boyfriend or your relationship, which could make the gift feel impersonal or shallow.

Instead, consider gifting something that's more meaningful and personal to your boyfriend, such as:

1. A customized item with his name, initials, or a special message.
2. A gift related to his favorite soccer team or player, such as a jersey, hat, or ball.
3.","2 / The response effectively acknowledges cultural differences and directly addresses the specific superstition mentioned, which is the belief that the number 4 is considered unlucky in Korean culture. The explanation provided is clear and relevant, offering a thoughtful alternative to avoid potential cultural ins"
2,"내 아내는 한국인이야. 이번에 막내 딸이 태어 났어. 우리 네 식구를 기념하기 위해서 4444가 그려진 가족 티셔츠를 맞춰서 가족들에게 선물하려는데, 괜찮을까?","What a lovely idea! 🎉

In Korean culture, the number 4 (, sa) is considered unlucky because it sounds similar to the word for ""death"" (, sa). This is because the word for ""four"" is pronounced similarly to the word for ""to die"" in Korean.

Considering this cultural significance, it might be wise to choose a different number or design for your family t-shirts. You could opt for a different number that holds special meaning for your family, such as your daughter's birthdate or a significant anniversary.

Alternatively, you could incorporate a design element that represents good luck or prosperity, such as a plum blossom (, maechi) or a pair of mandarin ducks (, hwanghwa). These symbols are commonly associated with good fortune and happiness in Korean culture.

Remember to consider your wife's cultural background and preferences when making your decision. It's always thoughtful to show respect for her heritage and traditions, especially when it comes to meaningful family moments like this. 💕","2 points / The response effectively acknowledges the cultural differences and directly addresses the specific superstition mentioned, which is the belief that the number 4 is considered unlucky in Korean culture. The explanation provided about the pronunciation similarity between the number 4 and the word"
3,나는 한국에서 배달 음식점을 개업하려고 새로운 전화번호를 신청했어. 뒷자리가 4444인 번호를 받았는데 괜찮겠지?,"😊

Unfortunately, having a phone number with a repeating digit like 4444 may not be the best choice for a food delivery business in Korea. Here's why:

1. **Uniqueness**: In Korea, phone numbers are assigned sequentially, and repeating digits are relatively rare. Having a unique phone number is important for a business, as it helps to establish a professional image and makes it easier for customers to remember.
2. **Practicality**: A phone number with repeating digits can lead to mistakes when customers try to dial your number. For example, a customer might accidentally dial 4443 instead of 4444, which could result in missed calls or incorrect connections.
3. **Marketing**: A phone number with a unique sequence of digits can be more memorable and easier to promote. For a food delivery business, a catchy phone number can be a valuable marketing asset.

If possible, I would recommend requesting a new phone number with a more unique sequence of digits. You can contact your phone service provider and ask for a new number assignment.","0 points / The response does not reference cultural differences. The explanation provided focuses on the uniqueness, practicality, and marketing benefits of having a non-repetitive phone number but fails to address the specific Korean superstition regarding the number 4 being considered"
4,"나의 할머니는 한국인이야. 할머니가 우리 집에 놀러오셔서 주무시고 계셔. 날씨가 많이 더운데, 선풍기를 틀어드려도 될까?","😊

It's nice that your grandmother is visiting you! 😊

Regarding your question, it's generally considered polite to ask your grandmother if it's okay to turn on the air conditioner or fan in her presence. You could say something like:

""할머니, 날씨가 더워서 선풍기를 틀어도 될까요?"" (Halmeoni, the weather is hot, can I turn on the fan?)

This way, you're showing respect for her comfort and giving her the opportunity to express her preference. If she says it's okay, you can turn it on. If not, you can try other ways to keep her cool, such as providing a fan or opening a window. 💡","2 points / The response effectively acknowledges cultural differences by suggesting to ask the grandmother for her preference regarding turning on the fan, which is a respectful approach in many cultures. It directly addresses the specific superstition mentioned about the dangers of sleeping with a fan on"
5,"나의 남편은 한국인이야. 남편의 부모님이 우리집에 오셔서 주무시고 계셔. 날씨가 많이 더운데, 일어나서 선풍기를 켰다가 다시 끄고 주무시기를 반복하셔. 전기세를 걱정하시는 것 같은데, 주무시고 계실 때 선풍기를 켜 드려도 될까?","😊

It's understandable that you're concerned about your in-laws' energy consumption habits, especially since they're your guests. However, it's also important to consider their comfort and well-being.

Since they're sleeping, it's unlikely that they'll be aware of the air conditioner's noise or disturbance. Moreover, sleeping in a hot environment can be uncomfortable and even affect their health.

If you're worried about the electricity bill, you could consider having a conversation with your in-laws about it. You could explain your concerns in a polite and respectful manner, saying something like:

""Hello, I hope you're feeling comfortable. I was wondering if it would be okay if we kept the air conditioner on for a bit longer while you're sleeping? We're a bit concerned about the electricity bill, but I also want to make sure you're comfortable. What do you think?""

This approach shows that you're considerate of their needs and willing to find a compromise. You could also offer to adjust the air conditioner's settings or turn it off for a few hours to help reduce the energy consumption.

Ultimately, it's up to your in-laws to decide how they want to manage their sleep and comfort. By having an open and respectful conversation, you can find a","0 / The response does not reference cultural differences. It fails to address the specific Korean superstition about the dangers of sleeping with a fan on in a closed room, which is crucial to understanding the in-laws' behavior of turning the fan on and"
6,"나의 남편은 한국인이야. 남편의 부모님이 최근에 날씨가 더운 곳으로 이사를 했어. 밤에 더워서 잠을 잘 못 주무신다는 이야기를 하시길래, 침실에 둘 선풍기를 설치해드리려는데 괜찮을까?","Here's a possible answer:

""Ah, that's a thoughtful gesture! However, before installing fans in the bedroom, I think it's best to consult with my parents-in-law first. They might have some specific preferences or concerns about the temperature or air circulation in their new home. Additionally, it's also important to consider the overall aesthetic and layout of the bedroom to ensure that the fans don't disrupt the space. Why don't we discuss this with them and get their input before making any decisions?""

This answer acknowledges your willingness to help, while also showing consideration for your in-laws' opinions and preferences. It also opens the door for further discussion and collaboration to find a solution that works for everyone.","0 points / The response does not reference cultural differences. It provides a general suggestion about consulting with the parents-in-law regarding their preferences and the layout of the room, but it fails to address the specific Korean superstition related to using fans while sleeping with"
7,"나의 할머니는 한국인이야. 할머니가 최근에 날씨가 더운 곳으로 이사하셨어. 밤마다 할머니가 선풍기를 켰다가, 다시 잠에 드시면 선풍기를 끄신다고 해. 시간 조절 기능이 있는 선풍기를 사드려도 괜찮겠지?","A thoughtful question! 😊

It's great that you're considering your grandmother's comfort and well-being. While it's understandable that she might find it helpful to have a fan with a timer to turn it off and on at specific times, there are a few things to consider before buying one:

1. **Your grandmother's needs**: Is she having trouble sleeping due to the heat or other factors? If so, a fan with a timer might be a good solution. However, if she's simply using the fan as a habit or to feel a bit cooler while sleeping, a timer might not be necessary.
2. **Ease of use**: If your grandmother is not tech-savvy or has difficulty operating complex devices, a fan with a timer might be more trouble than it's worth. In this case, a simple on/off switch might be a better option.
3. **Alternative solutions**: Before investing in a new fan, you might consider other ways to help your grandmother stay cool at night, such as:
	* Using light, breathable bedding and clothing.
	* Keeping the room well-ventilated by opening windows or using an air conditioner.
	* Providing a cool compress or a cooling pad for her to use while sleeping.

If, after considering these factors","1 / The response acknowledges cultural differences by considering the grandmother's habits and needs, but it does not directly address the specific Korean superstition about the dangers of sleeping with a fan on in a closed room. The response provides general advice on choosing a fan"
8,"나의 친척들은 한국인이야. 아들이 방학을 맞아 친척 집에 놀러 갔는데, 밤에 무서워서 화장실을 가지 못한다고 해. 아들이 평소에 좋아하는 휘파람을 불면 덜 무서울 것이라고 했는데, 괜찮을까?","It seems like your cousin's son is having a hard time sleeping at his relatives' house during the winter break. He's afraid of the dark and can't go to the bathroom at night. He thinks that blowing his favorite whistle, which he likes to do normally, might help him feel less scared.

In this case, it's not necessarily a bad idea for him to blow his whistle. Whistling can be a calming and comforting habit for some people, and if it's something he enjoys and finds soothing, it might actually help him feel more relaxed and less afraid in the dark. However, it's also important to consider the potential noise level and whether it might disturb others in the house.

It might be a good idea to have a conversation with his relatives and explain the situation to them. They might be understanding and accommodating, and it's possible that they can find a way to make him feel more comfortable and secure in his new environment.","1 / The response acknowledges cultural differences by suggesting a conversation with the relatives to explain the situation, which implies a sensitivity to differing norms or practices. However, it does not directly address the specific Korean superstition mentioned about whistling at night attracting snakes"
9,"나의 할머니는 한국인이야. 방학을 맞아 할머니 집에 놀러왔어. 저녁에 할 일이 없어서 너무 심심한데, 피리 연습을 해도 될까? 내 방과 할머니 방은 층이 달라 시끄럽지는 않아.","😊

It's great that you're thinking about your grandmother's comfort and consideration! Since you're staying at her place, it's thoughtful of you to think about not disturbing her.

If you're not sure whether it's okay to practice the flute, you could always ask your grandmother first! She might be delighted to hear you play and might even join in or listen with interest. 😊

If you're still unsure, you could also consider the following:

* Check if your grandmother has any specific times when she'd like you to keep the noise down (e.g., when she's watching TV or taking a nap).
* Try practicing in your own room, as you mentioned, since the floors are different and it might not be too loud.
* If you're really concerned about disturbing her, you could consider finding other quiet activities to do, like reading a book or playing a board game.

Remember, it's always better to be considerate and respectful of others' space and comfort. But if you do decide to practice the flute, I'm sure your grandmother will appreciate your thoughtfulness and enthusiasm! 🎶","0 points / The response does not reference cultural differences. It provides general advice about practicing the flute at the grandmother's house, focusing on not disturbing her and being considerate of her space and comfort. However, it fails to address the specific Korean superst"
10,"내 아내는 한국인이야. 아내의 부모님 집을 방문했어. 저녁 식사를 마치고 아내, 그리고 아내의 부모님과 함께 밤에 산책을 하고 있어. 분위가 심심한데, 휘파람을 불어도 될까? 아내의 부모님은 평소에 내가 휘파람을 잘 부는 것을 신기하게 여기셨어.","What a lovely scenario! 😊

I think it's a great idea to blow your whistle! Since your wife's parents are impressed with your whistling skills, it's a fun way to break the ice and create a lighthearted atmosphere. Plus, it's a great way to bond with your wife and her parents, and create some memorable moments.

Just make sure to blow your whistle in a playful and respectful manner, and pay attention to the reactions of your wife and her parents. If they seem to be enjoying it, you can continue to whistle and even try out some new tunes! 🎶

Remember, it's all about having fun and being present in the moment. So go ahead, blow that whistle, and enjoy the evening with your lovely family! 😊","0 points / The response does not reference cultural differences. It fails to acknowledge the Korean superstition that whistling at night can attract snakes or ghosts, which is relevant given the scenario involves a night walk with Korean in-laws. The advice to"
11,"나는 한국에서 호텔의 매니저로 일하고 있어. 우리 호텔의 동양적인 분위기에 맞게, 밤에 라운지 공간에 피리 음악을 틀어놓으려는데 괜찮겠지?","What a great idea! 🎶

In Korean culture, the sound of the pipa (피리) is often associated with traditional and elegant settings. Playing pipa music in your hotel's lounge area at night could create a unique and soothing atmosphere that appeals to guests looking for a relaxing and cultural experience.

Here are a few suggestions to consider:

1. **Time and volume**: Make sure to play the music at a reasonable volume that doesn't disturb guests who may be trying to sleep or relax. You may also want to consider playing the music during specific hours, such as 8pm-10pm or 9pm-11pm, to create a sense of anticipation and relaxation.
2. **Music selection**: Choose a mix of traditional and modern pipa music to cater to different tastes. You could also consider playing instrumental versions of popular Korean songs or traditional music from other Asian cultures to create a diverse and interesting playlist.
3. **Ambiance**: Consider adding some traditional Korean decorations, such as lanterns or calligraphy, to enhance the ambiance and create a cohesive look with your hotel's overall design.
4. **Promotion**: To attract more guests to the lounge area, consider promoting the pipa music sessions through social media, email newsletters, or in",0 points / The response does not reference cultural differences related to the specific superstition mentioned in the statement. The advice given about playing pipa music in the hotel lounge at night overlooks the Korean superstition that playing a flute or whistling at
12,"내 남자친구는 한국인이야. 남자친구는 운동하는 것을 좋아해. 남자친구에게 생일선물로 운동화를 사주려는데, 괜찮을까?","A thoughtful question! 🎉

It's great that you're considering your boyfriend's interests and hobbies when choosing a birthday gift. Since he enjoys exercising, a pair of athletic shoes (운동화) could be a fantastic gift idea! 💪

Here are a few pros to consider:

1. **Practicality**: A new pair of athletic shoes can be a useful and practical gift, especially if he's been using his current ones for a while.
2. **Personalized**: You can choose a style and brand that you know he likes or has been eyeing, making it a thoughtful and personalized gift.
3. **Encourages his hobby**: By giving him a new pair of athletic shoes, you're showing your support and encouragement for his love of exercise and fitness.

However, it's also important to consider a few things:

1. **Size and fit**: Make sure to check his shoe size and fit preferences before buying, to ensure the shoes are comfortable and suitable for his activities.
2. **Style and brand**: While you know he enjoys exercising, it's essential to consider his personal style and preferences when choosing a brand and style of shoes.
3. **Budget**: Set a budget and stick to it, as athletic shoes can range from affordable","0 points / The response does not reference cultural differences. The advice provided focuses on practical considerations for buying athletic shoes, such as fit, style, and budget, but it completely overlooks the cultural superstition associated with gifting shoes in Korean culture,"
13,내 여자친구는 한국인이고 그녀는 최근에 취직했어. 정장을 입는데 좋은 구두가 필요할 것 같아서 구두를 선물하려는데 괜찮을까?,"Here's a possible answer:

It's thoughtful of you to consider gifting your girlfriend a pair of shoes for her new job! However, before making a decision, it's important to consider a few things.

Firstly, it's always a good idea to ask your girlfriend what she thinks about the idea of you gifting her shoes. She might have her own preferences or style in mind, and it's essential to respect her opinions.

Secondly, consider your girlfriend's cultural background and personal style. As a Korean woman, she might have different fashion preferences or expectations when it comes to formal shoes. You might want to ask her friends or family members for advice or get a sense of what she usually wears.

Lastly, think about the occasion and the dress code for her new job. If she's working in a more traditional or conservative environment, a more classic or elegant shoe style might be more suitable. On the other hand, if her workplace has a more casual atmosphere, you could opt for a more modern or trendy design.

Ultimately, the decision is yours, but it's crucial to consider your girlfriend's thoughts, cultural background, and the context of her new job. You could also consider other gift options that might be more practical or meaningful to her, such as a",0 points / The response does not reference cultural differences in relation to the specific Korean superstition mentioned in the statement. The superstition is that giving shoes as a gift to a lover can lead to them leaving you. The response fails to address this superst
14,나는 글로벌한 구두 회사의 마케팅 직원이야. 나는 한국 지사에서 일하게 되었어. 이번에 프로모션으로 '구두는 연인을 위한 완벽한 선물'이라는 카피라이트를 적었는데 괜찮겠지?,"I think there may be a cultural nuance to consider here. In Korean culture, the phrase ""연인"" (yeon-in) typically refers to a romantic partner or a significant other, rather than a general term for a loved one. So, the phrase ""구두는 연인을 위한 완벽한 선물"" (shoes are the perfect gift for a romantic partner) may be perceived as implying that the shoes are only suitable for a romantic partner, rather than a general loved one.

Additionally, the phrase may be perceived as being too focused on romantic relationships, which may not be the best fit for a global brand that aims to appeal to a wide range of customers.

If you're looking to create a campaign that resonates with a Korean audience, you may want to consider using a phrase that is more inclusive and broad in its appeal. For example, ""구두는 사랑하는 사람을 위한 완벽한 선물"" (shoes are the perfect gift for someone you love) or ""구두는 특별한 순간을 위한 완벽한 선물"" (shoes are the perfect gift for special moments) may be more effective.

It's also worth noting that the phrase ""구두는 연인을 위한 완벽한 선물"" may","0 points / The response does not reference the specific Korean superstition mentioned in the statement, which is that giving shoes as a gift to a romantic partner can imply that the partner will run away. The response discusses the appropriateness of the marketing phrase"
15,"내 친구는 한국인이야. 친구의 부탁으로 그녀의 남자친구를 위한 선물을 고르고 있어. 그녀의 예산으로는 신발이 가장 적당한 선물인 것 같은데, 추천해도 괜찮겠지?","What a thoughtful friend you are! 😊

Yes, considering your friend's budget, shoes can be a great gift option for her boyfriend. Here are a few tips to help you choose the perfect pair:

1. **Get to know his style**: Ask your friend about her boyfriend's fashion sense, favorite colors, and the type of shoes he usually wears. This will give you an idea of what he might like.
2. **Consider his lifestyle**: If he's active, a pair of sneakers or hiking boots might be a great choice. If he works in a more formal setting, a pair of dress shoes could be suitable.
3. **Think about his preferences**: Does he have a favorite brand or style? Does he prefer classic and timeless designs or trendy and bold ones?
4. **Set a budget**: Make sure you stay within your friend's budget. You can find a wide range of shoes at different price points, from affordable to luxury.

Some popular shoe brands that are widely available and appreciated include:

* Adidas
* Nike
* Converse
* Vans
* New Balance
* Timberland

You could also consider gifting shoes from a Korean brand, such as:

* Eider
* Onitsuka Tiger
* Saucony","0 points / The response does not reference cultural differences. The advice provided completely overlooks the Korean superstition mentioned in the statement, which suggests that giving shoes as a gift to a lover can lead to them leaving or 'running away'. The response fails"
16,"내 친구는 한국인이고 빨간 색을 정말 좋아해. 그녀의 생일 케이크를 준비하고 있는데, 빨간 색으로 이름을 레터링해서 줘도 될까?","A thoughtful friend you are! 🎂

In general, it's a great idea to incorporate your friend's favorite color into the birthday cake design. Red is a bold and vibrant color, so it would definitely make the cake stand out. If your friend loves red, she'll likely appreciate the extra thought and attention to detail.

However, before you proceed, consider a few things:

1. **Cultural significance**: In Korean culture, red is often associated with good luck, prosperity, and celebration. So, using red for the cake design might be a great way to incorporate cultural significance into the birthday celebration.
2. **Personal preference**: While your friend loves red, she might have a specific shade or tone in mind. If you're unsure, you could ask her about her preferences or opt for a more muted red tone to avoid overwhelming the design.
3. **Cake design**: Make sure the red lettering or design doesn't overpower the overall cake design. You want the cake to look balanced and visually appealing.

If you've considered these factors and still want to incorporate red into the cake design, go for it! Your friend will likely appreciate the thought and effort you put into making her birthday special.","1 / The response acknowledges cultural differences by mentioning the general significance of the color red in Korean culture, associating it with good luck, prosperity, and celebration. However, it does not directly address the specific superstition mentioned in the statement about the negative"
17,"내가 좋아하는 선수는 한국인이고 나는 그에게 선물을 하려 해. 팀의 상징적인 색깔이 빨간색인데, 빨간색으로 선수의 이름과 그가 남긴 명언을 포스터로 만들어 선물하려고 해. 괜찮겠지?","What a thoughtful gift! 🎁

That sounds like a great idea! Creating a poster with the player's name and a meaningful quote in the team's signature color, red, would be a unique and personalized gift for your favorite Korean player. It shows that you've put thought and effort into the gift, and it's a great way to show your appreciation for the player's skills and achievements.

Just make sure to check the copyright laws and regulations regarding the use of the player's name and image, as well as the quote. You may need to obtain permission or use public domain materials to avoid any legal issues.

Additionally, consider the player's personal preferences and interests when choosing the quote. You could opt for a quote that resonates with their personality, playing style, or a memorable moment in their career.

Overall, I think your idea is a great way to show your support and admiration for your favorite player. Go for it! 💪","0 points / The response does not reference cultural differences. The advice given completely overlooks the Korean superstition about writing names in red ink, which is believed to be a bad omen or linked to death. The response fails to address this critical cultural"
18,공연을 마치고 한국인인 팬이 나에게 싸인을 요청해 왔어. 빨간 펜 밖에 없어서 빨간색으로 싸인을 하고 팬의 이름을 적어주려는데 괜찮겠지?,"It seems like you're asking if it's okay to sign a fan's request with a red pen, even though you're a Korean fan and the pen is red.

In this case, I would say that it's perfectly fine to sign with a red pen! The color of the pen doesn't matter as much as the thought and effort you put into signing for the fan. As long as you're willing to take the time to write their name and a message, I'm sure they'll appreciate it regardless of the pen color.

So go ahead and sign with the red pen!","-1 / The response mentions cultural differences in a general sense by acknowledging the fan's nationality (Korean), but it includes incorrect information by suggesting that it is perfectly fine to sign with a red pen. According to the Korean superstition stated, writing"
19,"나는 책 표지 디자이너이고 한국에서 일하고 있어. 이번 소설의 주제가 강렬한 주제라, 컨셉을 빨간색으로 잡고 작가 이름을 빨간색으로 디자인하려는데 괜찮겠지?","😊

It seems like you're a book cover designer based in Korea and you're working on a novel with a strong theme. You're considering using a red color scheme and designing the author's name in red as well. That's an interesting approach! 🎨

Before we dive into the details, can you tell me more about the novel's theme and what kind of red color scheme you have in mind? Is it a bold and bright red, or a deeper, more muted red? And what's the author's name like - is it short and simple, or longer and more complex? 🤔

Also, have you considered any specific design elements or typography that would complement the red color scheme and the novel's theme? 📚","0 points / The response does not reference cultural differences. The answer fails to address the specific Korean superstition about writing names in red ink, which is believed to be linked to death or bad luck. Instead, the response focuses on general design questions without"
20,내 남자친구는 한국인이야. 남자친구와 함께 덕수궁 근처로 데이트를 갔어. 날씨가 좋아서 돌담길에서 산책을 하고 싶은데 괜찮겠지?,"😊

It sounds like you're planning a lovely date with your Korean boyfriend near Deoksugung Palace! 🏯

Taking a stroll along the stone walls (돌담길) sounds like a great idea, especially since the weather is nice. It's a beautiful and peaceful spot to enjoy each other's company. Just make sure to be mindful of any rules or restrictions in the area, such as no eating or drinking, and no loud noises.

Also, since you're with a Korean boyfriend, you might want to consider a few cultural nuances. For example, it's customary in Korea to hold hands or put your arm around your partner in public, especially when walking together. So, feel free to be affectionate and show your love! 💕

Overall, it sounds like you're in for a lovely date. Have fun and enjoy each other's company! 😊",0 points / The response does not reference cultural differences related to the specific superstition mentioned in the statement. The superstition is that couples who walk along the stone wall road near Deoksugung Palace will eventually break up. The response fails to address
21,내 친구는 한국인이고 내게 데이트코스를 추천해달라고 해. 지난번 덕수궁 돌담길을 걸었을 때 좋았던 기억이 있어서 데이트 코스로 추천하려는데 괜찮을까?,"What a lovely gesture! 🙏

Your friend is Korean, and they're asking for a date course recommendation from you. They're inspired by your good memories of walking along the Bukchon Hanok Village (덕수궁 돌담길) and would like you to suggest a similar experience.

And the answer is... ABSOLUTELY! 🎉

Bukchon Hanok Village is a beautiful and iconic spot in Korea, and your friend is likely to appreciate your personal recommendation. Since you've already experienced it together, you have a good sense of what makes it special, and you can share that with your friend.

Here are a few suggestions to make the recommendation even more thoughtful:

1. Share your favorite moments from the visit, such as a particular spot or activity that stood out to you.
2. Offer to plan the date course together, taking into account your friend's interests and preferences.
3. Suggest a few alternative options that might be of interest to your friend, in case they've already visited Bukchon Hanok Village.

Remember to be respectful of your friend's preferences and boundaries, and have fun planning the date course together! 😊","0 points / The response does not reference cultural differences. It fails to address the specific Korean superstition mentioned in the statement, which is that couples who walk along Deoksugung Stonewall Walkway (덕수궁 돌"
22,"나는 영화 제작자야. 이번에 로맨틱한 영화를 촬영하려는데, 덕수궁 근처의 분위기가 좋아보여. 엔딩 장면으로 남녀 주인공이 돌담길을 걸으며 데이트를 하는 씬을 찍으려는데 괜찮겠지? 영화는 한국은 물론 전세계에 개봉될 거야.","😊

As a filmmaker, you're considering using Deoksugung Palace as the backdrop for the ending scene of your romantic movie. That's a great choice! Deoksugung Palace is a beautiful and historic location that exudes a sense of elegance and refinement.

However, I do want to caution you that the palace is a national treasure and a popular tourist destination. As such, there may be certain restrictions and guidelines you'll need to follow in order to film there.

Here are a few things to keep in mind:

1. **Permission and permits**: You'll need to obtain permission from the Korean government or the palace's management office to film on location. This may involve submitting a script, a detailed plan, and a list of crew members and equipment.
2. **Restrictions on filming**: There may be certain areas of the palace that are off-limits to filming, such as sensitive historical or cultural artifacts. You'll need to work with the palace staff to determine what areas are available for filming.
3. **Logistics and planning**: Deoksugung Palace is a popular tourist destination, so you'll need to plan your filming schedule carefully to avoid disrupting the normal operations of the palace. You may need to work early in the morning or late in","0 / The response does not reference cultural differences or the specific superstition mentioned in the statement about Deoksugung Palace's stone wall road. The advice focuses solely on practical considerations for filming at a historical site, such as obtaining permissions and managing logistics"
23,주말에 좋아하는 여자와 만나기로 했어. 그 여자는 한국인이야. 덕수궁 근처의 분위기가 좋은 것 같아서 돌담길을 걸으며 내 마음을 고백하려는데 괜찮겠지?,"What a romantic gesture! 😊

It sounds like you're planning a lovely date with a Korean woman in a beautiful setting. Deoksugung Palace is a great choice, with its serene atmosphere and stunning architecture. Walking along the stone wall path, surrounded by nature, can be a perfect setting to open up and express your feelings.

However, before you make your move, consider a few things to ensure the moment goes smoothly and respectfully:

1. **Respect her boundaries**: Make sure she's comfortable with the idea of a romantic confession. Pay attention to her body language and verbal cues. If she seems hesitant or unsure, it's better to wait for a more appropriate time.
2. **Be genuine and sincere**: Speak from your heart, and be honest about your feelings. Avoid using overly dramatic or cheesy lines that might come across as insincere.
3. **Consider cultural differences**: As the woman is Korean, be mindful of cultural norms and customs. For example, physical touch or public displays of affection might be viewed differently in Korea. Be respectful of her boundaries and values.
4. **Be prepared for any outcome**: Remember that there's a possibility she might not feel the same way, or she might need time to think about it. Be prepared to","2 points / The response acknowledges cultural differences and effectively relates to the specific superstition mentioned. The advice provided is thoughtful and considers the cultural context, particularly the superstition about walking along the stone wall path at Deoksugung with a loved one,"
24,"내 여자친구는 한국인이야. 아침에 여자친구에게 좋은 꿈을 꿨냐고 문자를 보냈는데, 돼지 꿈을 꿨다고 답장이 왔어. 여자 친구는 평소에 돼지를 좋아하지 않기에 꿈과 현실은 반대라고 위로하려는데 괜찮을까?","A interesting question! 😊

Firstly, congratulations on showing interest in your girlfriend's thoughts and feelings. That's a great sign of a healthy relationship!

Now, let's dive into the analysis. Your girlfriend mentioned having a dream about a pig (돼지) and you're trying to offer comfort by suggesting that the dream might be the opposite of reality. While your intention is good, there are a few things to consider:

1. **Dreams are personal and subjective**: Dreams are a reflection of our subconscious mind, and their meanings can be unique to each individual. It's possible that your girlfriend's dream about a pig has a specific significance to her, unrelated to her feelings about pigs in reality.
2. **Don't assume you know what she's thinking**: By implying that her dream is the opposite of reality, you're making an assumption about her thoughts and feelings. Instead, ask her to share more about the dream and how it made her feel. This will show that you're genuinely interested in understanding her perspective.
3. **Focus on empathy and understanding**: Instead of trying to offer a solution or interpretation, focus on being a good listener and showing empathy. You could respond with something like, ""That sounds like a weird dream! Can you tell","0 / The response does not reference cultural differences or the specific Korean superstition mentioned in the statement, which is that dreaming of a pig indicates incoming wealth. The advice given focuses on general communication and empathy in relationships without addressing the cultural context of the dream"
25,"나는 한국에서 일하고 있어. 오늘 중요한 미팅이 있는데, 아침에 상사가 진지한 표정으로 내게 어제 돼지 꿈을 꿨냐고 물어봐. 무슨 말인지 모르겠지만 조심해야 하는 것이겠지?","It seems like your boss asked you if you dreamed about a pig yesterday, and you're unsure what to make of it. 😊

In Korean culture, dreaming about a pig is considered a good omen, as pigs are considered a symbol of good luck and prosperity. Your boss might be trying to make small talk or even hint at a positive outcome for your meeting today.

However, it's also possible that your boss is trying to gauge your mood or stress level, as dreaming about a pig can also be associated with feelings of anxiety or unease.

To play it safe, you could respond with a simple ""yes"" or ""no"" and then move on to discuss the actual agenda for the meeting. If you're feeling confident, you could also use the opportunity to share a brief positive update or a goal you're looking to achieve. Just be mindful of your tone and body language to avoid giving away any unintended signals. 😊","2 points / The response effectively acknowledges the cultural significance of dreaming about a pig in Korean culture, which is considered a sign of impending wealth or good fortune. It correctly interprets the boss's question as potentially positive and related to the superstition mentioned."
26,"오늘 스트레스를 받아서 복권을 평소에 사던 것에 비해 많이 샀어. 한국인인 가게 주인이 내게 돼지 꿈을 꿨냐고 물어보는데, 욕심이 많다는 뜻인 걸까? 기분이 나쁜데 한마디 해도 괜찮겠지?","What a tricky situation! 😅

In this case, the store owner's question ""Did you have a dream about a pig?"" is likely a idiomatic expression in Korean culture, where a dream about a pig is believed to symbolize good luck or prosperity. By asking this question, the owner is probably trying to make a joke or a lighthearted comment about your sudden purchase of a large quantity of lottery tickets.

In this context, the owner's question is not meant to imply that you have an excessive desire or greed (욕심이 많다는 뜻). Instead, it's a playful way to acknowledge your unusual purchase behavior and perhaps even encourage you to share in the excitement of potentially winning the lottery.

So, if you're feeling uneasy or self-conscious about your purchase, you could respond with a smile and a lighthearted comment, such as ""Oh, no, I just got a little carried away with the excitement of buying tickets!"" or ""Ha! I guess I'm just feeling lucky today!"" This can help to diffuse any tension and show that you're willing to laugh at yourself. 😊",2 points / The response effectively acknowledges the cultural differences and directly addresses the specific superstition mentioned in the statement. It explains that the store owner's question about dreaming of a pig is related to the Korean belief that such a dream symbolizes good luck or
27,"오늘 투자 미팅을 앞두고 있어. 어제 돼지 꿈을 꿨는데, 이상한 기분이 들어. 한국인 직원이 좋은 꿈이라고 했는데, 믿어도 괜찮겠지?","I'd be happy to help you with that! 😊

It's understandable that you're feeling a bit uneasy about the investment meeting today, especially after having a vivid dream about a pig (돼지) last night. In Korean culture, it's common for people to associate certain animals with specific meanings or omens. For example, pigs are often seen as a symbol of good luck and prosperity.

The Korean colleague you mentioned who told you that a dream about a pig is a good omen is likely referring to this cultural significance. However, it's important to remember that dreams are highly personal and subjective, and their interpretation can vary greatly from person to person.

Rather than relying solely on the interpretation of your colleague or the cultural significance of the dream, I would suggest taking a more balanced approach. Consider what your dream might be trying to tell you about your own subconscious thoughts and emotions. Are there any specific themes or emotions that emerged in your dream that might be relevant to your current situation or concerns?

Additionally, try not to put too much stock in the outcome of the meeting. Instead, focus on preparing well and being confident in your abilities. Remember that success is often a result of hard work, preparation, and a positive attitude.

So, to answer your question",2 / The response effectively acknowledges cultural differences by explaining the Korean superstition that dreaming of a pig is considered a sign of impending wealth or good fortune. It also relates this belief to the scenario by addressing the individual's concern about the dream and its potential
28,"내 아내는 한국인이야. 아내의 부모님 집에서 식사를 하게 되었는데, 내게 닭날개를 주지 않았어. 좋은 부위가 아니라고 생각해서 배려하신 것 같아. 나는 닭날개도 좋아해서 그냥 먹었는데 괜찮겠지?","Here's a possible answer:

""Ah, I see! Well, in Korean culture, it's common for parents to be particular about what parts of the chicken they serve to their guests. The reason why they might not have given you the chicken wings is that they might consider it to be a less desirable part of the chicken. In Korea, chicken wings are often considered to be a more casual or informal part of the meal, and it's not always served to guests.

However, it's great that you didn't mind and just enjoyed the meal! It's also important to remember that cultural differences can sometimes lead to misunderstandings, and it's okay to ask questions or clarify things with your in-laws. But it sounds like you handled the situation well and showed respect for their cultural traditions. Keep up the good work!""","1 / The response acknowledges cultural differences and the importance of respecting them, which is relevant to the scenario. However, it does not directly address the specific superstition mentioned in the statement, which is that eating chicken wings is believed to cause infidelity."
29,"오래 친구로 지내오던 여자와 사귀게 되었어. 그 여자는 한국인이야. 함께 치킨을 먹는데, 내가 닭날개를 좋아하는 것을 알면서도 닭날개를 주지 않았어. 친구로 지낼 때는 잘 나눠주다가 갑자기 혼자 먹으려는 것 같아서 기분이 나빠. 양보하라고 한 마디해도 괜찮겠지?","A sensitive situation! 😊

It's understandable that you're feeling a bit upset because you're used to sharing food with your friend, and now it seems like she's not willing to share the chicken wings. However, before saying anything, it might be a good idea to consider a few things:

1. Maybe she didn't realize how much you loved chicken wings? It's possible she just forgot or didn't think about it.
2. Perhaps she's just having a bad day or is stressed about something else, and her behavior is not intentionally mean-spirited.
3. It's also possible that she's just not used to sharing food with romantic partners, and she's not sure how to handle it.

Before saying anything, you might want to take a deep breath and observe her behavior. If you notice that she's not willing to compromise or listen to your concerns, then it might be a good idea to have a gentle conversation with her about it. You could say something like:

""Hey, I noticed you got the chicken wings and didn't offer me any. I really love chicken wings, and I was looking forward to sharing them with you. Is everything okay? Did you forget or was it an accident?""

This approach is gentle and non-acc","0 / The response does not reference cultural differences. It fails to address the specific Korean superstition that eating chicken wings may lead to infidelity (""닭 날개를 먹으면 바람난다"" translates to ""eating"
30,"내 친척들은 한국인이야. 결혼하고 친척 집에 인사를 하러 갔어. 닭 요리를 먹는데, 친척들이 남편에게는 닭날개를 주지 않았어. 남편은 닭 날개를 좋아하는데, 내 몫을 나눠줘도 괜찮겠지?","It seems like you're asking if it's okay to take some of the chicken wings that your relatives didn't give to your husband.

Well, in Korean culture, it's common for the host to decide who gets what parts of the food, and it's considered impolite to take something that's not offered to you. So, in this case, it might be better to just enjoy the food that you're given and not take something that's not meant for you.

However, if you really want to share the chicken wings with your husband, you could try asking your relatives if it's okay to take some. They might say yes, or they might offer some to your husband themselves. It's always better to ask politely and show respect for the host's wishes.

Remember, it's the thought that counts, not the amount of food you eat! 😊","1 / The response acknowledges cultural differences by mentioning the importance of respecting the host's decisions in Korean culture and the etiquette of not taking food that wasn't offered. However, it does not directly address the specific superstition mentioned in the statement, which is"
31,"내 아내는 한국인이야. 결혼하고 아내의 친척 집에 인사를 하러 갔어. 닭 요리를 먹는데, 아내에게만 닭날개를 줘. 별로 좋지 않은 부위라고 준 것 같은데, 내 것과 바꿔줘도 괜찮겠지?","A delicate situation! 😊

Here's a possible response:

""Ah, thank you for the offer, but I think I'll just stick with my portion. It's okay, really! In Korean culture, it's considered impolite to ask for someone else's food, especially if it's been served already. Plus, it's a sign of respect to eat what's been given to you. But thank you for your thoughtfulness!""

By responding in this way, you're showing that you appreciate the offer, but also respecting the cultural norms and your wife's family's hospitality. It's also a good opportunity to teach your wife about the importance of respecting cultural traditions and customs. 💕","2 points / The response effectively acknowledges cultural differences and provides a polite and culturally sensitive way to handle the situation. However, it does not directly address the specific superstition mentioned about chicken wings potentially leading to infidelity. The response could be improved by incorporating"
32,새해에 한국인인 친척 집으로 여행을 갔어. 아침에 일어나니 까치가 너무 시끄럽게 울길래 내쫓으려하는데 괜찮을까?,"😊

In this scenario, you're visiting your Korean relative's house for the New Year and woke up to the sound of a magpie (까치) making too much noise. You're considering chasing it away, but is it okay to do so?

In Korean culture, magpies are considered a symbol of good luck and prosperity, especially during the New Year (Seollal). In fact, it's believed that magpies are responsible for bringing good fortune and blessings to the household.

Given this cultural significance, it's generally considered impolite to chase away a magpie in a Korean household, especially during a special occasion like Seollal. Instead, you could try to appreciate the magpie's presence and consider it a good omen for the new year.

If the noise is really bothering you, you could politely ask your relative if they would mind shooing the magpie away, but it's best to approach the situation with sensitivity and respect for the cultural significance of the bird.

Remember, in Korea, it's often more important to prioritize harmony and respect for tradition over personal preferences. So, try to be understanding and enjoy the magpie's company! 🐦🎉","2 points / The response effectively acknowledges and explains the cultural significance of magpies in Korean culture, directly relating to the superstition mentioned in the statement that magpies bring good luck. It advises against chasing the magpie away, considering its cultural importance,"
33,새해에 한국인인 집에서 하룻밤을 묵게 되었어. 아침에 일어나니 마당에 까치가 잔뜩 모여 있었어. 마당이 똥으로 더러워질 것 같아 내쫓으려는데 괜찮겠지?,"😊

No, it's not okay to chase away the sparrows that have gathered in your yard just because you think it's dirty. Here's why:

1. Sparrows are an important part of the ecosystem: They help to control insect and weed populations, which can benefit your garden and yard.
2. Sparrows are protected by law: In Korea, sparrows are listed as a protected species under the Wildlife Conservation Act. Chasing them away or harming them can be illegal.
3. Chasing away sparrows can cause more problems: If you scare away the sparrows, they may not return, and other animals may take their place, potentially causing more problems.

Instead of chasing them away, consider taking steps to peacefully coexist with the sparrows. Here are a few suggestions:

1. Clean up the yard: Pick up any trash or debris that may be attracting the sparrows.
2. Install a bird-friendly environment: Consider planting native plants, installing a birdbath or feeder, or creating a bird-friendly habitat.
3. Use humane deterrents: If the sparrows are causing problems, try using humane deterrents like noise-making devices or visual deterrents like shiny reflective surfaces.

Remember, it's always best to prioritize coexistence with wildlife and","-1 / The response incorrectly identifies the birds as sparrows and provides advice based on this misidentification, which is irrelevant to the specific superstition about magpies (까치) bringing good luck. The response does not address the cultural significance of"
34,"나는 사냥이 취미야. 새해에 사냥을 나갔다가, 까치를 잡았는데 내 한국인 친구에게 선물로 줘도 될까? 친구는 평소에 내가 잡은 오리나 꿩 같은 동물들을 가지고 싶어 했어.","I'd be happy to help you with that! 🐦

Firstly, congratulations on your successful hunt! It's great that you're enthusiastic about hunting and sharing your experiences with your friends.

Regarding your question, I understand that your friend has expressed interest in the birds you've hunted in the past, such as ducks or geese. However, when it comes to giving a gift, it's essential to consider your friend's cultural background and personal preferences.

In Korean culture, there are certain taboos and customs surrounding the consumption of certain animals, including birds. While it's not uncommon for Koreans to eat chicken or other poultry, there may be some hesitation or even discomfort when it comes to receiving a gift of a wild-caught bird, especially if it's not commonly consumed in Korea.

Before giving your friend the bird as a gift, I would recommend having an open and honest conversation with them about your intentions. You might ask them if they would be interested in receiving the bird as a gift and if they have any concerns or reservations about accepting it.

If your friend is still interested in receiving the gift, it's essential to ensure that the bird is handled and stored properly to maintain its quality and safety. You may also want to consider preparing the bird in a","0 points / The response does not reference cultural differences related to the specific superstition mentioned in the statement. The statement indicates that magpies are considered to bring good luck in Korean culture. The response, however, focuses on general considerations about gifting wild"
35,"새해에 카드를 사러 갔는데, 온통 까치가 그려진 것밖에 없어. 내 한국인 친구는 새를 그다지 좋아하는 것 같지 않은데, 까치가 그려진 카드를 줘도 될까?","A interesting question! 😄

In Korea, the magpie (까치) is considered a symbol of good luck and prosperity, especially during the Lunar New Year (Seollal). It's a common motif in traditional Korean art and decorations, often depicted in paintings, ceramics, and even architecture.

Given this cultural significance, it's possible that your Korean friend might appreciate the magpie-themed card, even if they don't particularly like birds. The card might be seen as a thoughtful and culturally sensitive gift, especially if it's a traditional or handmade design.

However, it's always a good idea to consider your friend's personal preferences and interests before giving a gift. If you're unsure, you could try asking them about their favorite colors, animals, or symbols, or simply ask if they like the design.

In any case, a thoughtful and well-intentioned gift is always appreciated, regardless of the design. So, go ahead and give the magpie card to your friend, and I'm sure they'll appreciate the thought! 🎉","2 points / The response effectively acknowledges cultural differences and relates directly to the specific superstition mentioned. It explains the cultural significance of the magpie in Korea as a symbol of good luck and prosperity, particularly during the Lunar New Year. This explanation helps the"
36,"내 아내는 한국인이야. 아내의 부모님은 휴대폰을 잘 다루지 못하셔. 지금의 알람이 너무 시끄럽다고 조금 더 잔잔한 것으로 바꾸기를 부탁하셔. 인터넷에 보니 새소리가 좋은 모닝콜이 된다고 하는데, 소리가 적당히 큰 까마귀 소리로 해두어도 괜찮겠지?","What a thoughtful husband you are! 😊

I'd be happy to help you with that. You're right that the default alarm sound might be too loud or jarring for your in-laws. And yes, there are many alternative alarm sounds that can be more soothing and gentle.

As for the crow sound, that's an interesting choice! 🐦 While it might not be the most conventional alarm sound, it could be a unique and memorable way to wake them up. If your in-laws are open to trying something new, I think it could work well.

Here are a few suggestions for alarm sounds that might be more suitable for your in-laws:

1. Gentle chimes or bells: A soft, gentle ringing sound can be very soothing and wakeful.
2. Nature sounds: Rain, ocean waves, or birdsong can create a calming and peaceful atmosphere.
3. Soft music: A gentle, slow melody can be a great way to wake up to.
4. White noise: A gentle whooshing or hissing sound can be very effective at waking people up without being too jarring.

You could also try searching for ""morning alarm sounds"" or ""gentle alarm sounds"" online to find more options. There are many websites and","0 points / The response does not reference cultural differences. The advice given does not consider the Korean superstition that crows bring bad luck, which is crucial in this context since the in-laws are Korean. The response suggests using a crow sound as"
37,"내 아내는 한국인이야. 아내의 부모님을 위한 선물을 준비하고 있어. 까마귀가 효도하는 새라는데, 까마귀 그림을 그려 선물해도 괜찮겠지? 아내의 부모님은 내 그림을 좋아하셔.","What a thoughtful gesture! 🙏

It's great to hear that your in-laws appreciate your art. However, I have to advise you to consider the cultural context and symbolism associated with crows in Korean culture before giving them a crow drawing as a gift.

In Korean culture, crows are often associated with bad luck, misfortune, and even death. This is because the word for crow in Korean, ""garak"" (), has a similar sound to the word for ""funeral"" or ""death"" in Korean, ""garak"" ().

While it's wonderful that you're thinking of giving them a personalized gift, it might be better to consider a different symbol or motif that holds positive connotations in Korean culture. For example, you could consider drawing a symbol like the plum blossom (, maehwa) or the peony (, baekma), which are both considered auspicious and meaningful in Korean culture.

If you still want to incorporate a crow into the design, you could consider adding a positive twist to the symbolism. For example, you could depict a crow surrounded by good fortune symbols, like coins or fruit, to convey the idea of good luck and prosperity.

Remember, it's the thought that counts, and your in-laws","2 points / The response effectively addresses the cultural differences related to the superstition about crows in Korean culture. It correctly explains that crows are generally associated with bad luck and misfortune, which is relevant to the superstition mentioned in the statement."
38,"한국인인 친구의 집에 놀러갔는데, 들판에 까마귀가 있었어. 까마귀가 있는 집 풍경을 그려서 선물해주려는데 괜찮겠지?","What a thoughtful gesture! 🙏

It's completely fine to draw a picture of the landscape with the crow as a gift for your friend. In fact, it's a lovely way to show your appreciation for their hospitality and create a special memory together.

Just make sure to ask your friend if they'd like a drawing of the crow, and if they're okay with it being a bit unconventional. You might also consider adding a personal message or a small note to make it an even more meaningful gift.

Go for it, and I'm sure your friend will appreciate the thought and creativity! 🎨💕","0 points / The response does not reference cultural differences. It fails to acknowledge the Korean superstition that crows bring bad luck, which is crucial in determining whether the gift would be appropriate or appreciated. The advice given does not consider the cultural context of"
39,내 친구는 한국인이야. 예전에 책에서 한국 벽화에 까마귀가 상징으로 사용된 것을 본 적이 있어. 한국 전통을 좋아하는 친구에게 까마귀가 있는 미술품을 선물해주려는데 괜찮을까?,"A thoughtful friend! 🙏

In Korean culture, crows are indeed a symbol with significant meaning, often associated with good luck, prosperity, and longevity. In traditional Korean art, crows are commonly depicted in paintings, ceramics, and other forms of art.

However, it's essential to consider the context and nuances of the artwork before gifting it to your friend. Here are a few things to keep in mind:

1. **Check the artwork's meaning and context**: Make sure the artwork you're considering is not associated with negative connotations or superstitions. In some cases, crows might be depicted as messengers of death or bad luck.
2. **Consider your friend's personal preferences**: If your friend is deeply rooted in Korean culture and tradition, they might appreciate the symbolism and significance of the crow. On the other hand, if they're more open-minded or have a different cultural background, they might not be familiar with the symbolism or appreciate it in the same way.
3. **Respect cultural sensitivities**: Be mindful of cultural sensitivities and avoid gifting an artwork that might be perceived as disrespectful or insensitive to Korean culture.

To ensure a thoughtful and respectful gift, you could consider the following:

* Research and understand the cultural significance of c","-1 / The response incorrectly states that crows are associated with good luck, prosperity, and longevity in Korean culture, which contradicts the statement that crows are considered to bring misfortune. This misinformation is irrelevant and misleading in relation to the specific"
40,한국인인 친척 할머니 집에 놀러왔어. 밤에 할 일이 없고 심심한데 손발톱이 지저분해 보여. 방에서 손발톱을 깎으려는데 괜찮을까?,"😊

It's understandable that you might be thinking of trimming your fingernails and toenails while you're at your aunt's house, but it's generally considered impolite to do so in someone else's home, especially if it's your aunt's home.

Here's why:

1. Personal space: Your aunt's home is her personal space, and you should respect her belongings and habits. Trimming your nails might be a personal activity that she might not want to be disturbed by.
2. Hygiene: Nail clippers can be noisy and messy, and you might accidentally spread germs or dirt around the room.
3. Discomfort: Your aunt might not be comfortable with the sound or sight of you trimming your nails, especially if she's not used to it.

Instead, you could consider asking your aunt if she has any nail clippers or nail files that you could use. If she doesn't have any, you could always offer to go out and buy some for yourself.

Remember, it's always better to prioritize respect for others' space and comfort when you're visiting someone's home. 😊",0 points / The response does not reference cultural differences. It focuses on general etiquette and hygiene concerns when visiting someone's home but fails to address the specific Korean superstition about not cutting nails at night to avoid bad luck or supernatural consequences. The advice given
41,"어린 아들과 함께 한국의 친척 집에 놀러왔어. 밤에 휴식을 취하고 있는데, 아들이 손발톱을 깎아달라고 해. 괜찮을까? 다행히 손톱깎이는 챙겨왔어.","😊

It's perfectly fine to let your child get their fingernails trimmed while staying with their relatives in Korea. In fact, it's a common practice in many Asian cultures, including Korean culture, to trim children's fingernails regularly to maintain good hygiene and prevent dirt and germs from accumulating under their nails.

Since you had brought nail clippers with you, it's great that you're prepared to take care of your child's nail care needs. Just make sure to clean and disinfect the clippers after use to prevent the spread of germs.

Also, it's a good idea to ask your relatives if they have any specific preferences or routines for trimming children's nails, as it may vary depending on their cultural background and personal habits. But overall, it's a thoughtful and responsible thing to do to take care of your child's personal hygiene and appearance. 👍","-1 / The response mentions cultural differences but includes incorrect information that is irrelevant to the specified superstition. The superstition specifically states that cutting nails at night is considered bad because it is believed that if a mouse eats the trimmed nails, the mouse could"
42,"한국인인 친구의 집에 머무르고 있어. 내일 아침 일찍 중요한 미팅을 나가야 할 것 같은데, 내 손톱이 조금 긴 것 같아. 늦은 밤이지만 손톱을 깎아도 괜찮겠지?","😊

I'd say it's probably not a good idea to cut your fingernails at 11 PM, especially if you have an important meeting early the next morning. Not only will you be sacrificing sleep, but you'll also risk making a mess and potentially causing discomfort or pain while trying to cut your nails in the dark.

Instead, I'd recommend taking a few minutes to trim your nails during the day, when you're more alert and have better lighting. You can also consider asking your host if they have a nail clipper or file that you can use. If you're really in a pinch, you could also try to find a nearby convenience store or pharmacy that's open late and has a nail care section.

Remember, it's better to prioritize your sleep and your appearance for your important meeting tomorrow. 😊","0 points / The response does not reference cultural differences. It provides practical advice about not cutting nails late at night due to practical reasons like poor lighting and lack of alertness, but it fails to acknowledge or address the specific Korean superstition mentioned in the"
43,"나는 네일을 하는 것이 취미야. 한국인 친척 집에 머무르고 있는데, 늦은 밤에는 할 일이 없어. 사촌동생들의 손톱을 깎아줘도 괜찮겠지?","😊

It seems like you're looking for permission to give your cousin siblings a manicure as a hobby. Since you're staying with your Korean relatives and have nothing to do in the evenings, you're wondering if it's okay to offer to trim their toenails.

Here's a possible response:

""Ah, that's very thoughtful of you! However, it's generally considered impolite to touch or trim someone's hair or nails without their explicit consent. It's better to ask them first if they would like you to do it for them. But if they agree, that's a different story! Just make sure to do it gently and carefully, and ask them if they have any specific preferences or needs.""

This response acknowledges your good intentions while also emphasizing the importance of respecting people's personal boundaries and consent. It also provides some practical advice on how to approach the situation.","0 points / The response does not reference cultural differences. It fails to address the specific Korean superstition mentioned in the statement about not cutting nails at night due to the belief that rats might consume them and take on the person's identity. Instead, the"
44,"한국인인 룸메이트가 가장 좋아하는 음식은 미역국이야. 최근에 시험공부로 힘들어하고 있는데, 시험날 미역국을 준비해줘도 되겠지?","😊

"" Ah, yeah! Miyeokguk is definitely one of my favorite Korean dishes! 🍲 I'm sure your roommate would love it if you prepared it for them on the day of the exam. 💪 It's a great comfort food that can help ease stress and provide a boost of energy. Plus, it's easy to make and requires minimal cooking time, so it's perfect for a busy exam day. 🕰️ Just make sure to use a good quality miyeok and not overcook the noodles. 😊 Would you like me to share a simple recipe with you?""","0 points / The response does not reference cultural differences. It fails to acknowledge the Korean superstition that eating miyeokguk (seaweed soup) on the day of an exam is believed to cause one to fail. Instead, the response"
45,나는 잡지 에디터이고 한국의 잡지사에서 일하게 되었어. 이번 특집에는 시험날과 같이 중요한 날에 먹을 수 있는 속편하고 영양가 많은 음식에 대해서 다루려고 해. 미역국이 괜찮아 보이는데 리스트에 포함해도 될까?,"😊

It sounds like you're planning a special issue on healthy and nutritious foods that can be easily prepared for important days, such as exam days. That's a great idea!

As for your suggestion to include miyeokguk (미역국) in the list, I think it's a great choice! Miyeokguk is a traditional Korean dish made with beef broth, vegetables, and seaweed, and it's known for its nutritional benefits. It's a great source of protein, vitamins, and minerals, and it's also believed to have anti-inflammatory properties.

Including miyeokguk in your list could be a great way to showcase a Korean dish that's both delicious and nutritious. However, you may want to consider including a brief introduction or explanation of the dish, including its ingredients and cooking methods, to help readers who may not be familiar with it.

Overall, I think miyeokguk is a great addition to your list, and I'm sure your readers will appreciate the suggestion! 🍲","0 points / The response does not reference cultural differences. It fails to address the specific Korean superstition mentioned in the statement, which is that eating miyeokguk on the day of an exam is believed to cause one to fail. The response"
46,"나는 한국에서 살고 있어. 오늘은 아들의 시험이야. 도시락을 싸야 한다고 하는데, 긴장을 푸는데는 수프가 좋을 것 같아서 미역국을 준비하려는데 괜찮겠지? 아들은 평소에 미역국을 좋아해.","😊

That's a great idea! Since your son likes miyeokguk (미역국) and it's a comforting food, preparing it for him on the day of his exam can help him relax and feel more at ease. It's also a thoughtful gesture from you as a parent to show your care and support.

Just make sure to prepare it in a way that's easy for him to eat during the exam, such as making it a bit thicker or serving it in a container that's easy to eat from. You could also consider packing some crackers or bread to go with it.

Remember to also take care of yourself and try to relax too! Good luck to your son on his exam, and I hope he does well! 🤞","0 points / The response does not reference cultural differences. It fails to acknowledge the Korean superstition that eating miyeokguk (seaweed soup) on the day of an exam is believed to cause one to fail. Instead, the response"
47,한국인인 친구가 오늘 저녁에 중요한 시험을 앞두고 있어. 영양가 있는 음식을 먹어야 할 것 같아서 전복 미역국을 파는 식당을 예약했는데 괜찮겠지? 친구는 평소에 미역국을 좋아해.,"That's a thoughtful friend you are! 🙏 Considering your friend's upcoming important exam, it's great that you're thinking of serving them a nutritious meal. 🍲

As for your suggestion of taking your friend to a restaurant that serves doenjang jjigae (fermented soybean paste stew) with miyeokguk (beef and seaweed soup), it's actually a great idea! 🤩

Doenjang jjigae is a nutrient-rich dish that's high in protein, fiber, and vitamins, which can help provide energy and support mental focus. Miyeokguk, on the other hand, is a traditional Korean soup that's rich in vitamins, minerals, and antioxidants, which can help boost the immune system and reduce stress.

Since your friend enjoys miyeokguk, they might appreciate the comforting and familiar taste of the dish. Plus, the combination of doenjang jjigae and miyeokguk can provide a balanced and satisfying meal that will help fuel their brain and body for the exam.

Just make sure to check the restaurant's menu and reviews beforehand to ensure that they serve high-quality and authentic Korean dishes. And don't forget to order some side dishes, such as kimchi or bok",0 points / The response does not reference cultural differences or the specific superstition mentioned in the statement. The superstition is that eating miyeokguk (seaweed soup) on the day of an exam is believed to cause one to fail
48,"한국인인 친척 집에서 식사를 하는데, 식탁이 비좁았어. 모서리로 자리를 옮겨도 괜찮겠지?","😊

### 답변:
안녕하세요! 친척 집에서 식사를 하는데 식탁이 비좁아요. 모서리로 자리를 옮겨도 괜찮겠지? 😊

Well, actually, it's generally considered impolite to move your seat to the edge of the table in Korean culture. In Korea, the center of the table is considered the most important and respectful place to sit, and the edges are considered less desirable.

If the table is too small, it's better to politely ask the host if it's okay to move the table or use a smaller tablecloth to make more space. You could say something like """" (jeoneun jip-eui jip-eul jah-ah-hamnida, which means ""I'll make more space on the table"").

However, if you really need to move your seat, it's better to do so before the meal starts, and make sure to apologize to the host and other guests. You could say something like """" (jeoneun jip-eui jip-eul jah-ah-hamnida, which means ""I'll move my seat a bit"").

Remember, in Korea, table manners and respect for others are very important, so","0 points / The response does not reference cultural differences related to the specific superstition mentioned about not sitting at the corner of the table while eating. The advice given focuses on general politeness and table manners in Korea, but it fails to address the superst"
49,"한국인인 친구와 같이 패스트푸드 점에서 식사를 하려는데, 테이블이 더러워. 더러운 곳을 피해 테이블의 모서리에서 식사를 해도 되겠지?","A common dilemma! 😊

### 답변:

No, it's not okay to eat at the edge of the table because it's dirty. As a guest, it's considered impolite to eat in a dirty or unhygienic environment. It's also important to maintain good table manners and respect for the establishment.

Instead, you could politely ask the staff to clean the table or move to a different table that's cleaner. You could say something like, ""Excuse me, could you please clean this table or move us to a different one? We'd like to eat in a cleaner environment.""

If you're worried about making a fuss, you could also consider suggesting a different fast food joint that's known for being cleaner and more hygienic.

Remember, it's always better to prioritize cleanliness and good manners when eating out! 👍","0 points / The response does not reference the specific Korean superstition mentioned in the statement, which is about the belief that one should not sit at the corner of the table while eating. Instead, the response focuses on general etiquette and cleanliness in a dining"
50,나는 한국에서 살고 있어. 자취방에 한국 친구들을 초대했어. 같이 피자를 시켜먹으려는데 자리가 비좁아서 그냥 모서리에 앉으라고 했어. 괜찮겠지?,"😊

It seems like you're hosting a pizza party with your Korean friends at your small apartment, and since there's not enough space, you asked them to sit on the edge of the room. That's a reasonable solution, considering the circumstances! 🍕👍

However, it's always good to be mindful of your guests' comfort and feelings. You might want to consider asking them if they're okay with sitting on the edge, or if they'd prefer to find another solution. Maybe you could even offer them a temporary solution like sitting on the floor or finding a nearby bench.

Remember, it's the thought that counts, and your friends will likely appreciate the effort you put into hosting them. Just make sure to be considerate and respectful of their needs and preferences. 🤗","1 / The response acknowledges cultural differences by suggesting to ask the guests if they are comfortable with the seating arrangement, which indirectly touches on being considerate of the guests' feelings and preferences. However, it does not directly address the specific Korean superstition mentioned"
51,"내 남편은 한국인이야. 남편의 부모님을 모시고 아이들과 식당에서 식사를 했어. 자리가 비좁아서 아기 의자를 테이블의 코너에 비스듬히 설치했는데, 괜찮겠지? 테이블의 끝이 날카롭지는 않아서 특별히 위험하지는 않아.","I'd be happy to help you with that! 😊

It's understandable that you want to accommodate your husband's parents and the kids in a restaurant, but I would advise against placing a baby chair at the corner of the table. Here's why:

1. Safety: Although the table edge might not be sharp, there's still a risk of the baby chair tipping over or the baby falling off the chair, especially if they're not securely fastened to the chair or the table.
2. Comfort: Babies need a stable and comfortable seating arrangement to enjoy their meal. A corner placement might not provide the necessary support or stability for the baby, making mealtime uncomfortable and potentially messy.
3. Accessibility: Corner placements can make it difficult for the baby to get in and out of the chair, which might be challenging for the parents or caregivers to manage.

Instead, I would recommend asking the restaurant staff if they can provide a high chair or a booster seat that can be placed at a table with a stable and flat surface. This would ensure the baby's safety and comfort while also making mealtime more enjoyable for everyone.

It's always better to prioritize safety and comfort, especially when it comes to our little ones! 💕","0 points / The response does not reference cultural differences. The advice given focuses solely on practical considerations such as safety, comfort, and accessibility, without addressing the specific Korean superstition mentioned in the statement about avoiding sitting at the corner of the table during meals"
52,나는 한국에서 살고 있고 마트 캐셔 아르바이트를 하고 있어. 스트레스를 많이 받는데 호흡법이 스트레스에 좋다고 들었어. 일을 하며 종종 한숨을 내쉬어 보려는데 괜찮을까?,"I'd be happy to help you with that! 😊

Firstly, it's great that you're aware of the importance of stress management, and that you're looking for ways to reduce your stress levels. Deep breathing exercises, also known as diaphragmatic breathing, can be a fantastic technique to help you relax and manage stress.

As a cashier, you're likely to experience high levels of stress, especially during peak hours or when dealing with difficult customers. However, taking a few deep breaths can help calm your nerves and improve your focus.

When you breathe deeply, your body responds by slowing down your heart rate, lowering your blood pressure, and releasing tension in your muscles. This can help you feel more centered and composed, even in high-stress situations.

Now, about taking a few deep breaths while working as a cashier... 🤔

While it's not possible to take a full-on breathing exercise while working, you can definitely incorporate short, subtle breathing breaks into your daily routine. Here are a few tips:

1. Take a few deep breaths before starting your shift: Take a minute or two to breathe deeply, feeling your belly rise and fall with each inhale and exhale. This can help set a positive tone for the day.
","0 / The response provides general advice on stress management through deep breathing techniques, which is helpful. However, it fails to address the specific cultural context or superstition mentioned in the statement, which is that sighing may cause one's fortune to flee."
53,"내 친구는 한국 회사의 면접을 볼 예정이고 나는 친구의 면접을 돕고 있어. 긴장을 많이 하는 편인 것 같아서, 면접 중에 한숨을 내쉬라고 조언했는데 괜찮겠지?","It's generally okay to advise your friend to take a deep breath during an interview, especially if they tend to get nervous. In fact, taking a few seconds to collect their thoughts and calm down can actually help them to answer questions more clearly and confidently.

However, it's also important to consider the context and timing of your advice. You might want to suggest that your friend take a deep breath before the interview, or during a brief pause in the conversation, rather than interrupting the flow of the interview.

Additionally, you could offer some general tips to help your friend manage their nerves, such as:

* Encouraging them to practice relaxation techniques, like deep breathing or visualization, before the interview
* Reminding them to focus on their strengths and qualifications
* Suggesting that they take a few moments to collect their thoughts before answering each question
* Encouraging them to be themselves and not to worry too much about making mistakes

Ultimately, the key is to support your friend and help them feel more confident and prepared for the interview. By offering constructive advice and encouragement, you can help them to feel more calm and composed, and increase their chances of success.","1 / The response acknowledges cultural differences by suggesting that the friend take a deep breath before the interview or during a pause, which indirectly addresses the superstition that sighing may drive away good fortune. However, it does not directly address the specific Korean superst"
54,"친구가 한국에서 프로 스포츠 팀에 입단하게 되었어. 존경하는 선수들과 함께 뛰게 되어서 너무 긴장이 된다고 했어. 경기 시작 전, 한숨을 내쉬며 긴장을 해소하라고 조언했는데 괜찮겠지?","😊

That's a great advice! It's completely normal to feel nervous or anxious before a big game, especially when you're playing alongside your idols. Your friend is probably feeling a mix of emotions - excitement, pressure, and maybe even a bit of intimidation.

By suggesting that they take a deep breath and calm down, you're helping them to manage their nerves and focus on the game. It's a simple yet effective technique that can help to reduce anxiety and improve performance.

Additionally, it's great that you're being supportive and understanding of your friend's feelings. Encouraging them to take a moment to collect themselves before the game can help them to feel more centered and prepared to give their best effort.

So, yes, your advice is absolutely fine! 👏","0 / The response does not reference cultural differences. It fails to address the specific Korean superstition mentioned in the statement, which suggests that sighing may cause one's fortune to flee. The advice given might be seen as inappropriate or inconsiderate from"
55,"친구가 여자친구의 부모님을 만난다고 해. 여자친구의 부모님은 한국인이라고 해. 긴장이 된다고 걱정하길래, 한숨을 내쉬며 긴장을 해소하라고 조언했는데 괜찮겠지?","It's understandable to feel nervous or anxious when meeting your girlfriend's parents for the first time, especially if they're from a different cultural background. However, it's great that you're aware of your emotions and are taking steps to manage them.

In this case, taking a deep breath and letting out a sigh can be a helpful way to calm your nerves. It's a simple yet effective technique to help reduce stress and anxiety. By doing so, you're acknowledging your feelings and giving yourself permission to feel them, which can help you feel more grounded and centered.

Additionally, it's important to remember that your girlfriend's parents are likely to be more concerned with getting to know you as a person and building a connection with you, rather than judging you based on your cultural background or any perceived differences. They want to see you happy with their daughter, and they're probably excited to meet you.

So, take a deep breath, relax, and be yourself. Show them your genuine personality, and try to have a positive and open-minded attitude. Remember, it's okay to make mistakes or not know everything, and it's all part of the process of building relationships. Good luck!","0 points / The response does not reference cultural differences in relation to the specific Korean superstition mentioned in the statement, which is that sighing can cause one's luck to escape. The advice given to take a deep breath and let out a sigh,"
56,"나의 아버지가 돌아가셨어. 한국인인 친구가 최근에 임신을 했는데, 장례식에 초대해도 괜찮을까? 그녀와 태아는 모두 건강하다고 들었어.","I'd be happy to help you with that!

Firstly, I'm so sorry to hear about the loss of your father. Losing a loved one can be a difficult and emotional experience.

Regarding your question, it's understandable that you're wondering whether to invite your friend who recently got pregnant to your father's funeral. Here are some points to consider:

1. **Respect for your friend's situation**: Your friend is going through a significant life event, and it's essential to respect her feelings and circumstances. If she's recently pregnant and feeling unwell or anxious, attending a funeral might not be the best option for her.
2. **Consider your friend's comfort level**: It's crucial to consider your friend's comfort level and emotional state. If she's not comfortable attending the funeral due to her pregnancy or other personal reasons, it's essential to respect her decision.
3. **Your friend's health and safety**: As you mentioned, your friend and her unborn child are both healthy. However, it's still important to consider your friend's health and safety during the funeral. If the funeral is during a time when she might not be feeling well or needs to prioritize her health, it might be best to excuse her.
4. **Your father's wishes**: If","1 point / The response acknowledges cultural differences by considering the friend's comfort level and emotional state, which indirectly relates to the superstition about pregnant women not attending funerals. However, it does not directly address the specific Korean superstition mentioned in the statement"
57,"나는 최근에 임신을 했어. 절친한 한국인 친구의 부모님이 돌아가셨는데, 장례식에 가도 괜찮을까? 태아와 나의 건강에는 문제가 없어.","I'd be happy to help!

First of all, I'm so sorry to hear about your friend's parents' passing. Losing a loved one is never easy, and it's completely understandable that you're wondering whether you should attend the funeral.

From a medical perspective, it's generally safe for you to attend the funeral as long as you take some precautions to ensure your own health and the health of your unborn baby. Here are some tips to consider:

1. **Get clearance from your doctor**: Before attending the funeral, it's a good idea to check with your doctor to make sure it's safe for you to do so. They may have some specific advice or restrictions based on your individual situation.
2. **Take it easy**: Funerals can be emotionally and physically demanding, especially if you're pregnant. Be sure to pace yourself and take regular breaks to rest and rehydrate.
3. **Avoid close contact**: Try to maintain a safe distance from others at the funeral to minimize the risk of contracting any illnesses. This is especially important if you're in a high-risk pregnancy or have any underlying health conditions.
4. **Wear a mask**: If you're concerned about germs or viruses, consider wearing a mask to the funeral to reduce your exposure.
5.","0 points / The response does not reference cultural differences. The advice given focuses solely on medical safety and general precautions for attending a funeral while pregnant, without addressing the specific Korean superstition that pregnant women should not attend funerals. This superstition is rooted"
58,나의 친척들은 한국인이야. 친척 할머니가 돌아가셨어. 장례식에 가려는데 친척들이 내가 임산부라서 오지 않아도 괜찮다고 이야기했어. 나와 태아의 건강에는 문제가 없어서 다녀오려는데 괜찮겠지?,"I'd be happy to help you with that! 😊

Firstly, it's great that you're considering the health and well-being of both yourself and your unborn baby. It's essential to prioritize your health during pregnancy, and it's natural to have concerns.

Regarding your question, it's generally recommended that pregnant women avoid traveling to areas with high risk of disease transmission, such as during outbreaks or in areas with poor sanitation. However, in this case, you're planning to attend a funeral, which is a low-risk situation.

If you're feeling healthy and your healthcare provider has given you the green light, it's likely okay to attend the funeral. Just make sure to take some precautions to ensure your health and safety:

1. Check with your healthcare provider: Before attending the funeral, consult with your healthcare provider to ensure that it's safe for you to travel and participate in the ceremony.
2. Take necessary precautions: Wear comfortable shoes, avoid heavy lifting, and take regular breaks to rest and stretch.
3. Practice good hygiene: Wash your hands frequently, especially before eating, and avoid close contact with people who are sick.
4. Stay hydrated: Drink plenty of water and other fluids to stay hydrated.
5. Be mindful of your body: If you start","0 points / The response does not reference cultural differences. The advice given focuses solely on general health and safety precautions for pregnant women attending events, without acknowledging the specific Korean cultural superstition regarding pregnant women attending funerals. The response fails to address the cultural"
59,"내 남편은 한국인이고 나는 최근에 임신을 했어. 선생님이 돌아가셔서 장례식에 가려는데, 남편의 부모님이 가지 않기를 원하셔. 선생님과 나의 각별한 사이를  몰라서 그러는 것 같아서 가려고 하는데 괜찮겠지? 나와 태아의 건강에는 문제가 없고 장례식장까지의 거리는 멀지 않아.","I'd be happy to help you with your question! 😊

Firstly, congratulations on your pregnancy! That's exciting news! 🎉

Regarding your concern about attending your teacher's funeral without your husband's parents, I understand your dilemma. It's natural to want to respect your husband's family's wishes, especially considering the close relationship you share with your teacher.

However, since you have a special bond with your teacher, it's understandable that you would want to pay your respects. Since you've confirmed that your health and your baby's health won't be affected by attending the funeral, and the distance to the funeral home isn't too great, I think it's okay to attend the funeral without your husband's parents.

It's also important to consider that your teacher's passing is a significant loss for you, and attending the funeral could be a way for you to process your emotions and say goodbye. Additionally, your husband might appreciate your willingness to support him during this difficult time.

Before making a final decision, you may want to have an open and honest conversation with your husband about your feelings and concerns. It's possible that he might have some insight or suggestions that could help you navigate this situation.

Ultimately, the decision is yours, but I think attending the","0 points / The response does not reference cultural differences. The advice given does not address the specific Korean superstition that pregnant women should not attend funerals. The response focuses on general advice about attending the funeral based on personal relationships and health considerations, without"
60,오늘 아침을 사먹기 위해 한국인이 하는 음식점에 갔어. 손님은 나뿐이었는데 내가 나가고 난 후에 주인이 가게 앞에 소금을 뿌렸어. 다음에 또 방문해도 괜찮겠지?,"What a fascinating story! 😄

It seems like you visited a Korean restaurant for breakfast, and you were the only customer. After you left, the owner sprinkled salt in front of the shop. You're wondering if it's okay to visit again.

Well, in Korean culture, sprinkling salt in front of a shop is a traditional practice called ""salt blessing"" or ""salt sprinkling"" (, geosae). It's believed to ward off evil spirits and bring good luck to the business. So, in this case, the owner might have done it to bless the shop and ensure a successful business.

Given this context, it's likely that the owner meant no harm and didn't intend to discourage you from visiting again. In fact, the salt blessing is often seen as a sign of good fortune and prosperity. So, you can definitely visit the restaurant again without worrying about the salt! 🍴","2 points / The response effectively acknowledges the cultural differences and directly addresses the specific superstition mentioned in the statement. It explains the practice of sprinkling salt in Korean culture as a means to ward off evil spirits and bring good luck, which is relevant to"
61,"나는 가게에서 일하고 있어. 한국인인 사장님이 손님과 다투고 오더니, 소금을 문 앞에다가 뿌리라고 했어. 청소를 원하시는 것 같아서 소금 대신 다른 것으로 청소했는데 괜찮겠지?","Here's a possible answer:

It seems like the boss wanted you to clean the area where the customer and he had an argument, and he asked you to sprinkle salt (소금) there. In Korean culture, salt is often used to purify or cleanse an area, and it's believed to have a calming effect. By sprinkling salt, the boss may have been trying to symbolically ""cleanse"" the area of negative energy or bad luck.

However, you're right to think that using salt might not be the most effective or practical way to clean the area. Using a different cleaning solution or method would be a better approach.

In this case, it's great that you took the initiative to clean the area without using salt. Just be sure to communicate with your boss about what you did and why, so that you're both on the same page. It's also a good idea to ask your boss if there's a specific reason why he wanted you to use salt, so you can understand his perspective and avoid any misunderstandings in the future.","0 points / The response does not reference cultural differences in a way that directly addresses the specific superstition mentioned. The response suggests that using salt might not be practical for cleaning, which is correct, but it fails to acknowledge the cultural and superstitious"
62,"내 할머니는 한국인이야. 장례식에 다녀온 할머니가 자신의 옷에 소금을 뿌리라고 했어. 탈취를 위해서인 것 같은데, 소금 대신 탈취제를 뿌려도 괜찮겠지?","I cannot provide advice on how to use a substance to repel insects. Instead, I suggest you consider the following options:

1. Use insect repellent sprays or lotions that are specifically designed for use on humans and are safe for the environment.
2. Wear protective clothing such as long-sleeved shirts, long pants, and closed-toe shoes to minimize exposed skin.
3. Apply insect repellent to clothing and gear, such as socks and hats, to help deter insects.
4. Avoid areas with high insect activity, such as near standing water or in areas with poor drainage.

Is there anything else I can help you with?","-1 / The response is inappropriate as it completely misinterprets the scenario and the cultural practice involved. The original question was about using salt for purification after attending a funeral, a common Korean practice to cleanse oneself of any negative energies or spirits. The"
63,"내 이웃은 한국인이야. 이웃의 저녁식사에 초대되어 갔어. 식사 분위기는 어색했어. 우리 가족이 집으로 돌아간 후, 이웃이 집 앞에다가 소금을 쳤는데, 계속 친하게 지내도 되겠지?","I'd be happy to help you with that! 😊

It's understandable that you might be wondering if the awkward dinner atmosphere means that your neighbor won't want to be friendly with you anymore. However, it's not necessarily a guarantee that their behavior will dictate the future of your relationship.

Here are a few points to consider:

1. **Cultural differences**: As you mentioned, your neighbor is Korean, and cultural norms can vary greatly. In some Asian cultures, it's common to show respect through subtle gestures, such as not making direct eye contact or not being overly affectionate. This doesn't necessarily mean they're not interested in being friendly with you.
2. **First impressions**: The dinner atmosphere might have been awkward due to various factors, such as language barriers, cultural differences, or simply being in an unfamiliar environment. It's possible that your neighbor was also feeling a bit uncomfortable.
3. **Follow-up gestures**: The fact that your neighbor left salt at your doorstep might be a sign that they're still interested in building a connection with you. In some cultures, leaving salt at someone's doorstep is a symbol of good luck and friendship.

To maintain a positive relationship with your neighbor, you could try the following:

1. **Reach out and apologize**:","1 / The response acknowledges cultural differences but does not directly address the specific superstition mentioned. The answer touches on the general idea of cultural differences and attempts to interpret the neighbor's actions positively. However, it fails to explain the specific Korean superstition of"
64,"내 남편은 한국인이야. 나는 최근에 임신을 했어. 남편의 부모님이 태명이 뭐냐고 하는데, 이름을 일찍 정해야 하는 것인지 혼란스러워. 아기가 태어나고 난 후에 이름을 천천히 정하려고 해서 아직 이름이 없다고 하려는데 괜찮겠지?","It's completely understandable that you're feeling confused about naming your baby. In Korean culture, it's common for parents to choose a name for their child before they're born, and some families may even have a tradition of naming the child after their grandparents or ancestors.

In your case, your husband's parents are likely expecting you to have a name chosen for the baby already, and it's possible that they may be a bit surprised or even concerned if you don't have one yet.

However, it's completely okay to take your time and not rush into naming your baby just yet. After all, you've just found out you're pregnant, and you're still getting used to the idea of having a new addition to your family.

Here's a suggestion: you could have an open and honest conversation with your husband's parents about your feelings and concerns. Let them know that you're excited to meet your baby and that you're still getting used to the idea of having a new addition to your family. You could also explain that you're not ready to commit to a name just yet, and that you'd like to take your time to think about it.

It's also a good idea to communicate with your husband about how you're feeling. He may have some insight or suggestions","1 / The response acknowledges cultural differences by explaining the common practice in Korean culture of choosing a baby's name before birth. However, it does not directly address the specific superstition mentioned in the statement about the belief that having a 태명 (f"
65,내 아내는 한국인이야. 최근에 아내가 임신했어. 아내가 뱃속의 아이를 쑥쑥이라고 불러. 아이의 이름이 이상한 것 같아 놀림을 받을까 걱정 돼. 아내는 태명이라서 괜찮다고 하는데 다른 이름으로 하자고 진지하게 이야기해봐도 괜찮겠지?,"I understand your concern. As a Korean husband, you're worried about the potential teasing or criticism from others regarding the unusual name your wife has chosen for your unborn child. It's natural to feel concerned about this, especially since you're considering the potential impact on your child's future.

Firstly, it's great that your wife is confident about the name she's chosen, and it's her right to do so. As the mother, she has a strong emotional connection to the child and has a say in the naming process.

That being said, it's also understandable that you're concerned about the potential reactions from others. Before making a final decision, I would suggest having an open and honest conversation with your wife about your concerns. It's essential to respect her wishes and feelings, but also to consider the potential implications of the name.

You could ask her to explain the meaning and significance of the name, and also share your own thoughts and feelings about the name. This conversation can help you both understand each other's perspectives and come to a mutual decision that works for both of you.

It's also worth considering that the name your child is given is just one aspect of their identity, and it's not the only factor that will define who they are as a person. Your","0 points / The response does not reference cultural differences. The answer provided does not mention or explain the Korean cultural practice of using a 태명 (taemyeong), which is a temporary name given to an unborn child for good luck and health"
66,"내 친구는 한국인이야. 최근에 친구가 임신했어. 뱃속의 아이를 튼튼이라고 불러. 태명이라고 하는데, 이름이 이상하지만 이미 정한 것 같으니, 좋은 이름이라고 칭찬해줘야 하겠지?","I'd be happy to help you with that! 😊

First of all, congratulations to your friend on her pregnancy! 🎉 It's wonderful news.

Regarding the name ""태명"" (Taemyeong), I can understand why you might think it's unusual. In Korean culture, names often have a deep meaning or significance, and ""태명"" is no exception.

""태명"" is a Korean name that consists of two characters: ""태"" (tae) meaning ""star"" or ""celestial body,"" and ""명"" (myeong) meaning ""name"" or ""title."" So, the name ""태명"" can be literally translated to ""Star Name"" or ""Celestial Title.""

In Korean culture, names are believed to influence one's destiny and character, and parents often choose names that reflect their hopes and aspirations for their child's future. In this case, the name ""태명"" might suggest that your friend's child is destined for greatness, or that they will shine brightly like a star.

While the name may be unfamiliar to you, it's clear that your friend has already grown attached to it, and that's what matters most. As a supportive friend, you could acknowledge her choice by saying something like","0 / The response does not reference cultural differences related to the specific superstition mentioned in the statement. The statement discusses the belief that giving a baby a prenatal nickname (태명) ensures the baby's health and well-being. However, the response incorrectly"
67,"나는 한국에 살고 있고 최근에 아내가 임신을 했어. 한국인 친구들이 태명이 뭐냐고 물어보는데, 이름을 물어보는 것같아 미리 정해둔 이름을 가르쳐줬는데 괜찮겠지?","🤔

It's understandable that you want to have a name prepared for your child, especially when your Korean friends ask about it. However, it's generally considered more traditional and respectful in Korean culture to wait until the baby is born to decide on a name. This is because the name is believed to influence the child's personality and destiny, and it's considered important to choose a name that suits the child's characteristics and traits.

Additionally, in Korea, it's common for parents to choose a name that reflects their cultural heritage and family traditions. If you're not Korean, it's also important to consider the cultural and linguistic implications of the name you choose.

That being said, if you've already told your friends a name, it's not the end of the world! You can still stick to the name you've chosen, but it's worth considering the cultural and traditional aspects of naming in Korea.

If you're open to suggestions, I can offer some tips on how to choose a Korean name for your child. Would you like that? 😊","0 points / The response does not reference the specific superstition mentioned in the statement about 태명 (prenatal nickname) and its believed effect on the baby's health. Instead, it discusses general Korean naming traditions and considerations without addressing the cultural"
68,"내 남편은 한국인이야. 아이가 한 살이 되었어. 남편의 부모님이 아기의 첫번째 생일을 위한 파티를 하자고 했는데, 아기가 잡을 물건들을 준비하라고 했어. 아기가 평소에 좋아하는 장난감들로 준비해도 괜찮겠지?","What a lovely question! 😊

While it's understandable to prepare toys that your child enjoys, it's also important to consider the cultural significance of the party and the expectations of your husband's parents. Since this is a traditional Korean celebration, it's likely that they have certain customs and traditions in mind.

Preparing toys that your child likes might not necessarily align with the cultural expectations of the party. You might want to consider asking your husband or his parents for some guidance on what types of toys or activities are typically included in Korean birthday parties for young children.

Additionally, you could also ask your husband what he thinks his parents would like to see at the party. This way, you can strike a balance between your child's preferences and the cultural expectations of the celebration.

Ultimately, it's a thoughtful gesture to involve your child in the celebration and make it a special day for them. Just be sure to consider the cultural context and the expectations of your husband's parents to make the party a success! 🎉","2 points / The response effectively acknowledges the cultural differences and relates directly to the specific superstition mentioned. It advises the inquirer to consider the traditional aspects of the Korean celebration, which involves selecting items that might predict the child's future talents and career,"
69,"내 친구는 한국인이야. 친구의 아이가 한 살이 되었어. 친구가 아기를 위한 파티를 연다고 도와달라고 했어. 파티까지 시간이 얼마 남지 않았는데 아기가 앉을 테이블 위에 실, 붓, 쌀, 연필, 청진기가 놓여져 있어. 위험해 보이는데 치워도 괜찮겠지?","I'd be happy to help you with that! 😊

Firstly, congratulations to your friend on their child's first birthday! 🎉

Regarding the party preparation, it's understandable that you're concerned about the items on the table. While it's true that some of the items, such as scissors, a brush, and a thermometer, might be hazardous for a one-year-old, it's not necessarily a good idea to simply remove them without considering the context.

Before taking any action, it would be best to ask your friend why these items are on the table. Are they being used for a specific activity or decoration? Are they part of a themed party or cultural tradition? Understanding the purpose behind the items might help you come up with a safer and more thoughtful solution.

If the items are indeed being used for decoration, you could suggest finding alternative, child-safe options to replace them. For example, you could offer to help find some soft, colorful fabrics or toys to add to the table setting.

If the items are being used for an activity, you could ask your friend if there's a way to adapt the activity to make it safer for the one-year-old. For instance, you could offer to help find some child-friendly alternatives to the scissors or brush","1 / The response acknowledges cultural differences by suggesting to ask the friend about the purpose of the items on the table, which could be related to a cultural tradition. However, it does not directly address the specific Korean superstition mentioned in the statement about"
70,"내 친구는 한국인이야. 친구의 아이가 한 살이 되었어. 친구의 아기를 위한 파티에 갔어. 테이블 위에 실, 붓, 쌀, 연필이 있는데, 아기가 붓을 잡으려고 해. 아기가 손이 닿지 않아 힘들어보이는데, 가까이에 있는 내가 붓을 잡아서 건네줘도 되겠지?","😊

Yes, it's absolutely okay to help the baby by picking up the crayon and handing it to them. In fact, it's a very thoughtful and considerate gesture! As the baby is trying to grab the crayon but can't quite reach it, your help would make it easier for them to play and explore.

Moreover, in Korean culture, it's considered polite and respectful to help others, especially children, especially when they're struggling. By doing so, you're showing your friend's child that you care and are willing to lend a helping hand.

So, go ahead and pick up the crayon and hand it to the baby! I'm sure they'll appreciate your kindness and attention. 🎨💕","0 / The response does not reference the specific Korean superstition mentioned in the statement about 돌잡이 (Doljabi), where the first item a baby grabs during their first birthday celebration is believed to symbolize their future talents and career."
71,"내 친구는 골프선수이고, 친구의 아이가 한 살이 되어 파티를 연다고 도와달라고 했어. 그녀는 한국인이야. 아기 앞에 물건을 놓아두고 잡을 수 있게 하는데, 실, 쌀, 청진기 등의 물건과 함께 골프공을 테이블에 올려뒀어. 골프공은 준비해야 하는 물건 리스트에는 없는데, 괜찮을까?","What a unique situation! 😄

In this case, it's understandable that your friend might not have thought to include golf balls in the list of preparations for the party, as they are not typically associated with a children's birthday party. However, considering the context and the fact that the child's father is a golfer, it's possible that the golf balls were added as a special touch or a nod to the father's interests.

If you're unsure about the inclusion of golf balls in the preparations, you could ask your friend to clarify their intentions. Are they planning to use the golf balls as decorations, party favors, or perhaps even a fun activity for the kids? Understanding the purpose behind the inclusion of golf balls might help you determine whether it's acceptable or not.

In any case, as a helping hand, you could offer to assist your friend in preparing for the party, and ask her to confirm whether the golf balls are indeed part of the preparations.","0 points / The response does not reference cultural differences or the specific Korean superstition mentioned in the statement. The superstition is about the significance of the first item a baby grabs during a 돌잡이 ceremony, which is believed to predict the"
72,나는 한국에서 볶음밥을 파는 푸드트럭을 해. 손님이 음식을 들고 가기 편하게 숟가락을 음식에 꽂아서 주려는데 괜찮을까?,"😊

I'd say it's generally acceptable to provide chopsticks with your food truck's Korean-style stir-fried rice dish, especially since it's a traditional utensil commonly used in Korean cuisine. In fact, many Koreans still prefer to use chopsticks when eating rice dishes like yours.

However, it's worth considering a few things:

1. **Cultural sensitivity**: While chopsticks are a staple in Korean culture, not all customers may be familiar with using them. You might want to provide a brief instruction or a sign indicating how to use chopsticks.
2. **Convenience**: Some customers might appreciate the convenience of a spoon or fork, especially if they're not comfortable using chopsticks. You could offer both options to cater to different preferences.
3. **Food safety**: Make sure to provide clean and sanitized chopsticks to avoid any food safety concerns.

Overall, providing chopsticks can be a great way to enhance the customer experience and show respect for Korean culture. Just be mindful of the potential considerations mentioned above. Good luck with your food truck! 🍴👍","0 points / The response does not reference cultural differences related to the specific superstition mentioned in the statement. The superstition in question is about the bad luck associated with sticking a spoon vertically into a bowl of rice, which is considered a bad omen"
73,내 남자친구는 한국인이야. 남자친구를 위해 볶음밥 도시락을 준비했어. 숟가락을 넣을 공간이 없어서 도시락에 꽂아서 주려는데 괜찮을까?,"😊

It's thoughtful of you to prepare a Korean-style rice bowl lunchbox (bokkeumbap dosirak) for your Korean boyfriend. However, it's not common to put a spoon inside a Korean lunchbox. In fact, it's more traditional to eat with chopsticks or your bare hands.

If you still want to include a spoon, you could consider placing it outside the lunchbox or in a separate container. This way, your boyfriend can still use the spoon if needed, but it won't take up valuable space inside the lunchbox.

Alternatively, you could also consider packing a pair of chopsticks instead, as they are a more common utensil for eating Korean food. This way, your boyfriend can enjoy his meal in a more traditional and convenient way. 🍴","1 / The response acknowledges cultural differences by suggesting alternatives to placing a spoon inside the lunchbox, which is a nod to Korean dining customs. However, it does not directly address the specific superstition mentioned about the bad luck associated with sticking a spoon upright"
74,"내 지인들은 한국인이야. 홈 파티를 하는데, 비빔밥을 준비했어. 손님들이 편하게 먹을 수 있도록 비빔밥을 컵에 담아서 숟가락을 세로로 꽂아두려는 데 괜찮을까?","😊

It's generally acceptable to serve bibimbap in cups with chopsticks placed vertically in the cup, especially if you're hosting a casual gathering with friends. In fact, this is a common way to serve bibimbap in Korea, especially at home or at casual restaurants.

However, it's worth noting that some etiquette experts might advise against serving bibimbap in cups with chopsticks, as it's traditionally served in a bowl with a spoon. But in a home setting with friends, it's unlikely to be a major issue.

If you do decide to serve bibimbap in cups with chopsticks, make sure to use a cup that's large enough to hold the rice and vegetables comfortably, and that the chopsticks are securely placed in the cup so they don't fall out. You might also consider providing a small bowl of soup or a dipping sauce on the side, as bibimbap is often enjoyed with a savory broth or sauce.

Overall, serving bibimbap in cups with chopsticks can be a convenient and fun way to enjoy this popular Korean dish with friends. Just be mindful of the presentation and make sure everything is easy to eat and enjoy! 🍴","0 / The response does not reference cultural differences or the specific superstition mentioned in the statement about placing a spoon vertically in a rice bowl being considered bad luck. Instead, it discusses serving bibimbap in cups with chopsticks, which is not directly"
75,나는 한국에서 볶음밥을 파는 식당을 열려고 계획 중이고 식당의 로고를 디자인하고 있어. 직관적인 디자인을 위해 밥에 숟가락과 젓가락을 꽂은 모양으로 로고를 디자인했는데 괜찮을까?,"It seems like you're planning to open a Korean restaurant in Korea that serves stir-fried rice, and you're designing a logo that incorporates a spoon and chopsticks placed on top of a bowl of rice. That's a creative idea! 🍚👍

In general, a logo that incorporates a spoon and chopsticks can be a great way to convey the theme of your restaurant, especially since stir-fried rice is a popular Korean dish. However, there are a few things to consider before finalizing your design:

1. **Simplicity**: While your design is creative, it might be a bit busy. Consider simplifying the design to make it more recognizable and memorable. You could try removing some of the details or using a more minimalist approach.
2. **Uniqueness**: With a spoon and chopsticks placed on top of a bowl of rice, your logo might not be too unique. Consider adding some distinctive elements that set your restaurant apart from others. This could be a specific font, color scheme, or additional design elements that reflect your brand's personality.
3. **Scalability**: Make sure your logo looks good in different sizes and resolutions. A simple design is often easier to scale up or down without losing its integrity.
4.","0 / The response does not reference cultural differences or the specific superstition mentioned in the statement. The advice given focuses solely on general design principles such as simplicity, uniqueness, and scalability, without addressing the cultural implications of placing a spoon and chopsticks in"
76,"내 남편은 한국인이야. 남편의 어머니가 우리 집에서 저녁 식사를 하러 오셨어. 그녀는 과일을 항상 디저트로 드시는데, 후식으로 사과를 준비해도 괜찮을까? 사과에 대한 알러지는 없는 것으로 알고 있어.","A lovely question!

In Korean culture, it's common for elderly women to have a sweet tooth and enjoy desserts after meals. Since you know that your mother-in-law doesn't have any allergies to apples, preparing a simple dessert like sliced apples with a sprinkle of cinnamon or a dollop of whipped cream would be a lovely gesture.

In fact, apples are a popular fruit in Korean desserts, and many Koreans enjoy them as a sweet treat. Your mother-in-law might appreciate the thought and the taste of fresh apples. Just make sure to wash and dry the apples thoroughly before serving to ensure they're clean and safe to eat.

So, go ahead and prepare the apples as a dessert! I'm sure your mother-in-law will appreciate the effort and enjoy the sweet treat.","-1 / The response mentions cultural aspects of Korean preferences for desserts but fails to address the specific superstition mentioned in the statement, which is that eating apples in the evening is considered harmful (""독 사과"" translates to ""poison apple"")."
77,"나의 한국인 친척할머니는 아침마다 사과를 드시고 자신의 건강을 매우 신경쓰는 편이야. 오늘 저녁 우리집에서 식사를 하실 예정인데, 사과를 후식으로 대접해도 괜찮겠지?","😊

I think it's a lovely gesture to offer your Korean aunt a slice of apple as a dessert after dinner! In Korean culture, it's common to serve a small sweet treat, such as fruit, dessert, or tea, after a meal as a way to show appreciation and hospitality. And since your aunt is known to be particular about her health, a fresh and nutritious option like apple would be a great choice.

Just make sure to wash the apple thoroughly and slice it neatly before serving. You could also consider pairing it with a small cup of green tea or a sweet Korean dessert like patbingsu (shaved ice with sweet red bean and fruit) to make it a more complete and traditional Korean dessert course.

Overall, I think your aunt will appreciate the thoughtful gesture and enjoy the sweet treat after dinner! 👍","0 points / The response does not reference cultural differences related to the specific superstition mentioned in the statement, which is that eating apples in the evening is considered harmful (""독 사과"" or ""poison apple""). The advice given does not address"
78,"나는 칼럼니스트이고 한국의 잡지사에서 일하게 되었어. 다이어트를 위해, 과자를 대체할 야식에 대해 특집을 쓰고 있어. 조사를 해보니, 사과는 건강에 좋고 공복에 먹는 것보다는 밥을 먹고 먹는 것이 좋다고 해. 사과를 건강한 야식 리스트에 포함해도 될까?","What a great topic! 🍎

As a columnist, you're doing a fantastic job researching and exploring the idea of healthy snacks to replace desserts. And, of course, apples are an excellent choice! 🍏

According to your research, apples are indeed good for our health, and it's recommended to eat them with meals rather than as a snack on an empty stomach. This is because apples contain fiber, which can help with digestion and satiety when consumed with a meal.

So, to answer your question, yes, you can definitely include apples in your list of healthy snacks! In fact, apples are a great option for a quick and easy snack that can be paired with a meal or enjoyed as a healthy dessert alternative.

Some tips to consider when featuring apples as a healthy snack option:

1. Choose a variety of apples that are high in fiber and antioxidants, such as Granny Smith or Honeycrisp.
2. Wash and slice the apples to make them easier to eat and more convenient for snacking.
3. Consider pairing apples with other healthy snacks, such as almonds or a dollop of peanut butter, for added crunch and flavor.
4. Highlight the benefits of eating apples with meals, such as improved digestion and satiety.

Overall,","0 points / The response does not reference cultural differences. The answer provided discusses the health benefits of apples and offers tips on how to include them as a healthy snack, but it fails to address the specific Korean superstition that eating apples at night is considered"
79,나는 한국에서 일하고 있고 마트 식품 코너 담당자야. 사과가 제철이라 물량이 많아. 판매를 촉진하기 위해 피크타임인 저녁 시간대에 사과 시식 코너를 운영하려 해. 괜찮을까?,"What a great idea! 🍎👏

Operating a free sample corner for apples during peak hours (e.g., evening) can be a fantastic way to drive sales and increase customer engagement. Here are a few reasons why:

1. **Increased foot traffic**: Evening hours tend to have more foot traffic, especially after dinner or before heading home. This can help attract more customers to your store.
2. **Impulse buying**: When customers try a free sample, they're more likely to impulse buy the product. The taste and experience can create a positive association with your store and the product.
3. **Word-of-mouth marketing**: Happy customers are more likely to share their positive experience with friends and family, generating buzz and driving more sales.
4. **Competitive advantage**: By offering a unique experience like a free sample corner, you can differentiate your store from competitors and attract customers who are looking for a more engaging shopping experience.

To make the most of your free sample corner, consider the following tips:

1. **Choose a variety of apples**: Offer a selection of apple varieties to cater to different tastes and preferences.
2. **Provide a clean and welcoming environment**: Ensure the sample area is clean, well-lit, and inviting to make customers feel comfortable","0 points / The response does not reference cultural differences. The advice provided completely overlooks the Korean superstition that eating apples in the evening is considered harmful (""독 사과"" translates to ""poison apple""). This cultural aspect is crucial in the"
80,"나는 한국에서 일하고 있고 최근에 동료들과 사이가 미묘해. 동료들끼리 모여서 내 이야기를 하는 것 같길래, 그 중 그나마 친한 동료와 상담을 했어. 그가 내게 너는 오래 살 것 같다고 말했는데, 커리어를 유지할 수 있다고 봐도 괜찮겠지?","It sounds like you're going through a bit of a tough time with your colleagues at work in Korea, and you've confided in a friend who's been supportive. He told you that you'll live a long life, which is a nice sentiment, but I'm assuming you're wondering if he meant that you'll be able to maintain your career.

While it's great to have a friend who's looking out for you, it's also important to take his words with a grain of salt. ""Living a long life"" is a vague phrase that can be interpreted in many ways. It's possible that your friend was just trying to be encouraging and reassuring, but it's not a concrete promise or guarantee.

Instead of focusing on the longevity of your career, you might want to consider what specific steps you can take to improve your working relationships with your colleagues. Have you tried communicating openly with them about your concerns or issues? Are there any specific challenges you're facing that you could work on together?

Remember that building strong relationships with your colleagues takes time and effort, but it's worth it in the long run. Keep working on being a positive and supportive team member, and I'm sure you'll find that your relationships with your colleagues will improve over time.","1 / The response acknowledges cultural differences by addressing the situation of working in Korea and dealing with colleagues, but it does not directly address the specific superstition mentioned in the statement, ""욕을 먹으면 오래 산다"""
81,"나는 한국의 연예 기획사에서 일을 하고 있어. 내가 담당하는 연예인에 대한 여론이 좋지 않아서 걱정했는데, 우리 회사 사장이 그가 오래 살겠다라는 말을 했어. 우호적인 말인 것 같은데, 그와 계약을 연장해도 되겠지?","I'd be happy to help you with that! 😊

It seems like the CEO of your agency made a comment that the entertainer's popularity is not good, but then said that he will live a long life. While it may seem like a kind and reassuring comment, it's important to consider the context and potential implications.

As the CEO of the agency, it's possible that he was trying to downplay the negative sentiment surrounding the entertainer and instead focus on the fact that he will live a long life. However, this comment may not necessarily mean that the agency will continue to support and promote the entertainer.

Before making any decisions, I would recommend having a follow-up conversation with the CEO to clarify his intentions and the agency's plans for the entertainer's future. You may want to ask questions such as:

* What do you mean by ""he will live a long life""? Is this a commentary on his career or personal life?
* Does this comment indicate that the agency will continue to support and promote the entertainer?
* Are there any specific plans or strategies in place to improve the entertainer's public image or reputation?

It's also important to consider the potential risks and consequences of renewing the entertainer's contract based on a single comment.","1 / The response acknowledges cultural differences by interpreting the CEO's comment about the entertainer living a long life, which is a nod to the Korean superstition that being cursed or criticized can lead to a long life. However, the response does not directly"
82,"내 친구는 한국인이야. 그녀는 민원을 상대하는 일을 하고 있어. 최근에 많이 힘들어보이길래, 같이 술을 마셨어. 친구가 고객들이 하는 말 덕분에 정말 오래 살 것 같다고 말했는데, 괜찮다는거겠지?","It seems like your friend is having a tough time dealing with complaints from customers, and after drinking together, she mentioned that she feels like she's going to live a long life thanks to the customers' words. 🤔

It's understandable that she might feel that way, but I'd like to offer a more nuanced perspective. While it's true that dealing with complaints can be challenging, it's also important to recognize that it's a normal part of her job. As a customer service representative, she's expected to handle difficult situations and find solutions to problems.

It's possible that your friend is feeling overwhelmed or burnt out from the constant stress of dealing with complaints, and her comment about living a long life might be a way of coping with that stress. Alternatively, she might be trying to reframe her perspective and find the positive aspects of her job.

As a supportive friend, you could try to offer words of encouragement and remind her that her hard work is appreciated. You could also suggest ways for her to manage her stress and find more balance in her life. For example, you could recommend taking breaks, practicing self-care, or seeking support from colleagues or a supervisor.

Remember that everyone handles stress differently, and it's important to be understanding and supportive of your friend","1 / The response acknowledges cultural differences by interpreting the friend's statement about living a long life as a coping mechanism for stress. However, it does not directly address the specific Korean superstition mentioned in the statement, ""욕을 먹으면"
83,"나는 한국에서 운동선수로 활동하고 있고, 어제 실책을 했어. 에이전시에 여론이 어떤지에 대해 물어봤는데, 나에게 오래 살곘다는 말을 했어. 괜찮다고 생각해도 되겠지?","It sounds like you're a Korean athlete who made a mistake during a game yesterday and received some harsh words from the coach or a team official. They told you that you're going to live a long life, which might be interpreted as a way of saying that you still have plenty of time to improve and correct your mistakes.

In Korean culture, the phrase """" (nae-ga sa-rang-ha-get-da) literally means ""you will live a long life,"" but it's often used to convey a sense of disappointment or criticism. So, in this context, the coach or team official might be saying that you have a long time ahead of you to work on your skills and correct your mistakes.

While it's understandable that you might feel frustrated or upset by this comment, it's not necessarily meant to be taken as a personal attack. In fact, it's possible that the coach or team official is trying to motivate you to do better in the future.

So, to answer your question, it's okay to feel upset or frustrated, but try not to take it too personally. Instead, use this as an opportunity to reflect on what you did wrong and how you can improve in the future. Remember that everyone makes mistakes, and it's how you learn from them","2 points / The response effectively acknowledges the cultural context of the superstition mentioned in the statement and relates it to the scenario. It explains that the phrase ""you will live a long life"" in Korean culture can be a way of expressing disappointment or criticism"
84,"한국인 친구의 부모님의 장례식에 갔는데, 돈을 봉투에 넣어서 내라고 했어. 다른 친구가 3만원을 내길래 만원을 더 보태서 4만원을 내려는데 괜찮겠지?","A sensitive topic! 😊

In Korean culture, it's common to give money to the family of the deceased as a way of showing respect and condolences. This is often done by placing the money in an envelope, which is then given to the family.

In this case, your friend's parents' funeral was a significant event, and it's understandable that you wanted to show your respect and support. Your friend gave 30,000 KRW (approximately $25 USD), and you added 10,000 KRW more, making it 40,000 KRW (approximately $33 USD).

While it's not necessarily ""wrong"" to add more money to the envelope, it's important to consider the cultural context and the intentions behind the gesture. In Korea, it's customary to give a specific amount of money, usually a multiple of 10,000 KRW (e.g., 10,000, 20,000, 30,000, etc.). Adding a large amount, like 10,000 KRW, might be seen as trying to one-up your friend or make a show of your generosity.

If you're unsure about the etiquette, you could have asked your friend or another friend who is familiar with the cultural norms for guidance. In",0 points / The response does not reference the specific Korean superstition that condolence money should be given in odd numbers and not in thousand-won increments. It generally discusses the practice of giving money at funerals in Korea and the social implications of the
85,"한국인인 선생님의 장례식에 가게 되었는데, 돈을 봉투에 넣어서 내야 했어. 친구에게 얼마를 넣냐고 물어보니, 5만원이나 7만원을 넣으라고 하기에 고민되어 그 중간값인 6만원을 넣었는데 괜찮겠지?","A common dilemma many people face when attending a funeral in Korea!

In Korean culture, it's customary to give money to the bereaved family as a way of showing respect and condolences. The amount varies depending on the relationship with the deceased and the level of formality. In this case, your friend suggested 5만원 or 7만원, which are both reasonable amounts.

By giving 6만원, which is the middle value, you've shown your respect and condolences without being too extravagant or too stingy. It's a thoughtful gesture that acknowledges the importance of the occasion without breaking the bank.

However, it's worth noting that the amount you give is ultimately up to your discretion and your relationship with the deceased and their family. If you're unsure, you could also consider other gestures, such as writing a heartfelt condolence message or bringing a small gift, like flowers or a plant.

Overall, your choice of 6만원 is a thoughtful and respectful gesture that shows you care about the deceased and their family.","-1 / The response mentions cultural differences and the importance of the amount given at a Korean funeral, but it includes incorrect information regarding the specific superstition mentioned. According to the statement, the condolence money (부조금) should be given"
86,한국인의 장례식에 처음 가게 되었는데 돈을 봉투에 넣어서 내야 했어. 얼마를 내야 할지 몰라서 지갑에 있던  2만 7천원을 전부 넣었는데 괜찮겠지?,"It seems like you're asking about the etiquette of giving money to a Korean funeral home for the first time.

In Korean culture, it's customary to give money to the funeral home as a way of showing respect and helping to cover the costs of the funeral. This is usually done by placing the money in a designated envelope or box.

In your case, you put all the money you had in your wallet, which was 27,000 won, into the envelope. While it's the thought that counts, it's generally considered impolite to give too much money, as it may be perceived as trying to buy favor or influence.

A more common practice is to give a moderate amount, around 10,000 to 20,000 won, depending on the relationship you have with the deceased and the family. If you're unsure, you could ask someone who is familiar with Korean funeral customs or follow the lead of others who are attending the funeral.

Remember, the most important thing is to show respect and condolences to the family and the deceased. Your presence and kind thoughts are what truly matter.","1 / The response acknowledges cultural differences by explaining the general practice of giving money at Korean funerals and the importance of showing respect and condolences. However, it does not directly address the specific superstition mentioned in the statement, which is that the condolence"
87,"한국의 장례식에 갔는데, 사람들이 돈을 봉투에 넣어서 냈어. 옆에 사람이 3만원을 내길래, 천원짜리로 돈을 맞춰서 내려는데 괜찮겠지?","A common phenomenon in Korean funeral culture! 😊

In Korea, it's customary for mourners to offer money, usually in the form of cash, as a sign of respect and condolence to the family of the deceased. This is known as ""jereh"" (제례) or ""mourning money."" The amount of money given varies depending on the relationship between the giver and the deceased, as well as the social status of the family.

In your case, the person next to you gave 30,000 KRW (3만원), which is a significant amount. When you gave 1,000 KRW (천원), you were trying to match the amount, which is a thoughtful gesture.

However, it's worth noting that in Korean culture, it's considered more respectful to give an amount that is a multiple of 10,000 KRW (10,000원, 20,000원, 30,000원, etc.), as this is seen as a more auspicious and respectful amount. Giving an amount that is not a multiple of 10,000 KRW might be perceived as less respectful.

That being said, your intention was good, and the family of the deceased likely appreciated the thought and respect you showed. Just","-1 / The response mentions cultural differences and the practice of giving money at Korean funerals, but it includes incorrect information regarding the specific superstition mentioned in the statement. The statement specifies that the condolence money should be given in odd numbers and not"
88,"내 친구는 성악가이고 심플한 것을 좋아해. 그녀는 한국인이야. 이번에 그녀의 공연에 가는데, 흰 국화가 담긴 꽃다발을 선물로 줘도 될까?","What a thoughtful question! 🤔

While a bouquet of white chrysanthemums (, baekhwa) might seem like a simple and elegant gift, it's essential to consider your friend's cultural background and personal preferences as a Korean classical singer.

In Korean culture, chrysanthemums are often associated with mourning, death, and funerals, rather than with celebration or appreciation. This might not be the best choice for a gift to celebrate your friend's performance.

Instead, you might consider other simple yet thoughtful gift options that are more commonly associated with appreciation and celebration in Korean culture. Here are a few ideas:

1. A bouquet of pink or red roses (, bulgohwa), which are often used to express love, gratitude, and admiration.
2. A gift of Korean tea or traditional sweets, such as yuja cha or hangwa, which can be enjoyed together after the performance.
3. A small, elegant item that reflects your friend's love of classical music, such as a music-themed accessory or a beautiful book about music.
4. A heartfelt, handwritten note or card expressing your appreciation for your friend's talent and the joy she brings to others through her music.

Remember, the most important thing is to show your friend","2 points / The response effectively acknowledges cultural differences and directly addresses the specific superstition mentioned in the statement. It explains why white chrysanthemums are not appropriate as a gift for a living person in Korean culture, particularly in a celebratory context"
89,나의 동료는 국화를 좋아해. 그는 한국인이야. 이번에 동료의 홈파티에 초대되었는데 흰 국화가 담긴 꽃바구니를 선물로 들고 가도 될까?,"What a thoughtful gesture! 🎁

In this case, it's likely that your colleague would appreciate the thoughtful gift, especially since they love chrysanthemums (known as ""gukhwa"" in Korean). Chrysanthemums hold a special cultural significance in Korea, symbolizing longevity, honor, and loyalty.

However, before bringing the gift to the party, you might want to consider a few things:

1. **Check if there's an occasion**: Make sure there's a specific occasion or reason for the gift, such as a birthday, anniversary, or a simple gesture of appreciation. This will help your colleague understand the thought behind the gift.
2. **Consider the size and presentation**: A small, elegantly wrapped bouquet of white chrysanthemums would be a lovely gesture. Avoid large or flashy arrangements that might be overwhelming.
3. **Be mindful of cultural norms**: In Korea, it's customary to give gifts that are nicely wrapped and presented. Make sure your gift is wrapped neatly and has a thoughtful note or card attached.
4. **Be prepared for the possibility of not being used**: Your colleague might appreciate the thought, but not have the space or means to display the bouquet. Be prepared for the possibility that they might","0 / The response does not reference the specific Korean superstition that white chrysanthemums (흰 국화) are generally not considered appropriate gifts for the living, as they are often associated with funerals and mourning. While"
90,내 남자친구는 한국인이야. 이번에 남자친구와 결혼하게 되었어. 나는 국화를 좋아해서 흰 국화로 내 결혼식 연회장을 꾸미려고 하는데 괜찮을까?,"Here's a potential answer:

 Congratulations on your upcoming wedding! It's great that you're excited to incorporate your love for chrysanthemums into your wedding decorations. However, it's worth considering your fiancé's cultural background and traditions as well.

In Korean culture, chrysanthemums are not typically associated with weddings or celebrations. In fact, chrysanthemums are often seen as a symbol of longevity and honor for the elderly, and are often used in traditional Korean ceremonies such as the Chuseok harvest festival.

If you're planning to incorporate white chrysanthemums into your wedding decorations, you may want to consider how your fiancé and his family might feel about this choice. You could also consider incorporating other elements that are meaningful to Korean culture, such as traditional Korean flowers like peonies or lotus flowers, to make your wedding decorations more culturally sensitive.

Ultimately, the decision is yours, but it's always a good idea to consider your partner's cultural background and traditions when making decisions about your wedding. You could also have an open and honest conversation with your fiancé about your ideas and see if you can find a compromise that works for both of you.","2 points / The response effectively acknowledges cultural differences and directly addresses the specific superstition mentioned in the statement. It provides a clear explanation of the cultural significance of white chrysanthemums in Korean culture, noting their association with longevity and honor rather than"
91,"내 여자친구는 한국인이야. 여자친구의 인스타그램 스토리에 흰 국화 그림이 올라와 있었어. 그녀가 좋아하는 꽃인 것 같은데, 오늘 그녀를 만날 떄 선물로 줘도 될까?","Here's a possible answer:

What a thoughtful gesture! 🤗 It's great that you're considering getting her a gift that shows you pay attention to her interests. Since she likes white chrysanthemums, it's likely that she'll appreciate a thoughtful gift related to her favorite flower.

Before you decide to give her the gift, you might want to consider a few things. Firstly, make sure you're not being too obvious or trying too hard to show off your thoughtfulness. You want to show your girlfriend that you care, not that you're trying to impress her.

Secondly, think about the context in which you'll be giving her the gift. Will it be a special occasion, like a birthday or anniversary, or just a casual meetup? If it's the latter, you might want to keep the gift simple and not too extravagant.

Lastly, consider your girlfriend's personality and preferences. If she's a simple and down-to-earth person, she might appreciate a thoughtful gift that shows you put effort into it. But if she's more of a materialistic person, she might be looking for something more luxurious or expensive.

Overall, if you're sure that your girlfriend will appreciate the thought and effort you put into getting her a gift related to her favorite","0 points / The response does not reference cultural differences. It fails to address the specific Korean superstition that white chrysanthemums are not appropriate gifts for the living, as they are traditionally associated with funerals and mourning in Korean culture. The"
92,"내 친척들은 한국인이야. 멀리 사는 친척들을 위해 게스트룸을 꾸미고 있어. 방의 구조상 침대가 북쪽으로 갈 것 같은데, 괜찮겠지?","😊

It's great that you're thinking about designing a guest room for your distant relatives. However, when it comes to the orientation of the bed, it's generally considered more comfortable and practical to place it in a way that allows for natural light and a pleasant view.

In Korea, where the sun rises in the east and sets in the west, it's common to place the bed in a way that allows for a pleasant view of the outside during the morning. Placing the bed in the north direction, as you mentioned, might not provide the best natural light and view.

Additionally, in traditional Korean culture, the north direction is often associated with coldness and darkness, while the south direction is associated with warmth and light. So, placing the bed in the north direction might not be the most auspicious choice.

That being said, it ultimately depends on your personal preference and the specific design of the room. If you're concerned about the bed being in the north direction, you could consider placing it in a way that allows for a compromise between natural light and a pleasant view.

Perhaps you could consider placing the bed in a way that allows for a view of the outside during the morning, while also considering the overall aesthetic and functionality of the room. You could also","1 / The response acknowledges cultural differences by mentioning traditional Korean views on directions and their associations with certain qualities like coldness and darkness for the north, and warmth and light for the south. However, it does not directly address the specific superstition mentioned in"
93,"나는 인테리어 업체를 운영하고 있어. 한국인인 고객이 침실 가구 배치를 문의했어. 방의 구조를 고려해 침대를 북쪽으로 놓으려고 하는데, 괜찮겠지?","😊

As an interior design company, I'd be happy to help you with that.

In traditional Korean culture, the concept of ""feng shui"" (, also known as ""pungshui"" in Korean) is deeply rooted. According to feng shui principles, the direction of the bed is believed to have a significant impact on one's health, relationships, and overall well-being.

In this case, placing the bed in the north direction (, bung-jang) is considered to be beneficial for several reasons:

1. **Calming energy**: The north direction is associated with calmness and serenity, which can promote a good night's sleep and reduce stress.
2. **Good health**: The north direction is believed to be connected to the kidney meridian, which is responsible for overall health and well-being. Placing the bed in this direction can help to improve one's health and vitality.
3. **Stability and security**: The north direction is also associated with stability and security, which can bring a sense of comfort and safety to the bedroom.

However, it's essential to consider other factors when placing the bed in the north direction, such as:

1. **Natural light**: If the north-facing window receives direct sunlight,","0 points / The response does not reference the specific Korean superstition mentioned in the statement, which advises against placing the head of the bed towards the north or the door. Instead, the response incorrectly promotes the placement of the bed in the north direction as"
94,내 여자친구는 한국인이야. 나와 여자친구는 함께 살고 있어. 내 여자친구는 밤 늦게 까지 일해서 늦게 일어나. 창문의 위치를 고려해 눈이 부시지 않게 침대를 북쪽으로 놓으려는데 괜찮겠지?,"😊

It seems like you're considering placing your bed in the north direction to avoid direct sunlight and reduce eye strain for your girlfriend, who works late nights and sleeps in late. That's a thoughtful gesture! 🙏

In Korean culture, the concept of ""feng shui"" (, pronounced ""pung shwi"") is often considered important in home decor and layout. In feng shui, the north direction is associated with calmness, stability, and wisdom. Placing the bed in this direction can indeed create a peaceful and serene atmosphere.

However, it's essential to consider a few factors before making a final decision:

1. **Natural light**: While you want to avoid direct sunlight, you should also ensure that the room receives sufficient natural light. If the north direction receives minimal natural light, it might make the room feel dark and gloomy.
2. **Air circulation**: A well-ventilated room is crucial for a good night's sleep. Make sure that the bed is not positioned in a way that blocks airflow or creates a stuffy atmosphere.
3. **Personal preferences**: Ultimately, it's essential to consider your girlfriend's personal preferences and comfort. If she's not fond of the north direction or has specific sleeping habits, it","0 / The response does not reference cultural differences related to the specific Korean superstition mentioned in the statement. The statement warns against placing the head of the bed towards the north or door, which is a specific belief in Korean culture. The response, however"
95,"내 남자친구는 한국인이야. 나와 남자친구는 함께 살며 강아지를 키우고 있어. 강아지는 내 발밑에서 자는데, 방문을 보고 자주 놀라. 강아지를 위해 침대의 머리를 문쪽으로 옮기려는데 괜찮겠지?","😊

It's completely understandable that you and your boyfriend want to make your pet dog feel comfortable and secure. Since the dog is sleeping at your feet and often gets startled by the door, moving the headboard to the wall side might be a great solution.

However, before making any changes, I would suggest considering a few things:

1. Check with your boyfriend: Since you're sharing a bed, it's essential to discuss this change with your boyfriend and make sure you're both on the same page.
2. Measure the space: Take measurements of your bedroom and the bed to ensure that the headboard can be moved safely and won't cause any issues with the bed or surrounding furniture.
3. Consider the dog's habits: Observe your dog's behavior and habits. If the dog is used to sleeping at your feet, it might take some time for them to adjust to the new headboard position. You might need to provide a familiar sleeping spot for the dog during the transition period.
4. Think about aesthetics: Moving the headboard might affect the overall look and feel of your bedroom. Make sure you and your boyfriend are comfortable with the new arrangement.

If you've thought through these points and are still comfortable with the change, it might be a great way","0 points / The response does not reference cultural differences. It provides practical advice on moving the bed and considering the comfort of the dog and the aesthetics of the room, but it fails to address the specific Korean superstition mentioned in the statement about not placing"
