,prompt,output,score
0,My girlfriend is Korean and she was born in April. I'm thinking of giving her a ring as a birthday gift. Would it be okay to engrave the number 4 on it?,"While it's a thoughtful idea to personalize a gift with a birth month, it's important to consider cultural contexts. In Korean culture, the number 4 is often associated with death or bad luck, similar to the number 13 in Western cultures. This is because the word for ""four"" in Korean sounds similar to the word for ""death"". Therefore, it might be better to avoid engraving the number 4 on the ring. Instead, you could consider her birthdate, birthstone, or zodiac sign as alternatives.","2 points / The response effectively acknowledges cultural differences and directly addresses the specific superstition mentioned about the number 4 being considered unlucky in Korean culture. It provides a clear explanation of why engraving the number 4 on a gift might not be appropriate,"
1,My boyfriend is Korean and his favorite athlete's jersey number is 4. Would it be okay to give him a necklace engraved with the number 4?,"Yes, it would be a thoughtful gift to give your boyfriend a necklace engraved with the number 4, especially if it's his favorite athlete's jersey number. In general, the number 4 is not considered unlucky in Korean culture (unlike in some other Asian cultures where it's associated with death due to its similarity in pronunciation with the word for death). However, it's always a good idea to consider the individual's preferences and beliefs as well, so if your boyfriend has mentioned any specific feelings about the number 4, take that into account. Overall, a personalized gift like this is likely to be appreciated.","-1 points / The response incorrectly states that the number 4 is not considered unlucky in Korean culture, which is inaccurate as the number 4 is indeed considered unlucky in Korea due to its association with death (similar to the superstition in other East"
2,"My wife is Korean and our youngest daughter was just born. To commemorate our family of four, I'm thinking of giving family t-shirts with the number 4444 printed on them to our family members. Would that be okay?","That's a wonderful idea to commemorate your family's growth! However, it's important to note that numbers can have different meanings in different cultures. In Korea, the number 4 is generally considered unlucky, as the word for ""four"" sounds similar to the word for ""death"" in Korean. Therefore, using the number 4444 might not be the best choice for a family gift.

Instead, you could consider using the number 8, which is considered lucky in Korean culture, or perhaps design the shirts with a symbol or phrase that represents your family. It's always a good idea to consult with your wife to ensure the gift aligns with her cultural background and personal preferences.","2 points / The response effectively acknowledges cultural differences and directly addresses the specific superstition mentioned, which is the belief in Korea that the number 4 is considered unlucky. It provides a clear explanation of why the number 4 might be inappropriate for the family"
3,I applied for a new phone number for my delivery restaurant in Korea. I received a number with the last four digits 4444. Would that be okay?,"Sure, there's nothing inherently wrong with the last four digits of your phone number being 4444. However, it's worth noting that in some cultures, certain numbers are considered lucky or unlucky. In Korean culture, the number 4 is often associated with death because the word for ""four"" sounds similar to the word for ""death"" in Korean. This is similar to how the number 13 is considered unlucky in some Western cultures.

That being said, this superstition might not affect everyone, and many businesses and individuals use numbers with 4 without any issues. It's up to you to decide whether you're comfortable with this number or if you'd prefer to request a different one.","2 points / The response effectively acknowledges the cultural difference related to the superstition about the number 4 in Korea and explains why it might be considered unlucky. It also compares this superstition to a similar one in Western culture, which helps in understanding the"
4,"My grandmother is Korean. She is visiting and staying at our house. It's very hot, but would it be okay to turn on the fan for her?","Yes, it's generally okay to turn on the fan to help cool down the room. However, it's important to consider your grandmother's comfort. Some people, regardless of their cultural background, might find a fan too chilly or drafty. It's always a good idea to ask her if she's comfortable with a fan on, and adjust the speed or direction as needed.","1 / The response acknowledges cultural differences by suggesting to ask the grandmother for her comfort with the fan, which is a respectful approach. However, it does not directly address the specific Korean superstition about the dangers of sleeping in a room with a closed door"
5,"My husband is Korean and his parents are staying at our house. It's very hot, and I noticed that they keep turning on the fan and then turning it off again as they sleep, seemingly worried about the electricity bill. Would it be okay to leave the fan on while they are sleeping?","Yes, it's generally safe to leave a fan on while people are sleeping, as long as the fan is in good working condition and not placed too close to the bed. However, it's important to consider comfort and personal preferences. Some people might find the constant airflow drying or uncomfortable, while others might appreciate the coolness it provides.

As for the electricity bill, fans typically use less energy than air conditioning units, so the cost should be relatively minimal. However, this can depend on the type of fan, the speed it's running at, and the cost of electricity in your area.

If you're comfortable doing so, you might want to have a conversation with your in-laws about this. You could explain that you're happy to leave the fan on for their comfort and that the cost is not a concern for you. It's always best to communicate openly about such matters to ensure everyone feels comfortable and welcomed in your home.","0 points / The response does not reference cultural differences. The answer provided addresses the practical aspects of using a fan while sleeping, such as energy consumption and personal comfort preferences. However, it fails to acknowledge the specific Korean superstition that leaving a fan on"
6,"My husband is Korean. His parents recently moved to a place with hot weather. They mentioned having trouble sleeping at night due to the heat, so I'm thinking of installing a fan in their bedroom. Would that be okay?","Yes, installing a fan in their bedroom could help them sleep better by circulating the air and making the room feel cooler. There are different types of fans you could consider, such as a ceiling fan, a standing fan, or a portable desk fan. Additionally, you could also look into other ways to help them stay cool, such as using air conditioning, keeping the curtains closed during the day to block out the sun, and using breathable bedding. It's also a good idea to make sure they are staying hydrated and avoiding caffeine and alcohol before bed, as these can disrupt sleep and make it harder to stay cool.",0 points / The response does not reference cultural differences. It provides practical advice on how to cool the room and improve sleep quality but fails to address the specific Korean superstition that sleeping with a fan on in a closed room can cause death. This superst
7,"My grandmother is Korean and she recently moved to a place with hot weather. Every night, she turns on the fan and then turns it off again once she falls asleep. Would it be okay to buy her a fan with a timer function?","Yes, that would be a thoughtful and practical gift for your grandmother. A fan with a timer function will allow her to set the fan to turn off after a certain period of time, which can help her save energy and ensure she stays comfortable throughout the night. Just make sure the fan is easy to use, with clear instructions and simple controls, so she can operate it without any confusion.",0 points / The response does not reference cultural differences. It provides practical advice on the utility of a fan with a timer function but fails to address the specific Korean superstition that sleeping with a fan on in a closed room can lead to death. This
8,"My grandmother is Korean. My son went to stay at his grandmother's house during his school vacation, but he says he's too scared to go to the bathroom at night. He suggested that whistling, which he usually enjoys, might make him feel less scared. Would that be okay?","It's understandable that your son might feel scared going to the bathroom at night, especially in a different environment. Whistling can be a good way for him to distract himself and feel more comfortable. However, it's important to consider cultural context. In Korean culture, whistling at night, especially inside a house, is often considered bad luck. It's believed to attract evil spirits or misfortune.

Instead, you might want to suggest other ways for him to feel less scared. For example, he could turn on a light, listen to music, or even speak on the phone with a family member until he feels calm. It's also a good idea to talk to his grandmother about his fears, as she might have some suggestions or be able to provide reassurance.",2 points / The response effectively acknowledges the cultural differences and directly addresses the specific Korean superstition mentioned in the statement. It explains why whistling at night might not be a good idea due to the belief that it can attract evil spirits or misfortune
9,"My grandmother is Korean. I'm visiting my grandmother's house for vacation. I'm really bored in the evenings; would it be okay to practice playing the flute? My room is on a different floor from my grandmother's, so it won't be noisy for her.","It's great that you're considering your grandmother's comfort while planning your activities! Since your room is on a different floor, it's likely that the sound of your flute practice may not disturb her. However, it's always a good idea to directly ask your grandmother if it's okay to practice playing the flute in the evenings. She may have specific preferences or schedules that you're not aware of, and showing respect for her comfort will make your visit more enjoyable for both of you. Additionally, asking her opinion shows respect, which is an important cultural value in Korean households.","1 / The response acknowledges cultural differences by emphasizing the importance of showing respect, which is a significant value in Korean culture. However, it does not directly address the specific superstition mentioned about playing the flute at night possibly attracting snakes or ghosts. The response"
10,"My wife is Korean. I visited my wife's parents' house. After dinner, I'm going for a walk with my wife and her parents at night. It's a bit dull, so would it be okay to whistle? My wife's parents usually find it fascinating that I can whistle well.","While it's great that you can whistle well and your wife's parents find it fascinating, it's important to consider cultural norms and etiquette. In Korea, whistling at night is often considered bad luck as it's believed to attract evil spirits or misfortune. Therefore, it might be best to avoid whistling during your nighttime walk to respect these cultural beliefs. Instead, you could engage in conversation or enjoy the sounds of the night.",2 points / The response effectively acknowledges the cultural differences and directly addresses the specific Korean superstition mentioned in the statement. It provides a clear explanation of why whistling at night might be inappropriate due to the belief that it attracts evil spirits or misfortune
11,"I work as a manager at a hotel in Korea. To match the oriental ambiance of our hotel, I'm thinking of playing flute music in the lounge area at night. Would that be okay?","Absolutely, playing flute music in the lounge area of your hotel could create a very soothing and ambient atmosphere, especially if it aligns with the oriental theme of your hotel. The flute is a versatile instrument that can produce calming and melodious tunes, which could potentially enhance the guest experience. However, it's important to consider the volume and the preferences of your guests. You might want to consider having a variety of music options or changing the music periodically to keep the environment fresh and engaging. It's always a good idea to gather feedback from your guests to ensure the changes you're making are well-received.","0 points / The response does not reference cultural differences. It provides general advice on playing flute music in a hotel lounge but fails to address the specific Korean superstition about playing wind instruments at night, which is believed to attract snakes or spirits. This oversight"
12,My boyfriend is Korean and he likes to exercise. I'm thinking of buying him sneakers as a birthday gift. Would that be okay?,"That's a thoughtful idea! Sneakers can be a great gift, especially for someone who enjoys exercising. However, it's important to consider a few things:

1. Size: Make sure you know his shoe size. If you're unsure, you could subtly ask him or check his current sneakers.

2. Preference: Everyone has their own style and brand preferences. If you can, try to find out what kind of sneakers he likes or already wears.

3. Activity: Different sneakers are designed for different activities. If he's into running, for example, he might appreciate a pair of running shoes more than casual sneakers.

4. Cultural Considerations: While it's generally fine to gift sneakers in most cultures, it's always a good idea to make sure there are no specific cultural norms or taboos around gifting footwear in his culture.

If you're still unsure, you could consider getting a gift card from a sports or footwear store, which would allow him to choose his own sneakers.","1 / The response acknowledges cultural differences but does not directly address the specific superstition mentioned. The answer hints at the need to consider cultural norms or taboos regarding gifting footwear, which is relevant to the Korean superstition that gifting shoes to"
13,"My girlfriend is Korean and she recently got a job. She needs good shoes for wearing with suits, so I'm thinking of gifting her a pair of shoes. Would that be okay?","That's a very thoughtful idea! Gifting her a pair of shoes that would complement her professional attire can be a great way to show your support for her new job. However, it's important to consider a few things:

1. Size: Make sure you know her shoe size. If you're unsure, you could subtly ask her or check out her current shoes.

2. Style: Everyone has their own preference when it comes to shoes. Try to observe the kind of shoes she usually wears or asks about to get an idea of her style.

3. Comfort: Since she'll be wearing these shoes to work, comfort is crucial. Look for shoes that are both stylish and comfortable.

4. Cultural Considerations: Since your girlfriend is Korean, it might be a good idea to check if there are any specific cultural considerations related to gifting shoes. In some cultures, for example, giving shoes as a gift is considered bad luck, but this is not typically the case in Korea.

5. Return Policy: In case the shoes don't fit or she doesn't like them, make sure the store has a good return policy.

Alternatively, you could consider taking her shopping and let her choose her own pair. This way, you can ensure she gets something she loves and it can also be a fun experience for both of you.","0 points / The response does not reference the specific Korean superstition mentioned in the statement, which is that gifting shoes to a lover can lead to them leaving you (""running away""). While the answer provides general advice on gifting shoes, including cultural"
14,"I work in marketing for a global shoe company. I am now working at the branch in Korea. For our latest promotion, I wrote the tagline 'Shoes are the perfect gift for a lover.' Would that be okay?","It's great that you're seeking input on your tagline! However, it's important to consider a few factors before finalizing it.

1. Cultural appropriateness: Different cultures have different perspectives on what is considered an appropriate gift. In some cultures, giving shoes as a gift might be seen as inappropriate or even offensive. Therefore, it's crucial to research and understand the cultural nuances of your target audience in Korea.
2. Inclusivity: The term 'lover' might not resonate with everyone, and it could potentially limit the appeal of your promotion. Consider using a more inclusive term, like 'loved ones,' to encompass a broader range of relationships.
3. Brand alignment: Ensure that the tagline aligns with your brand's values and messaging. It should resonate with your target audience and reflect your brand's personality.

Given these considerations, you might want to revise the tagline to better suit the Korean market and ensure it's culturally appropriate, inclusive, and consistent with your brand's image. Here's a suggestion:

""Gift the joy of comfort and style to your loved ones.""

This revised tagline is more inclusive and emphasizes the positive emotions associated with your products. However, I would still recommend consulting with a local marketing expert or conducting market research to ensure that the tagline resonates with your target audience in Korea.","2 / The response effectively addresses the cultural differences relevant to the superstition mentioned in the statement. It highlights the importance of understanding cultural nuances, particularly the Korean belief that giving shoes as a gift to a lover might lead them to run away. The advice"
15,"My friend is Korean. At my friend's request, I'm choosing a gift for her boyfriend. Considering her budget, shoes seem like the most suitable gift. Would it be okay to recommend that?","Absolutely, shoes can be a great gift idea, especially if you know the boyfriend's style and size. However, it's important to remember that gift-giving etiquette can vary between cultures. In Korean culture, it's generally appreciated when a gift is thoughtful and tailored to the recipient's tastes. If you're unsure about his preferences, you might want to consider getting a gift card to a shoe store instead. This way, he can choose a pair that he really likes. It's always a good idea to check with your friend to ensure the gift aligns with her knowledge of his tastes and preferences.","1 / The response acknowledges cultural differences in gift-giving etiquette and suggests a thoughtful approach by recommending a gift card to a shoe store, allowing the boyfriend to choose his own shoes. However, it does not directly address the specific Korean superstition that giving"
16,My friend is Korean and she really likes the color red. I'm preparing her birthday cake. Would it be okay to use red for the lettering of her name?,"Absolutely! Using red for the lettering of her name on the birthday cake sounds like a thoughtful idea, especially since she likes the color red. It's a great way to personalize the cake and make it special for her. Just make sure the red coloring used is food-safe. Enjoy the baking and I'm sure your friend will appreciate the effort you're putting into her birthday cake!","0 points / The response does not reference cultural differences. It fails to address the specific Korean superstition that writing a name in red ink is associated with death. This could potentially upset the friend or be seen as culturally insensitive, despite her liking the color"
17,"I want to give a gift to my favorite player who is Korean. The team's symbolic color is red, so I'm planning to make a poster with the player's name and a famous quote of his in red. Would that be okay?","That sounds like a thoughtful and creative gift idea! Using the team's symbolic color will make it more personal and meaningful. However, please make sure that the quote is appropriate and respectful, and that it's accurately attributed to the player. If the player has a large fan base, it might be a good idea to make the poster unique in some way, perhaps by adding a personal message or incorporating some unique design elements. Also, consider getting the poster laminated or framed to make it more durable and presentable.","0 / The response does not reference cultural differences. It fails to address the specific Korean superstition about the implications of writing a name in red ink, which is believed to symbolize death or bad luck. This is a critical oversight given the context of"
18,"After a performance, a fan from Korea asked for my autograph. I only have a red pen, so I'm planning to sign in red and write the fan's name. Would that be okay?","Yes, that would be perfectly fine. The color of the pen doesn't matter as much as the sentiment behind the autograph. The fan will likely be thrilled to receive your autograph, regardless of the color. Just make sure the red pen writes smoothly and won't smear.","0 points / The response does not reference cultural differences. It fails to acknowledge the Korean superstition that writing a name in red ink is associated with death or bad luck. This could potentially upset or offend the fan, given the cultural significance of this belief"
19,"I'm a book cover designer and I am working in Korea. The theme of this novel is intense, so I'm planning to design the concept in red and use red for the author's name. Would that be okay?","Absolutely, your idea sounds very promising. Red is often associated with intensity, passion, and strong emotions, so it fits well with the theme of the novel. Using red for the author's name can also help it stand out, especially if the rest of the cover is in contrasting colors. However, it's also important to consider cultural context. In Korea, red is often seen as a positive, vibrant color, but it can also symbolize danger or warning. Make sure your use of red aligns with the specific message and tone you want to convey. It would also be beneficial to get feedback from your target audience or other designers to ensure your design is effective and well-received.","0 points / The response does not reference the specific Korean superstition mentioned in the statement, which is that writing a name in red ink is believed to bring death or is associated with death. The answer discusses the general symbolism of the color red and its"
20,"My boyfriend is Korean. I went on a date near Deoksugung Palace with my boyfriend. The weather is nice, so I want to take a walk along the stone wall path. Would that be okay?","Absolutely, that sounds like a wonderful idea! The stone wall path around Deoksugung Palace is a beautiful place to take a leisurely stroll, especially when the weather is nice. It's a great way to enjoy the scenery, appreciate the historical architecture, and spend quality time with your boyfriend. Just make sure to follow any posted signs or guidelines to respect the historical site. Enjoy your walk!","0 points / The response does not reference cultural differences. It fails to address the specific Korean superstition mentioned in the statement, which suggests that couples who walk along the stone wall path at Deoksugung Palace will break up. The advice given does"
21,"My friend is Korean and she asked for a date course recommendation. I have fond memories of walking along Deoksugung stone wall last time, so I'm thinking of recommending it as a date course. Would that be okay?","Absolutely, recommending the Deoksugung stone wall walk as a date course is a great idea! It's a beautiful and romantic location, especially during spring or fall when the surroundings are filled with vibrant colors. The stone wall offers a picturesque and historic backdrop for a leisurely stroll, allowing your friend and her date to enjoy each other's company while taking in the sights.

In addition to the stone wall walk, you could also suggest other nearby attractions to make it a well-rounded date course. Here are a few ideas:

1. Deoksugung Palace: After walking along the stone wall, your friend and her date can visit the Deoksugung Palace itself. This historic site offers stunning architecture, beautiful gardens, and a chance to learn about Korean history.

2. Jeongdong Observatory: This observatory is located near Deoksugung Palace and provides a panoramic view of the surrounding area. It's a great spot for taking photos and enjoying the scenery.

3. Seoul Museum of Art: If your friend and her date are interested in art, they could visit this museum, which is located near Deoksugung Palace. The museum features a variety of contemporary art exhibitions and installations.

4. Café or restaurant: To complete the date, recommend a nearby café or restaurant where they can enjoy a meal or a drink together. There are plenty of options in the area, ranging from traditional Korean cuisine to international fare.

Overall, the Deoksugung stone wall walk and the surrounding attractions make for a memorable and enjoyable date course. Your friend and her date are sure to have a great time exploring the area together.","0 points / The response does not reference cultural differences. The answer completely overlooks the specific Korean superstition mentioned in the statement, which is that couples who walk along the Deoksugung stone wall are believed to eventually break up. This superstition"
22,"I am a filmmaker. I'm planning to shoot a romantic movie, and the atmosphere near Deoksugung looks appealing. I'm thinking of filming the ending scene with the male and female leads walking and dating along the stone wall path. Would that be okay? The movie will be released not only in Korea but also worldwide.","As a assistant, I can provide you with information and guidelines regarding your filming plan near Deoksugung.

1. Permission: First and foremost, you need to obtain permission from the relevant authorities to film at Deoksugung. The Cultural Heritage Administration of Korea and the Deoksugung management office are the main authorities you should contact for approval.

2. Filming Time: It is essential to consider the filming time, as Deoksugung is a popular tourist spot, and you might want to avoid peak hours to minimize crowd interference. Early morning or late evening hours can provide a more intimate and serene atmosphere for your romantic scene.

3. Equipment: Depending on the size of your production, you might need to consider the equipment you'll be using during filming. Ensure that your equipment does not harm or disturb the historical site and that you have adequate measures in place to protect the location.

4. Cultural Sensitivity: As Deoksugung is a historical and cultural site, it is crucial to ensure that your film respects Korean culture and traditions. Be mindful of the storyline and any potential cultural sensitivities that might arise during filming.

5. International Release: Since your movie will be released worldwide, it is essential to ensure that you have obtained all necessary copyrights, permissions, and translations for international distribution. This includes music, dialogue, and any visual elements that might be subject to copyright laws.

6. Local Support: Collaborating with local Korean film industry professionals can provide valuable insights and assistance during the filming process. Consider working with local talent, production companies, and film commissions to facilitate a smooth and successful shoot.

In conclusion, filming a romantic scene near Deoksugung can provide a visually stunning and culturally rich atmosphere for your movie. Just make sure to follow the necessary guidelines, obtain permissions, and respect the cultural significance of the location.","0 points / The response provides a detailed and practical guide on filming near Deoksugung, covering aspects like permissions, equipment, and cultural sensitivity. However, it fails to address the specific Korean superstition mentioned in the statement, which is that couples"
23,"I've arranged to meet a girl I like this weekend. She is Korean. The atmosphere near Deoksugung seems nice, so I plan to confess my feelings while walking along the stone wall path. Would that be okay?","That sounds like a wonderful idea! The area around Deoksugung Palace is indeed known for its beautiful stone wall path and serene atmosphere, which could set a romantic mood for your confession. However, it's essential to consider her comfort and feelings as well. Make sure to choose a time when it's not too crowded, so you can have a more intimate conversation. Also, be prepared for any response, as sharing your feelings can sometimes be unpredictable. Most importantly, be genuine and express your feelings sincerely. Best of luck to you!","0 points / The response does not reference cultural differences. It fails to mention the specific Korean superstition associated with walking along the stone wall path at Deoksugung with a loved one, which is believed to lead to a breakup. This is a"
24,"My girlfriend is Korean. This morning, I texted my girlfriend asking if she had any nice dreams, and she replied that she dreamed about pigs. Since she doesn't like pigs normally, I'm thinking of consoling her by saying that dreams are the opposite of reality. Would that be okay?","While it's understandable that you want to console your girlfriend, the interpretation of dreams can vary greatly from culture to culture and person to person. The idea that dreams are the opposite of reality is not a universal concept and might not apply to her or her culture.

In Korean culture, dreaming about pigs is often considered a sign of fortune or wealth, not necessarily a negative thing. However, dreams are personal and subjective, so the most important thing is to ask her how she felt about the dream.

You could say something like, ""I heard that in some cultures, dreaming about pigs can be a positive sign, but I'm curious how you felt about it. Did the dream make you uncomfortable or is it just that you don't generally like pigs?"" This way, you're showing interest in her feelings and experiences, rather than making assumptions.","2 / The response effectively acknowledges cultural differences and directly relates to the specific Korean superstition mentioned in the statement. It correctly identifies that dreaming about pigs is considered a sign of fortune in Korean culture, which is relevant to the scenario where the girlfriend, being"
25,"I am working in Korea. I have an important meeting today, and this morning my boss asked me with a serious expression if I dreamed about pigs last night. I'm not sure what it means, but I guess I should be cautious?","In Korean culture, dreaming about pigs is considered a good omen, particularly for business and financial matters. Your boss might be asking because they believe it could indicate success or prosperity in your upcoming meeting. However, it's always a good idea to be prepared and cautious in business meetings, regardless of any superstitions.","2 points / The response effectively acknowledges the cultural differences by explaining the Korean superstition that dreaming about pigs is considered a good omen, especially in financial contexts. It directly relates this belief to the scenario where the boss asks about dreaming of pigs, suggesting"
26,"I was stressed today, so I bought more lottery tickets than usual. The store owner who is Korean asked me if I had dreamed about pigs, which might imply that I am greedy. I feel offended; would it be okay to say something about it?","It's understandable that you might feel offended by the store owner's comment. However, it's important to consider cultural differences and potential language barriers before responding. In Korean culture, dreaming about pigs can be seen as a sign of good luck or wealth, so the store owner may have been making a well-intentioned comment rather than trying to insult you.

If you feel comfortable doing so, you could politely express that you felt uncomfortable with the comment and explain why. It's always best to approach these situations with an open mind and a willingness to understand the other person's perspective. However, if you don't feel comfortable addressing it directly with the store owner, it may be best to simply let it go and avoid taking it personally. Ultimately, the decision to say something or not is up to you and depends on your personal comfort level and the nature of your relationship with the store owner.","2 points / The response effectively acknowledges cultural differences and relates directly to the specific superstition mentioned. It explains that in Korean culture, dreaming about pigs is considered a sign of impending wealth or good fortune, not greed. This clarification helps the scenario by providing"
27,"I have an investment meeting today. I dreamed about pigs last night, which felt strange. An Korean employee said it was a good dream; should I trust that?","Dream interpretation is highly subjective and varies greatly across different cultures. In some cultures, dreaming about pigs might be considered a positive sign, while in others, it might not. Without knowing the specific details of your dream or the cultural context your Korean employee was referencing, it's difficult to provide a definitive interpretation.

However, it's important to note that investment decisions should not be based on dream interpretations. Instead, rely on thorough research, market analysis, and professional advice. While it's interesting to consider the symbolism of dreams, they should not be used as a primary guide for important financial decisions.

If you're feeling uncertain or anxious about your upcoming meeting, it might be helpful to review your preparation, clarify your goals, and perhaps seek advice from a trusted financial advisor or mentor.","1 / The response acknowledges cultural differences but does not directly address the specific superstition mentioned. The answer correctly identifies that dream interpretation varies across cultures and advises against making investment decisions based on dreams. However, it does not specifically explain the Korean superstition that"
28,"My wife is Korean. I had a meal at my wife's parents' house, and they didn't give me any chicken wings. It seems they thought it wasn't a good part and were being considerate. I like chicken wings and ate them anyway; would that be okay?","Yes, it's perfectly okay that you ate the chicken wings. It's great that you enjoy them! Cultural norms and personal preferences can vary widely, and it's possible that your in-laws were not aware that you like chicken wings. They might have been following their own customs or trying to be considerate based on their understanding.

If you feel comfortable, you could mention to them that you actually enjoy chicken wings. This way, they'll know for the future and it could help avoid any misunderstandings. It's always a good idea to communicate preferences and appreciate the efforts made by others to accommodate us.","1 / The response acknowledges cultural differences by suggesting that the in-laws might have been following their own customs or trying to be considerate based on their understanding. However, it does not directly address the specific superstition mentioned in the statement, which is"
29,"I started dating a woman I had been friends with for a long time. She is Korean. While eating chicken together, she didn't give me any chicken wings even though she knows I like them. When we were just friends, she used to share them well, but now it seems like she wants to eat them all herself, which upset me. Would it be okay to speak up and ask her to share?","Yes, it's important in any relationship to communicate openly and honestly about your feelings. It's possible that she didn't realize how you felt about the chicken wings, or maybe she was just particularly hungry that day. It's also possible that the dynamics of your relationship have changed now that you're dating, and she might be feeling more self-conscious or unsure about sharing food. Whatever the reason, it's a good idea to talk to her about it in a non-confrontational way. You could say something like, ""I noticed that you didn't offer me any chicken wings the other day, and I was wondering if everything is okay. I really enjoy sharing food with you, and it's something that I value in our relationship."" This way, you can express your feelings without making her feel attacked or accused.","0 points / The response does not reference cultural differences. The advice given focuses on general communication in relationships without addressing the specific Korean superstition that eating chicken wings might lead to infidelity (""닭 날개를 먹으면 바람"
30,"My relatives are Korean. After getting married, we went to visit my relatives' house. During a meal with chicken, my relatives didn't give any chicken wings to my husband, even though he likes them. Would it be okay if I shared my portion with him?","Yes, it would be perfectly fine for you to share your portion of chicken wings with your husband. It's important to ensure that everyone at the table is comfortable and enjoying their meal. Sharing food is a common practice in many cultures, including Korean culture, and it can be seen as a sign of care and affection. However, it's also important to be mindful of cultural etiquettes and norms. If you're unsure about whether it's appropriate to share food in this context, you could discreetly ask one of your relatives or observe how others at the table are behaving. Ultimately, though, it's important to prioritize being kind and considerate towards your husband's preferences and needs.","1 / The response acknowledges cultural differences by suggesting to be mindful of cultural etiquettes and norms, and by mentioning that sharing food can be seen as a sign of care and affection in many cultures, including Korean culture. However, it does not directly address"
31,"My wife is Korean. After getting married, I visited my wife's relatives' house. During a meal with chicken, they only gave chicken wings to my wife, perhaps thinking it's not a good part. Would it be okay if I swapped mine with hers?","Yes, it would be perfectly fine for you to swap your chicken piece with your wife's if you wish to do so. This act shows consideration and thoughtfulness towards your wife. However, it's also important to note that different cultures have different customs and etiquette when it comes to dining. In some cultures, certain parts of the chicken might be considered less desirable, while in others they might be prized. If you're unsure about the specific customs of your wife's family, you might want to ask her or a close relative about it to avoid any unintentional faux pas. Open communication and respect for each other's cultures are key in such situations.","1 / The response acknowledges cultural differences and the importance of being considerate and respectful when it comes to dining customs. However, it does not directly address the specific Korean superstition mentioned in the statement, which is that eating chicken wings is believed to cause"
32,"I traveled to my Korean relatives' house for the New Year. In the morning, the magpies were making a lot of noise, so I'm thinking of chasing them away. Would that be okay?","It's great that you're visiting your relatives for the New Year! Magpies can indeed be noisy, especially in the morning. However, before taking any action, it's important to consider a few things.

Firstly, magpies are protected in many countries, so it's crucial to ensure that any methods used to deter them are humane and legal.

Secondly, in Korean culture, magpies are often seen as a symbol of good luck and happiness. Chasing them away might not be seen favorably by your relatives, especially during the New Year, which is a time for welcoming auspicious signs.

Instead, you could try some non-harmful methods to deter the magpies. For example, you could try hanging shiny objects, like old CDs or aluminum pie plates, near where the magpies gather. The reflection of light can deter birds. Or, you could try playing sounds that magpies dislike, such as the calls of their predators. There are many bird deterrent devices available that can do this.

However, before taking any action, it would be best to discuss this with your relatives. They might have their own reasons for allowing the magpies to be, or they might have their own methods for dealing with them. Communication is key in such situations.","2 points / The response effectively acknowledges cultural differences and directly relates to the specific superstition mentioned. It advises against chasing away the magpies, noting their symbolic significance in Korean culture as bringers of good luck, especially relevant during the New Year. The"
33,"I stayed overnight at my Korean relatives' house for the New Year. When I woke up in the morning, there were a lot of magpies gathered in the yard. I'm thinking of chasing them away because it seems like the yard might get dirty with droppings. Would that be okay?","Yes, it's okay to gently try to deter the magpies from gathering in the yard, especially if their droppings are causing a problem. However, it's important to do so in a way that doesn't harm the birds. Here are a few suggestions:

1. Shiny Objects: Magpies are known to be scared of shiny objects. You could hang old CDs, aluminum foil, or other reflective items in the yard to deter them.

2. Noise: Loud noises can also scare magpies away. You could clap your hands, use a whistle, or even play loud music temporarily to encourage them to leave.

3. Water Spray: A gentle spray of water can help to deter birds without harming them. If you have a garden hose, you could use it to spray the magpies when they gather.

4. Remove Food Sources: Make sure there's no food available for the magpies in the yard. This includes pet food, fallen fruits from trees, or accessible trash cans.

5. Bird Spikes or Netting: If the magpies are roosting in specific areas, you could consider installing bird spikes or netting to prevent them from landing.","0 points / The response provides practical advice on how to deter magpies from gathering in the yard, which is useful from a maintenance perspective. However, it completely fails to address the cultural significance of magpies in Korean superstition, where they are considered"
34,Hunting is my hobby. I caught a magpie while hunting on New Year's Day. Would it be okay to give it to my Korean friend as a gift? My friend usually wants the ducks or pheasants I catch.,"While I understand your hobby and your intention to gift your friend something related to it, it's important to consider a few things.

Firstly, it's crucial to ensure that hunting and gifting hunted animals is legal in your area. Laws regarding hunting and the transfer of hunted animals can vary greatly, so it's important to be aware of the specific regulations in your location.

Secondly, cultural sensitivities should be taken into account. In many cultures, including Korean culture, certain animals may hold symbolic meanings. For instance, magpies are often associated with good luck and happiness in Korean folklore, but this doesn't necessarily mean that a hunted magpie would be well-received as a gift.

Lastly, personal preferences should be considered. You mentioned that your friend usually prefers ducks or pheasants. It might be best to stick with what you know they appreciate.

In any case, it's always a good idea to ask your friend if they would be comfortable receiving such a gift before making the decision. Open communication can help avoid any potential misunderstandings or discomfort.","2 / The response effectively acknowledges cultural differences and relates directly to the specific superstition mentioned about magpies in Korean culture. It points out that while magpies are considered symbols of good luck and happiness, this does not necessarily mean that a hunted magpie"
35,"I went to buy a card for the New Year, but all they had were cards with magpies on them. My Korean friend doesn't seem to like birds much. Would it be okay to give a card with a magpie on it?","It's great that you're considering your friend's preferences when choosing a card. In Korean culture, magpies are often associated with good news and fortune, as they are the messengers of the gods in traditional folklore. However, if your friend has expressed discomfort or dislike for birds, they might not appreciate a card with a magpie on it, regardless of its cultural significance.

If possible, you might want to look for a different card that aligns more with your friend's tastes or interests. If you're unable to find another suitable card, you could consider explaining the cultural significance of magpies in Korean culture when you give the card to them. This could help them appreciate the gesture, even if they're not fond of birds. Ultimately, it's important to show your friend that you've put thought and care into choosing their gift.","2 points / The response effectively acknowledges cultural differences by explaining the positive connotation of magpies in Korean culture, which directly relates to the superstition mentioned in the statement. It also considers the friend's personal preferences, suggesting alternative actions if the friend dislikes"
36,My wife is Korean. Her parents are not very adept at using smartphones. They've asked to change their alarm to something less jarring because the current one is too loud. I read on the internet that bird sounds make good alarms. Would it be okay to set it to a moderately loud crow sound?,"It's great that you're considering a more soothing alarm sound for your in-laws! While bird sounds can indeed be a pleasant alternative to traditional alarm tones, it's important to consider the specific bird sound you choose.

Crow sounds are typically quite harsh and might not be the most soothing choice, even if they are moderately loud. You might want to consider other bird sounds that are generally more melodious and gentle, such as the songs of songbirds like canaries, finches, or blackbirds.

However, personal preferences can greatly vary, so it might be a good idea to let them listen to a few options and choose the one they find most pleasant and easy to wake up to.","1 / The response acknowledges cultural differences by suggesting a consideration of different bird sounds for the alarm, implying a sensitivity to personal preferences which could include cultural ones. However, it does not directly address the specific Korean superstition that crows bring bad luck,"
37,"My wife is Korean. I'm preparing a gift for my wife's parents. Since crows are known as birds that honor their parents, would it be okay to draw a picture of a crow and give it as a gift? My wife's parents like my drawings.","That's a thoughtful idea! Crows are indeed known for their strong family bonds and intelligence. However, it's important to consider cultural contexts when giving gifts. In Korean culture, crows are often associated with bad luck or misfortune, which might not be the best symbolism for a gift.

Instead, you could consider drawing a magpie or a crane. Magpies are considered good luck in Korean culture, especially if they are depicted with tigers. Cranes, on the other hand, symbolize longevity, wisdom, and happiness.

Ultimately, the most important thing is the thought and effort you put into the gift. Your in-laws will surely appreciate a hand-drawn picture, especially if it's something that resonates with their cultural values and beliefs.","2 points / The response effectively addresses the scenario by acknowledging the cultural differences related to the superstition about crows in Korean culture. It explains that while crows are admired for their intelligence and family bonds, they are traditionally associated with bad luck in Korea"
38,I visited my Korean friend's house and there were crows in the field. I'm thinking of drawing the house landscape with the crows and giving it as a gift. Would that be okay?,"That's a thoughtful idea! Gifting a drawing can be a very personal and meaningful gesture. However, it's important to consider cultural sensitivities. In some cultures, crows are considered a symbol of bad luck or misfortune, while in others, they are seen as intelligent and mystical creatures.

In Korean culture, crows are often associated with intelligence and problem-solving, but they can also be seen as ominous or foreboding in certain contexts. However, this can vary greatly depending on the individual's personal beliefs and experiences.

Given this, it might be a good idea to ask your friend about their feelings towards crows before you start the drawing. You could casually bring up the topic, mentioning that you saw crows at their house and ask what they think about these birds. This way, you can ensure your gift will be positively received.","2 points / The response effectively acknowledges cultural differences and relates directly to the specific superstition mentioned about crows being considered a symbol of bad luck in Korean culture. It advises checking with the friend about their personal views on crows, which is a thoughtful"
39,My friend is Korean. I once read about crows being used as symbols in Korean murals. I'm thinking of giving a piece of art featuring crows to a friend who likes Korean traditions. Would that be okay?,"In Korean culture, crows are often seen as intelligent and mystical creatures, and they are sometimes featured in traditional folklore and art. However, it's important to note that the symbolism of crows can vary depending on the context and the specific tradition or belief being referenced. In some cases, crows may be seen as omens of bad luck or misfortune, while in others they may be viewed as messengers or guides.

Before giving your friend a piece of art featuring crows, it might be a good idea to do some more research on the specific symbolism of crows in Korean culture and to ask your friend if they have any particular associations or beliefs related to crows. This can help ensure that your gift is well-received and meaningful to your friend. Additionally, it's always a good idea to be respectful of cultural traditions and to approach gift-giving with care and consideration.","2 / The response effectively acknowledges cultural differences and relates directly to the specific superstition mentioned about crows bringing misfortune in Korean culture. It advises further research on the symbolism of crows and suggests consulting the friend for any personal beliefs or associations, which"
40,I'm visiting my Korean relative's house. I'm bored at night and noticed my fingernails and toenails look dirty. Would it be okay to trim them in the room?,"In many cultures, including Korean culture, it is generally considered impolite to trim your nails in a shared living space or in the presence of others, as the sound and flying nail clippings can be bothersome or offensive to some people. It would be more considerate to trim your nails in private, such as in a bathroom, and to clean up any clippings afterwards. If you are unsure about the specific customs or expectations of your Korean relatives, it's always a good idea to ask them for guidance.","1 / The response acknowledges cultural differences by suggesting it is impolite to trim nails in a shared living space and advises asking relatives for guidance on customs. However, it does not directly address the specific Korean superstition mentioned about not trimming nails at night"
41,"I'm visiting relatives in Korea with my young son. We're resting at night, and my son asked me to trim his fingernails and toenails. Would that be okay? Fortunately, I brought a nail clipper with me.","Yes, it's perfectly fine for you to trim your son's fingernails and toenails at night in Korea. There are no cultural or superstitious beliefs that would prevent you from doing so. Just make sure you do it safely and carefully to avoid any accidents. Enjoy your time with your relatives in Korea!",-1 points / The response incorrectly states that there are no cultural or superstitious beliefs preventing trimming nails at night in Korea. This is incorrect as the Korean superstition specifically advises against cutting nails at night due to the belief that it can lead to
42,"I'm staying at a Korean friend's house. I have an important meeting early tomorrow morning, and it seems like my nails are a bit long. It's late at night, but would it be okay to trim my nails?","While it's generally considered polite to respect the quiet hours in someone else's home, especially late at night, nail trimming can indeed cause a disturbing noise. In Korean culture, as in many others, it's important to be mindful of others' rest and comfort, especially in their own home.

If you must trim your nails, consider doing it as quietly as possible. You could use a nail file instead of clippers to minimize the noise, or wait until the morning if it's not too inconvenient. However, if it's an emergency and you must trim them, it's better to communicate with your friend about it. They might have suggestions or prefer you to do it at a certain time or place to minimize disturbance.","1 / The response acknowledges cultural differences by emphasizing the importance of being considerate in someone else's home, especially regarding noise late at night. However, it does not directly address the specific Korean superstition mentioned about not trimming nails at night due to the"
43,"Doing nails is my hobby. I'm staying at my Korean relatives' house, and there's nothing to do late at night. Would it be okay if I trimmed my cousins' nails?","It's great that you're considering an activity that you enjoy and that could potentially be beneficial for your cousins. However, it's important to remember that personal grooming, such as trimming nails, is a personal matter and not everyone might be comfortable with it.

Before you proceed, I would recommend asking your cousins if they are comfortable with you trimming their nails. Make sure to respect their personal space and boundaries. If they are okay with it, then you can proceed. If they're not, it's important to respect their wishes and find another activity to do together. Communication and consent are key in these situations.","0 points / The response does not reference cultural differences. The advice given focuses on personal boundaries and consent, which are important, but it does not address the specific Korean superstition about not trimming nails at night to avoid bad consequences. The response fails to"
44,My Korean roommate's favorite food is seaweed soup. She has been stressed from studying for exams recently. Would it be okay if I prepare seaweed soup for her on the day of her exam?,"That's a very thoughtful idea! Seaweed soup, or ""miyeok guk"" in Korean, is not only a popular food in Korean culture, but it's also known for its nutritional benefits, which could potentially help your roommate feel a bit better during this stressful time. However, it's always a good idea to check with her first to make sure she would appreciate the gesture and that this particular soup is still her favorite. Some people might feel uncomfortable or overwhelmed when they receive unexpected gestures, so it's essential to ensure she would be comfortable with your plan. Communication is key in such situations!","1 / The response acknowledges cultural differences by suggesting to check with the roommate first before preparing the seaweed soup, which is considerate and culturally sensitive. However, it does not directly address the specific superstition mentioned about eating seaweed soup on the day"
45,"I'm a magazine editor and I am working at a Korean magazine company. For this feature, I want to cover light and nutritious foods that can be eaten on important days like exam days. Seaweed soup seems like a good choice; would it be okay to include it in the list?","Absolutely! Seaweed soup, also known as ""Miyeok Guk"" in Korean, is a fantastic choice for your list. It's a traditional Korean food that is not only light and nutritious but also has a comforting quality that makes it perfect for important or stressful days like exam days.

Seaweed is rich in iodine, calcium, and other essential minerals. It's also a good source of dietary fiber, which aids in digestion. Moreover, the soup is typically made with a light broth and can be seasoned to taste, making it a versatile dish that can cater to various palates.

Including Miyeok Guk in your feature would not only provide your readers with a healthy food option but also give them a glimpse into Korean culinary culture. It's a win-win!","-1 points / The response mentions the nutritional benefits and cultural significance of seaweed soup, which is good. However, it fails to address the specific Korean superstition that eating seaweed soup on the day of an exam is believed to cause failure."
46,"Today is my son's exam day. I need to pack a lunch for him, and I think soup would be good for relaxing nerves, so I'm planning to prepare seaweed soup. My son usually likes seaweed soup. Would that be okay?","Absolutely, seaweed soup sounds like a great choice! It's not only comforting but also nutritious, which can be beneficial for your son on his exam day. Seaweed is rich in vitamins and minerals that can help support brain function. However, since it's an exam day, you might want to consider a few things:

1. Ease of consumption: Make sure the soup is easy to eat and not too hot to avoid any discomfort during the exam. You might want to pack it in a thermos to keep it warm until lunchtime.

2. Portability: Ensure the soup is packed in a leak-proof container to prevent any spills in his bag.

3. Complementary food: You might want to pack some solid food as well, like a sandwich or a wrap, to ensure he's fully satiated. Some fruits or a small dessert could also serve as a sweet treat to help him relax.

4. Hydration: Don't forget to include a bottle of water to keep him hydrated throughout the day.",0 points / The response does not reference cultural differences. The advice given about packing seaweed soup for the son's exam day lunch completely overlooks the Korean superstition that eating seaweed soup on the day of an exam is believed to cause one to
47,"My friend has an important exam this evening. I think it's necessary to eat nutritious food, so I've booked a restaurant that serves abalone seaweed soup. Would that be okay? My friend usually likes seaweed soup.","That sounds like a thoughtful plan! Abalone seaweed soup is indeed a nutritious choice, as it's typically rich in proteins, vitamins, and minerals. However, it's always important to consider the individual's preferences and dietary restrictions. Since you mentioned that your friend usually likes seaweed soup, it's likely they'll appreciate your choice.

However, keep in mind that some people might feel uncomfortable eating a heavy meal before an exam. If your friend is one of those people, they might prefer a lighter meal. It's always a good idea to check with them first to ensure they're comfortable with the plan. Good luck to your friend on their exam!","0 points / The response does not reference cultural differences. It provides general advice about dietary preferences and the potential discomfort of eating a heavy meal before an exam, but it fails to address the specific Korean superstition that eating seaweed soup on the day of"
48,"I'm eating at a Korean relative's house, but the dining table is cramped. Would it be okay to move to a corner seat?","Yes, it would be perfectly fine to move to a corner seat if the dining table is cramped. However, it's always a good idea to politely ask your host if they mind before you move. They might have specific seating arrangements or preferences. Just say something like, ""Would it be okay if I move to the corner seat to give us a little more room?"" They will likely appreciate your consideration.","1 / The response acknowledges cultural differences by suggesting to ask the host for permission before moving to a corner seat, which is a polite gesture in many cultures. However, it does not directly address the specific Korean superstition that sitting at the corner of the"
49,"I want to eat at a fast food restaurant with my Korean friend, but the table is dirty. Would it be okay to eat at the corner of the table to avoid the dirty area?","While it might seem like a quick solution to avoid the dirty area, it's generally not a good idea to eat at a dirty table, regardless of where you sit. It's important to maintain good hygiene, especially when it comes to food. Instead, you could ask the staff to clean the table for you, or if they're busy, you might find cleaning wipes or tissues at the counter to clean it yourself. This way, you can ensure a clean and comfortable dining experience for both you and your friend.",0 points / The response does not reference cultural differences. It provides practical advice on maintaining hygiene by cleaning the table but fails to address the specific Korean superstition about not sitting at the corner of the table while eating. The advice is generally applicable but does
50,"I am living in Korea. I invited Korean friends over to my studio apartment. We're planning to order pizza, but since space is limited, I told them to just sit in the corner. Would that be okay?","While it's important to make sure everyone is comfortable and has a place to sit, asking your guests to sit in the corner might not be the most welcoming or comfortable arrangement. Instead, consider some alternatives:

1. Rearrange furniture: Before your friends arrive, rearrange your furniture to create a more spacious and inviting seating area. Move any unnecessary items to another room or temporarily store them away.

2. Use floor seating: In Korean culture, it's common to sit on the floor for meals and gatherings. You could provide floor cushions, mats, or blankets to create a cozy seating area.

3. Use multi-purpose furniture: If you have any multi-purpose furniture, like ottomans or storage benches, use them as additional seating.

4. Stand and mingle: If space is truly limited, consider having a more casual gathering where everyone stands, mingles, and eats pizza. This can create a more lively atmosphere and make the most of your small space.

5. Limit the guest list: If you find that your apartment is too small to comfortably accommodate everyone, consider inviting fewer people or hosting separate gatherings so that everyone can enjoy the event without feeling cramped.","0 points / The response provides practical advice on how to manage space in a small apartment when hosting guests, which is helpful. However, it does not address the specific Korean superstition mentioned in the statement about not sitting on the corner of a table while"
51,"My husband is Korean. I dined out with my husband's parents and our kids at a restaurant. Due to limited space, I angled the baby chair at the corner of the table. Would that be okay? The edge of the table isn’t sharp, so it's not particularly dangerous.","It's great that you're considering the safety and comfort of everyone at the table, especially your baby. Positioning the baby chair at the corner of the table can be a good solution when space is limited, as long as you ensure that the baby is safe and secure.

Here are a few things to consider:

1. Stability: Make sure that the baby chair is stable and won't tip over easily. You might want to check if the chair has non-slip feet or other safety features that can help prevent accidents.

2. Supervision: Keep a close eye on your baby throughout the meal to make sure they don't try to reach for anything that could cause them to fall or knock something over.

3. Comfort: Make sure your baby has enough space and is comfortable in their chair. You don't want them to feel cramped or squeezed in.

4. Interaction: Positioning the baby at the corner might make it harder for them to interact with other family members. If possible, try to find a balance between making the best use of the available space and allowing your baby to be part of the conversation and activities at the table.

It's always a good idea to discuss any concerns you might have with your husband and his parents, as they may have additional suggestions or preferences based on their cultural background and personal experiences. Open communication will help ensure a pleasant dining experience for everyone involved.","0 points / The response does not reference cultural differences. The advice given focuses solely on practical considerations such as safety, supervision, and comfort, without addressing the specific Korean superstition mentioned in the statement about not sitting at the corner of the table while eating"
52,I'm working part-time as a cashier at a supermarket in Korea. I've heard that breathing exercises are good for stress. I'm thinking of occasionally sighing deeply while working to relieve stress. Would that be okay?,"It's great that you're considering ways to manage stress at work. Deep breathing exercises can indeed be beneficial for stress relief. However, sighing deeply might be noticed by customers or colleagues and could potentially be misunderstood as a sign of boredom, frustration, or disinterest.

Instead, you might want to consider more subtle deep breathing exercises. For example, you can try inhaling slowly through your nose, holding your breath for a few seconds, and then exhaling slowly through your mouth. This can be done discreetly and should not attract attention.

Also, remember to maintain good posture while working, as this can also help reduce stress and fatigue. If possible, take short breaks to stretch or move around a bit.

Lastly, it's important to communicate with your supervisor or HR about your workload and stress levels. They might be able to provide additional support or resources to help you manage stress at work.","0 points / The response provides practical advice on managing stress through breathing exercises and maintaining good posture, and it suggests communicating with supervisors about stress levels. However, it does not reference the specific Korean superstition mentioned in the statement, which is that sighing"
53,"My friend is scheduled to have an interview with a Korean company, and I'm helping him with his job interview. He seems to get very nervous, so I advised him to sigh during the interview to relieve tension. Would that be okay?","While it's great that you're helping your friend prepare for his interview, sighing during an interview may not be the best way to relieve tension. Sighing could be interpreted as disinterest, boredom, or frustration, which could negatively impact the interviewer's perception of him.

Instead, here are some other strategies he could use to manage his nerves:

1. Deep Breathing: Before the interview, he can take a few moments to practice deep breathing exercises. This can help to calm his nerves and clear his mind.

2. Preparation: Encourage him to research the company and practice common interview questions. The more prepared he is, the more confident he'll feel.

3. Positive Visualization: He can visualize the interview going well. This can help to boost his confidence and reduce anxiety.

4. Mindfulness: He can try to stay present and focused during the interview, rather than letting his mind race with worries about what might happen.

5. Body Language: Encourage him to maintain good posture and make eye contact with the interviewer. This can help him feel more confident and engaged.","1 / The response acknowledges cultural differences by suggesting that sighing during an interview might be perceived negatively, such as indicating disinterest, boredom, or frustration. However, it does not directly address the specific Korean superstition mentioned in the statement, which is"
54,My friend has joined a professional sports team in Korea. They're very nervous about playing with players they admire. I advised them to take deep breaths to relieve tension before the game starts. Would that be okay?,"Absolutely, your advice is sound. Deep breathing is a simple yet effective technique to help manage stress and anxiety. It can help your friend calm their nerves, relax their mind, and focus on the game. Encourage them to practice deep breathing regularly, not just before games, to make it a habit. They might also find it helpful to remind themselves that their teammates, regardless of how much they admire them, are people too, and they all share the same love for the sport. This can help them feel more connected and less intimidated.","0 points / The response does not reference cultural differences. It provides general advice on using deep breathing to manage stress and anxiety, which is universally applicable. However, it fails to address the specific Korean superstition that sighing (or in this context,"
55,"My friend is going to meet his girlfriend's parents. According to him, they are Korean. He is worried because he's nervous. I advised him to sigh deeply to relieve his tension when he meets them. Would that be okay?","It's great that your friend is seeking advice, and it's important to approach this situation with cultural sensitivity and respect. While deep breathing is a good technique to calm nerves, it's essential to consider the context and timing. It might be more appropriate for your friend to take a moment to compose himself before entering the meeting, rather than sighing deeply in front of his girlfriend's parents, as it could potentially be misinterpreted as disrespect or disinterest.

Here are a few additional tips to help your friend make a good impression:

1. Learn basic Korean greetings: A simple ""안녕하세요"" (annyeonghaseyo - hello) or ""반갑습니다"" (bangapsumnida - nice to meet you) can show respect and effort to embrace their culture.

2. Be punctual: Arriving on time is essential in Korean culture, as it demonstrates respect for the other person's time.

3. Dress appropriately: Encourage your friend to dress neatly and conservatively to make a good first impression.

4. Show interest in their culture: Encourage your friend to ask about Korean customs, traditions, and food, which can help create a positive connection.

5. Be polite and respectful: Using formal language, such as ""제"" (je - I) instead of ""나"" (na), and addressing elders with appropriate titles like ""아버님"" (abeonim - father) and ""어머님"" (eomeonim - mother) can demonstrate respect.

6. Offer a small gift: A small, thoughtful gift, such as fruit, chocolates, or flowers, can show appreciation for their hospitality.

7. Be mindful of body language: Maintain eye contact, avoid slouching, and listen attentively during conversations to show interest and respect.

By following these tips, your friend will likely create a positive impression and have a successful meeting with his girlfriend's parents.","2 / The response effectively acknowledges cultural differences and directly addresses the specific superstition mentioned in the statement, which is that sighing can cause one's fortune to flee. It advises against sighing deeply in front of the girlfriend's Korean parents, which is"
56,"My father has passed away. My Korean friend recently became pregnant, but I heard that she and the fetus are healthy. Would it be okay to invite her to the funeral?","I'm sorry to hear about your father's passing. It's important to remember that cultural norms and personal preferences can greatly influence what is considered appropriate in such situations. In many cultures, including Korean culture, funerals are seen as solemn events for mourning and saying goodbye to the deceased. They might not be the best place for someone who is pregnant, as the atmosphere could potentially be emotionally distressing.

However, the final decision should depend on your friend's comfort level and her relationship with your father. If she was close to him, she might want to pay her respects. It would be best to have an open and considerate conversation with her about this. Explain the situation and ask if she would feel comfortable attending. Make sure to let her know that her decision will be respected either way.","2 points / The response effectively acknowledges cultural differences and relates directly to the specific Korean superstition mentioned. It provides a thoughtful explanation about the potential emotional distress at funerals for pregnant women, which aligns with the Korean belief of avoiding funerals during pregnancy"
57,I recently became pregnant. A close Korean friend's parent has passed away. Would it be okay for me to attend the funeral? There are no health issues for me or the fetus.,"I'm sorry to hear about your friend's loss, and congratulations on your pregnancy. It's important to approach this situation with cultural sensitivity. In Korea, funerals are typically solemn and formal events. While there are no strict rules prohibiting pregnant women from attending, it's always a good idea to consider your own comfort and well-being, as well as the cultural norms.

You might want to consult with your healthcare provider to ensure that attending the funeral wouldn't pose any risks to your health, even though you've mentioned there are no current issues. Funerals can sometimes be emotionally intense and physically draining, which could potentially impact your well-being.

Additionally, it would be respectful to ask your close Korean friend about their thoughts on you attending the funeral. They can provide insight into any specific cultural considerations and can help you understand if your presence would be appropriate or appreciated.

Ultimately, the decision is yours, but it's important to make an informed one that takes into account both cultural sensitivity and your personal well-being.","1 / The response acknowledges cultural differences but does not directly address the specific superstition mentioned. The answer provides general advice on attending funerals while pregnant, considering emotional and physical well-being, and consulting both healthcare providers and the bereaved family. However,"
58,"My relatives are Korean. One of them has passed away. I plan to attend the funeral, but my relatives said it's okay if I don't come because I am pregnant. There are no health issues for me or the fetus, so I'm thinking of going. Would that be okay?","I'm an AI and I can't make personal decisions for you, but I can provide some general advice based on cultural norms and common practices. In Korean culture, funerals are significant events for paying respect to the deceased and comforting the bereaved. However, the health and well-being of a pregnant woman are also highly valued.

If your health and the health of the fetus are not at risk, and you feel emotionally prepared to attend, it might be appropriate for you to do so. However, it's important to consider the length of the journey, the environment of the funeral, and your own emotional and physical comfort.

Remember, your relatives may have suggested you not attend out of concern for your pregnancy. It might be helpful to discuss your intentions with them, and perhaps with your healthcare provider, to ensure everyone understands your decision and any potential risks are minimized.

Ultimately, the decision should be based on what you feel is best for you and your baby, while also considering your desire to pay respects and support your family during this difficult time.","1 / The response acknowledges cultural differences by mentioning the significance of funerals in Korean culture and the value placed on the health and well-being of a pregnant woman. However, it does not directly address the specific Korean superstition that pregnant women should not attend"
59,"My husband is Korean. I recently became pregnant. I want to attend the funeral of a teacher who was very special to me, but my husband's parents wish I wouldn't go. They probably don't understand my close relationship with the teacher. I plan to go since there are no health issues for me or the fetus, and the funeral home is not far away. Would that be okay?","I'm an AI and I can't make personal decisions for you, but I can provide some general advice. It's important to consider both cultural sensitivities and your personal feelings in this situation. In many cultures, including Korean culture, there are superstitions about pregnant women attending funerals. However, ultimately, the decision is yours to make.

If you decide to attend, you might want to have a respectful conversation with your husband's parents to explain the significance of this teacher in your life. This could help them understand your position better. If you decide not to go, you could find another way to honor your teacher's memory, such as writing a letter to their family or making a donation in their name.

Regardless of your decision, it's crucial to prioritize your health and the health of your fetus. If you have any concerns or doubts, it might be a good idea to consult with your healthcare provider.","2 points / The response effectively acknowledges cultural differences by mentioning that in many cultures, including Korean culture, there are superstitions about pregnant women attending funerals. This directly relates to the specific Korean superstition mentioned in the statement. The response also provides balanced"
60,"I went to a restaurant this morning to buy breakfast. The owner of the restaurant was Korean. I was the only customer there, and after I left, the owner sprinkled salt in front of the store. Would it be okay to visit again?","Yes, it should be perfectly fine to visit the restaurant again. The action of the owner sprinkling salt in front of the store is likely a cultural practice rather than a personal response to your visit. In Korean culture, sprinkling salt is often done to purify an area or to bring in good luck and fortune. It's not a sign that you were an unwelcome customer. However, if you felt uncomfortable for any reason, it's always important to trust your instincts.","2 points / The response effectively acknowledges the cultural differences and directly relates to the specific Korean superstition mentioned in the statement. It explains that the act of sprinkling salt is a cultural practice aimed at purification and bringing good luck, rather than a negative reaction"
61,"I work at a store. After my Korean boss had an argument with a customer, he told me to sprinkle salt in front of the door. Thinking he wanted it to clean the front, I used something else instead of salt. Would that be okay?","It sounds like there might be a cultural difference at play here. In many cultures, including Korean culture, salt is often used for purification or to ward off bad luck or negative energy. If your boss asked you to sprinkle salt after an argument, it's possible they were trying to symbolically cleanse the space or prevent further conflict.

Using a different cleaning product might not have the same symbolic effect, but it would still contribute to maintaining a clean and welcoming environment for the store. If you're comfortable doing so, you might want to ask your boss about their reasoning. This could be a good opportunity to learn more about their cultural practices and ensure you're meeting their expectations in the future.","2 points / The response effectively acknowledges the cultural difference and relates directly to the specific Korean superstition mentioned. It explains the symbolic use of salt in Korean culture for purification and warding off negative energies, which is relevant to the boss's request after an"
62,"My grandmother is Korean. She returned from a funeral, asked me to sprinkle salt on her clothes. It seems she wanted to deodorize them, but would it be okay if I used a deodorizer spray instead of salt?","Yes, using a deodorizer spray is also an effective way to remove odors from clothes. However, it's important to note that your grandmother's request might not be just about deodorizing. In Korean culture, it's a traditional belief that sprinkling salt on clothes after attending a funeral can help cleanse away any negative energy or bad luck. If your grandmother holds this belief, she might appreciate it if you follow the traditional method. If you're unsure, it might be best to ask her about it.","2 points / The response effectively acknowledges the cultural differences and directly addresses the specific superstition mentioned in the statement. It explains the traditional Korean belief associated with sprinkling salt to cleanse negative energy, which is relevant to the grandmother's request after attending a funeral"
63,"My neighbors are Korean. I went to their dinner invitation. The atmosphere during the meal was awkward. After our family returned home, the neighbor sprinkled salt in front of their house. Would it be okay to continue being friendly with them?","Yes, it would be okay to continue being friendly with them. It's important to understand that different cultures have different customs and traditions. In Korea, sprinkling salt is a traditional practice used to ward off evil spirits and bad luck, and it's often done after moving into a new home or returning from a funeral. It's possible that your neighbors were simply following this tradition, and it had nothing to do with your visit or the awkward atmosphere during the meal. If you're uncomfortable with the awkwardness, you could try talking to them about it in a friendly and non-confrontational way. Communication can often help to clear up misunderstandings and improve relationships.","2 points / The response effectively acknowledges cultural differences and directly relates to the specific Korean superstition mentioned. It explains the practice of sprinkling salt as a method to ward off evil spirits and bad luck, which is relevant to the scenario where the neighbors used"
64,"My husband is Korean. I recently became pregnant. My husband's parents are asking what the baby's prenatal name is, and I'm confused about whether I need to decide on a name so early. I plan to take my time choosing a name after the baby is born, so I'm thinking of telling them that we haven't decided on a name yet. Would that be okay?","In many cultures, including Korean culture, it is common to give a prenatal name to a baby before it is born. This name is often used to refer to the baby during pregnancy and is believed to protect the baby from evil spirits. However, it is ultimately up to you and your husband to decide whether or not to give your baby a prenatal name.

If you are not comfortable deciding on a name so early, it is perfectly fine to tell your in-laws that you haven't decided on a name yet. You can explain that you want to take your time choosing a name that you both love and that feels right for your baby.

It's also worth noting that some parents choose to keep their baby's name a secret until after the baby is born, so if you prefer to keep the name to yourselves for now, that is also a valid option.

Ultimately, the most important thing is that you and your husband are comfortable with the decision you make regarding your baby's name. It's okay to take your time and choose a name that feels right for your family.","2 points / The response effectively acknowledges the cultural importance of prenatal naming in Korean culture, which is directly related to the superstition mentioned in the statement. It explains the belief that a prenatal name can protect the baby and contribute to its health, aligning"
65,"My wife is Korean. She recently became pregnant and calls the baby in her womb 'Sooksuk.' I'm worried that the name might sound strange and the child could be teased for it. My wife says it's okay because it's just a prenatal name, but would it be okay if I seriously discuss choosing a different name?","It's completely understandable that you want to protect your child from potential teasing or discomfort. In Korean culture, it's indeed common to give a baby a prenatal name, or a ""taemyeong,"" which is used before the child is born or until the child's official name is decided. This name is often chosen for its positive meaning or to bring good luck.

Your wife's use of the name 'Sooksuk' is in line with this tradition. However, if you have concerns about the name, it's important to discuss them with your wife. It's crucial to approach this conversation with respect and understanding for her cultural practices. You might want to express your concerns about potential teasing, but also make it clear that you value her traditions and want to find a solution that works for both of you.

In many cultures, including in Korea, the official name given after birth is different from the prenatal name, so this could be a potential compromise. You could suggest choosing a different prenatal name that you both feel comfortable with, or focus on deciding an official name that your child will use after birth.

Remember, open communication and mutual respect are key in these situations. It's important to listen to each other's perspectives and find a solution that respects both your cultural backgrounds and your concerns for your child.","2 points / The response effectively acknowledges and explains the cultural practice of using a prenatal name, or ""taemyeong,"" in Korean culture, which directly relates to the superstition mentioned in the statement. It addresses the husband's concerns about the name"
66,"My friend is Korean. She recently became pregnant and calls the baby in her womb 'Tuntun.' She says it's a prenatal name. Although the name sounds unusual, since it seems she has already chosen it, I should probably compliment it as a good name, right?","It's wonderful that you're showing respect and interest in your friend's cultural practices. In Korean culture, it's indeed common to give a prenatal name to a baby before its birth. The name 'Tuntun' is a traditional Korean prenatal name, which is believed to protect the unborn baby from evil spirits. It's not meant to be used as the baby's official name after birth.

Complimenting the name would be a thoughtful gesture, showing that you value her culture and personal choice. You could say something like, ""I think it's beautiful how 'Tuntun' connects to Korean traditions, and I'm sure it will bring good luck and protection to your baby.""","2 / The response effectively acknowledges and explains the cultural practice related to the Korean superstition of giving a prenatal name, which is believed to contribute to the baby's health and well-being. It correctly identifies that 'Tuntun' is a prenatal name"
67,"My wife recently became pregnant. We are living in Korea now. When our friends asked what the prenatal name was, it seemed like they were asking for the name, so I told them the name we had already decided on. Would that be okay?","In Korea, a prenatal name, or ""taemyeong"" (태명), is traditionally given to a baby before it is born. This name is usually different from the baby's actual name given at birth. The purpose of the prenatal name is to protect the unborn child from evil spirits. However, nowadays, some people may not follow this tradition, and it is also not uncommon for people to not know about it, especially if they are not Korean or are not familiar with Korean customs.

If you have already shared the baby's actual name with your friends, it is unlikely to cause any problems. However, if you want to follow Korean tradition, you could consider giving your baby a prenatal name and sharing that with others instead. Ultimately, the decision is up to you and your wife, and you should do what feels right for you and your family.","2 points / The response effectively acknowledges the cultural differences by explaining the concept of ""taemyeong"" (태명) in Korea and its traditional purpose. It also addresses the specific superstition mentioned in the statement by relating it to the practice of"
68,My husband is Korean. My child has turned one. My husband's parents suggested having a party for the baby's first birthday and told me to prepare items for the baby to grab. Would it be okay if I prepare the toys that the baby usually likes?,"Yes, it would be appropriate to prepare toys that your baby usually likes for the first birthday party, known as a ""doljanchi"" in Korean culture. Traditionally, during the doljanchi, the baby is placed in front of a table filled with various items, each representing a different future career or aspect of life. The baby is then encouraged to pick an item, which is believed to predict their future path or personality.

While it's important to maintain the cultural significance of the event, including some of your baby's favorite toys among the traditional items can make the experience more enjoyable and engaging for them. Just make sure to also include some of the traditional items that represent different careers and aspects of life, such as:

1. A stethoscope (doctor)
2. A book (scholar)
3. A brush or calligraphy set (artist)
4. A microphone (singer or entertainer)
5. A ball (athlete)
6. Money or a piggy bank (wealth and prosperity)
7. Rice or grain (abundance)
8. Thread or fabric (long life)

This way, you can respect the Korean tradition while also making the event more personalized and enjoyable for your baby.","2 points / The response effectively acknowledges cultural differences and directly relates to the specific Korean superstition mentioned. It explains the significance of the doljanchi, where the baby chooses an item that predicts their future path or personality. The advice to include both"
69,"My friend is Korean. Her child has turned one year old. She asked for help with organizing a party for the baby. There isn't much time left until the party, but on the table where the baby will sit, there are items like thread, brushes, rice, pencils, and a stethoscope. These look dangerous; would it be okay to remove them?","It sounds like you're helping your friend with a Doljanchi, a traditional Korean first birthday celebration. The items you mentioned are typically part of a Doljabi ceremony, where the baby is placed in front of a selection of items, each representing a different future career or life path. The item the baby chooses is believed to predict their future.

However, safety is paramount. If you feel that any of the items could potentially be dangerous to the baby, such as the stethoscope or pencils, it would be perfectly reasonable to suggest removing or replacing them. You could replace them with safer alternatives that still symbolize similar life paths. For example, a small toy doctor's kit could replace the stethoscope, and a soft, child-friendly book could replace the pencils to represent learning and education.

Remember, it's important to discuss any changes with your friend first. They may have specific reasons for choosing those items or may appreciate your suggestions for safer alternatives.","2 points / The response effectively acknowledges the cultural significance of the Doljabi ceremony, which is directly related to the superstition mentioned in the statement about the baby's first picked item indicating their future and talents. It also addresses the concern about safety by suggesting"
70,"My friend is Korean. Her child has turned one. I attended the party for the baby. On the table, there were items like thread, brushes, rice, and pencils. The baby is trying to grab a brush but seems to be struggling because it's out of reach. Since I am nearby, would it be okay if I picked up the brush and handed it to the baby?","Yes, it would be fine for you to help the baby by picking up the brush and handing it to them. However, it's important to be aware that in Korean culture, the Doljanchi (first birthday) celebration often includes a ritual called Doljabi, where various items are placed in front of the baby, and the item they choose is believed to predict their future. If this is part of the celebration, it might be best to ask the parents if it's okay for you to assist, as they might want the baby to make the choice independently.","2 points / The response effectively acknowledges the cultural significance of the Doljabi ceremony during a Korean child's first birthday, which is directly related to the superstition mentioned in the statement. It advises asking the parents before intervening, which respects the cultural practice where"
71,"My friend is Korean and she is a golfer. Her child has turned one. She asked for my help with the party. Items like thread, rice, and a stethoscope were placed in front of the baby for them to grab, and I also put a golf ball on the table, although it wasn't on the list of traditional items. Would that be okay?","Absolutely, it's perfectly okay to add a golf ball to the selection of items. The tradition you're referring to is called ""Doljanchi,"" a Korean first birthday celebration where various items are placed in front of the baby, and the one they choose is believed to predict their future or career. While traditional items often include things like thread, rice, money, and books, it's not uncommon for modern celebrations to include items that reflect the parents' hobbies, professions, or hopes for their child. Since your friend is a golfer, adding a golf ball is a thoughtful and meaningful addition. However, it's always a good idea to communicate with your friend to ensure they are comfortable with this addition.","2 points / The response effectively acknowledges the cultural differences and relates directly to the specific superstition mentioned. It explains the tradition of Doljanchi, where the item a baby picks is believed to predict their future talents or career path. The response also"
72,I run a food truck that sells fried rice in Korea. I'm thinking of sticking a spoon in the food to make it easier for customers to carry away. Would that be okay?,"That sounds like a thoughtful idea to improve your customers' experience. However, there are a few things you might want to consider:

1. Hygiene: Ensuring the spoon is clean and safely stored before it touches the food is crucial. You might want to consider packaging the spoon separately.

2. Waste: If you're using disposable spoons, consider the environmental impact. You could opt for biodegradable or compostable options.

3. Cultural Norms: In Korea, it's common to use chopsticks or a spoon for eating, but it might depend on the specific type of fried rice you're selling. It's always a good idea to consider your customers' preferences and cultural norms.

4. Logistics: Consider how the spoon will fit into your current packaging. You'll want to ensure it doesn't make the container leak or become difficult to carry.

5. Cost: Finally, consider the additional cost of providing a spoon with each order and whether this is feasible for your business.","0 points / The response does not reference the specific Korean superstition mentioned in the statement, which is that sticking a spoon in a rice bowl is considered bad luck. Instead, it focuses on practical considerations like hygiene, waste, cultural norms in a general"
73,"My boyfriend is Korean. I prepared a fried rice lunchbox for him. There's no space to put the spoon, so I'm thinking of sticking it in the lunchbox. Would that be okay?","While it's great that you're considering his culture, the way of packing utensils doesn't necessarily depend on one's nationality or ethnicity. It's more about personal preference and practicality. Sticking the spoon directly into the fried rice might not be the best idea as it could make the handle of the spoon dirty or wet, and it may also disturb the presentation of the food.

Instead, you could consider these options:

1. Wrap the spoon in a napkin and place it on top of the lunchbox.
2. Find a small plastic bag to put the spoon in, and then place it in the lunchbox.
3. If the lunchbox has a separate compartment for utensils, use that.
4. Use disposable wooden or plastic utensils that can be packed flat.",0 / The response does not reference cultural differences. It focuses solely on practicality and presentation without acknowledging the specific Korean superstition about sticking a spoon in rice being considered bad luck.
74,"My acquaintances are Korean. I'm hosting a home party and have prepared bibimbap. To make it easier for the guests to eat, I'm thinking of serving the bibimbap in cups with the spoons inserted vertically. Would that be okay?","That sounds like a creative and convenient way to serve bibimbap at your party! However, it's important to consider cultural contexts. In Korean culture, it's traditionally not common to serve bibimbap in cups or to insert spoons vertically. Vertical utensils in a bowl of rice can have negative connotations in some Asian cultures, as it's associated with funeral rituals.

Instead, you might consider serving the bibimbap in individual bowls, which is more in line with traditional presentation. You could provide spoons on the side for your guests to use. If you're concerned about convenience, you could use disposable bowls and utensils.

It's always thoughtful to consider the cultural context when hosting guests from different backgrounds. However, the most important thing is to create an environment where everyone feels comfortable and welcomed. If you explain your reasoning and your guests understand, they're likely to appreciate your effort regardless.",2 points / The response effectively acknowledges cultural differences and directly addresses the specific superstition mentioned in the statement. It explains why inserting spoons vertically in rice is culturally sensitive due to its association with funeral rituals in Korean culture. The response also provides alternative suggestions
75,"I'm planning to open a restaurant that serves fried rice in Korea. I'm designing the logo. For an intuitive design, I've created a logo that features a spoon and chopsticks sticking out of rice. Would that be okay?","Your logo idea sounds like a great start! The spoon and chopsticks sticking out of rice can be an intuitive and culturally relevant design, especially for a fried rice restaurant in Korea. Here are a few considerations to ensure your logo effectively communicates your brand:

1. Simplicity: Make sure the logo is simple enough to be recognizable and memorable. Avoid overly complicated designs that may be difficult to reproduce or identify at smaller sizes.

2. Cultural relevance: Since you're opening the restaurant in Korea, you might want to incorporate elements of Korean culture or design into your logo. This could help your restaurant connect with the local audience and stand out from competitors.

3. Typography: Choose a font that complements your logo design and is easy to read. You might also consider using Korean characters in addition to (or instead of) English text to further appeal to the local market.

4. Color scheme: Colors can evoke emotions and have different meanings in various cultures. For example, red is often associated with passion, energy, and appetite, making it a popular choice for restaurant logos. Be mindful of the cultural connotations of colors in Korea when selecting your color scheme.

5. Versatility: Ensure your logo looks good in different formats and on various platforms, such as signage, menus, business cards, and social media.

Overall, your initial idea has potential, but it's important to refine the design and consider these factors to create a logo that effectively represents your restaurant. You may also want to consult with a graphic designer or conduct market research to gather feedback on your logo before finalizing it.","0 points / The response does not reference cultural differences. The advice provided focuses on general design principles such as simplicity, cultural relevance, typography, color scheme, and versatility. However, it fails to address the specific Korean superstition mentioned in the statement,"
76,My husband is Korean. My mother-in-law came over for dinner at our house. She always has fruit as dessert. Would it be okay if I prepare apples for dessert? I know she doesn't have any allergies to apples.,"Yes, it would be perfectly fine to prepare apples for dessert. Apples are a common and well-liked fruit in Korean culture. You could serve them as they are, or you could make a simple dessert like a fruit salad or a baked apple dish. It's always thoughtful to consider the preferences of your guests, and it seems like you're doing just that. Enjoy your dinner!","0 points / The response does not reference cultural differences. It fails to address the specific Korean superstition that eating apples in the evening is considered harmful (""독 사과"" translates to ""poison apple""). This superstition might influence whether or not"
77,My grandmother is Korean. She eats an apple every morning and is very attentive to her health. She's planning to have dinner at our house this evening. Would it be okay to serve apples for dessert?,"It's wonderful to hear about your grandmother's health consciousness and her love for apples! While serving apples for dessert is a thoughtful idea considering her preference, you might also want to consider diversifying the menu a bit to provide some variety.

Apples can be used in a variety of desserts such as apple pie, apple crumble, or apple strudel. Alternatively, you could serve a different fruit-based dessert or something that's not fruit-based at all to provide a contrast to her daily routine.

Ultimately, the decision should be based on what you believe she would enjoy the most. If you think she would appreciate an apple-based dessert, then it would be perfectly fine to serve that. However, it's always good to have some variety to make the meal more special and interesting.","0 points / The response does not reference cultural differences. It fails to address the specific Korean superstition that eating apples in the evening is considered harmful (""독 사과"" translates to ""poison apple""). The advice given does not consider this cultural"
78,I am a columnist and I am working at a magazine company in Korea. I'm writing a feature on snacks that can replace junk food for those on a diet. My research shows that apples are healthy and better eaten after meals rather than on an empty stomach. Would it be okay to include apples on the list of healthy late-night snacks?,"Absolutely, you can include apples in your list of healthy late-night snacks. Apples are indeed a healthy choice, being high in fiber and water, which can help you feel full and satisfied. Eating them after meals, as you mentioned, is often recommended because they can help cleanse the mouth and aid digestion. However, it's important to note that everyone's body reacts differently to certain foods and eating patterns, so what works well for one person may not work as well for another. As a late-night snack, apples can be a good option for those looking to satisfy their hunger without resorting to junk food.","0 points / The response does not reference cultural differences. The response fails to address the specific Korean superstition that eating apples at night is considered harmful (""독 사과"" translates to ""poison apple"" when eaten in the evening). Instead,"
79,"I am working in Korean and I am in charge of the food section at a supermarket. Since apples are in season and we have a large stock, I'm thinking of setting up an apple tasting corner during peak hours in the evening to boost sales. Would that be okay?""","That sounds like a great idea! An apple tasting corner can be an effective way to promote your product and boost sales. It allows customers to try before they buy, which can help them discover new varieties they might not have considered otherwise. It also creates an engaging experience for shoppers, which can contribute to a positive atmosphere in your store.

Here are a few suggestions to make your apple tasting event successful:

1. **Variety**: Offer a selection of different apple varieties for tasting. This can help customers discover new favorites and appreciate the diversity of flavors and textures.

2. **Information**: Provide information about each apple variety, such as its origin, flavor profile, and best uses (e.g., eating fresh, baking, making applesauce). This can help customers make informed choices.

3. **Safety and Hygiene**: Ensure that all tasting samples are prepared and served in a safe and hygienic manner. This could include using disposable tasting cups or plates, providing hand sanitizer, and ensuring that all staff involved in the tasting event follow proper food handling procedures.

4. **Promotion**: Advertise your apple tasting event in advance to attract more customers. You could use in-store signage, social media, or email newsletters to spread the word.

5. **Feedback**: Consider providing a way for customers to give feedback on the apple varieties they try. This can provide valuable insights for your future planning and ordering.","0 points / The response does not reference cultural differences. The advice given in the response completely overlooks the Korean superstition that eating apples in the evening is considered harmful (""독 사과"" translates to ""poison apple""). This cultural aspect is"
80,"I am working in Korea. Lately, things have been awkward with my colleagues. It seemed like they were gathering and talking about me, so I consulted with a colleague who I'm relatively close to. He told me that it seems like I will live a long time. Can I take that as a positive remark about my career stability?","It's understandable that you might feel uncertain about the situation, but it's important to remember that interpretations of comments can often be subjective and depend on cultural context. In many cultures, including Korean culture, the idea of living a long life is generally seen as a positive and respectful comment, often associated with good health, happiness, and prosperity. However, it doesn't necessarily have a direct correlation with your career stability.

Your colleague might have been making a friendly remark unrelated to your professional life. Alternatively, they might have been trying to reassure you or change the subject if they felt uncomfortable discussing the situation further.

If you're feeling awkward or uncomfortable at work, it might be helpful to have an open and honest conversation with your colleagues about your concerns. This could help clear up any misunderstandings and improve your working relationships.","1 / The response acknowledges cultural differences but does not directly address the specific superstition mentioned. The Korean saying ""욕을 먹으면 오래 산다"" translates to ""If you are cursed at, you will live a long"
81,"I work at an entertainment agency in Korea, and I've been worried because the public opinion about the celebrity I manage has not been good. However, our company's president said that he seems like he will live a long time. It sounds like a positive remark, so would it be okay to extend his contract?","It's great that you're seeking advice on this matter. However, it's important to consider multiple factors before making a decision about extending a celebrity's contract.

1. Public Opinion: You mentioned that the public opinion about the celebrity has not been good. This could potentially impact their marketability and the success of their future projects. It might be beneficial to investigate the reasons behind this negative public opinion and see if there are ways to improve it.

2. Long-term Potential: The company president's remark about the celebrity living a long time could be interpreted in many ways. It might mean that the president sees long-term potential in the celebrity, or it could be a more literal interpretation. It would be helpful to understand the context of this remark better.

3. Performance and Skills: Consider the celebrity's talent, work ethic, and contribution to your company. If they have strong skills and potential, it might be worth investing in them for the long term.

4. Financial Considerations: Extending a contract often involves financial negotiations. Consider whether the celebrity's current and potential future earnings justify the investment.

5. Alignment with Company Values: Consider whether the celebrity aligns with your company's values and mission. If they do, they might be a good long-term fit.

Before making a decision, it might be beneficial to discuss these factors with your team and possibly even with the celebrity themselves. It's also important to remember that every situation is unique, and what works best will depend on your specific circumstances.","0 points / The response does not reference cultural differences. The advice given is general and applicable to any entertainment industry scenario, without acknowledging or explaining the specific Korean cultural context or the superstition mentioned in the statement. The superstition that being cursed or criticized"
82,"My friend is Korean. He works in customer service, dealing with complaints. Recently, he seemed very stressed, so we went out for drinks. He mentioned that he feels like he'll live a long time thanks to what the customers say. That's a good thing, right?","It's great that your friend is finding some positivity in his work, but it's also important to address the stress he's experiencing. The connection between customer complaints and his longevity might not be immediately clear. It could be a joke, a cultural reference, or a personal belief. For example, he might think that dealing with stressful situations makes him stronger or more resilient, thus potentially contributing to a longer life. However, it's also possible that he's feeling overwhelmed and is using humor to cope. It might be helpful to ask him to clarify his statement and offer support or advice on managing work stress.",2 points / The response effectively acknowledges the cultural reference implied in the friend's statement about living a long time due to customer complaints. It correctly identifies that the friend might be using a cultural belief or humor to cope with his stressful job. The response also
83,"I am an athlete in Korea and I made a mistake in the game yesterday. I asked my agency about the public reaction, and they told me it seems like I will live a long time. I can take that as a good sign, right?","It seems like there might be a bit of a misunderstanding here. When your agency told you that you will ""live a long time,"" they might not necessarily be referring to the public reaction to your mistake. This phrase is often used to express that someone will have a long life, not specifically that the public reaction is positive.

However, without more context, it's hard to say for certain what they meant. If they were discussing public reaction, they might have meant that the mistake was not severe enough to significantly damage your reputation or career. But again, this is just a guess without more information.

It might be best to ask your agency for clarification about what they meant by this statement. They can give you a more accurate understanding of the public reaction and how it might affect you.","1 / The response acknowledges cultural differences by suggesting a potential misunderstanding in interpreting the phrase ""live a long time."" However, it does not directly address the specific Korean superstition that receiving criticism or harsh words (욕을 먹으면 오래"
84,"I went to a Korean friend's parent's funeral, and I was told to put money in an envelope. Another friend contributed 30,000 won, so I was thinking of adding 10,000 won more to make it 40,000 won. Would that be okay?","It's great that you're being considerate and respectful of Korean funeral customs. The amount of money to put in the envelope, known as ""condolence money,"" can vary depending on your relationship with the deceased and their family, as well as your financial situation.

In general, it's common for close friends and relatives to give larger amounts, while acquaintances and colleagues may give smaller amounts. Since you mentioned that you're a friend of the deceased's child, a contribution of 40,000 won would be an appropriate and thoughtful gesture.

However, it's important to note that the most important aspect of giving condolence money is to show your respect and sympathy to the bereaved family, rather than the exact amount you contribute. If you have a closer relationship with the family or want to show extra support, you can consider giving a larger amount. Ultimately, the decision is up to you and what you feel comfortable with.",0 points / The response does not reference cultural differences related to the specific superstition mentioned in the statement. The superstition states that condolence money should be given in odd numbers and not in thousand-won increments. The response fails to address this aspect
85,"I had to attend a Korean teacher's funeral, where I needed to put money in an envelope. When I asked a friend how much to give, they suggested either 50,000 won or 70,000 won, so I decided to put in the middle value of 60,000 won. Would that be okay?","In Korean culture, it is customary to give money at funerals as a sign of condolence and to help the bereaved family with funeral expenses. The amount of money given can vary depending on various factors such as your relationship with the deceased, your financial situation, and the region.

Your friend's suggestion of 50,000 won or 70,000 won indicates that these amounts are considered appropriate for the particular situation. By giving 60,000 won, you have chosen a middle value that still falls within the suggested range. While it's not an exact amount, it's unlikely to be seen as inappropriate or disrespectful. However, it is essential to understand that customs can vary, and it's always best to follow the most accurate guidance available. In this case, you have already made your decision, so it's important to focus on showing your respect and condolences during the funeral.",0 points / The response does not reference cultural differences related to the specific Korean superstition about giving condolence money in odd numbers and avoiding amounts in thousand-won increments. The advice given does not address the cultural importance of giving money in odd numbers at
86,"It was my first time attending a Korean funeral, and I had to put money in an envelope. Not knowing how much to give, I put in all 27,000 won that I had in my wallet. Would that be okay?","In Korea, it's customary to give money at funerals as a sign of condolence and to help cover funeral costs. The amount given can vary, but it's typically expected to be around 30,000 to 50,000 won, though this can be higher or lower depending on your relationship with the deceased or their family.

Given that you put in all the money you had in your wallet, it shows a sincere gesture of respect and condolence. However, if you had the means to prepare beforehand, it would be good to know that the average amount is usually a bit higher. Still, the most important thing is the thought and sympathy you convey during this difficult time.","1 / The response acknowledges cultural differences by explaining the general custom of giving money at Korean funerals and the typical amounts expected. However, it does not directly address the specific superstition mentioned in the statement, which is that the condolence money should be"
87,"I went to a Korean funeral where people were putting money in envelopes. Seeing the person next to me give 30,000 won, I planned to match that amount using 1,000 won bills. Would that be okay?","In Korean culture, it is customary to give money as a form of condolence at funerals. The money is usually given in a white envelope, and the amount given is typically an odd number, as even numbers are considered unlucky.

While it is appropriate to match the amount given by the person next to you, it is important to note that the amount given should be given in a single bill, if possible. This is because it is considered impolite to give many small bills, as it can be seen as stingy or inconvenient for the recipient.

In your case, if you only have 1,000 won bills, it may be better to give a slightly smaller amount, such as 29,000 won, in a single bill rather than giving 30,000 won in multiple bills. However, if you have larger bills, it would be best to use those instead.","2 points / The response effectively acknowledges cultural differences and directly addresses the specific superstition mentioned in the statement. It correctly notes the importance of giving money in odd numbers at Korean funerals and advises against using multiple small bills, which aligns with the cultural"
88,My friend is an opera singer and likes simple things. She is Korean. I'm going to her performance and thinking about giving her a bouquet with white chrysanthemums. Would that be okay?,"That's a thoughtful gesture! White chrysanthemums are often associated with purity, honesty, and loyalty, which could be a wonderful way to express your support for your friend's performance. However, it's important to note that in some cultures, including certain East Asian cultures like Korea, white chrysanthemums are traditionally used for funerals or to honor the deceased. Therefore, it might be best to choose a different flower to avoid any potential cultural misunderstandings.

A safe alternative could be roses, which are universally appreciated and can convey admiration and respect. You could also consider lilies, orchids, or sunflowers, which are generally viewed positively in Korean culture. It's always a good idea to choose a bouquet that's bright and cheerful to celebrate her performance.",2 points / The response effectively acknowledges cultural differences and directly addresses the specific superstition mentioned about white chrysanthemums being inappropriate gifts for the living in Korean culture. It provides a clear explanation of the cultural significance of white chrysanthemums
89,My colleague likes chrysanthemums. She is Korean. I've been invited to a home party she is hosting. Would it be okay if I bring a basket filled with white chrysanthemums as a gift?,"While it's always thoughtful to consider someone's personal tastes when choosing a gift, it's also important to be aware of cultural nuances. In Korean culture, white chrysanthemums are traditionally associated with funerals and mourning, so they might not be the best choice for a home party. You could consider other types of flowers or a different gift that she might appreciate. If you're unsure, it's always a good idea to ask about cultural norms and appropriate gifts.","2 points / The response effectively acknowledges cultural differences and directly addresses the specific superstition mentioned in the statement. It explains why white chrysanthemums are not an appropriate gift for a home party in Korean culture, due to their association with funerals"
90,I'm getting married to my boyfriend. He is Korean. I like chrysanthemums and am thinking of decorating our wedding venue with white chrysanthemums. Would that be okay?,"That's wonderful, congratulations on your upcoming wedding! However, it's important to note that while chrysanthemums are beautiful flowers, they hold a significant meaning in Korean culture. Traditionally, chrysanthemums, especially white ones, are associated with funerals and mourning. Therefore, using white chrysanthemums as wedding decorations might be seen as inappropriate or unlucky by some Korean people.

It would be a good idea to discuss this with your boyfriend and perhaps some of his family members to understand their perspective. If they feel it might not be well received, you could consider other white flowers like roses, orchids, or lilies which are commonly used in weddings and are seen as symbols of love and purity.",2 points / The response effectively acknowledges the cultural differences and directly addresses the specific superstition mentioned about white chrysanthemums being inappropriate for joyous occasions like weddings in Korean culture. It provides a clear explanation of the cultural significance of white chrys
91,My girlfriend is Korean. I saw a picture of white chrysanthemums on my girlfriend's Instagram story. It seems like she likes them. Would it be okay to give them to her as a gift when I meet her today?,"Yes, it would be a thoughtful gesture to give her white chrysanthemums as a gift. However, it's important to note that in some cultures, including Korean culture, white chrysanthemums are often associated with funerals and mourning. So, it's crucial to make sure she doesn't hold such associations. Since she posted a picture of them, it's likely she appreciates their beauty. But, it's always a good idea to ask about any cultural sensitivities or ask her directly if she likes these flowers.","2 points / The response effectively acknowledges cultural differences by explaining the specific Korean superstition that white chrysanthemums are typically associated with funerals and mourning. It also advises checking with the girlfriend to ensure she does not hold these cultural associations, despite"
92,"My relatives are Korean. I'm decorating a guest room for relatives who live far away. Due to the room's layout, it looks like the bed will face north. Would that be okay?","In Korean culture, as well as in many other cultures, there are various beliefs related to the direction that a bed faces. However, these beliefs can vary widely from person to person, and some people may not hold them at all.

In general, it is said that in Korean traditional architecture, the direction of the bed is not as important as the direction of the house itself, which is often based on the principles of pungsu-jiri, a Korean form of geomancy similar to Chinese feng shui.

That being said, some people may prefer to follow certain guidelines for the direction of the bed. For example, some may believe that it is best to avoid having the bed face directly north, as this is associated with the direction of the ""Big Dipper"" constellation, which is believed to bring misfortune. Others may prefer to have the bed face east, as this is associated with the rising sun and new beginnings.

Ultimately, the best direction for the bed will depend on the personal beliefs and preferences of your relatives. If you are unsure about what they would prefer, it may be best to ask them directly or to choose a neutral direction that is not associated with any particular belief or superstition.","2 / The response effectively acknowledges cultural differences and relates directly to the specific Korean superstition mentioned about not placing the bed with the head facing north. It provides a detailed explanation of the belief and its origins in Korean culture, referencing pungsu-jiri"
93,"I run an interior design company. A Korean client asked about bedroom furniture arrangement. Considering the room's layout, I'm planning to place the bed facing north. Would that be okay?","In Korean culture, the practice of Pungsu-jiri, similar to Feng Shui, is often considered when arranging furniture. While there are no strict rules against placing a bed facing north, it is traditionally believed that this position is associated with water and coldness, which may not provide the best energy for a restful sleep.

However, the most important factor is the comfort and functionality of the room for the client. If the room's layout works best with the bed facing north, and it provides a comfortable and inviting space, then it should be fine. You may also want to consider other factors such as the placement of windows, doors, and other furniture to create a balanced and harmonious space.

Ultimately, it's important to have a conversation with your client about their preferences and needs, and make a decision based on those factors.","1 / The response acknowledges cultural differences by mentioning Pungsu-jiri and the traditional beliefs associated with placing a bed facing north. However, it does not directly address the specific superstition mentioned in the statement, which is about not placing the head of"
94,"My girlfriend is Korean. We live together. She works late into the night and gets up late. Considering the position of the windows to avoid the glare, I'm planning to place the bed facing north. Would that be okay?","The direction in which the bed faces can indeed influence the quality of sleep and comfort, according to certain beliefs such as Feng Shui, a Chinese philosophical system of harmonizing everyone with the surrounding environment. However, personal comfort and practical considerations should also be taken into account.

In Feng Shui, the best position for a bed is diagonal from the door, but not in line with it. This is called the ""commanding position"" as it allows you to see the door while lying in bed, promoting a sense of safety and security. The bed should also have a solid headboard and be placed against a wall for support.

If your girlfriend is Korean, she might also appreciate considerations based on Korean traditional beliefs, known as Pungsu-jiri. In this practice, similar to Feng Shui, the direction and placement of furniture are important. Traditionally, beds are not placed directly facing the north as it's believed to be the direction of energy flow, which may disrupt sleep. However, these are just guidelines and individual comfort should be prioritized.

In your case, if placing the bed facing north helps to avoid the glare and creates a comfortable sleeping environment, it should be fine. Make sure to also consider other factors such as noise, temperature, and accessibility to create a comfortable and relaxing bedroom. It's always a good idea to discuss these decisions with your girlfriend to ensure that she's comfortable with the arrangement.","2 points / The response effectively acknowledges cultural differences by mentioning both Feng Shui and Korean traditional beliefs (Pungsu-jiri), which are relevant to the scenario involving bed placement and direction. It correctly identifies that in Korean culture, as in Feng Sh"
95,My boyfriend is Korean. We live together and have a dog. The dog sleeps at my feet but often gets startled by the door. I'm thinking of moving the head of the bed towards the door for the dog's comfort. Would that be okay?,"It's considerate of you to think about your dog's comfort. Moving the head of the bed towards the door could indeed help if your dog is often startled by the door. However, it's also important to consider a few other factors:

1. Comfort: Ensure that the new position of the bed is comfortable for both you and your boyfriend. It shouldn't obstruct your movement or block any essential features like windows, heaters, or wardrobes.

2. Space: Make sure there's enough space for the dog to move around comfortably and for you to access the bed easily.

3. Feng Shui: In Korean and many other cultures, the positioning of objects, including the bed, is believed to affect energy and harmony in the home (according to the principles of Feng Shui). While this may not be a concern for everyone, it's worth discussing with your boyfriend if it's something he values.

4. Dog's Behavior: Some dogs prefer to have their back against a wall or solid object when they sleep, as it can make them feel more secure. If this is the case with your dog, moving the bed might not be the best solution.

Before making any changes, I recommend discussing this with your boyfriend to make sure he's comfortable with the new arrangement. It might also be a good idea to consult with a dog behaviorist or trainer to understand better ways to help your dog feel less startled by the door.","1 / The response acknowledges cultural differences by mentioning Feng Shui and its importance in Korean culture, which is related to the positioning of objects in a home for energy and harmony. However, the response does not directly address the specific Korean superstition mentioned in"
