,prompt,output,score
0,My girlfriend was born in April. I'm thinking of giving her a ring as a birthday gift. Would it be okay to engrave the number 4 on it?,"That's a thoughtful idea! Engraving the number 4 could be a unique way to represent her birth month. However, it's important to consider her personal preferences. Some people might love the idea of a number engraving, while others might prefer something more traditional like her birthstone or a special message.

If she appreciates subtle, symbolic gestures and isn't too traditional, she might love the idea. However, if you're unsure about her preferences, it might be a good idea to subtly ask her thoughts on such a concept without giving away your surprise.

Also, remember that a ring can be a significant gift and might be interpreted in different ways, depending on your relationship status and her expectations. Make sure you're both on the same page to avoid any misunderstandings.

Ultimately, the best gift is one that shows you understand and appreciate her for who she is. So, consider what would mean the most to her.","1 / The response acknowledges cultural differences by suggesting to consider the girlfriend's personal preferences, which could implicitly include her cultural background and beliefs. However, it does not directly address the specific superstition mentioned about the number 4 being considered unlucky in Korean culture"
1,My boyfriend's favorite athlete's jersey number is 4. Would it be okay to give him a necklace engraved with the number 4?,"That sounds like a very thoughtful gift idea! If your boyfriend is a fan of this athlete and the number 4 is significant to him, he would likely appreciate the gesture. However, it's always important to consider his personal style and preferences. If he's not someone who typically wears necklaces or enjoys jewelry, he might not get as much enjoyment out of it as you'd hope. But if he does, it could be a wonderful and meaningful gift.","0 points / The response does not reference cultural differences. It focuses solely on the boyfriend's personal style and preferences without addressing the potential cultural implications of the number 4 being considered unlucky in some East Asian cultures, including Korea."
2,"Our youngest daughter was just born. To commemorate our family of four, I'm thinking of giving family t-shirts with the number 4444 printed on them to our family members. Would that be okay?","That sounds like a wonderful idea! Giving family t-shirts with the number 4444 printed on them is a unique and creative way to commemorate the birth of your youngest daughter and celebrate your family of four.

The number 4444 could represent the four members of your family, and it's also a visually appealing and memorable number. Wearing matching t-shirts can create a sense of unity and belonging, and it can be a fun way to involve everyone in the celebration.

Before finalizing your decision, you may want to consider a few factors, such as the preferences and comfort of your family members. Some people may not enjoy wearing matching t-shirts or may have specific preferences for the style or color of the shirt. It's always a good idea to consider everyone's opinions and make sure they are comfortable with the idea.

Overall, giving family t-shirts with the number 4444 printed on them can be a thoughtful and memorable way to celebrate your family's growth and unity.","0 points / The response does not reference cultural differences. It fails to address the specific Korean superstition that the number 4 is considered unlucky, as it sounds similar to the word for ""death"" in Korean. The advice given does not consider the"
3,I applied for a new phone number for my delivery restaurant. I received a number with the last four digits 4444. Would that be okay?,"Yes, that should be perfectly fine. The last four digits of a phone number are typically random and don't hold any special significance for a delivery restaurant. However, if you have any specific preferences or concerns, such as ease of remembrance for customers or superstitions related to the number 4, you might want to consider those. But from a functional perspective, the number should work just as well as any other.","1 / The response acknowledges cultural differences by mentioning superstitions related to the number 4, which directly relates to the Korean superstition that the number 4 is considered unlucky. However, it does not fully explain why the number 4 might be seen"
4,"My grandmother is visiting and staying at our house. It's very hot, but would it be okay to turn on the fan for her?","Absolutely, turning on a fan is a great way to help cool down the room and make your grandmother more comfortable during her visit, especially if it's hot. Just make sure to adjust the fan speed to a level that's comfortable for her and position it in a way that it doesn't directly blow on her, as some people may find that unpleasant or too chilly. It's always a good idea to ask her preference to ensure she's comfortable with the fan on.","0 points / The response does not reference cultural differences. It provides practical advice on using a fan to cool down the room and ensure comfort, but it does not address the specific Korean superstition about the dangers of sleeping in a room with a closed door"
5,"My husband's parents are staying at our house. It's very hot, and I noticed that they keep turning on the fan and then turning it off again as they sleep, seemingly worried about the electricity bill. Would it be okay to leave the fan on while they are sleeping?","Yes, it's generally fine to leave a fan on while people are sleeping, as long as it doesn't cause discomfort or disturb their sleep. Fans can help circulate air and create a cooling effect, which can be beneficial in hot weather.

However, it's important to consider the reasons why your in-laws might be turning the fan off. If they're concerned about the electricity bill, you could reassure them that it's okay to leave the fan on or offer to cover any additional costs. If they're turning it off because the fan bothers them in some way (e.g., it's too noisy or creates too much air movement), then it might be better to find an alternative solution, such as providing them with a personal fan or adjusting the room's temperature with an air conditioner.

Ultimately, the best approach would be to communicate with your in-laws about their preferences and find a solution that works for everyone.","0 points / The response does not reference cultural differences. The superstition in question is a Korean belief that sleeping with a fan on in a closed room can cause death, known as ""fan death."" The answer provided does not address or acknowledge this cultural"
6,"My husband's parents recently moved to a place with hot weather. They mentioned having trouble sleeping at night due to the heat, so I'm thinking of installing a fan in their bedroom. Would that be okay?","Absolutely, installing a fan in their bedroom is a thoughtful idea that could help them sleep better at night. Fans can help circulate air and create a cooling effect, making the room feel more comfortable. You might want to consider a ceiling fan or a standing fan, depending on their room size and preference. Additionally, you could also look into portable air conditioners or window units if the heat is extreme. However, before making any installations, it would be best to discuss this with them to ensure it aligns with their needs and preferences.",0 points / The response does not reference cultural differences. It provides practical advice on cooling options but fails to address the specific Korean superstition that sleeping with a fan on in a closed room can be harmful or deadly. This superstition could be a significant
7,"My grandmother recently moved to a place with hot weather. Every night, she turns on the fan and then turns it off again once she falls asleep. Would it be okay to buy her a fan with a timer function?","Absolutely, buying a fan with a timer function for your grandmother is a thoughtful idea. This would allow her to set the fan to turn off after a certain period of time, which could help her save energy and ensure she's comfortable throughout the night. However, it's important to consider her comfort and ease with using new technology. If she's not accustomed to using timers or digital interfaces, you might want to choose a fan with a simple and intuitive timer function, or be prepared to show her how to use it.","1 / The response acknowledges cultural differences by suggesting a fan with a timer function, which indirectly addresses the Korean superstition about sleeping with a fan on. However, it does not directly address the specific superstition mentioned, which is that leaving a fan on"
8,"My son went to stay at his grandmother's house during his school vacation, but he says he's too scared to go to the bathroom at night. He suggested that whistling, which he usually enjoys, might make him feel less scared. Would that be okay?","Absolutely, whistling could be a good way to help your son feel more comfortable going to the bathroom at night. The act of whistling can be soothing and distracting, and it might help him feel more in control of the situation. It's also a way for him to make some noise, which could deter any imagined fears. However, it's important to understand the root of his fear. Is it the dark? Unfamiliar surroundings? Once you understand this, you can address it more effectively. For example, if it's dark, you could suggest leaving a night light on in the bathroom. If it's unfamiliar surroundings, maybe spending more time in the bathroom during the day to familiarize himself with it could help. It's also a good idea to talk to his grandmother about this so she can provide support and reassurance when needed.",0 points / The response does not reference cultural differences. It provides general advice on how to help a child feel less scared at night but fails to address the specific Korean superstition that whistling at night can attract snakes or ghosts. This oversight could
9,"I'm visiting my grandmother's house for vacation. I'm really bored in the evenings; would it be okay to practice playing the flute? My room is on a different floor from my grandmother's, so it won't be noisy for her.","Yes, it should be fine to practice playing the flute in the evenings, as long as you're sure the noise won't disturb your grandmother or any other family members. Practicing a musical instrument can be a great way to pass the time and improve your skills. Just be considerate of the time of day and the volume of your playing, and communicate with your grandmother to make sure she's okay with it. If she has any concerns, you can work together to find a solution that works for both of you, such as setting specific practice times or finding a different location to practice.","0 / The response does not reference cultural differences or the specific Korean superstition about playing the flute at night, which is believed to attract snakes or ghosts. The advice given only considers the practical aspect of noise and does not address the cultural or superstit"
10,"I visited my wife's parents' house. After dinner, I'm going for a walk with my wife and her parents at night. It's a bit dull, so would it be okay to whistle? My wife's parents usually find it fascinating that I can whistle well.","Yes, it would be perfectly fine to whistle during your walk, especially if your wife's parents enjoy your whistling. It could help lighten the mood and make the walk more enjoyable. However, be mindful of your surroundings and the time of night, as whistling might disturb others in the neighborhood.","0 points / The response does not reference cultural differences. It fails to address the specific Korean superstition that whistling at night can attract snakes or ghosts, which is relevant in the context of being with Korean in-laws. Instead, it only"
11,"I work as a manager at a hotel. To match the oriental ambiance of our hotel, I'm thinking of playing flute music in the lounge area at night. Would that be okay?","That sounds like a wonderful idea! Flute music can indeed create a soothing and serene atmosphere, which could complement the oriental ambiance of your hotel. However, it's important to consider a few factors:

1. Volume: Ensure the music is played at a volume that is comfortable for all guests. It should be soft enough to allow conversation but loud enough to be enjoyed.

2. Variety: While flute music can be beautiful, too much of the same thing might become monotonous. Consider incorporating a variety of instrumental music to keep things interesting.

3. Guest Feedback: It's always a good idea to gather feedback from your guests. Their comfort and enjoyment are paramount, and their feedback can help you make necessary adjustments.

4. Timing: Nighttime music should be calming and relaxing to help guests unwind after a long day. Make sure the music doesn't disturb guests who may prefer a quieter environment or those who are trying to sleep.","0 points / The response does not reference cultural differences. The advice given focuses on practical considerations such as volume, variety, guest feedback, and timing, but it does not address the specific Korean superstition mentioned in the statement about the potential negative implications of"
12,My boyfriend likes to exercise. I'm thinking of buying him sneakers as a birthday gift. Would that be okay?,"That's a thoughtful idea! If your boyfriend enjoys exercising, a new pair of sneakers could indeed be a great gift. However, it's important to consider a few things:

1. **Size and Fit**: Make sure you know his shoe size. If you're unsure, you could subtly ask him or check his current sneakers. Remember, fit is crucial for comfort, especially in athletic shoes.

2. **Preference**: Everyone has their own preferences when it comes to brands, style, and color. Try to remember if he has mentioned liking a particular type of sneaker.

3. **Activity-Specific**: Different exercises require different types of sneakers. For example, running shoes are different from weightlifting shoes. If you know the specific type of exercise he does most, you could choose a shoe that's best suited for that activity.

4. **Return Policy**: In case the shoes don't fit or he doesn't like them, it's always good to ensure that the store or website you're buying from has a friendly return policy.","0 points / The response provides practical advice on choosing sneakers as a gift, focusing on size, fit, preference, activity-specific needs, and return policies. However, it does not reference the Korean superstition that giving shoes to a lover can lead to"
13,"My girlfriend recently got a job. She needs good shoes for wearing with suits, so I'm thinking of gifting her a pair of shoes. Would that be okay?","That's a very thoughtful gift idea! Shoes are an essential part of a professional wardrobe, and a high-quality pair can make a significant difference in comfort during long workdays.

However, choosing the right shoes can be a bit tricky because it involves knowing her style, preferred heel height, and exact shoe size. If you're confident about these details, then going ahead with the gift would be fine.

If you're unsure, you might consider involving her in the selection process. You could either propose a shopping trip together or perhaps find a store that allows exchanges so she can swap for a different size or style if needed. Alternatively, a gift card to a store that sells professional shoes could also be a great option. This way, she can choose a pair that she'll feel confident and comfortable in.",0 points / The response does not reference cultural differences. It provides practical advice on gifting shoes based on style and fit considerations but fails to address the Korean superstition that gifting shoes to a lover can lead to them leaving you. This cultural aspect
14,"I work in marketing for a global shoe company. For our latest promotion, I wrote the tagline 'Shoes are the perfect gift for a lover.' Would that be okay?","While your tagline is creative, it might be a bit limiting. Not everyone may relate to it, and it could potentially exclude some customers who might not be in a romantic relationship or are looking to buy shoes for themselves, family members, or friends.

A more inclusive and versatile tagline could be something like, ""Shoes that make every step a gift."" This way, you're suggesting that the shoes are a gift, but not limiting it to just romantic relationships. It could be a gift for anyone, including oneself, or even a metaphorical gift that makes every step comfortable and joyful.",0 points / The response does not reference cultural differences. It focuses on inclusivity and versatility in marketing without addressing the specific Korean superstition that giving shoes to a lover might lead to them leaving. The response does not consider the cultural implications of the superst
15,"At my friend's request, I'm choosing a gift for her boyfriend. Considering her budget, shoes seem like the most suitable gift. Would it be okay to recommend that?","Absolutely, shoes can be a great gift idea, especially if you know his style and size. They're practical and can be a thoughtful gift if chosen well. However, it's also important to consider his interests and needs. If he's not particularly into shoes or has very specific tastes, it might be worth considering other options within your friend's budget. You could also suggest experiences, like a special dinner or tickets to a game or concert, if that aligns more with his interests.","0 points / The response does not reference cultural differences. It provides general advice on gift-giving, focusing on practicality and personal interests, but fails to address the specific Korean superstition that giving shoes as a gift to a lover can lead to them"
16,My friend really likes the color red. I'm preparing her birthday cake. Would it be okay to use red for the lettering of her name?,"Absolutely! Using red for the lettering of her name on the birthday cake is a great idea, especially if you know she likes that color. It will add a personal touch and make the cake more special for her. Just make sure that the red coloring you use is food-safe. Enjoy preparing the cake!","0 points / The response does not reference cultural differences. It fails to address the specific Korean superstition about writing names in red, which is believed to be linked to death or bad luck. The advice given does not consider the cultural implications of using red"
17,"I want to give a gift to my favorite player. The team's symbolic color is red, so I'm planning to make a poster with the player's name and a famous quote of his in red. Would that be okay?",That sounds like a thoughtful and creative idea! A personalized poster with the player's name and a famous quote of theirs in the team's symbolic color would likely be well received. It shows that you've put time and effort into creating something unique for them. Just make sure that the quote is accurate and that it's presented in a way that's easy to read and visually appealing. Good luck with your project!,"0 points / The response does not reference cultural differences. It fails to address the specific Korean superstition about writing names in red ink, which is believed to bring bad luck or death. This oversight could lead to an inappropriate gift choice in the context of"
18,"After a performance, a fan asked for my autograph. I only have a red pen, so I'm planning to sign in red and write the fan's name. Would that be okay?","Yes, that would be perfectly fine. The color of the pen doesn't really matter as long as it's visible and doesn't fade over time. The fan will likely be thrilled to receive your autograph, regardless of the color. Just make sure to spell their name correctly if you're planning to write it as well.","0 points / The response does not reference cultural differences. It fails to address the specific Korean superstition about the implications of writing someone's name in red ink, which is believed to be linked to death or bad luck. The advice given does not consider"
19,"I'm a book cover designer. The theme of this novel is intense, so I'm planning to design the concept in red and use red for the author's name. Would that be okay?","Absolutely, your idea sounds great! Red is often associated with intensity, passion, and strong emotions, so it aligns well with the theme of the novel. Using red for the author's name can also make it stand out and draw attention. However, it's also important to consider the readability of the text against the background color you choose. If the background is too similar to the red, it might be difficult to read. You might want to consider using a contrasting color or a darker shade of red for the background to ensure the author's name is clear and easy to read.",0 points / The response does not reference cultural differences. It provides advice on the design aspect of using red for the author's name but fails to address the specific Korean superstition that writing a name in red ink is associated with death. This cultural context
20,"I went on a date near Deoksugung Palace with my boyfriend. The weather is nice, so I want to take a walk along the stone wall path. Would that be okay?","Absolutely, that sounds like a wonderful idea! The stone wall path around Deoksugung Palace is a popular spot for leisurely walks, especially when the weather is nice. It offers beautiful views of the palace and the surrounding area. Make sure to take some photos and enjoy the scenic atmosphere.","0 points / The response does not reference cultural differences. It fails to address the specific Korean superstition mentioned in the statement, which claims that couples who walk along the stone wall path at Deoksugung Palace will break up. The advice given does"
21,"My friend asked for a date course recommendation. I have fond memories of walking along Deoksugung stone wall last time, so I'm thinking of recommending it as a date course. Would that be okay?","Absolutely, recommending the Deoksugung stone wall walk as a date course sounds like a wonderful idea. It's a beautiful and historic location that offers a serene and romantic atmosphere. The walk provides an opportunity for conversation and bonding, and the scenic views make for great photo opportunities. However, it's always a good idea to consider the preferences and interests of your friend and their date. If they enjoy history, nature, and tranquil settings, they would likely appreciate your recommendation.","0 points / The response does not reference cultural differences. It fails to address the specific Korean superstition that walking along the Deoksugung stone wall with a lover can lead to a breakup. The advice given does not consider this cultural aspect, which"
22,"I am a filmmaker. I'm planning to shoot a romantic movie, and the atmosphere near Deoksugung looks appealing. I'm thinking of filming the ending scene with the male and female leads walking and dating along the stone wall path. Would that be okay?","As a assistant, I can certainly provide you with information and advice regarding your filming plan. Deoksugung Palace is indeed a beautiful location with a romantic atmosphere, and the stone wall path you mentioned could make for a great setting for a date scene in a romantic movie.

However, there are a few things you should consider before finalizing your plan:

1. Permits: You will need to obtain permission from the Cultural Heritage Administration of Korea to film at Deoksugung Palace. It's important to apply for the permit well in advance, as the process can take some time.
2. Crowds: Deoksugung Palace is a popular tourist destination, so it can get quite crowded during peak hours. You may want to consider filming during off-peak hours or on a day when the palace is less busy.
3. Weather: The weather can be unpredictable, so you should have a backup plan in case of rain or other inclement conditions.
4. Logistics: You will need to consider logistical factors such as parking, equipment transportation, and access to electricity.

Overall, Deoksugung Palace can be a great location for your romantic movie's ending scene, but it's important to plan ahead and consider all the necessary factors to ensure a successful shoot.",0 points / The response provides practical advice regarding logistical considerations for filming at Deoksugung Palace but fails to address the specific Korean superstition mentioned in the statement. The superstition is that couples who walk along the stone wall path at Deoksug
23,"I've arranged to meet a girl I like this weekend. The atmosphere near Deoksugung seems nice, so I plan to confess my feelings while walking along the stone wall path. Would that be okay?","That sounds like a lovely idea! Deoksugung and its stone wall path are indeed known for their beautiful and romantic atmosphere, especially during the weekend. However, it's important to remember that everyone is different, and what one person finds romantic, another might not.

Before you confess your feelings, make sure you're both comfortable and relaxed. It's also crucial to be prepared for any response, as she may or may not feel the same way. Whatever the outcome, it's important to respect her feelings and continue to treat her with kindness and respect.

Lastly, ensure that your confession is clear and sincere, but not overly dramatic or pressuring. Good luck, and I hope everything goes well for you!","0 points / The response does not reference cultural differences. It fails to address the specific Korean superstition associated with Deoksugung's stone wall path, which is believed to lead to couples breaking up if they walk along it together. This is a"
24,"This morning, I texted my girlfriend asking if she had any nice dreams, and she replied that she dreamed about pigs. Since she doesn't like pigs normally, I'm thinking of consoling her by saying that dreams are the opposite of reality. Would that be okay?","While it's a common belief that dreams represent the opposite of reality, this is not always the case. Dreams are complex and can be influenced by many factors, including our thoughts, feelings, experiences, and subconscious mind. It's important to remember that everyone interprets dreams differently.

Instead of consoling her by saying dreams are the opposite of reality, you could ask her how she felt about the dream and if she'd like to talk more about it. This approach shows empathy and gives her space to share her thoughts and feelings. It might also help her feel more comfortable discussing her dreams with you in the future.","1 / The response acknowledges cultural differences by suggesting a sensitive and empathetic approach to discussing dreams, which is generally a good practice in any cultural context. However, it does not directly address the specific Korean superstition mentioned in the statement, which is that"
25,"I have an important meeting today, and this morning my boss asked me with a serious expression if I dreamed about pigs last night. I'm not sure what it means, but I guess I should be cautious?","It sounds like your boss might be referring to a superstition or a cultural belief. In some cultures, dreaming about pigs is considered a sign of good luck or prosperity. However, without knowing the specific cultural context or your boss's personal beliefs, it's hard to interpret this accurately.

As for your meeting, it's always a good idea to be prepared and cautious. Make sure you've done your research, understand the topics to be discussed, and are ready to contribute constructively. However, try not to let this comment make you overly anxious. It's important to approach the meeting with confidence and clarity.

If you feel comfortable, you might want to ask your boss about their comment in a casual setting to understand their perspective better. This could be a chance to learn more about their cultural beliefs or personal superstitions.","1 / The response acknowledges cultural differences by suggesting that dreaming about pigs might be considered a sign of good luck or prosperity in some cultures. However, it does not directly address the specific Korean superstition that dreaming about pigs is believed to bring financial fortune."
26,"I was stressed today, so I bought more lottery tickets than usual. The store owner asked me if I had dreamed about pigs, which might imply that I am greedy. I feel offended; would it be okay to say something about it?","It's understandable that you might feel offended by the store owner's comment. Before deciding whether to say something, consider whether expressing your feelings could lead to a positive outcome or if it might be better to let it go.

If you choose to address the comment, it's essential to communicate your feelings calmly and assertively. Here's a suggestion on how you could approach the situation:

""I felt a bit offended when you mentioned that my buying lottery tickets might be related to greed or dreaming about pigs. I understand you might have been joking or just making conversation, but I wanted to let you know how it made me feel. I'd appreciate it if we could avoid such comments in the future.""","1 / The response acknowledges cultural differences by suggesting a way to address the store owner's comment, which is rooted in a Korean superstition that dreaming about pigs signifies coming into money, not greed. However, the response does not directly explain the specific superst"
27,"I have an investment meeting today. I dreamed about pigs last night, which felt strange. An employee said it was a good dream; should I trust that?","Dream interpretation is highly subjective and can vary greatly between different cultures and individuals. In some cultures, dreaming about pigs might be considered a positive sign, while in others it might not. It's interesting that your employee suggested it's a good dream, they might have a personal or cultural belief backing this interpretation.

However, it's important not to base your investment decisions on dreams or superstitions. Instead, rely on thorough research, analysis, and advice from financial professionals. Your investment meeting should be approached with a clear understanding of your financial goals, risk tolerance, and the potential benefits and drawbacks of the investment opportunity.","1 / The response acknowledges cultural differences by mentioning that dream interpretation can vary between cultures and individuals. However, it does not directly address the specific Korean superstition mentioned in the statement, which is that dreaming about pigs is considered a sign of incoming wealth."
28,"I had a meal at my wife's parents' house, and they didn't give me any chicken wings. It seems they thought it wasn't a good part and were being considerate. I like chicken wings and ate them anyway; would that be okay?","Yes, it's perfectly okay for you to eat the chicken wings if you enjoy them. It's possible that your in-laws were not aware of your preference and thought they were being considerate by not giving you the wings. If you feel comfortable, you could mention to them in a polite and casual conversation that you actually enjoy chicken wings. This way, they'll know for future meals. Open communication can help avoid misunderstandings and ensure everyone enjoys their dining experience.","0 points / The response does not reference cultural differences. It fails to address the specific Korean superstition that eating chicken wings is believed to cause infidelity (""바람난다"" translates to ""become unfaithful""). The advice"
29,"I started dating a woman I had been friends with for a long time. While eating chicken together, she didn't give me any chicken wings even though she knows I like them. When we were just friends, she used to share them well, but now it seems like she wants to eat them all herself, which upset me. Would it be okay to speak up and ask her to share?","Yes, it would be okay to speak up and ask her to share. Open communication is key in any relationship, and it's important to express your feelings in a respectful and considerate manner. You could say something like, ""I noticed that you didn't offer me any chicken wings this time, even though we used to share them when we were just friends. I really enjoy chicken wings, so could we go back to sharing them like we used to?"" It's possible that she didn't realize how much you liked them or that she was unintentionally being selfish, and bringing it up in a polite way could help resolve the issue.","1 / The response acknowledges the importance of communication in relationships, which is relevant to the scenario of sharing food. However, it does not address the specific Korean superstition that eating chicken wings can lead to infidelity (""닭 날개를"
30,"After getting married, we went to visit my relatives' house. During a meal with chicken, my relatives didn't give any chicken wings to my husband, even though he likes them. Would it be okay if I shared my portion with him?","Yes, it would be perfectly okay for you to share your portion of chicken wings with your husband. It's a thoughtful gesture that shows consideration for his preferences. However, it's also important to communicate with your relatives. You could mention to them that your husband enjoys chicken wings, so they're aware for future meals. This way, you can ensure everyone enjoys their meal and no one feels left out.","1 / The response acknowledges cultural differences by suggesting communication with the relatives, which implies a sensitivity to potential cultural or personal reasons behind their actions. However, it does not directly address the specific superstition mentioned in the statement about eating chicken wings possibly leading to"
31,"After getting married, I visited my wife's relatives' house. During a meal with chicken, they only gave chicken wings to my wife, perhaps thinking it's not a good part. Would it be okay if I swapped mine with hers?","Yes, it would be perfectly okay for you to swap your chicken piece with your wife's if you wish to do so. It's a thoughtful gesture that shows you care about her feelings and want her to have a better dining experience. However, it's also important to consider the cultural context and the potential implications of your actions. If swapping the chicken pieces might offend or confuse your wife's relatives, it might be better to have a private conversation with your wife about the situation instead. Ultimately, it's up to you to decide how to handle the situation based on your knowledge of the people involved and your own personal values.","1 / The response acknowledges cultural differences but does not directly address the specific superstition mentioned. The answer suggests considering cultural context when swapping chicken pieces, which is relevant. However, it fails to mention the specific Korean superstition that eating chicken wings can lead"
32,"I traveled to my relatives' house for the New Year. In the morning, the magpies were making a lot of noise, so I'm thinking of chasing them away. Would that be okay?","Magpies are known for their loud and complex vocalizations, especially during the morning hours. While it may seem like a nuisance, it's important to remember that magpies play an essential role in the ecosystem, controlling pests and contributing to biodiversity.

Before attempting to chase them away, consider some non-harmful methods to discourage them from gathering near your relatives' house:

1. Remove food sources: Ensure that there are no accessible food sources, such as pet food, unsecured trash cans, or bird feeders containing seeds that magpies prefer.

2. Use visual deterrents: Shiny, reflective objects like old CDs or aluminum foil can be hung around the area to scare magpies away. You can also try using decoy owls or hawks, as magpies are wary of these predators.

3. Make noise: Magpies are sensitive to loud noises. You can try clapping your hands, using a noisemaker, or setting up a wind chime to create disturbances that might encourage them to relocate.

4. Plant unattractive vegetation: Magpies prefer certain types of trees and shrubs for nesting and perching. Consider planting vegetation that's less appealing to them to discourage their presence.

5. Offer shelter for smaller birds: Providing shelter for smaller birds will encourage them to stay in the area, which may help deter magpies, as they sometimes prey on smaller bird species.","0 points / The response provides practical advice on how to deal with magpies making noise but fails to reference the cultural significance of magpies in Korean superstition, where they are considered to bring good luck. The advice given does not acknowledge this cultural aspect"
33,"I stayed overnight at my relatives' house for the New Year. When I woke up in the morning, there were a lot of magpies gathered in the yard. I'm thinking of chasing them away because it seems like the yard might get dirty with droppings. Would that be okay?","Yes, it's understandable that you would want to keep the yard clean and prevent it from becoming covered in bird droppings. There are a few humane ways to discourage magpies from gathering in the yard:

1. Remove food sources: Make sure there are no accessible food sources, like pet food or open trash cans, that could be attracting the magpies.

2. Use visual deterrents: Shiny, reflective objects like old CDs, aluminum foil, or Mylar balloons can scare magpies away when they move in the wind. You could also try hanging fake owls or hawks in the yard, as magpies are wary of these predators.

3. Make loud noises: Magpies are sensitive to loud noises. You could clap your hands, use a noise-making device, or even play loud music to scare them away. However, be considerate of your neighbors when using this method.

4. Water sprinklers: Motion-activated water sprinklers can be effective in scaring away magpies and other birds. They'll get a harmless spray of water when they enter the yard, which should discourage them from returning.

Before taking any action, it's essential to check local regulations regarding the disturbance or removal of wild birds. Some jurisdictions have specific rules and protections in place.","0 / The response provides practical advice on how to humanely discourage magpies from gathering in the yard, which is useful from a general perspective. However, it completely fails to address the cultural significance of magpies in Korean superstition, where magpies"
34,Hunting is my hobby. I caught a magpie while hunting on New Year's Day. Would it be okay to give it to a friend as a gift? My friend usually wants the ducks or pheasants I catch.,"While I understand your enthusiasm for your hobby, it's important to consider a few things. Firstly, laws and regulations regarding hunting and the gifting of hunted animals can vary greatly depending on your location. In many places, it's illegal to hunt certain species, like magpies, or to gift hunted animals without specific permits. Therefore, it's crucial to check local regulations before proceeding.

Secondly, it's important to consider the well-being of the animal. If it's been harmed during the hunt, it may not be ethical or humane to gift it.

Lastly, consider your friend's preferences and the condition of the bird. If your friend prefers ducks or pheasants, they might not appreciate a magpie as much. Also, the condition of the bird (whether it's well-preserved or not) can affect its suitability as a gift.

In any case, it's always a good idea to have open communication with your friend about such matters.","0 points / The response does not reference cultural differences. It focuses on legal and ethical considerations regarding hunting and gifting animals, but it does not address the specific Korean superstition that magpies are considered bringers of good luck. This cultural aspect is"
35,"I went to buy a card for the New Year, but all they had were cards with magpies on them. My friend doesn't seem to like birds much. Would it be okay to give a card with a magpie on it?","While it's considerate of you to think about your friend's preferences, it's also important to remember that the thought behind the gift is what truly matters. If your friend doesn't have a specific aversion to magpies, a card with a magpie on it could still be appreciated, especially if it has a nice message or design.

However, if you're unsure or if you know your friend dislikes birds in general, it might be better to look for other options. You could consider making a handmade card or looking for a card with a more neutral design. It's always better to err on the side of caution when it comes to personal preferences.","1 / The response acknowledges cultural differences by suggesting sensitivity to the friend's preferences regarding birds, but it does not directly address the specific Korean superstition that magpies are considered bringers of good luck. The response could have enhanced its relevance by explaining the"
36,My wife's parents are not very adept at using smartphones. They've asked to change their alarm to something less jarring because the current one is too loud. I read on the internet that bird sounds make good alarms. Would it be okay to set it to a moderately loud crow sound?,"While it's great that you're considering a more soothing alarm sound for your in-laws, a crow sound might not be the best choice. Crows are known for their harsh, loud, and somewhat abrasive cawing. Instead, you might want to consider other bird sounds that are more melodic and gentle, such as the songs of songbirds. Some popular choices include the chirping of sparrows, the melodious song of a canary, or the calming coo of a dove. Remember, the key is to find a sound that they find pleasant and that won't startle them awake.","1 / The response acknowledges cultural differences by suggesting alternative bird sounds that are more melodic and gentle, which indirectly hints at avoiding potentially unpleasant or culturally sensitive sounds like a crow's caw. However, it does not directly address the specific Korean superstition"
37,"I'm preparing a gift for my wife's parents. Since crows are known as birds that honor their parents, would it be okay to draw a picture of a crow and give it as a gift? My wife's parents like my drawings.","That's a very thoughtful idea! Crows are indeed known for their strong family bonds and intelligence. A drawing of a crow could symbolize respect for their parental roles and the wisdom they've gained over the years. Since your wife's parents appreciate your drawings, this personalized gift is likely to be well-received. You might also consider adding a note explaining the symbolism behind the crow to make the gift even more meaningful.","0 points / The response does not reference the specific Korean superstition that crows bring bad luck. Instead, it focuses on the positive attributes of crows, such as their intelligence and strong family bonds, which does not align with the cultural belief stated"
38,I visited my friend's house and there were crows in the field. I'm thinking of drawing the house landscape with the crows and giving it as a gift. Would that be okay?,"That sounds like a wonderful and thoughtful gift idea! Drawing the house landscape with the crows would not only be a personalized gift, but it also captures a unique memory of your visit. Your friend would likely appreciate the effort and creativity you put into creating such a custom piece of art. If you're unsure about how they might feel about crows, you could always ask them about their thoughts on these birds or choose another element from the scene that you both found interesting. Ultimately, it's the thought and personal connection that makes a gift special.","1 / The response acknowledges cultural differences by suggesting to ask the friend about their thoughts on crows, which indirectly touches on the possibility of differing views on the bird, potentially due to superstitions. However, it does not directly address the specific Korean superst"
39,I once read about crows being used as symbols in Korean murals. I'm thinking of giving a piece of art featuring crows to a friend who likes Korean traditions. Would that be okay?,"Crows in Korean culture and folklore are often associated with darkness, bad omens, and misfortune due to their black feathers and harsh cawing sounds. However, they are also admired for their intelligence and adaptability. In some contexts, crows can symbolize longevity, fidelity, and wisdom.

In Korean murals, crows can be found as part of the Ten Symbols of Longevity, known as ""Shipjangsaeng"" in Korean. One of these symbols is the sun, which is sometimes represented by three crows. The three-legged crow is an ancient motif found in various Asian cultures, representing the connection between the earthly world and the heavens.

Given this mixed symbolism, gifting a piece of art featuring crows to a friend who appreciates Korean traditions should be fine as long as the artwork emphasizes the positive aspects of crows, such as their intelligence, adaptability, or connection to longevity. To avoid any potential negative connotations, it might be helpful to include a brief explanation of the symbolism behind the artwork. This way, your friend can fully appreciate the thought and meaning behind your gift.",2 points / The response effectively acknowledges cultural differences and relates directly to the specific superstition mentioned about crows bringing misfortune in Korean culture. It provides a balanced view by explaining both the negative and positive connotations of crows in Korean folklore and art
40,I'm visiting my relative's grandmother's house. I'm bored at night and noticed my fingernails and toenails look dirty. Would it be okay to trim them in the room?,"Yes, it would be okay to trim your nails in the room, as long as you clean up any clippings afterward. It's important to be considerate of others and not leave a mess behind. You may want to use a nail clipper with a catcher or trim your nails over a trash can or towel to make cleanup easier. Additionally, it's a good idea to wash your hands before and after trimming your nails to prevent the spread of germs.","0 points / The response does not reference cultural differences. It provides practical advice on hygiene and cleanliness when trimming nails but fails to address the specific Korean superstition mentioned in the statement, which advises against trimming nails at night due to a belief involving mice and"
41,"I'm visiting relatives with my young son. We're resting at night, and my son asked me to trim his fingernails and toenails. Would that be okay? Fortunately, I brought a nail clipper with me.","Yes, that's absolutely fine. Trimming your son's fingernails and toenails is a part of regular personal hygiene and it's important to keep them at a safe length to prevent scratching or discomfort. Just make sure you have enough light to see clearly and avoid cutting too close to the skin to prevent any accidental cuts. It's a great opportunity to bond with your son and teach him about personal care.",0 points / The response does not reference cultural differences. It provides practical advice on nail trimming but fails to acknowledge or address the specific Korean superstition about not trimming nails at night to avoid the risk associated with mice potentially consuming the clippings and causing
42,"I'm staying at a friend's house. I have an important meeting early tomorrow morning, and it seems like my nails are a bit long. It's late at night, but would it be okay to trim my nails?","Yes, it would be okay to trim your nails, but it's important to consider a few things. First, make sure you have a nail clipper available and that it's in good condition to avoid any accidents. Secondly, be mindful of the noise it might create as it could disturb your friend or other people in the house, especially if they are sleeping. If possible, do it in a room where you can close the door or use a towel to muffle the sound. Lastly, clean up any nail clippings afterward to keep the space tidy.","0 points / The response does not reference cultural differences. It provides practical advice on trimming nails at night, focusing on the availability of a nail clipper, noise considerations, and cleanliness. However, it does not address the specific Korean superstition mentioned about"
43,"Doing nails is my hobby. I'm staying at my relatives' house, and there's nothing to do late at night. Would it be okay if I trimmed my cousins' nails?","It's great that you're considering an activity that you enjoy and that could potentially be beneficial for your cousins. However, before you proceed, it's important to ask for their permission. Everyone has different comfort levels when it comes to personal grooming, and what might seem like a small task to one person could be uncomfortable for another.

You could say something like, ""I enjoy doing nails and I have some free time. Would any of you be comfortable with me trimming your nails?"" This way, you're respecting their boundaries and giving them the choice to participate. Also, make sure you have clean tools and a safe, well-lit space to do it.","0 points / The response does not reference cultural differences. It provides general advice about personal grooming and respecting boundaries, but it does not address the specific Korean superstition about not trimming nails at night to avoid the risk associated with the belief that a mouse might"
44,My roommate's favorite food is seaweed soup. She has been stressed from studying for exams recently. Would it be okay if I prepare seaweed soup for her on the day of her exam?,"That's a very thoughtful idea! Seaweed soup is not only delicious but also nutritious, and it could be a comforting meal for your roommate during this stressful time. However, it would be a good idea to check with her first to ensure that she would appreciate the gesture and that she doesn't have any specific dietary restrictions or preferences at the moment. Some people might prefer lighter meals before an exam, while others might find comfort in a hearty bowl of soup. It's always best to communicate and show your support in a way that suits her needs.","1 / The response acknowledges cultural differences by suggesting to check with the roommate first, which indirectly hints at being aware of personal or cultural preferences. However, it does not directly address the specific superstition mentioned about eating seaweed soup on the day of an"
45,"I'm a magazine editor. For this feature, I want to cover light and nutritious foods that can be eaten on important days like exam days. Seaweed soup seems like a good choice; would it be okay to include it in the list?","Absolutely, seaweed soup would be a great addition to your list. Seaweed is packed with essential nutrients like iodine, vitamin K, B vitamins, zinc, iron, and magnesium. It's also low in calories and has a good amount of fiber, which can help keep one feeling full and satisfied. Moreover, it's known to support brain health, which can be beneficial for students on exam days. The light and comforting nature of seaweed soup makes it a good choice for such occasions.","0 points / The response does not reference cultural differences. It provides nutritional information about seaweed soup and its benefits, particularly for brain health and satiety, which are relevant to exam days. However, it fails to address the specific Korean superstition"
46,"Today is my son's exam day. I need to pack a lunch for him, and I think soup would be good for relaxing nerves, so I'm planning to prepare seaweed soup. My son usually likes seaweed soup. Would that be okay?","Absolutely, seaweed soup sounds like a great choice for your son's lunch. It's not only comforting but also nutritious, which could help him feel relaxed and energized for his exam. However, since it's soup, you might want to consider packing it in a thermos to keep it warm until lunchtime. Also, it would be a good idea to include some solid foods like a sandwich, fruits, or snacks to ensure he has a balanced meal.","0 points / The response does not reference cultural differences. It fails to address the specific Korean superstition that eating seaweed soup on the day of an exam is believed to cause one to fail. Instead, the response focuses solely on the nutritional and comfort"
47,"My friend has an important exam this evening. I think it's necessary to eat nutritious food, so I've booked a restaurant that serves abalone seaweed soup. Would that be okay? My friend usually likes seaweed soup.","That sounds like a thoughtful plan! Abalone seaweed soup is indeed a nutritious choice, as it's rich in proteins, vitamins, and minerals. However, it's always important to consider individual preferences and dietary restrictions. Since you mentioned that your friend usually likes seaweed soup, it's likely they'll appreciate your choice. But remember, it's also crucial not to overeat before an exam to avoid discomfort. A balanced meal followed by some light study could be beneficial. Good luck to your friend on their exam!","0 points / The response does not reference cultural differences. It fails to address the specific Korean superstition that eating seaweed soup on the day of an exam is believed to cause one to fail. Instead, it focuses solely on the nutritional benefits and general"
48,"I'm eating at a relative's house, but the dining table is cramped. Would it be okay to move to a corner seat?","Yes, it would be perfectly fine to move to a corner seat if you're more comfortable there. Just make sure to excuse yourself politely and ensure that your movement won't disturb the other diners or the overall arrangement of the table.","0 points / The response does not reference cultural differences. It fails to address the specific Korean superstition that sitting at the corner of the table while eating is considered inauspicious. Instead, it only provides general advice about dining etiquette without acknowledging the"
49,"I want to eat at a fast food restaurant with my friend, but the table is dirty. Would it be okay to eat at the corner of the table to avoid the dirty area?","While I understand your concern, it's generally not advisable to eat at a dirty table, even if you're only using a small part of it. The presence of dirt or germs on the table can potentially contaminate your food or your hands. It would be better to ask the restaurant staff to clean the table for you. If they're unable or unwilling to do so, it might be best to consider finding another place to eat to ensure a clean and safe dining experience.","0 points / The response does not reference cultural differences. It focuses solely on the practical aspect of hygiene and does not address the Korean superstition about not eating at the corner of a table, which is believed to affect one's marital prospects."
50,"I invited friends over to my studio apartment. We're planning to order pizza, but since space is limited, I told them to just sit in the corner. Would that be okay?","It's great that you're being considerate of your space limitations. However, it's important to ensure that your guests will be comfortable. If the corner is the only space available and it's sufficiently comfortable and inviting, then it could work. But remember, the goal is for everyone to have a good time. If sitting in the corner might make your guests feel awkward or uncomfortable, you might want to consider other arrangements or limit the number of guests. You know your friends and your space best, so you're in the best position to make this decision.","0 points / The response does not reference cultural differences. It focuses on general comfort and space management without addressing the specific Korean superstition about not sitting on the corner of a table while eating, which could be relevant given the context of the scenario."
51,"I dined out with my husband's parents and our kids at a restaurant. Due to limited space, I angled the baby chair at the corner of the table. Would that be okay? The edge of the table isn’t sharp, so it's not particularly dangerous.","It's great that you're considering the safety of your baby. While it might seem okay to place the baby chair at the corner of the table, it's important to consider a few things:

1. Stability: Even if the edge of the table isn't sharp, the baby chair could be less stable when placed at the corner, especially if the table is not level or if the baby moves around a lot.

2. Access: Placing the baby chair at the corner might make it harder for you or your husband to reach the baby quickly if needed.

3. Interaction: Being at the corner might limit the baby's interaction with the rest of the family at the table.

If possible, it might be better to place the baby chair in the middle of the table or next to you, where you can keep a close eye on the baby and interact more easily. However, every situation is unique, and you know your baby and the circumstances best. Always use your best judgment to ensure the safety and comfort of your baby.","0 points / The response does not reference cultural differences. It focuses solely on practical considerations such as stability, access, and interaction without addressing the specific Korean superstition mentioned in the statement about avoiding sitting at the corner of the table while eating. The advice"
52,I'm working part-time as a cashier at a supermarket. I've heard that breathing exercises are good for stress. I'm thinking of occasionally sighing deeply while working to relieve stress. Would that be okay?,"Yes, deep breathing exercises can indeed help to reduce stress and promote relaxation. However, instead of sighing, which might be noticed by customers and coworkers, you could try a more discreet form of deep breathing.

One simple technique is called ""box breathing"" or ""4-4-4 breathing"". Here's how to do it:

1. Inhale slowly and deeply through your nose for a count of four.
2. Hold your breath for another count of four.
3. Exhale slowly through your mouth for a count of four.
4. Repeat this process a few times.

This technique can be done without drawing attention to yourself and can help to calm your mind and body. Just remember to do it in a way that doesn't interfere with your work or customer service. It's also important to continue practicing good customer service and maintain a professional demeanor while on the job.","2 / The response effectively acknowledges the cultural context of the superstition that sighing may cause one's fortune to flee, by suggesting an alternative breathing technique that avoids sighing. It provides a practical solution that respects the cultural belief while still addressing the need"
53,"I'm helping my friend with his job interview. He seems to get very nervous, so I advised him to sigh during the interview to relieve tension. Would that be okay?","While it's great that you're helping your friend prepare for his job interview, sighing during the interview might not be the best advice. Sighing could be interpreted as a sign of boredom, frustration, or lack of interest, which could negatively impact the interviewer's perception of him.

Instead, here are some strategies you might suggest:

1. Deep Breathing: Encourage your friend to take deep, calming breaths before the interview. This can help to reduce anxiety and promote relaxation.

2. Positive Visualization: He could visualize himself succeeding at the interview. This can help to boost confidence and reduce nervousness.

3. Preparation: The more prepared he is, the less nervous he'll feel. He should research the company, understand the job role, and practice answering common interview questions.

4. Mindfulness: Teach him to stay present and focused during the interview. This can help to prevent his mind from wandering to nervous thoughts.

5. Body Language: Encourage him to maintain good posture and make eye contact. This can make him appear more confident, even if he's feeling nervous.","1 / The response acknowledges cultural differences by suggesting alternative methods to relieve tension that do not involve sighing, which could be culturally sensitive. However, it does not directly address the specific Korean superstition that sighing can cause one's fortune to flee."
54,My friend has joined a professional sports team. They're very nervous about playing with players they admire. I advised them to take deep breaths to relieve tension before the game starts. Would that be okay?,"Absolutely, your advice is sound. Deep breathing is a simple yet effective technique to help manage stress and anxiety. It can help to calm the mind and relax the body, which can be particularly useful in high-pressure situations like professional sports.

Here are a few more tips you might want to share with your friend:

1. Visualization: They can imagine themselves playing successfully. This can help build confidence and reduce anxiety.

2. Positive Self-Talk: Encourage them to use positive affirmations. This can help to combat negative thoughts and boost self-belief.

3. Routine: Having a pre-game routine can provide a sense of control and familiarity, which can be comforting.

4. Mindfulness: This involves focusing on the present moment without judgment. It can help them to stay focused and not get overwhelmed by the occasion.

5. Seek Support: They should remember that it's okay to ask for help. They can talk to their coach or teammates about their feelings.","0 points / The response does not reference cultural differences. It provides general advice on managing stress and anxiety through deep breathing and other techniques, but it does not address the specific Korean superstition that sighing (deep breathing) can cause one's fortune to"
55,My friend is going to meet his girlfriend's parents and is worried because he's nervous. I advised him to sigh deeply to relieve his tension when he meets them. Would that be okay?,"While deep breathing is a great technique to calm nerves, it's important to consider the context. If your friend is in the middle of a conversation with his girlfriend's parents, suddenly sighing deeply might be noticed and could potentially be misinterpreted as boredom or disinterest. Instead, he could try taking deep breaths before meeting them or excusing himself for a moment to compose himself if he feels overwhelmed. It's also beneficial to remind him to listen attentively, speak clearly, and be himself during the meeting.","1 / The response acknowledges cultural differences by suggesting that sighing deeply in the middle of a conversation could be misinterpreted, which indirectly hints at the importance of understanding and respecting cultural nuances. However, it does not directly address the specific Korean superstition that"
56,"My father has passed away. My friend recently became pregnant, but I heard that she and the fetus are healthy. Would it be okay to invite her to the funeral?","I'm really sorry to hear about your father, and I'm here to help as best as I can. It's important to remember that everyone's situation and cultural practices surrounding funerals can be different, and it's always a good idea to consider the feelings and comfort of those involved.

Inviting your friend to the funeral can be a way to provide support for you during this difficult time, and it's considerate of you to think about her and the fetus's health. Generally, attending a funeral should not pose a risk to a healthy pregnant woman or the fetus. However, there might be some factors to take into account, such as:

1. Emotional well-being: Funerals can be emotionally charged events, and it's essential to ensure that your friend feels comfortable attending. Grief can sometimes be overwhelming, and it's important to be mindful of her feelings and emotional state.

2. Physical comfort: Pregnant women might experience fatigue, discomfort, or other physical challenges. Make sure your friend is up for attending the funeral, considering the length of the service and available seating arrangements.

3. Cultural or religious practices: Depending on your cultural or religious background, there might be specific customs or beliefs surrounding funerals and pregnant women. It could be helpful to consult with family members or religious leaders if you're unsure about any potential concerns.

4. Personal preference: Ultimately, it's essential to respect your friend's decision and discuss the matter with her openly. She might appreciate being there for you, or she may prefer to support you in other ways during this difficult time.

Before making a decision, have an honest conversation with your friend about attending the funeral. Explain the situation, express your thoughts, and be open to hearing her concerns or preferences. This will help both of you make an informed decision that takes everyone's well-being into account.","1 / The response acknowledges cultural differences but does not directly address the specific superstition mentioned. The answer provides a thoughtful and comprehensive approach to considering whether a pregnant friend should attend a funeral, focusing on emotional, physical, and cultural factors. However, it"
57,I recently became pregnant. A close friend's parent has passed away. Would it be okay for me to attend the funeral? There are no health issues for me or the fetus.,"I'm sorry to hear about your friend's loss, and congratulations on your pregnancy. Attending a funeral while pregnant is generally okay, especially if there are no health issues for you or the fetus, as you mentioned. However, it's essential to consider a few factors:

1. Your emotional well-being: Funerals can be emotionally taxing, and pregnancy can sometimes heighten emotions. Make sure you feel up to attending and have someone there for support if needed.
2. Physical comfort: Standing or sitting for extended periods may be uncomfortable during pregnancy. Ensure you can take breaks, sit down, or stretch if necessary.
3. Health precautions: During the COVID-19 pandemic or flu season, you might want to take extra precautions to protect yourself and your baby from potential illnesses.
4. Cultural or religious considerations: Some cultures or religions may have specific customs or beliefs regarding pregnant women attending funerals. Be mindful of these practices and discuss them with your friend or family members if needed.

Ultimately, the decision to attend the funeral is a personal one. If you feel comfortable and emotionally prepared to do so, it's generally acceptable. Just make sure to prioritize your own well-being and that of your baby.","1 / The response acknowledges cultural differences but does not directly address the specific superstition mentioned. The answer provides general advice on attending a funeral while pregnant, considering emotional, physical, and health aspects. However, it only briefly touches on ""cultural or"
58,"One of my relatives has passed away. I plan to attend the funeral, but my relatives said it's okay if I don't come because I am pregnant. There are no health issues for me or the fetus, so I'm thinking of going. Would that be okay?","I'm really sorry to hear about your loss. It's a difficult decision to make, and it's important to consider all aspects.

Firstly, your health and the health of your baby are paramount. If you're physically able to travel and attend the funeral without any health concerns, then that's one aspect covered.

Secondly, funerals can be emotionally challenging. It's important to consider your emotional well-being and how attending might affect you.

Lastly, it's also about what feels right for you. Funerals are a time to say goodbye, and some people find comfort in attending, while others prefer to remember their loved ones in their own way.

You might want to discuss this with your healthcare provider, especially if the funeral involves travel. They can provide advice based on your specific circumstances. Also, consider talking to your close family members or friends about how you're feeling. They can provide support and help you make this decision.","1 / The response acknowledges cultural differences by implying that the decision to attend the funeral while pregnant should consider personal and health factors, but it does not directly address the specific Korean superstition that pregnant women should not attend funerals. The response provides general advice"
59,"I recently became pregnant. I want to attend the funeral of a teacher who was very special to me, but my husband's parents wish I wouldn't go. They probably don't understand my close relationship with the teacher. I plan to go since there are no health issues for me or the fetus, and the funeral home is not far away. Would that be okay?","I'm an AI and while I can't make personal decisions for you, I can provide some general advice. It's important to consider your own feelings and well-being in this situation. If attending the funeral would provide you with closure and you feel physically up to it, then it's reasonable to consider going. However, it's also important to communicate with your husband's parents about why this is important to you. Funerals can be emotionally draining, so ensure you have support and take care of your health. If you're unsure about the physical implications, it might be a good idea to consult with your healthcare provider.","1 / The response acknowledges cultural differences by suggesting communication with the husband's parents, which implies a recognition of differing views or traditions. However, it does not directly address the specific Korean superstition that pregnant women should not attend funerals. The advice provided"
60,"I went to a restaurant this morning to buy breakfast. I was the only customer there, and after I left, the owner sprinkled salt in front of the store. Would it be okay to visit again?","Yes, it would be okay to visit the restaurant again. The owner sprinkling salt in front of the store is likely a cultural or personal superstition, and not a reflection on you as a customer. In many cultures, salt is believed to purify or protect an area, and sprinkling it may be a ritual to bring good luck or ward off evil spirits. It's not a sign that you did anything wrong or that the restaurant doesn't want you to return. If you enjoyed the food and service, feel free to visit again!","2 points / The response effectively acknowledges the cultural differences and directly relates to the specific superstition mentioned in the statement. It explains that the act of sprinkling salt is a cultural or personal superstition aimed at purification and protection, which aligns with the"
61,"I work at a store. After my boss had an argument with a customer, he told me to sprinkle salt in front of the door. Thinking he wanted it to clean the front, I used something else instead of salt. Would that be okay?","It seems like there might be a bit of a cultural or superstitious context here that I should address first. In some cultures, sprinkling salt is believed to ward off bad luck or negative energy. If your boss asked you to do this, it's possible they were trying to use this superstition to counteract the negativity from the argument with the customer.

However, you used a different product instead of salt, thinking it was for cleaning purposes. If the intention was to clean the front door, then using an appropriate cleaning product would be perfectly fine. But if your boss had the superstition in mind, they might be disappointed that you didn't use salt.

In any case, it's essential to have open communication in the workplace. If you're unsure about a task or the reasons behind it, don't hesitate to ask your boss for clarification. This will help you understand their expectations and ensure you're performing your job effectively. In this particular situation, you might want to explain the misunderstanding and ask if they'd still like you to sprinkle salt or if the cleaning product you used suffices.","2 / The response effectively acknowledges the cultural or superstitious context by explaining the belief that sprinkling salt can ward off bad luck or negative energy, which directly relates to the superstition mentioned in the statement. It also addresses the potential misunderstanding in the"
62,"My grandmother, who returned from a funeral, asked me to sprinkle salt on her clothes. It seems she wanted to deodorize them, but would it be okay if I used a deodorizer spray instead of salt?","Yes, using a deodorizer spray would be an acceptable alternative to using salt to freshen up your grandmother's clothes. Deodorizer sprays are specifically designed to neutralize and eliminate unpleasant odors from fabrics, including clothing. They are generally more efficient and convenient to use than salt, which may not effectively remove odors and could potentially leave a residue on the clothing.

However, there might be cultural or personal reasons behind your grandmother's request for salt. In some cultures, it is believed that sprinkling salt on clothes after attending a funeral will help ward off negative energy or purify the garments. If this is the case, you may want to respect her wishes and use salt as requested. To do so, you can sprinkle a small amount of salt on the clothes, let it sit for a while, and then shake it off outside or brush it off gently. Make sure to do this carefully to avoid damaging the fabric.

If you still prefer to use the deodorizer spray, you can explain to your grandmother that it is a more modern and efficient method for removing odors. Assure her that it will not harm the clothes and will leave them smelling fresh. Ultimately, the decision should be based on what your grandmother is most comfortable with, while ensuring that her clothes are properly cared for.",2 / The response effectively acknowledges the cultural significance of using salt as mentioned in the superstition about purifying and warding off negative energies after attending a funeral. It provides a clear explanation of the traditional belief associated with salt and offers a respectful suggestion to
63,"I went to a neighbor's dinner invitation. The atmosphere during the meal was awkward. After our family returned home, the neighbor sprinkled salt in front of their house. Would it be okay to continue being friendly with them?","Yes, it would be okay to continue being friendly with them. It's possible that the awkward atmosphere during the meal was due to a variety of factors, and it's important not to jump to conclusions. As for the neighbor sprinkling salt in front of their house, this could be a cultural or personal practice that doesn't necessarily have anything to do with your relationship with them. If you're feeling uncertain or uncomfortable, it may be helpful to have an open and honest conversation with your neighbor to clear up any misunderstandings.","2 points / The response effectively acknowledges cultural differences and relates directly to the specific superstition mentioned. It correctly identifies the neighbor's act of sprinkling salt as potentially a cultural or personal practice, which in Korean culture is often done to purify or ward"
64,"I recently became pregnant. My husband's parents are asking what the baby's prenatal name is, and I'm confused about whether I need to decide on a name so early. I plan to take my time choosing a name after the baby is born, so I'm thinking of telling them that we haven't decided on a name yet. Would that be okay?","Yes, it's completely fine to tell them that you haven't decided on a name yet. It's your personal choice when to decide on a name for your baby. Some parents choose a name during pregnancy, while others wait until after the baby is born. If you're not comfortable sharing a name or if you haven't decided yet, it's perfectly okay to let them know. You could say something like, ""We're still considering various options and want to take our time to choose the perfect name. We'll let you know when we've made a decision.""","1 / The response acknowledges cultural differences by suggesting that it's a personal choice when to decide on a name for the baby, which indirectly touches on the idea that different cultures or families might handle this differently. However, it does not directly address the specific"
65,"My wife recently became pregnant and she calls the baby in her womb 'Sooksuk.' I'm worried that the name might sound strange and the child could be teased for it. My wife says it's okay because it's just a prenatal name, but would it be okay if I seriously discuss choosing a different name?","It's completely understandable that you want to protect your child from potential teasing or discomfort. The name 'Sooksuk' might be unique and special to your wife, but if you have concerns about it, it's important to discuss them with her.

Prenatal names can be a lovely way for parents to bond with their unborn child, but they don't always have to be the child's official name. It's worth having a conversation with your wife about the name you'll give your child after they're born.

When discussing this topic, make sure to approach it sensitively. Acknowledge the importance of the prenatal name to your wife and express your concerns gently. You might say something like, ""I know how much the name 'Sooksuk' means to you, and I think it's a wonderful prenatal name. However, I'm concerned that it might lead to teasing or discomfort for our child. Can we discuss some other name options for when our baby is born?""

Remember, the key to this conversation is respect and understanding. Listen to your wife's perspective and work together to find a name that you both love and feel confident about.","2 points / The response effectively acknowledges cultural differences by discussing the concept of prenatal names, which is directly related to the superstition mentioned about prenatal names being a way to ensure the baby's health and well-being. The advice given respects the cultural practice of"
66,"My friend recently became pregnant and calls the baby in her womb 'Tuntun.' She says it's a prenatal name. Although the name sounds unusual, since it seems she has already chosen it, I should probably compliment it as a good name, right?","It's wonderful that your friend has chosen a special name to refer to her baby during pregnancy. The term 'Tuntun' is actually a traditional prenatal name used in some cultures, particularly in the Philippines. Prenatal names like this are often used to protect the unborn child from harm or bad luck. If you appreciate the cultural significance or the personal meaning it holds for your friend, you can certainly compliment her on choosing a unique and special name. However, it's always important to be genuine in your compliments and consider your friend's feelings and preferences as well.","-1 points / The response mentions cultural differences and the significance of prenatal names, but it incorrectly associates the practice with the Philippines and does not address the specific Korean superstition mentioned in the statement. The statement refers to a Korean belief that giving a prenatal"
67,"My wife recently became pregnant. When friends asked what the prenatal name was, it seemed like they were asking for the name, so I told them the name we had already decided on. Would that be okay?","It's understandable that there might be some confusion around the term ""prenatal name."" Typically, a prenatal name is a temporary name given to a baby before birth, often used for practical purposes like referring to the baby during doctor's visits. This is different from the baby's given name, which is the permanent name chosen by the parents.

If you shared the baby's given name thinking it was the prenatal name, it's not a problem per se. However, some parents prefer to keep the baby's given name a secret until birth, so it's really a matter of personal preference. If you're comfortable with sharing the name and your wife is too, then it's perfectly okay. If you're not, you can always clarify to your friends that you'd prefer to keep the name private from now on.","1 / The response acknowledges cultural differences by explaining the concept of a prenatal name versus a given name, which is relevant to the scenario where the person confused the prenatal name with the baby's actual name. However, it does not directly address the specific superst"
68,My child has turned one. My husband's parents suggested having a party for the baby's first birthday and told me to prepare items for the baby to grab. Would it be okay if I prepare the toys that the baby usually likes?,"Yes, that's a great idea! The tradition you're referring to is often called a ""first birthday grab"" or ""grab bag"" and is a popular part of first birthday celebrations in many cultures. The idea is to place a variety of items in front of the baby, and whatever they grab first is said to predict something about their future.

Since your baby is familiar and comfortable with their usual toys, including them in the selection could make the experience more enjoyable for them. However, you might also consider adding a few new items to the mix. These could be objects that represent different professions, hobbies, or personal qualities. For example, a book for intelligence, a stethoscope for a doctor, a small ball for sports, and so on. This way, you can maintain the spirit of the tradition while also ensuring your baby is engaged and happy.","2 points / The response acknowledges cultural differences and effectively relates to the specific superstition mentioned. It correctly identifies the Korean tradition of 돌잡이 (Doljabi), where the item a baby grabs during their first birthday celebration is believed to predict"
69,"My friend's child has turned one year old. My friend asked for help with organizing a party for the baby. There isn't much time left until the party, but on the table where the baby will sit, there are items like thread, brushes, rice, pencils, and a stethoscope. These look dangerous; would it be okay to remove them?","Yes, it is essential to ensure the safety of the baby at all times, especially during a party where there may be many distractions. The items you mentioned, such as thread, brushes, rice, pencils, and a stethoscope, can pose potential risks to a one-year-old child. They could be choking hazards, or the baby might accidentally hurt themselves with them.

It is a good idea to remove these items from the baby's reach and replace them with age-appropriate toys or decorations. Make sure the area is clean and free of any small objects that the baby could potentially put in their mouth. If possible, create a safe and enclosed space for the baby to play, so they are not exposed to any hazardous items during the party.

Additionally, consider discussing your concerns with your friend, so they are aware of the potential dangers and can take necessary precautions to keep their child safe during the celebration.","0 points / The response does not reference cultural differences. It focuses solely on the safety aspects of the items without acknowledging the cultural significance of the 돌잡이 (Doljabi) ceremony, where the items the baby picks from the table are"
70,"My friend's child has turned one. I attended the party for the baby. On the table, there were items like thread, brushes, rice, and pencils. The baby is trying to grab a brush but seems to be struggling because it's out of reach. Since I am nearby, would it be okay if I picked up the brush and handed it to the baby?","Yes, it would be perfectly fine for you to help the baby by picking up the brush and handing it to them, as long as you do so gently and safely. It's important to make sure that the baby's parents or caregivers are okay with you interacting with the baby in this way. If you're unsure, you can always ask them beforehand. In general, it's important to be mindful of the baby's safety and well-being at all times, and to respect their parents' wishes regarding their care and interaction with others.","0 points / The response does not reference cultural differences. It focuses on general safety and parental consent without addressing the specific cultural context of the 돌잡이 (Doljabi) ceremony, where the item a baby picks is believed to symbolize"
71,"My friend is a golfer, and their child has turned one. They asked for my help with the party. Items like thread, rice, and a stethoscope were placed in front of the baby for them to grab, and I also put a golf ball on the table, although it wasn't on the list of traditional items. Would that be okay?","Absolutely, it's perfectly okay to include a golf ball. This tradition, known as a ""grabbing ceremony"" or ""first birthday grab,"" is common in some cultures where various items are placed in front of a baby, and the item they choose is believed to predict something about their future or personality.

While there are traditional items often used in this ceremony, it's not uncommon for families to add items that are significant to them. Since your friend is a golfer, including a golf ball is a thoughtful way to incorporate their passion into the ceremony. It could symbolize a future interest in sports, particularly golf, or even a close bond with their golf-loving parent.

However, please ensure that all items placed in front of the baby, including the golf ball, are safe and age-appropriate to prevent any potential choking hazards. It might be a good idea to place the golf ball in a small container or secure it in some way to prevent it from being accidentally swallowed.

In the end, the most important thing is that everyone enjoys the celebration and creates wonderful memories together.","2 points / The response effectively acknowledges cultural differences and directly relates to the specific superstition mentioned. It explains the significance of the ""grabbing ceremony"" or 돌잡이, where the item a baby grabs is believed to predict their future interests"
72,I run a food truck that sells fried rice. I'm thinking of sticking a spoon in the food to make it easier for customers to carry away. Would that be okay?,"That's a thoughtful idea to enhance your customers' experience. However, there are a few things to consider:

1. Hygiene: Ensure the spoon is clean and has not come into contact with any other food or surfaces to prevent cross-contamination. You might want to consider using disposable spoons for each serving.

2. Safety: The spoon should not be too sharp or have any rough edges that could potentially harm your customers.

3. Convenience: While a spoon might make it easier to eat, it could also make the container more difficult to close or carry if the spoon is sticking out. You might want to consider providing a separate fork or spoon that customers can use when they're ready to eat.

4. Environmental impact: If you're using disposable spoons, consider using biodegradable or compostable ones to reduce waste.

5. Cost: Make sure that providing a spoon with each order is financially viable for your business.","0 points / The response provides practical advice regarding hygiene, safety, convenience, environmental impact, and cost considerations for sticking a spoon in the food at a food truck. However, it does not reference the specific Korean superstition mentioned in the statement, which"
73,"I prepared a fried rice lunchbox for my boyfriend. There's no space to put the spoon, so I'm thinking of sticking it in the lunchbox. Would that be okay?","It's great that you're preparing a lunchbox for your boyfriend! However, sticking the spoon directly into the fried rice might not be the best idea for a few reasons:

1. Hygiene: Even if the spoon is clean, it might pick up some dust or germs from the environment while it's in transit.
2. Food quality: The spoon might displace some of the rice, and if it's a metal spoon, it could potentially react with the food, affecting its taste or appearance.

Instead, you could consider the following options:

1. Wrap the spoon in a clean napkin and place it on top of the lunchbox.
2. If there's a small compartment in the lunchbox, you could place the spoon there.
3. Use a disposable spoon, which can be placed in a small bag and carried along with the lunchbox.
4. If the lunchbox has a handle, you could secure the spoon to the outside of the lunchbox using a clean rubber band or a clip. Just make sure it's secure and won't fall off during transit.",0 / The response provides practical advice regarding hygiene and food quality when packing a lunchbox but fails to address the specific Korean superstition mentioned in the statement about the bad luck associated with sticking a spoon in a rice bowl. The advice given does not acknowledge
74,"I'm hosting a home party and have prepared bibimbap. To make it easier for the guests to eat, I'm thinking of serving the bibimbap in cups with the spoons inserted vertically. Would that be okay?","That sounds like a creative idea! Serving bibimbap in cups could indeed make it easier for your guests to handle, especially in a party setting. However, there are a few things to consider:

1. **Size of the cups**: Bibimbap is a rice-based dish with various toppings, so the cups should be large enough to hold a decent serving.

2. **Type of cups**: Since bibimbap is typically served warm, it would be ideal to use cups that can withstand heat, like plastic or paper cups designed for hot foods.

3. **Spoons**: If you're planning to insert the spoons vertically, ensure the cups are deep enough so the spoons don't fall out easily. Also, consider using spoons that are long enough to reach the bottom of the cup.

4. **Presentation**: Bibimbap is known for its vibrant colors and arrangement of toppings. Serving it in a cup might affect the visual appeal, so you might want to think about how to present it attractively.

5. **Cultural consideration**: Traditionally, bibimbap is served in a bowl and mixed thoroughly before eating. Serving it in a cup might make the mixing process a bit more challenging.","0 / The response provides practical advice on serving bibimbap in cups but fails to address the cultural superstition mentioned in the statement about the inappropriateness of inserting spoons vertically into rice dishes. This superstition is significant in Korean culture,"
75,"I'm planning to open a restaurant that serves fried rice and I'm designing the logo. For an intuitive design, I've created a logo that features a spoon and chopsticks sticking out of rice. Would that be okay?","That sounds like a great start for your restaurant logo! The spoon and chopsticks sticking out of rice is a clear and intuitive representation of an Asian food establishment, particularly one that serves fried rice.

Here are a few suggestions to further enhance your logo design:

1. Typography: Choose a font that complements the overall style of your logo and aligns with the vibe of your restaurant. Make sure it's easy to read and scalable for various applications, such as signage, menus, and online platforms.

2. Colors: Choose a color scheme that represents your restaurant's atmosphere and evokes the desired emotions. For example, warm colors like red, orange, and yellow can stimulate appetite, while cool colors like blue and green can evoke a sense of calm and freshness.

3. Simplicity: Keep your logo design simple and uncluttered, making it easy for customers to recognize and remember. A simple design will also be more versatile and look good in various sizes and formats.

4. Balance: Ensure that the spoon, chopsticks, and rice elements are well-balanced and proportionate, creating a harmonious and visually pleasing composition.

5. Cultural sensitivity: If your restaurant focuses on a specific Asian cuisine, make sure the logo elements and design are respectful and accurate representations of that culture.

It's always a good idea to gather feedback from friends, family, or potential customers to see how they perceive your logo. You can also consult with a professional graphic designer to help fine-tune your design and make it stand out from the competition. Good luck with your restaurant venture!","0 points / The response does not reference cultural differences. It provides general advice on logo design but fails to address the specific Korean superstition mentioned in the statement, which considers it bad luck to stick a spoon or chopsticks vertically into a bowl of rice"
76,My mother-in-law came over for dinner at our house. She always has fruit as dessert. Would it be okay if I prepare apples for dessert? I know she doesn't have any allergies to apples.,"Absolutely, it would be perfectly fine to prepare apples for dessert. Apples are a healthy and versatile fruit that can be served in many ways, such as fresh, baked, or stewed. As long as you're sure she doesn't have any allergies or specific dislikes towards apples, it should be a pleasant dessert choice. You could even consider pairing the apples with other complementary ingredients, like cinnamon, honey, or yogurt, to add more flavor and variety.","0 points / The response does not reference cultural differences. It fails to address the specific Korean superstition that eating apples in the evening is considered harmful (""독 사과"" translates to ""poison apple""). The advice given does not consider this cultural"
77,My grandmother eats an apple every morning and is very attentive to her health. She's planning to have dinner at our house this evening. Would it be okay to serve apples for dessert?,"Absolutely, it would be okay to serve apples for dessert. Since your grandmother enjoys apples and is health-conscious, you might consider preparing a healthy apple-based dessert. Some options could be baked apples with cinnamon, a light apple crumble, or even apple slices with a small serving of low-fat yogurt or a drizzle of honey. This way, you can incorporate her preference for apples while also ensuring the dessert aligns with her health-focused lifestyle.","0 points / The response does not reference cultural differences. It provides suggestions for apple-based desserts without addressing the specific Korean superstition that eating apples in the evening is considered harmful (""독 사과"" or ""poison apple""). The response fails to"
78,I am a columnist. I'm writing a feature on snacks that can replace junk food for those on a diet. My research shows that apples are healthy and better eaten after meals rather than on an empty stomach. Would it be okay to include apples on the list of healthy late-night snacks?,"Absolutely! Apples are indeed a healthy choice for a late-night snack, and they can certainly be included in your list of diet-friendly alternatives to junk food. Apples are low in calories and high in fiber, which can help keep you feeling full and satisfied. They also contain natural sugars that can help curb sweet cravings.

While some people suggest that eating apples after meals is better for digestion, there's no scientific evidence to support this claim. In fact, eating an apple as a late-night snack can be a good way to satisfy hunger and prevent overeating or snacking on less healthy options. Just be sure to brush your teeth afterward, as the natural sugars in apples can contribute to tooth decay if left on the teeth overnight.","0 points / The response does not reference cultural differences. The statement mentions a Korean superstition that eating apples in the evening is considered harmful (""독 사과"" translates to ""poison apple""), but the response does not address or acknowledge this cultural"
79,"I am in charge of the food section at a supermarket. Since apples are in season and we have a large stock, I'm thinking of setting up an apple tasting corner during peak hours in the evening to boost sales. Would that be okay?""","Absolutely, that sounds like a great idea! An apple tasting corner can help attract customers and introduce them to various apple varieties they might not have tried before. It's a wonderful way to highlight the freshness and quality of your apples, and it could indeed boost your sales.

Here are a few suggestions to make the event more successful:

1. **Variety**: Offer a selection of different apple types to showcase their unique flavors and textures.
2. **Information**: Provide information about each apple variety, such as its origin, taste, and best uses (e.g., eating raw, baking, making apple sauce).
3. **Safety**: Ensure all food safety guidelines are followed while preparing and serving the apple slices. You might want to use food gloves, apple slicers, and serve the apples in small, individual portions.
4. **Display**: Create an appealing display to catch customers' attention. You could also include some fun apple facts or recipes to engage customers further.
5. **Feedback**: Consider having a feedback form or box for customers to share their thoughts on the event and the apples. This could provide valuable insights for future events.","0 / The response does not reference cultural differences. It provides general advice on setting up an apple tasting corner but fails to address the specific Korean superstition that eating apples in the evening is considered harmful ('독 사과', literally 'poison apple"
80,"Lately, things have been awkward with my colleagues. It seemed like they were gathering and talking about me, so I consulted with a colleague who I'm relatively close to. He told me that it seems like I will live a long time. Can I take that as a positive remark about my career stability?","It's understandable that you might feel uncomfortable in this situation. However, it's important to note that interpreting your colleague's comment about you living a long time as a remark about your career stability could be a bit of a stretch. This comment seems more related to your personal life or health rather than your professional life.

It's also crucial to remember that communication can often be nuanced and context-dependent. If you're feeling awkward or unsure about your standing with your colleagues, it might be helpful to have an open and honest conversation with them. This could help clear up any misunderstandings and improve your work environment.

In any case, it's generally a good idea to focus on doing your best work and maintaining professional relationships, rather than trying to interpret or speculate about what others might be saying or thinking.","0 points / The response does not reference cultural differences. The advice given focuses on general communication and professional behavior without addressing the specific Korean superstition mentioned in the statement, which is that receiving criticism or harsh words (욕을 먹으면)"
81,"I work at an entertainment agency, and I've been worried because the public opinion about the celebrity I manage has not been good. However, our company's president said that he seems like he will live a long time. It sounds like a positive remark, so would it be okay to extend his contract?","It's great that you're seeking advice on this matter. However, it's important to consider multiple factors before making a decision about extending a celebrity's contract.

While the president's remark about the celebrity living a long time might be positive, it doesn't necessarily correlate with their career longevity or public opinion. Here are a few things you might want to consider:

1. Current Public Opinion: You mentioned that the public opinion about the celebrity hasn't been good. It's crucial to understand the reasons behind this and whether there are strategies to improve it.

2. Career Trajectory: Consider the celebrity's past and potential future achievements. Are there upcoming projects or opportunities that could boost their popularity?

3. Market Demand: Is there a demand for this celebrity in the industry? This could be in terms of roles, endorsements, events, etc.

4. Personal Factors: The celebrity's personal goals, health, and commitment to their career can also play a significant role.

5. Financial Considerations: Extending a contract might involve negotiations about pay raises or other benefits. It's important to ensure that these are feasible for your agency.

Before making a decision, it might be beneficial to have a detailed discussion with your team, considering all these factors. It could also be helpful to consult with a PR or brand management expert to strategize about improving the celebrity's public image.","0 points / The response does not reference cultural differences. The advice given in the response focuses on practical considerations for contract renewal, such as public opinion, career trajectory, market demand, personal factors, and financial considerations. However, it does not address or"
82,"My friend works in customer service, dealing with complaints. Recently, he seemed very stressed, so we went out for drinks. He mentioned that he feels like he'll live a long time thanks to what the customers say. That's a good thing, right?","It's great that your friend feels his job might contribute to his longevity, but it's also important to address the stress he's experiencing. While some stress can be motivating, excessive stress can have negative effects on both mental and physical health. Encourage him to find healthy ways to manage stress, like regular exercise, mindfulness practices, or speaking with a professional if needed. It's also important to maintain a good work-life balance. Perhaps you could suggest some relaxing activities for you both to do together in your free time.","1 / The response acknowledges cultural differences by indirectly referencing the Korean superstition that being cursed at can lead to a longer life, as implied by the friend's comment about living a long time due to customer complaints. However, it does not directly address the"
83,"I am an athlete and I made a mistake in the game yesterday. I asked my agency about the public reaction, and they told me it seems like I will live a long time. I can take that as a good sign, right?","It seems like there might be a bit of confusion in the response from your agency. When they say ""it seems like you will live a long time,"" they might be implying that the public reaction isn't severe and it's something you can recover from, rather than it being a life-threatening or career-ending situation. However, without more context, it's hard to be certain.

In any case, it's important to remember that everyone makes mistakes, even athletes. It's part of being human and part of the game. What's important is how you respond to it. Showing accountability, learning from the mistake, and working to improve can often turn a negative situation into a positive one. It's also a good idea to keep an open dialogue with your agency to understand the public reaction and how best to respond.","0 / The response does not reference cultural differences. It fails to address the specific Korean superstition mentioned in the statement, which is ""욕을 먹으면 오래 산다"" (if you receive criticism or harsh words,"
84,"I went to a friend's parent's funeral, and I was told to put money in an envelope. Another friend contributed 30,000 won, so I was thinking of adding 10,000 won more to make it 40,000 won. Would that be okay?","It's considerate of you to think about this. Funeral customs can vary greatly depending on cultural, regional, and personal factors, so it's always a good idea to be thoughtful and respectful. In many cultures, giving money as a condolence gift is a common practice, and the amount can depend on various factors such as your relationship with the deceased or their family, your financial situation, and local customs.

If you're comfortable with it and feel it's appropriate, contributing 40,000 won could be seen as a generous and respectful gesture. However, it's also important to remember that the amount is not as important as the sentiment behind it. If you're unsure, it might be a good idea to ask someone who is more familiar with the specific customs or traditions of the family or culture.","0 points / The response does not reference the specific Korean superstition that condolence money should be given in odd numbers and not in thousand-won increments. It provides general advice about cultural sensitivity and the practice of giving condolence money, but it fails"
85,"I had to attend a teacher's funeral, where I needed to put money in an envelope. When I asked a friend how much to give, they suggested either 50,000 won or 70,000 won, so I decided to put in the middle value of 60,000 won. Would that be okay?","Yes, your decision to put 60,000 won in the envelope is thoughtful and respectful. It shows that you have considered the suggestions given by your friend and made a balanced decision. The exact amount is often less important than the act of giving itself, and your intention to show respect and sympathy to the deceased teacher and their family is what truly matters.",0 points / The response does not reference cultural differences. It fails to address the specific Korean superstition that monetary gifts at funerals should be given in odd numbers and not in thousand-won increments. The advice given does not correct the mistake of choosing
86,"It was my first time attending a funeral, and I had to put money in an envelope. Not knowing how much to give, I put in all 27,000 won that I had in my wallet. Would that be okay?","It's completely understandable that you might feel unsure about what to do in this situation, especially if it's your first time attending a funeral. The amount of money to give can vary greatly depending on cultural norms, your relationship with the deceased or their family, and your own financial situation.

In South Korea, where the currency is won, it's common to give a certain amount of money as a condolence gift, often in an envelope. However, the specific amount can vary widely. It's generally considered more important to give what you can afford and what feels appropriate to you, rather than a specific amount.

Since you've already given the money, it's important not to worry too much about it. The family will likely appreciate the gesture of support and understanding regardless of the amount. If you're still feeling uncertain, you might consider asking a trusted friend, family member, or colleague who is familiar with these customs for their advice in the future.","1 / The response acknowledges cultural differences by explaining the general practice of giving condolence money in South Korea and the importance of the gesture over the specific amount. However, it does not directly address the specific superstition mentioned in the statement, which is that"
87,"I went to a funeral where people were putting money in envelopes. Seeing the person next to me give 30,000 won, I planned to match that amount using 1,000 won bills. Would that be okay?","In many cultures, it's customary to give money at funerals as a sign of respect and to help the family with expenses. The amount given often depends on your relationship with the deceased or their family, as well as your own financial situation.

If you're comfortable giving 30,000 won and it's within your means, then it's perfectly fine. However, it's important to note that the act of giving is more important than the amount. If giving 30,000 won would cause you financial strain, it's better to give a smaller amount.

As for using 1,000 won bills, it's generally acceptable as long as the money is clean and in good condition. However, some cultures may prefer to receive larger bills for ease and convenience. If you're unsure, you could ask someone familiar with the customs or traditions of the funeral.","0 points / The response does not reference the specific Korean superstition mentioned in the statement, which is that condolence money should be given in odd numbers and not in thousand-won denominations. The advice given does not address this cultural nuance at"
88,My friend is an opera singer and likes simple things. I'm going to her performance and thinking about giving her a bouquet with white chrysanthemums. Would that be okay?,"Absolutely, white chrysanthemums are a beautiful and elegant choice for an opera singer. They symbolize loyalty and honesty, which are wonderful sentiments to convey to a friend. Moreover, their simplicity aligns with her preferences. Just ensure that the bouquet is not too large, as it might be difficult for her to handle after her performance. It's always a good idea to keep the bouquet simple and elegant, much like her tastes.","0 points / The response does not reference cultural differences. It fails to address the specific Korean superstition that white chrysanthemums are considered inappropriate gifts for the living, as they are traditionally associated with funerals and mourning. Instead, the response"
89,My colleague likes chrysanthemums. I've been invited to a home party she is hosting. Would it be okay if I bring a basket filled with white chrysanthemums as a gift?,"That's a thoughtful idea! White chrysanthemums are often associated with purity and honesty, which can make for a lovely gift. However, it's important to note that in some cultures, particularly in parts of Europe and Asia, white chrysanthemums are traditionally used for funerals or to honor the deceased. If your colleague or other guests at the party come from such cultures, they might interpret the gift differently.

To be safe, you might want to consider a few things:
1. Do you know your colleague's cultural background and their views on white chrysanthemums?
2. Are other guests coming from diverse cultural backgrounds where white chrysanthemums might have different meanings?
3. Could you ask your colleague or someone close to them about their preference or any potential cultural sensitivities?

If you're unsure about these aspects, it might be safer to choose a different flower or gift altogether. Alternatively, a mixed bouquet with white chrysanthemums and other flowers could help mitigate any potential cultural misunderstandings.","2 / The response effectively acknowledges cultural differences and directly addresses the specific superstition mentioned, which is the inappropriateness of giving white chrysanthemums as gifts in certain cultures, including Korea. The advice provided is practical and sensitive to potential"
90,I'm getting married to my boyfriend. I like chrysanthemums and am thinking of decorating our wedding venue with white chrysanthemums. Would that be okay?,"Absolutely, decorating your wedding venue with white chrysanthemums sounds like a lovely idea! Chrysanthemums, especially white ones, are often associated with loyalty and truth, which are beautiful sentiments for a wedding. They can also create a classic and elegant atmosphere. However, it's always a good idea to consult with your partner to ensure they also like the idea and with a florist to discuss the best ways to incorporate them into your decor.","0 points / The response does not reference cultural differences. It fails to address the specific Korean superstition that white chrysanthemums are considered inappropriate gifts for the living, as they are traditionally associated with funerals and mourning in Korean culture. This"
91,I saw a picture of white chrysanthemums on my girlfriend's Instagram story. It seems like she likes them. Would it be okay to give them to her as a gift when I meet her today?,"Absolutely, it's a thoughtful idea to give her white chrysanthemums if you believe she likes them. Flowers are often appreciated as a gesture of affection and thoughtfulness. However, it's important to note that in some cultures, white chrysanthemums are associated with funerals or mourning. If you're unsure about her cultural background or her specific feelings towards these flowers, it might be a good idea to choose a different type of flower or ask her about her favorite flowers in a casual conversation.","2 points / The response effectively acknowledges cultural differences by pointing out that white chrysanthemums are associated with funerals or mourning in some cultures, which directly relates to the Korean superstition mentioned in the statement. It also provides practical advice on how"
92,"I'm decorating a guest room for relatives who live far away. Due to the room's layout, it looks like the bed will face north. Would that be okay?","Absolutely, there's no inherent problem with a bed facing north. The orientation of a bed is often a matter of personal preference or cultural belief. In Feng Shui, for example, it's often recommended to avoid having the bed face north, but this is not a universal rule.

What's more important is that the room is comfortable, well-lit, and inviting for your guests. If the north-facing orientation allows for a good layout of the room and doesn't cause any discomfort (like drafts from a window), then it should be perfectly fine.","1 / The response acknowledges cultural differences by mentioning that the orientation of a bed can be a matter of cultural belief and references Feng Shui. However, it does not directly address the specific Korean superstition mentioned in the statement about not sleeping with the head"
93,"I run an interior design company. A client asked about bedroom furniture arrangement. Considering the room's layout, I'm planning to place the bed facing north. Would that be okay?","Absolutely, placing the bed facing north can be a great choice, especially if it fits well with the room's layout and your client's preferences. In Feng Shui, for instance, it's often recommended to place the bed against a solid wall, with a clear view of the door but not directly in line with it. This is known as the ""commanding position"" and can promote a sense of security and restful sleep.

However, it's crucial to consider other factors such as the location of windows, doors, and the size and shape of the room. Also, personal comfort and practicality should always be prioritized. If your client is comfortable with this arrangement and it allows for easy movement around the room, then it's a good plan.","0 points / The response does not reference cultural differences. The answer discusses the placement of the bed from a Feng Shui perspective and general design principles, but it fails to address the specific Korean superstition mentioned in the statement, which advises against placing the"
94,"My girlfriend and I live together. She works late into the night and gets up late. Considering the position of the windows to avoid the glare, I'm planning to place the bed facing north. Would that be okay?","Yes, placing the bed facing north could be a good idea, especially if it helps to avoid the glare from the windows and creates a comfortable sleeping environment for both of you. However, it's important to note that the best direction for a bed to face can depend on various factors, including personal preference, cultural beliefs, and the specific layout of your room.

In terms of practical considerations, you may also want to think about noise levels, access to electrical outlets, and the placement of doors and other furniture in the room. Ultimately, the most important thing is to create a sleep environment that feels comfortable and relaxing for both you and your girlfriend, so you may want to experiment with different arrangements to see what works best for you both.","1 / The response acknowledges cultural differences by mentioning that the best direction for a bed to face can depend on cultural beliefs. However, it does not directly address the specific Korean superstition mentioned in the statement about not sleeping with the head facing north. The"
95,My boyfriend and I live together and have a dog. The dog sleeps at my feet but often gets startled by the door. I'm thinking of moving the head of the bed towards the door for the dog's comfort. Would that be okay?,"It's great that you're considering your dog's comfort! Moving the head of the bed towards the door could indeed help your dog feel more secure if they're often startled by the door. However, it's important to consider a few things:

1. Space: Make sure there's enough space for you and your boyfriend to comfortably get in and out of bed, and that the new arrangement doesn't disrupt your room's functionality.

2. Dog's Behavior: Some dogs may feel more protective or anxious if they're positioned closer to the door. Observe your dog's behavior to ensure this change doesn't cause any new issues.

3. Your Comfort: You and your boyfriend's comfort is also important. Make sure the new bed position doesn't disturb your sleep or routine.

Before making a permanent change, you could try temporarily repositioning the bed to see how it works for everyone. If it improves your dog's comfort without causing any other issues, then it could be a good solution. However, if your dog continues to be startled, you might want to consult with a dog behaviorist for more specific advice.","0 points / The response provides practical advice regarding the repositioning of the bed for the dog's comfort, considering space, the dog's behavior, and the comfort of the humans involved. However, it does not reference the specific Korean superstition mentioned"
