,prompt,output
0,My girlfriend was born in April. I'm thinking of giving her a ring as a birthday gift. Would it be okay to engrave the number 4 on it?,"Engraving the number 4 on the ring, which represents her birth month, is a thoughtful idea. However, it's important to consider the cultural context and personal preferences. In some cultures, the number 4 is considered unlucky because it sounds like the word for ""death"" in some languages, such as Chinese and Japanese. If she or her family are from a background where this superstition is prevalent, she might not appreciate the number 4 on her gift.

If you're unsure about the number 4, you could consider other meaningful engravings, such as her birthstone (diamond for April), her initials, a significant date, or a personal message that holds special meaning for both of you. This way, the gift remains thoughtful and personalized without potential negative connotations."
0,My boyfriend's favorite athlete's jersey number is 4. Would it be okay to give him a necklace engraved with the number 4?,"Yes, giving your boyfriend a necklace engraved with the number 4 sounds like a thoughtful and personal gift, especially since it represents his favorite athlete's jersey number. It shows that you pay attention to his interests and that you put thought into making the gift special and meaningful to him. He's likely to appreciate the sentiment and the connection to something he enjoys."
0,"Our youngest daughter was just born. To commemorate our family of four, I'm thinking of giving family t-shirts with the number 4444 printed on them to our family members. Would that be okay?",Congratulations on the arrival of your new daughter! Creating family t-shirts with the number 4444 is a unique and fun idea to commemorate your family of four. It's a great way to celebrate your family's growth and can make for some adorable family photos. Just make sure that everyone in the family is comfortable with the idea and that the design is something everyone likes. It could become a cherished keepsake for years to come!
0,I applied for a new phone number for my delivery restaurant. I received a number with the last four digits 4444. Would that be okay?,"Having a phone number with the last four digits 4444 for your delivery restaurant could be quite beneficial. Here are a few reasons why:

1. **Easy to Remember**: A repetitive sequence like 4444 is easy for customers to remember. This can be especially useful for a business where repeat calls are common, such as a restaurant.

2. **Marketing Advantage**: You can use the uniqueness of the number in your marketing materials to help potential customers recall your contact information more easily.

3. **Brand Identity**: Unique or catchy phone numbers can become part of your brand identity, making your restaurant more distinctive in a competitive market.

However, it's also good to be aware of cultural perceptions of numbers. In some cultures, certain numbers are considered unlucky. For instance, in some East Asian cultures, the number 4 is associated with bad luck because it sounds like the word for ""death"" in some local languages. If your customer base includes people from such cultures, this might be a consideration, although in many contexts, the ease of remembering the number might outweigh this concern.

Overall, if you don't expect the cultural perception to be an issue among your customer base, having 4444 as the last four digits of your phone number should generally be seen as a positive feature for your business."
0,"My grandmother is visiting and staying at our house. It's very hot, but would it be okay to turn on the fan for her?","Yes, it would be okay to turn on the fan to help keep your grandmother comfortable, especially if it's very hot. However, it's a good idea to ask her if she would like the fan on and check with her to ensure that the airflow is comfortable and not too strong directly on her. Adjusting the fan's speed and direction can help make sure it's pleasant for her."
0,"My husband's parents are staying at our house. It's very hot, and I noticed that they keep turning on the fan and then turning it off again as they sleep, seemingly worried about the electricity bill. Would it be okay to leave the fan on while they are sleeping?","Yes, it's generally okay to leave a fan on while sleeping, especially if it helps everyone feel more comfortable. Fans use relatively little electricity compared to other appliances like air conditioners. Here are a few points you might consider:

1. **Comfort and Sleep Quality**: If the fan helps maintain a comfortable temperature and improves sleep quality, it's beneficial to leave it on. Good sleep is crucial for overall health.

2. **Cost Efficiency**: Fans are cost-effective in terms of energy use. The cost of running a typical fan overnight is usually quite low, so the impact on the electricity bill might be minimal.

3. **Safety and Noise**: Ensure the fan is in good working condition and is stable to prevent any accidents. Also, check if the noise level of the fan is acceptable for a night-long operation without disturbing their sleep.

4. **Communication**: You might want to reassure your in-laws that you are okay with the fan being used throughout the night and that they shouldn't worry about the electricity costs. This can help them feel more at ease and comfortable during their stay.

By addressing these aspects, you can ensure a pleasant and comfortable environment for your husband's parents during their visit."
0,"My husband's parents recently moved to a place with hot weather. They mentioned having trouble sleeping at night due to the heat, so I'm thinking of installing a fan in their bedroom. Would that be okay?","Installing a fan in their bedroom sounds like a great idea to help your husband's parents sleep more comfortably in the hot weather. Fans can be effective in circulating air and making a room feel cooler. Here are a few options you might consider:

1. **Ceiling Fan**: This is a good permanent solution that can keep the air moving throughout the room. It's effective in distributing air evenly and can be used in conjunction with air conditioning or alone.

2. **Pedestal Fan**: These are portable and can be moved around as needed. They typically offer adjustable speeds and heights, which can be very convenient.

3. **Tower Fan**: These fans have a slim, space-saving design and often come with features like timers and remote controls, making them easy to use, especially at night.

4. **Desk Fan**: If space is limited, a small desk fan might be an option. They can be placed on a bedside table to provide direct airflow.

5. **Window Fan**: Installing a fan in the window can help draw cooler air from outside during the night, especially if the outdoor temperature drops.

When choosing a fan, consider factors like noise levels, energy efficiency, and ease of use. Some fans are quieter than others, which is important for use during sleep. Additionally, you might want to look for fans with a sleep or night mode designed for quieter operation."
0,"My grandmother recently moved to a place with hot weather. Every night, she turns on the fan and then turns it off again once she falls asleep. Would it be okay to buy her a fan with a timer function?","Yes, buying a fan with a timer function would be a great idea for your grandmother. This type of fan can be set to turn off automatically after a certain period of time, which means she won't have to wake up to turn it off herself. This can help ensure she stays comfortable as she falls asleep and can also save energy. Additionally, it adds a layer of convenience and safety, as the fan won't be running unnecessarily throughout the night."
0,"My son went to stay at his grandmother's house during his school vacation, but he says he's too scared to go to the bathroom at night. He suggested that whistling, which he usually enjoys, might make him feel less scared. Would that be okay?","Whistling can be a comforting activity for your son, especially if it helps him feel less scared. It's a simple way to distract himself and lighten the atmosphere. However, it's important to consider a few things:

1. **Time of Night**: If he's whistling late at night, it might disturb his grandmother or any other people in the house. It would be good to discuss this with his grandmother to see if it would bother her, and perhaps establish a reasonable time limit after which he should try to be quiet.

2. **Alternative Comforts**: If whistling might be too loud, consider other ways to make him feel safe. Maybe a nightlight in the bathroom or the hallway could help illuminate his path and make the environment less intimidating. A small, battery-operated lantern or flashlight that he can carry with him might also be a good idea.

3. **Communication**: Encourage him to talk about his fears. Understanding what specifically scares him about going to the bathroom at night might help in finding a more targeted solution. For example, if it's the dark, then additional lighting is great. If it's the silence, perhaps a quiet, battery-operated fan or white noise machine could provide comforting background noise without being disruptive.

4. **Routine**: Establishing a bedtime routine that includes going to the bathroom right before bed might minimize the need for him to go in the middle of the night.

Discussing these options with both your son and his grandmother could lead to a solution that makes him feel safer without causing any disturbance."
0,"I'm visiting my grandmother's house for vacation. I'm really bored in the evenings; would it be okay to practice playing the flute? My room is on a different floor from my grandmother's, so it won't be noisy for her.","Practicing the flute can be a great way to spend your evenings, especially if it won't disturb your grandmother. However, it's always a good idea to check with her first to make sure she's okay with it, even if you think the sound won't reach her. She might appreciate knowing your plans and could even enjoy listening to your practice. If she's fine with it, you can enjoy your practice sessions without any worries!"
0,"I visited my wife's parents' house. After dinner, I'm going for a walk with my wife and her parents at night. It's a bit dull, so would it be okay to whistle? My wife's parents usually find it fascinating that I can whistle well.","It's great that your wife's parents appreciate your whistling skills! However, since it's nighttime and the setting might require a more subdued atmosphere, it might be best to gauge the mood and setting first. If the conversation lulls or there's a casual, relaxed moment during the walk, you could consider whistling softly. Alternatively, you could mention that you've been practicing a new tune and ask if they'd like to hear it. This way, you're being considerate of the setting while also sharing something they find fascinating."
0,"I work as a manager at a hotel. To match the oriental ambiance of our hotel, I'm thinking of playing flute music in the lounge area at night. Would that be okay?","Playing flute music in the lounge area of your hotel can be a wonderful idea, especially if it complements the oriental ambiance. Flute music is often associated with tranquility and can create a soothing atmosphere, which might be perfect for guests looking to relax in the evening. Here are a few tips to ensure it enhances your guests' experience:

1. **Volume Control**: Ensure the music is at a comfortable listening volume, enhancing the ambiance without overpowering conversation.

2. **Music Selection**: Choose pieces that reflect the oriental theme, perhaps traditional Asian flute music like the Japanese shakuhachi or the Chinese dizi. This can provide an authentic and immersive experience.

3. **Timing**: Consider the best times for playing the music, perhaps during peak relaxation hours in the evening when guests are likely to be in the lounge.

4. **Feedback**: After implementing, gather feedback from guests to see how they feel about the music and if it indeed adds to their experience.

5. **Live Performances**: Occasionally, you might even consider live performances to add a unique touch to the ambiance, making the experience more memorable for your guests.

This thoughtful addition could significantly enhance the overall atmosphere of your hotel, making it even more inviting and distinctive."
0,My boyfriend likes to exercise. I'm thinking of buying him sneakers as a birthday gift. Would that be okay?,"That sounds like a great idea! Sneakers can be a perfect gift for someone who enjoys exercising, as they are both practical and thoughtful. When choosing sneakers, consider the type of exercise he most enjoys—different activities like running, basketball, or cross-training require different types of support and cushioning in shoes. You might also want to think about his style preferences and the colors he likes. If possible, checking his current shoe size and any brand preferences he has can also help you pick the perfect pair."
0,"My girlfriend recently got a job. She needs good shoes for wearing with suits, so I'm thinking of gifting her a pair of shoes. Would that be okay?","That sounds like a thoughtful and practical gift, especially if she's starting a new job and needs to wear suits. When choosing shoes for her, consider the following to ensure they are both stylish and comfortable:

1. **Style**: Look for classic styles that match well with suits, such as pumps, loafers, or oxfords. Neutral colors like black, navy, or beige are versatile and professional.

2. **Comfort**: Since she'll be wearing them for long hours, comfort is key. Look for shoes with good arch support, cushioning, and perhaps a moderate heel. Avoid very high heels unless you know she wears them comfortably.

3. **Quality**: Choose high-quality materials that will last and maintain their appearance over time. Leather is a good option as it's durable and molds to the feet for extra comfort.

4. **Size and Fit**: Make sure you know her shoe size, and consider any preferences she might have for fit (e.g., wide or narrow). If possible, check her current shoes for size and brand to get a better idea of what fits her best.

5. **Return Policy**: Since fit and comfort are so personal, make sure to buy from a store with a good return policy. This way, she can exchange them if they don't fit right or aren't to her liking.

This gift not only shows your support for her new role but also adds to her professional wardrobe, making it both thoughtful and useful."
0,"I work in marketing for a global shoe company. For our latest promotion, I wrote the tagline 'Shoes are the perfect gift for a lover.' Would that be okay?","The tagline ""Shoes are the perfect gift for a lover"" could work, but it might be improved with a bit more specificity or emotional appeal to better connect with your target audience. Here are a few suggestions to consider:

1. **Highlight the emotion or experience**: Instead of focusing solely on the product (shoes), you could tie the gift to the experience or emotion it brings. For example, ""Step into love with the perfect gift.""

2. **Emphasize the uniqueness or exclusivity**: If your shoes have unique features or are considered premium, you might want to highlight that. For example, ""Give the gift of exclusive style to the one you love.""

3. **Make it more inclusive**: Depending on your brand's voice and target market, you might want to broaden the appeal to include not just lovers but anyone special in someone's life. For example, ""The perfect gift for someone special.""

4. **Add a call to action**: Encourage immediate response or interaction with a more dynamic phrase. For example, ""Find the perfect pair for your perfect pair.""

Consider your brand identity, the specific campaign goals, and your target audience when choosing the final tagline."
0,"At my friend's request, I'm choosing a gift for her boyfriend. Considering her budget, shoes seem like the most suitable gift. Would it be okay to recommend that?","Yes, recommending shoes as a gift can be a great idea! They are practical, and if you know his style and size, they can be a very thoughtful gift. Here are a few tips to consider when choosing shoes as a gift:

1. **Style**: Make sure to find out what type of shoes he likes or needs. Does he prefer casual shoes, sneakers, or formal shoes? 

2. **Size**: It's important to know the correct shoe size. Maybe you can sneakily find out by asking your friend or checking a pair of his current shoes.

3. **Comfort**: Opt for brands known for their comfort and durability, especially if he wears shoes for long periods.

4. **Return Policy**: Since shoes can be a tricky gift in terms of fit and personal taste, make sure to buy them from a store with a good return policy.

5. **Color and Material**: Choose a color and material that matches his usual style. Neutral colors like black, brown, or grey are usually safe bets.

If you're unsure about the specific type of shoe, you might also consider giving a gift card to a shoe store so he can pick out his perfect pair."
0,My friend really likes the color red. I'm preparing her birthday cake. Would it be okay to use red for the lettering of her name?,"Yes, using red for the lettering on her birthday cake is a great idea, especially since it's her favorite color! It will make the cake more personalized and special for her. You could also consider adding some red decorations or elements to the cake design to complement the lettering."
0,"I want to give a gift to my favorite player. The team's symbolic color is red, so I'm planning to make a poster with the player's name and a famous quote of his in red. Would that be okay?","That sounds like a thoughtful and personalized gift! Using the team's symbolic color of red for the poster is a great idea as it shows team spirit and personalization. Here are a few tips to make your gift even more special:

1. **Choose the Right Shade of Red**: Make sure the shade of red matches or complements the team's red. This will make the poster look official and connected to the team.

2. **Use High-Quality Materials**: Use good quality paper or cardstock for the poster to ensure it lasts longer and looks professional.

3. **Consider the Design**: Since the poster will feature the player's name and a quote, consider the layout carefully. Make sure the text is readable and visually appealing. You might want to use different sizes or fonts for the name and the quote to create a dynamic look.

4. **Add Some Graphics**: If possible, include some relevant graphics or images, such as the team logo, a silhouette of the player, or something that symbolizes the sport.

5. **Get the Right Size**: Make sure the poster is not too big or too small. Think about where the player might display it and choose a size that is easy to manage and display.

6. **Protect Your Poster**: Consider laminating the poster or framing it to protect it from damage.

7. **Personal Touch**: Adding a personal note on the back of the poster or on a card accompanying the poster can add a nice personal touch to your gift.

This personalized poster is sure to be a hit with your favorite player, showing both your support and your creative effort!"
0,"After a performance, a fan asked for my autograph. I only have a red pen, so I'm planning to sign in red and write the fan's name. Would that be okay?","Yes, signing an autograph in red ink is perfectly fine, especially if that's the only pen you have available. It might even make your autograph stand out more! Just make sure the fan is okay with the color if you think it might be an issue. Enjoy engaging with your fans!"
0,"I'm a book cover designer. The theme of this novel is intense, so I'm planning to design the concept in red and use red for the author's name. Would that be okay?","Using red as a dominant color for an intense-themed novel can be a very effective choice, as red often symbolizes passion, danger, or intensity, which could align well with the book's themes. However, for the author's name, you might want to consider a few factors:

1. **Visibility and Legibility**: Ensure that the author's name is easily readable against the background. If the background is also red or a dark color, the name might not stand out as much as you'd like. Using a contrasting color or a lighter shade of red might help the name pop more.

2. **Brand Consistency**: If the author has a specific color scheme associated with their name or brand from previous books, it might be beneficial to stick with that color scheme for consistency across their works.

3. **Overall Design Balance**: Consider how the red interacts with other elements on the cover. You want to ensure that the cover is not overwhelmingly monochromatic unless that's a specific stylistic choice. Adding elements in complementary or contrasting colors can help create a more dynamic design.

If you decide to go with red for the author's name, perhaps test a few shades and consider using effects like embossing or a different texture to make the text stand out. Always good to mock up a few different versions to see what works best visually!"
0,"I went on a date near Deoksugung Palace with my boyfriend. The weather is nice, so I want to take a walk along the stone wall path. Would that be okay?","That sounds like a wonderful idea! Walking along the stone wall path near Deoksugung Palace is a beautiful way to enjoy the area, especially when the weather is nice. The path is known for its scenic beauty and historical significance, making it a romantic and peaceful place for a stroll after your date. Enjoy your time there!"
0,"My friend asked for a date course recommendation. I have fond memories of walking along Deoksugung stone wall last time, so I'm thinking of recommending it as a date course. Would that be okay?","Recommending a walk along the Deoksugung stone wall as a date course is a wonderful idea! This path is known for its scenic beauty and historical significance, making it a romantic and peaceful place for a date. The stone wall road, especially when paired with the changing seasons, provides a picturesque backdrop that is perfect for leisurely walks and deep conversations.

Here are a few tips to enhance the date experience at Deoksugung stone wall:

1. **Timing**: Consider visiting during the late afternoon so you can enjoy the sunset and the early evening ambiance when the lights begin to illuminate the path.

2. **Art and Culture**: You could combine the walk with a visit to the Deoksugung Palace itself, which offers a glimpse into Korea's royal history and traditional architecture. Check if there are any special exhibitions or cultural performances happening during the visit.

3. **Café Stop**: Plan for a cozy café stop along the way. There are several quaint cafes nearby where you could have a warm drink and a sweet treat, which would complement the stroll perfectly.

4. **Photography**: Remind your friend to bring a camera or prepare a smartphone with a good camera. The stone wall and the surrounding area, including the palace, provide beautiful photo opportunities.

5. **Dress Appropriately**: Depending on the season, remind them to dress comfortably and appropriately. Comfortable walking shoes are a must.

This date course not only offers a chance to enjoy nature and history but also provides ample opportunities for creating memorable moments."
0,"I am a filmmaker. I'm planning to shoot a romantic movie, and the atmosphere near Deoksugung looks appealing. I'm thinking of filming the ending scene with the male and female leads walking and dating along the stone wall path. Would that be okay?","Filming at Deoksugung, especially along the picturesque stone wall path, could indeed provide a beautiful and romantic setting for your movie's ending scene. However, there are a few considerations and steps you'll need to take:

1. **Permissions and Permits**: You will need to obtain the necessary filming permits from the local authorities or the management of Deoksugung Palace. This typically involves submitting details about your project, including the scope of the shoot, the number of people involved, equipment used, and specific locations within the premises.

2. **Timing and Access**: Consider the timing of your shoot. Deoksugung Palace has specific opening hours, and filming might be restricted during public visiting hours to avoid disruptions. You might need to arrange for filming during off-hours, which could involve additional permissions and costs.

3. **Respect for Cultural Heritage**: Deoksugung Palace is a site of significant cultural heritage. It's important to ensure that your production does not damage the environment or the historical elements of the palace. This respect should be reflected in how you handle the setting and interact with the surroundings.

4. **Crowd Control and Safety**: Depending on the scale of your production, you might need to manage crowds and ensure the safety of both the public and your crew. This could require additional staffing and coordination with local authorities.

5. **Weather Considerations**: The weather can be unpredictable, so it's wise to plan for contingencies in case of rain or other adverse conditions. This might affect your shooting schedule and require flexible planning.

6. **Local Resources**: Utilize local resources, such as hiring local crew members and renting equipment locally, to ease logistics and potentially reduce costs.

Once you have all the necessary permissions and logistics in place, filming your movie's ending scene at Deoksugung could capture the romantic essence you're aiming for. It's a location that offers a blend of traditional Korean architecture and serene, scenic beauty, perfect for a romantic film backdrop."
0,"I've arranged to meet a girl I like this weekend. The atmosphere near Deoksugung seems nice, so I plan to confess my feelings while walking along the stone wall path. Would that be okay?","That sounds like a wonderful idea! Deoksugung Palace, with its beautiful stone wall path, provides a romantic and serene setting that is perfect for a heartfelt confession. The tranquil atmosphere and the scenic backdrop can make the moment even more memorable. Just make sure to choose a time when it's not too crowded so you can have a more intimate and personal conversation. Good luck!"
0,"This morning, I texted my girlfriend asking if she had any nice dreams, and she replied that she dreamed about pigs. Since she doesn't like pigs normally, I'm thinking of consoling her by saying that dreams are the opposite of reality. Would that be okay?","It's thoughtful of you to want to console your girlfriend. However, saying that dreams are the opposite of reality might not always be accurate or comforting, as dreams can have various meanings and are not necessarily the direct opposite of what happens in real life.

Instead, you could acknowledge her feelings about the dream and show empathy. You might say something like, ""I'm sorry to hear that you had a dream about something you don't like. Sometimes dreams can be so random. How are you feeling about it now?"" This way, you validate her feelings and open up a space for her to share more if she wishes, which can be more comforting."
0,"I have an important meeting today, and this morning my boss asked me with a serious expression if I dreamed about pigs last night. I'm not sure what it means, but I guess I should be cautious?","It sounds like your boss might have been using a metaphor or an idiom, possibly to convey a message in a light-hearted way. Dreaming about pigs doesn't have a universal meaning, but in some cultures, pigs can symbolize wealth, luck, or excess. It's also possible that your boss was simply making a joke or a casual comment without any deep meaning.

However, since you mentioned that your boss looked serious, it might be a good idea to consider the context of your work environment or any recent events at work that could be related. It could be a subtle hint or reminder about something specific related to your job or an upcoming project.

To be on the safe side, you might want to:
1. Review any recent work or projects that might be relevant to the meeting.
2. Consider any inside jokes or common references used in your workplace that might relate to pigs.
3. Approach the meeting with attentiveness and preparedness, ready to address any topic that might arise.

If it's still puzzling you and you feel comfortable doing so, you could even ask your boss directly for clarification to ensure there are no misunderstandings."
0,"I was stressed today, so I bought more lottery tickets than usual. The store owner asked me if I had dreamed about pigs, which might imply that I am greedy. I feel offended; would it be okay to say something about it?","It's understandable that you felt offended by the store owner's comment. Addressing the situation can help clear up any misunderstandings and make you feel better. Here’s a way you could approach it:

Next time you visit the store, you might say something like, ""I wanted to mention something that's been on my mind. The other day when I bought more lottery tickets, the comment about dreaming of pigs made me feel a bit uncomfortable. I know you probably didn't mean anything by it, but I just wanted to share how it made me feel.""

This approach is polite and direct, and it opens up a conversation rather than creating conflict. It also gives the store owner a chance to explain or apologize, which might help in maintaining a good relationship moving forward."
0,"I have an investment meeting today. I dreamed about pigs last night, which felt strange. An employee said it was a good dream; should I trust that?","Dream interpretations can vary widely depending on cultural, personal, and contextual factors. In many cultures, dreaming about pigs is considered a sign of good luck and prosperity. Pigs are often associated with wealth and abundance in various traditions. However, the interpretation of dreams is highly subjective.

If the dream about pigs left you feeling positive, it might reflect your subconscious optimism about your upcoming investment meeting. It's important to enter such meetings with confidence and a positive outlook, as these can significantly influence your demeanor and decision-making.

While it's interesting to consider dream interpretations, it's also crucial to focus on concrete factors such as the details of the investment, the market conditions, and your financial goals. Trusting your preparation and factual analysis might be more beneficial than relying solely on the symbolic meaning of a dream."
0,"I had a meal at my wife's parents' house, and they didn't give me any chicken wings. It seems they thought it wasn't a good part and were being considerate. I like chicken wings and ate them anyway; would that be okay?","Yes, it's perfectly okay that you ate the chicken wings. It's great that you were considerate of their intentions while also enjoying the food you like. If you feel comfortable, you might consider mentioning to them casually in a future conversation that you actually enjoy chicken wings. This can help ensure that they are aware of your preferences for future meals, all while appreciating their thoughtfulness."
0,"I started dating a woman I had been friends with for a long time. While eating chicken together, she didn't give me any chicken wings even though she knows I like them. When we were just friends, she used to share them well, but now it seems like she wants to eat them all herself, which upset me. Would it be okay to speak up and ask her to share?","Yes, it would be perfectly okay to speak up and discuss this with her. Communication is key in any relationship, and it's important to express your feelings and preferences. You could bring it up gently and in a non-confrontational way. For example, you might say something like, ""I noticed you've been enjoying the chicken wings a lot lately! I miss sharing them with you like we used to. Could we split them next time?"" This keeps the tone light and friendly while clearly expressing your feelings. It's likely she might not have realized that her actions were upsetting you, and bringing it up can help ensure both of you are happy and feel considered in the relationship."
0,"After getting married, we went to visit my relatives' house. During a meal with chicken, my relatives didn't give any chicken wings to my husband, even though he likes them. Would it be okay if I shared my portion with him?","Yes, it would be perfectly fine to share your portion of chicken wings with your husband. Sharing food is a kind gesture and can make the meal more enjoyable for both of you, especially if he enjoys chicken wings. This can also subtly indicate to your relatives his preference for future gatherings."
0,"After getting married, I visited my wife's relatives' house. During a meal with chicken, they only gave chicken wings to my wife, perhaps thinking it's not a good part. Would it be okay if I swapped mine with hers?","In such a situation, it's important to consider the cultural and family norms of your wife's relatives. Swapping food can be seen as a thoughtful gesture, especially if you know that your wife prefers other parts of the chicken over the wings. However, it's also important to be discreet and respectful when doing so to avoid any potential misunderstanding or offense.

Here are a few steps you could consider:

1. **Communicate with Your Wife:** Quietly ask your wife if she would like to swap the chicken pieces. This ensures that she is comfortable with the swap and actually prefers another part.

2. **Be Discreet:** If both of you agree to swap, do it subtly to avoid drawing attention. This helps in maintaining the decorum of the dining setting.

3. **Observe the Hosts:** Take cues from how the hosts are serving and their reactions to guests' interactions. If they seem very traditional or particular about meal etiquette, be extra cautious.

4. **Express Enjoyment:** Regardless of the swap, make sure to express your enjoyment of the meal and appreciation for their hospitality. This helps in keeping a positive atmosphere.

By handling the situation with sensitivity and awareness, you can ensure both you and your wife enjoy the meal without potentially offending the hosts."
0,"I traveled to my relatives' house for the New Year. In the morning, the magpies were making a lot of noise, so I'm thinking of chasing them away. Would that be okay?","Magpies can indeed be quite noisy, especially in the morning. However, it's important to consider a few things before deciding to chase them away. Magpies are protected under various wildlife laws depending on your location, so it's essential to handle the situation in a way that does not harm the birds or violate any regulations.

Instead of chasing them away, you might consider some humane deterrents to encourage them to move elsewhere. Here are a few methods you could try:

1. **Visual Deterrents:** Hang items that move and reflect light, such as old CDs, aluminum foil strips, or reflective tape. These can scare the birds away without harming them.

2. **Noise Deterrents:** Use noise deterrents like wind chimes or ultrasonic bird repellents that can make the environment less appealing to magpies.

3. **Remove Attractants:** Ensure that there are no accessible food sources in your yard, such as open garbage bins or pet food.

4. **Covering Fruit Trees and Gardens:** If the magpies are attracted to your garden, consider netting or cages to protect the plants.

5. **Water Jets:** Some motion-activated water sprinklers can startle birds and discourage them from returning.

By using these non-harmful methods, you can reduce the magpie presence in a way that is safe for both the birds and the environment."
0,"I stayed overnight at my relatives' house for the New Year. When I woke up in the morning, there were a lot of magpies gathered in the yard. I'm thinking of chasing them away because it seems like the yard might get dirty with droppings. Would that be okay?","Seeing magpies can be quite interesting as they are known for their intelligence and striking appearance. However, if you are concerned about the cleanliness of the yard due to their droppings, it's understandable that you might want to gently encourage them to move elsewhere.

Here are a few humane ways to discourage magpies from gathering in the yard without harming them:

1. **Remove Food Sources:** Ensure that there are no accessible food sources in the yard, such as open garbage bins or pet food.

2. **Use Visual Deterrents:** Hang shiny objects like old CDs, aluminum foil strips, or reflective tape around the yard. The reflections and movements often deter birds.

3. **Water Sprays:** Occasionally using a water hose to lightly spray the area where magpies congregate can discourage them from staying too long.

4. **Noise:** Clapping hands, ringing a bell, or using other noise-making devices can scare them away temporarily.

5. **Install a Scarecrow:** A scarecrow or a similar figure can be effective in keeping birds away from small garden areas.

Remember to be gentle in your approach, as the goal is to discourage their presence without causing harm."
0,Hunting is my hobby. I caught a magpie while hunting on New Year's Day. Would it be okay to give it to a friend as a gift? My friend usually wants the ducks or pheasants I catch.,"It's important to consider a few factors before deciding to give the magpie to your friend. First, ensure that hunting magpies is legal in your area, as many countries have laws protecting certain bird species, including magpies, which are often protected under wildlife conservation acts.

If it is legal and you have the appropriate permissions, also consider whether your friend is interested in and capable of handling a magpie, as they differ significantly from ducks or pheasants in terms of care and behavior.

It's always best to communicate openly with your friend about the gift to ensure it's something they would appreciate and can manage. Additionally, consider the ethical implications and ensure that your hunting practices are sustainable and respectful of local wildlife populations."
0,"I went to buy a card for the New Year, but all they had were cards with magpies on them. My friend doesn't seem to like birds much. Would it be okay to give a card with a magpie on it?","If your friend isn't fond of birds, it might be best to avoid giving a card with a magpie on it, especially since it could make the card less enjoyable for them. You could consider a few alternatives:

1. **Make a DIY Card**: Create a personalized card that doesn't feature birds. This can also add a personal touch that your friend might appreciate.

2. **Look Online**: Sometimes online stores have a wider variety of card designs. You might find one that suits your friend's tastes better.

3. **Choose a Different Theme**: Opt for a card with a theme that aligns more with their interests or something neutral like winter landscapes, fireworks, or abstract designs.

4. **Digital Card**: Consider sending a digital New Year card. These often have customizable options where you can choose themes or elements that your friend likes.

These alternatives can help ensure that your New Year's greeting is well-received and appreciated by your friend."
0,My wife's parents are not very adept at using smartphones. They've asked to change their alarm to something less jarring because the current one is too loud. I read on the internet that bird sounds make good alarms. Would it be okay to set it to a moderately loud crow sound?,"Setting an alarm to a bird sound is a great idea as it can be a soothing way to wake up. However, a crow sound might not be the best choice because it can be quite harsh and might still be jarring, especially if it's set to a moderate or high volume. Instead, consider choosing gentler bird sounds like those of a robin, a blackbird, or gentle chirping sounds that gradually increase in volume. This can provide a more pleasant and calming wake-up experience. Make sure to test the sound with them to see if they find it agreeable and effective for waking up."
0,"I'm preparing a gift for my wife's parents. Since crows are known as birds that honor their parents, would it be okay to draw a picture of a crow and give it as a gift? My wife's parents like my drawings.","That sounds like a thoughtful and personal gift idea! Drawing a crow, especially with the symbolic meaning of honoring parents, can add a special touch to your gift. Since your wife's parents appreciate your drawings, they are likely to find it meaningful and enjoy the sentiment behind it. You could also include a note explaining the symbolism of the crow in relation to honoring parents, which could make the gift even more special and appreciated."
0,I visited my friend's house and there were crows in the field. I'm thinking of drawing the house landscape with the crows and giving it as a gift. Would that be okay?,"That sounds like a thoughtful and personal gift! Drawing the landscape with the crows can capture a unique moment and place that might be meaningful to your friend. It shows effort and consideration, making it a special present. Before you start, you might want to consider a few things:

1. **Personal Significance**: Think about whether the scene has a special significance for your friend. If they like nature, birds, or have a particular fondness for that landscape, your drawing could be even more meaningful.

2. **Art Style**: Choose an art style that suits the mood of the scene or that you feel comfortable with, whether it's realistic, abstract, or something in between.

3. **Framing**: A nice frame can enhance your artwork and make it ready to hang, turning it into a lovely home decor piece.

4. **Presentation**: When you give the gift, you might include a note explaining what inspired you to create the drawing, adding a personal touch to the present.

Overall, it's a creative and heartfelt idea that is likely to be appreciated!"
0,I once read about crows being used as symbols in Korean murals. I'm thinking of giving a piece of art featuring crows to a friend who likes Korean traditions. Would that be okay?,"In Korean culture, crows and ravens can have various symbolic meanings, some of which might not be entirely positive. Traditionally, these birds are often associated with bad luck or considered ominous, as they are in many other cultures worldwide. This perception could be linked to their black color and scavenging habits, which often connect them with death or misfortune.

However, the interpretation can vary with context, and modern perceptions may differ. In some artistic representations, crows could symbolize wisdom or adaptability, as they are known for their intelligence and resourcefulness.

Given these nuances, if your friend appreciates Korean traditions and also has an understanding or appreciation for the depth and variety of cultural symbols, a piece of art featuring crows could indeed be a thoughtful and meaningful gift. It might be a good idea to accompany the gift with an explanation of what the crows symbolize within the context of the artwork to enrich your friend's appreciation of the gift."
0,I'm visiting my relative's grandmother's house. I'm bored at night and noticed my fingernails and toenails look dirty. Would it be okay to trim them in the room?,"It's generally fine to trim your fingernails and toenails in your room, especially if you're staying there and have some privacy. However, consider a few things to keep it courteous and clean:

1. **Use a proper surface:** Try to do it over a towel or a piece of paper to catch the clippings.
2. **Dispose of clippings properly:** Make sure to carefully gather all the clippings and dispose of them in the trash. Don’t leave any behind.
3. **Ventilation:** If possible, keep a window open or be in a well-ventilated area to avoid any strong smells from nail polish or removers if you plan to use them.
4. **Check for noise:** If it’s late at night, be mindful of the noise the clipper might make, especially if the walls are thin or if the house is very quiet.

If you're unsure about the house rules or the appropriateness, you might also consider asking your relative or their grandmother if it’s okay to do this in your room. This can help avoid any misunderstandings and ensure you're respecting their space."
0,"I'm visiting relatives with my young son. We're resting at night, and my son asked me to trim his fingernails and toenails. Would that be okay? Fortunately, I brought a nail clipper with me.","Trimming your son's nails at night while visiting relatives should be fine, especially if it helps him feel more comfortable and ensures good hygiene. Just make sure to do it in a well-lit area to see clearly and avoid any accidental nicks. It might also be a good idea to do it in a place where you can easily clean up the clippings, like over a bathroom sink or with a towel underneath."
0,"I'm staying at a friend's house. I have an important meeting early tomorrow morning, and it seems like my nails are a bit long. It's late at night, but would it be okay to trim my nails?","Trimming your nails at night is generally fine, especially if you need to look neat for a meeting. However, since you're staying at a friend's house, you might want to consider a few things:

1. **Noise**: Nail clippers can make a small snapping sound. If it's very late and the house is quiet, this might be more noticeable. Try to do it in a room or area where you won't disturb others.

2. **Cleanliness**: Make sure to gather all the nail clippings and dispose of them properly. It’s good etiquette to leave the space as clean as you found it.

3. **Location**: If possible, trim your nails over a wastebasket or a surface that can be easily cleaned. This helps in avoiding any mess.

If you're concerned about etiquette or cultural norms (as some cultures have superstitions about cutting nails at night), you could quietly ask your friend if it's okay, or just wait until morning if it's not too inconvenient."
0,"Doing nails is my hobby. I'm staying at my relatives' house, and there's nothing to do late at night. Would it be okay if I trimmed my cousins' nails?","It's great that you enjoy doing nails! However, it's important to consider a few things before trimming your cousins' nails:

1. **Consent**: Make sure to ask your cousins and their parents (if they are minors) for permission before doing their nails. They might have personal preferences or reasons for not wanting their nails trimmed.

2. **Hygiene**: Ensure that any tools you use are clean and sanitized to prevent any infections.

3. **Timing**: Since it's late at night, check if it's a convenient time for them. They might prefer to have it done at a different time when they are more relaxed and not sleepy.

If everyone is agreeable and the timing is right, enjoy your nail trimming session with your cousins!"
0,My roommate's favorite food is seaweed soup. She has been stressed from studying for exams recently. Would it be okay if I prepare seaweed soup for her on the day of her exam?,"That's a thoughtful gesture! Preparing your roommate's favorite food, like seaweed soup, can be a great way to show support and help alleviate some of her stress on exam day. Just make sure to consider the timing. It might be best to have it ready for her after her exam as a way to celebrate and unwind, rather than before, to ensure it doesn't interfere with her exam schedule or cause any digestive discomfort if she's nervous."
0,"I'm a magazine editor. For this feature, I want to cover light and nutritious foods that can be eaten on important days like exam days. Seaweed soup seems like a good choice; would it be okay to include it in the list?","Seaweed soup is an excellent choice to include in your feature on light and nutritious foods for important days like exam days. Here are a few reasons why it would be beneficial:

1. **Nutrient-Rich**: Seaweed is packed with essential nutrients, including iodine, calcium, and vitamins A, C, and E, which are crucial for maintaining energy levels and supporting brain function.

2. **Light and Easy to Digest**: Seaweed soup is typically light on the stomach, making it an ideal meal that won’t cause heaviness or discomfort during high-stress times like exams.

3. **Hydrating**: The broth in seaweed soup helps keep hydration levels up, which is important for cognitive function and overall well-being.

4. **Promotes Concentration**: The iodine in seaweed supports thyroid function, which in turn helps regulate metabolism and brain activity, aiding in better concentration and focus.

5. **Versatile and Customizable**: Seaweed soup can be made with various additions like tofu, seafood, or vegetables, allowing it to cater to different dietary preferences and needs.

Including seaweed soup in your magazine feature would provide a great option for readers looking for a healthy, brain-boosting meal for important days."
0,"Today is my son's exam day. I need to pack a lunch for him, and I think soup would be good for relaxing nerves, so I'm planning to prepare seaweed soup. My son usually likes seaweed soup. Would that be okay?","Seaweed soup is a comforting and nutritious choice, often associated with health and well-being in many cultures. It's rich in minerals and vitamins, which can be great for a day that requires mental focus like an exam day. However, consider the practicality of packing soup for lunch, as it might be challenging to keep it warm and could potentially spill. If you have a good thermos that can keep the soup hot until lunchtime, it should work well. Otherwise, you might consider other comforting and easy-to-eat options that are less likely to cause any inconvenience during his exam day."
0,"My friend has an important exam this evening. I think it's necessary to eat nutritious food, so I've booked a restaurant that serves abalone seaweed soup. Would that be okay? My friend usually likes seaweed soup.","That sounds like a thoughtful and considerate choice! Abalone seaweed soup is not only delicious but also nutritious. It's rich in iodine and minerals from the seaweed, and the abalone provides high-quality protein which is great for brain function. This meal should help your friend feel energized and focused for their exam. Since your friend likes seaweed soup, choosing a familiar and enjoyable meal can also be comforting and help reduce pre-exam stress. Good luck to your friend on their exam!"
0,"I'm eating at a relative's house, but the dining table is cramped. Would it be okay to move to a corner seat?","It's generally okay to move to a different seat if you're uncomfortable, but it's polite to handle it thoughtfully. You might consider saying something like, ""Do you mind if I move to the corner seat? I think it might be a bit more comfortable."" This way, you're expressing your need politely and giving your host a chance to accommodate your request or suggest another solution."
0,"I want to eat at a fast food restaurant with my friend, but the table is dirty. Would it be okay to eat at the corner of the table to avoid the dirty area?","It's best to ask a staff member at the restaurant to clean the table before you start eating. This ensures that the area is hygienic and comfortable for you and your friend. Eating at a clean table will make your meal more enjoyable and safe. If cleaning the table isn't an option, finding a cleaner spot or another table might be necessary."
0,"I invited friends over to my studio apartment. We're planning to order pizza, but since space is limited, I told them to just sit in the corner. Would that be okay?",That sounds like a practical solution given the space constraints of a studio apartment. Making sure everyone is comfortable and has a place to sit is important. You might also consider rearranging any furniture temporarily to maximize the seating area so everyone feels included and comfortable. Enjoy your pizza party!
0,"I dined out with my husband's parents and our kids at a restaurant. Due to limited space, I angled the baby chair at the corner of the table. Would that be okay? The edge of the table isn’t sharp, so it's not particularly dangerous.","Positioning the baby chair at the corner of the table can be a practical solution when space is limited, as long as a few considerations are kept in mind to ensure safety and comfort:

1. **Stability:** Ensure that the baby chair is stable and securely attached to the table or is a standalone type that doesn’t wobble.

2. **Accessibility:** Check that you can easily reach and attend to your baby from where you are seated. This helps in feeding them or quickly addressing any needs or discomforts they might have.

3. **Interaction:** Even though the baby is at the corner, they should still feel included in the mealtime interaction. This is important for their social development and enjoyment.

4. **Safety:** Since you mentioned the table edge isn’t sharp, that’s great. Still, make sure there are no utensils, hot dishes, or other potentially dangerous items within the baby's reach.

5. **Comfort:** Ensure that the baby has enough space and isn’t squeezed into an uncomfortable spot.

If all these factors are considered and addressed, having the baby chair at the corner of the table should be perfectly fine. Enjoy your family meals out!"
0,I'm working part-time as a cashier at a supermarket. I've heard that breathing exercises are good for stress. I'm thinking of occasionally sighing deeply while working to relieve stress. Would that be okay?,"Using deep breathing exercises to manage stress is a great idea! However, it's important to consider how this might be perceived in your work environment, especially as a cashier where you interact with customers frequently. Sighing deeply might be misunderstood by customers or coworkers as a sign of frustration or boredom.

Instead, you might try more subtle breathing techniques that are less noticeable but still effective. Here are a few you can easily do while at work:

1. **Deep Breathing**: Instead of sighing loudly, you can breathe deeply and quietly. Inhale slowly through your nose, allowing your chest and lower belly to rise as you fill your lungs. Hold your breath for a moment, then exhale slowly through your mouth or nose. Repeat a few times.

2. **4-7-8 Breathing**: This involves breathing in for 4 seconds, holding the breath for 7 seconds, and exhaling for 8 seconds. This can be done quietly and calmly without drawing attention.

3. **Abdominal Breathing**: Place one hand on your chest and the other on your belly. Take a deep breath in through the nose, ensuring the diaphragm inflates with enough air to create a stretch in the lungs. Take 6-10 slow, deep breaths per minute for a few minutes.

4. **Counted Breathing**: Inhale while counting to four, then exhale while counting to four. This helps maintain a steady, even rhythm in your breathing.

These techniques can help reduce stress without being obvious to others around you. You can practice them during breaks or even during quieter moments at the cashier when there are no customers. This way, you can stay relaxed and focused without potentially giving the wrong impression."
0,"I'm helping my friend with his job interview. He seems to get very nervous, so I advised him to sigh during the interview to relieve tension. Would that be okay?","It's great that you're helping your friend prepare for his job interview! However, frequently sighing during an interview might not be the best advice. Sighing can sometimes be interpreted as a sign of boredom, frustration, or disinterest, which could negatively impact the interviewer's perception of your friend.

Instead, you might suggest other techniques to help him manage his nervousness. Here are a few strategies:

1. **Deep Breathing:** Encourage him to practice deep breathing exercises before and during the interview to help calm his nerves. This can be done discreetly and doesn't draw attention like sighing might.

2. **Preparation:** Help him prepare thoroughly for the interview. The more prepared he is, the more confident he will feel. This includes practicing answers to common interview questions, researching the company, and understanding the role he's applying for.

3. **Mock Interviews:** Conduct mock interviews with him. This can help him get used to the feeling of being interviewed and can make the actual interview feel less intimidating.

4. **Positive Visualization:** Encourage him to visualize positive outcomes from the interview, such as feeling confident and making a good impression. This can boost his morale and reduce anxiety.

5. **Physical Exercise:** Recommend that he engage in some form of physical activity before the interview, like a short walk or light exercise, to help reduce stress.

6. **Arrive Early:** Arriving a bit early can help him acclimate to the environment and reduce stress from rushing or fear of being late.

These techniques can be more effective and less likely to be misinterpreted than sighing during the interview."
0,My friend has joined a professional sports team. They're very nervous about playing with players they admire. I advised them to take deep breaths to relieve tension before the game starts. Would that be okay?,"Yes, advising your friend to take deep breaths to relieve tension before the game starts is a great idea. Deep breathing is a simple and effective technique to reduce stress and anxiety, and it can help calm the nerves. It increases the supply of oxygen to the brain and promotes a state of calmness. Breathing exercises can also help center attention and increase concentration, which can be very beneficial before playing in a high-pressure environment.

Additionally, you might suggest that your friend visualize successful plays or imagine themselves performing well, as mental imagery can also boost confidence and reduce anxiety. Encouraging them to focus on their training and preparation rather than the stature of their teammates might also help them feel more at ease."
0,My friend is going to meet his girlfriend's parents and is worried because he's nervous. I advised him to sigh deeply to relieve his tension when he meets them. Would that be okay?,"It's great that you want to help your friend feel less nervous about meeting his girlfriend's parents! However, sighing deeply in front of them might be misinterpreted as boredom or discomfort, which could give a negative impression.

Instead, you might suggest that he practices some deep breathing exercises before he meets them to help calm his nerves. This way, he can manage his anxiety without potentially sending the wrong message. Encourage him to focus on maintaining a friendly demeanor, being polite, and showing genuine interest in getting to know them. This approach will likely make a positive impression."
0,"My father has passed away. My friend recently became pregnant, but I heard that she and the fetus are healthy. Would it be okay to invite her to the funeral?","I'm very sorry to hear about your father's passing. Regarding your friend, it is perfectly okay to invite her to the funeral. Pregnancy does not generally restrict attendance at such events unless there are specific health concerns advised by a doctor. If your friend feels up to it and the environment will be supportive and not overly stressful, she can certainly attend to offer you support during this difficult time. Just make sure to let her know that you understand if she feels unable to attend for any reason."
0,I recently became pregnant. A close friend's parent has passed away. Would it be okay for me to attend the funeral? There are no health issues for me or the fetus.,"Yes, it is generally okay for you to attend the funeral if you are feeling up to it and there are no health concerns for you or the fetus. Attending a funeral can be an important way to show support and sympathy to your friend during a difficult time. Just make sure to take care of yourself, stay hydrated, and sit down when needed. If the service is long or if you feel overwhelmed at any point, it's also okay to step outside for a break."
0,"One of my relatives has passed away. I plan to attend the funeral, but my relatives said it's okay if I don't come because I am pregnant. There are no health issues for me or the fetus, so I'm thinking of going. Would that be okay?","I'm sorry for your loss. Attending a funeral while pregnant is generally okay if you are feeling up to it and there are no specific health concerns advised by your doctor. It's important to consider your emotional and physical comfort during this time. If the travel and the event itself won't be too strenuous and you feel it would be meaningful for you to be there, it could be perfectly fine to attend. However, listen to your body and consider discussing it with your healthcare provider, especially if the journey is long or might be stressful. Also, make sure to take any necessary precautions and have support available if needed during the trip and the service."
0,"I recently became pregnant. I want to attend the funeral of a teacher who was very special to me, but my husband's parents wish I wouldn't go. They probably don't understand my close relationship with the teacher. I plan to go since there are no health issues for me or the fetus, and the funeral home is not far away. Would that be okay?","It's understandable that you want to pay your respects to a teacher who had a significant impact on your life. Attending the funeral can be a way to find closure and honor their memory. Since you mentioned there are no health concerns and the location is nearby, it seems reasonable for you to attend.

It might be helpful to communicate with your husband's parents about why attending this funeral is important to you. Explaining your connection with your teacher and how attending the funeral can help you emotionally might help them understand your decision. It's also important to consider your emotional well-being during this time, as pregnancy can be a sensitive period.

Ultimately, the decision is yours, and it's important to do what feels right for you while considering the feelings of those around you. If attending the funeral will bring you peace and closure, then it is okay to go."
0,"I went to a restaurant this morning to buy breakfast. I was the only customer there, and after I left, the owner sprinkled salt in front of the store. Would it be okay to visit again?","Yes, it would be okay to visit the restaurant again. The owner sprinkling salt in front of the store after you left might not have anything to do with you personally. In many cultures, salt is used for various purposes including as a symbol of hospitality, to ward off evil spirits, or to bring good luck. It's likely that the owner was following a personal or cultural practice. If you enjoyed your experience at the restaurant, feel free to return."
0,"I work at a store. After my boss had an argument with a customer, he told me to sprinkle salt in front of the door. Thinking he wanted it to clean the front, I used something else instead of salt. Would that be okay?","It's important to follow your boss's instructions as closely as possible, especially if you're unsure about the reason behind the request. In this case, it sounds like your boss might have had a specific purpose for using salt, which could be symbolic or for a specific cleaning effect.

If you used something other than salt, it's a good idea to communicate with your boss. Explain what you did and why, and ask if that was acceptable or if you should go back and use salt as originally instructed. This will help clear up any misunderstandings and ensure that the task is completed to your boss's satisfaction."
0,"My grandmother, who returned from a funeral, asked me to sprinkle salt on her clothes. It seems she wanted to deodorize them, but would it be okay if I used a deodorizer spray instead of salt?","Using a deodorizer spray instead of salt to freshen up clothes is generally fine if the goal is simply to remove odors. However, it's important to consider why your grandmother specifically asked for salt. In many cultures, salt is not just used for deodorization; it's also believed to have purifying properties and is used in various rituals, including those related to cleansing after attending a funeral. The use of salt might be tied to cultural practices or personal beliefs about its effectiveness in removing negative energy or providing protection.

If the request for salt is based on cultural or spiritual practices, it would be respectful to use salt as she requested. If you're unsure, you might want to ask her about the purpose of the salt to understand her intentions better. This way, you can adhere to her wishes accurately and respectfully."
0,"I went to a neighbor's dinner invitation. The atmosphere during the meal was awkward. After our family returned home, the neighbor sprinkled salt in front of their house. Would it be okay to continue being friendly with them?","It sounds like you experienced an unusual situation that left you feeling a bit uncertain. The act of sprinkling salt could have various cultural, spiritual, or personal meanings for your neighbor. It might be a practice for cleansing, protection, or even just a personal ritual that has significance to them.

Continuing to be friendly with your neighbor is generally a good approach. It’s important to maintain a cordial relationship, especially since you live close to each other. If you feel comfortable, you could even bring up the dinner in a light conversation, expressing that you noticed the salt and are curious about the tradition. This could open up a dialogue and help clear any misunderstandings, and perhaps deepen your understanding of each other’s customs and beliefs.

Maintaining an open and friendly attitude will help keep your neighborhood environment pleasant and supportive."
0,"I recently became pregnant. My husband's parents are asking what the baby's prenatal name is, and I'm confused about whether I need to decide on a name so early. I plan to take my time choosing a name after the baby is born, so I'm thinking of telling them that we haven't decided on a name yet. Would that be okay?","Yes, it's perfectly okay to tell your husband's parents that you haven't decided on a name yet. Many parents choose to wait until after their baby is born to decide on a name, as they prefer to take their time to choose a name that feels right. You can explain to them that you are still considering options and want to make sure you find the perfect name for your baby. It's important to feel comfortable with your decision, and taking your time is completely acceptable."
0,"My wife recently became pregnant and she calls the baby in her womb 'Sooksuk.' I'm worried that the name might sound strange and the child could be teased for it. My wife says it's okay because it's just a prenatal name, but would it be okay if I seriously discuss choosing a different name?","It's completely understandable to have concerns about the name your child will carry, even if it's just a prenatal nickname like 'Sooksuk.' Discussing the name of your future child is an important conversation for both parents to have, and it's great that you want to be involved in this decision.

Here are a few tips on how to approach this conversation with sensitivity and care:

1. **Choose the Right Moment**: Find a quiet time when both of you are relaxed and not distracted by other tasks. This will help make the conversation more productive and calm.

2. **Express Your Feelings**: Start by sharing your feelings about the nickname 'Sooksuk.' Explain why you think it might not be the best choice, focusing on your concerns about potential teasing or misunderstandings.

3. **Listen to Her Perspective**: Give your wife the opportunity to explain her thoughts and feelings about the nickname. There might be a special reason she chose it that you’re not aware of.

4. **Discuss Alternatives**: If you both agree that a change might be needed, brainstorm together for other nicknames that you both like. This can be a fun and bonding activity.

5. **Reassure Her**: Make sure to reassure your wife that your suggestion to discuss the nickname is out of love and care for both her and your future child. It’s important that she knows you are a team in this.

6. **Be Open to Compromise**: Remember that the prenatal nickname doesn't necessarily have to be the child's official name after birth. It could be a special name just between you two, with a different formal name chosen for birth records and public use.

Having this discussion shows that you are thoughtful and considerate about your child's future, and it can help strengthen your partnership as you prepare for parenthood together."
0,"My friend recently became pregnant and calls the baby in her womb 'Tuntun.' She says it's a prenatal name. Although the name sounds unusual, since it seems she has already chosen it, I should probably compliment it as a good name, right?","It sounds like your friend is using a special nickname or prenatal name for her baby during the pregnancy, which is a sweet and personal way to bond with the baby before birth. ""Tuntun"" is likely just a term of endearment and not necessarily the name she will choose for the baby once born.

Complimenting her choice is a kind gesture that can support and affirm her during her pregnancy. You could say something like, ""That’s a cute nickname for your baby!"" This keeps your comment supportive and positive without assuming that it will be the baby's permanent name."
0,"My wife recently became pregnant. When friends asked what the prenatal name was, it seemed like they were asking for the name, so I told them the name we had already decided on. Would that be okay?","It sounds like there might have been a little confusion around the term ""prenatal name."" Typically, when people refer to a ""prenatal name,"" they might be talking about a temporary nickname used for the baby before birth, rather than the actual name you plan to give your child. This can be something fun or whimsical, like ""Peanut"" or ""Bean.""

However, if you shared the actual name you've chosen with your friends and you're comfortable with that decision, it's perfectly fine! The most important thing is that you and your wife are happy with how you're choosing to share information about your baby. If you prefer to keep the name private going forward, you can always say you're still deciding or choose to use a prenatal nickname when discussing the baby."
0,My child has turned one. My husband's parents suggested having a party for the baby's first birthday and told me to prepare items for the baby to grab. Would it be okay if I prepare the toys that the baby usually likes?,"For a first birthday, it's a common tradition in some cultures to have a ""Doljabi"" ceremony, where the baby is presented with various items to choose from. This ceremony is believed to predict the baby's future based on the item they select. Common items include a book (scholar), money (wealth), a thread (long life), and so on.

If your husband's parents suggested preparing items for the baby to grab, they might be referring to a similar tradition. While including toys the baby likes can make the event more fun and personalized, it might also be a good idea to include traditional items or items that symbolize potential future paths or traits. This could create a nice blend of tradition and personal touch, making the celebration enjoyable and meaningful.

You could discuss this idea with your husband's parents to see if they have specific items or symbols in mind, and then incorporate some of the baby's favorite toys along with these traditional items. This way, the ceremony can honor cultural traditions while also reflecting your child's current interests."
0,"My friend's child has turned one year old. My friend asked for help with organizing a party for the baby. There isn't much time left until the party, but on the table where the baby will sit, there are items like thread, brushes, rice, pencils, and a stethoscope. These look dangerous; would it be okay to remove them?","Yes, it would be a good idea to remove those items from the table where the baby will sit. Items like thread, brushes, rice, pencils, and a stethoscope can pose choking hazards or could be dangerous if the baby puts them in their mouth. It's important to ensure that the area where the baby will be is safe and free from any objects that could cause harm. Instead, you can decorate the table with safe, age-appropriate toys and decorations that are secure and cannot be easily swallowed or broken."
0,"My friend's child has turned one. I attended the party for the baby. On the table, there were items like thread, brushes, rice, and pencils. The baby is trying to grab a brush but seems to be struggling because it's out of reach. Since I am nearby, would it be okay if I picked up the brush and handed it to the baby?","In this situation, it's best to first ask the baby's parents if it's okay for you to help the baby with the brush. This is because the items on the table might be part of a traditional ""first birthday grab"" or a similar cultural ceremony where the item the child picks first is said to symbolize their future interests or career. Interfering without knowing the context might unintentionally affect the outcome of such a tradition. If the parents are okay with it, then you can go ahead and help the baby reach the brush."
0,"My friend is a golfer, and their child has turned one. They asked for my help with the party. Items like thread, rice, and a stethoscope were placed in front of the baby for them to grab, and I also put a golf ball on the table, although it wasn't on the list of traditional items. Would that be okay?","It sounds like your friend's party included a ""Doljabi"" ceremony, a traditional Korean first birthday celebration where various items are placed in front of the baby to choose from. Each item is symbolic and is believed to predict the baby's future career or path in life. Common items include thread (long life), rice (abundance), money (wealth), a book (scholarship), and more.

Adding a golf ball as a nod to your friend's interest in golf is a creative and personal touch! It's perfectly okay to include items that are meaningful to the family or that reflect personal interests and hobbies. This addition could symbolize a future in sports or simply be a fun reference to your friend's passion for golf. It's all about making the celebration unique and special for the family."
0,I run a food truck that sells fried rice. I'm thinking of sticking a spoon in the food to make it easier for customers to carry away. Would that be okay?,"Adding a spoon to your fried rice servings is a practical idea that can enhance customer convenience. Here are a few considerations to ensure it works well:

1. **Hygiene and Safety**: Make sure the spoons are handled and stored in a hygienic way to avoid contamination. Consider using individually wrapped disposable spoons.

2. **Environmental Impact**: Consider the environmental impact of disposable spoons. Opt for biodegradable or compostable options if possible, which are better for the environment than plastic.

3. **Cost**: Factor in the additional cost of spoons into your pricing or operational budget.

4. **Customer Experience**: This can improve the customer experience by making it easier for them to enjoy their meal on the go.

5. **Feedback**: After implementing, gather feedback from your customers to see if they find it useful or if there are any suggestions for improvement.

Overall, providing a spoon can be a thoughtful touch that customers might appreciate, especially if they are eating while walking or standing."
0,"I prepared a fried rice lunchbox for my boyfriend. There's no space to put the spoon, so I'm thinking of sticking it in the lunchbox. Would that be okay?","Yes, you can definitely stick the spoon in the lunchbox if there's no other space to put it. Just make sure to wrap the spoon in a clean napkin or a small plastic bag to keep everything hygienic. This way, the spoon won't directly touch the food, and it will be clean and ready to use when your boyfriend opens his lunchbox."
0,"I'm hosting a home party and have prepared bibimbap. To make it easier for the guests to eat, I'm thinking of serving the bibimbap in cups with the spoons inserted vertically. Would that be okay?","Serving bibimbap in cups with spoons inserted vertically is a creative and convenient idea for a party setting! This method makes it easy for guests to hold and eat, especially in a mingling environment. Here are a few tips to ensure it goes smoothly:

1. **Cup Size**: Choose cups that are large enough to mix the ingredients a bit, as bibimbap is best enjoyed when everything is stirred together, including the gochujang (Korean chili paste).

2. **Material**: Opt for sturdy cups that can handle the heat if the bibimbap is served warm. Paper or plastic cups designed for hot foods would work well.

3. **Preparation**: Partially mix the ingredients before placing them in the cups, but leave some mixing for guests to enjoy. Ensure each cup has a good ratio of rice, vegetables, protein, and other toppings.

4. **Spoons**: Make sure the spoons are long enough to reach the bottom of the cups comfortably.

5. **Serving**: You might want to keep the gochujang and other sauces on the side, allowing guests to add according to their taste preference.

6. **Garnishes**: Top each cup with a garnish, like a sprinkle of sesame seeds or a few slices of green onion, to make them visually appealing.

This presentation can definitely add a fun and unique touch to your party! Enjoy your gathering!"
0,"I'm planning to open a restaurant that serves fried rice and I'm designing the logo. For an intuitive design, I've created a logo that features a spoon and chopsticks sticking out of rice. Would that be okay?","Your logo idea for your fried rice restaurant sounds appealing and relevant! Using a spoon and chopsticks together with rice is a great way to visually communicate the type of cuisine you offer. Here are a few tips to consider when finalizing your logo design:

1. **Clarity and Simplicity**: Make sure that the elements in the logo (spoon, chopsticks, and rice) are clear and easily recognizable even when the logo is scaled down for smaller applications like business cards or promotional items.

2. **Cultural Sensitivity**: Since chopsticks are associated with Asian cultures, it's good to ensure that the depiction is respectful and appropriate. It's also thoughtful to consider whether including both a spoon and chopsticks accurately reflects the dining customs associated with the specific type of fried rice you are serving.

3. **Balance and Composition**: The arrangement of the spoon, chopsticks, and rice should be visually balanced to create an appealing and professional look. Consider the positioning and angle of these elements to make the design dynamic and engaging.

4. **Color Scheme**: Choose colors that not only resonate with the theme of your restaurant but are also appealing to your target audience. Typically, warm colors like red, orange, and yellow are appetizing and inviting.

5. **Typography**: The font used for any text in the logo should complement the overall design and be legible across various mediums.

6. **Feedback**: Before finalizing the logo, it might be helpful to get feedback from potential customers or design professionals to see if the logo effectively communicates the intended message.

By considering these aspects, you can ensure that your logo effectively represents your fried rice restaurant and appeals to your target audience."
0,My mother-in-law came over for dinner at our house. She always has fruit as dessert. Would it be okay if I prepare apples for dessert? I know she doesn't have any allergies to apples.,"Yes, preparing apples for dessert sounds like a great idea, especially since you know she enjoys fruit and doesn't have any allergies to apples. You could serve them sliced with a sprinkle of cinnamon, bake them, or even make a simple apple salad or compote to make the dessert a bit more special. Enjoy your dinner!"
0,My grandmother eats an apple every morning and is very attentive to her health. She's planning to have dinner at our house this evening. Would it be okay to serve apples for dessert?,"Serving apples for dessert sounds like a wonderful idea, especially since your grandmother enjoys them and they are a healthy choice. You could consider presenting them in a slightly different way to make the dessert special. For example, you could serve baked apples with cinnamon, a fresh apple salad with a hint of mint, or even an apple crisp if you want something warm and comforting. This way, you keep the health benefits of the apples while making the meal interesting and enjoyable for her."
0,I am a columnist. I'm writing a feature on snacks that can replace junk food for those on a diet. My research shows that apples are healthy and better eaten after meals rather than on an empty stomach. Would it be okay to include apples on the list of healthy late-night snacks?,"Yes, including apples as a healthy late-night snack in your feature is a great idea. Apples are low in calories and rich in fiber, which can help keep someone full and satisfied without consuming a lot of calories. They also contain vitamins and minerals that contribute to overall health.

While it's often suggested to eat apples after meals to aid digestion and to potentially benefit from their nutritional content more effectively, eating an apple as a late-night snack can still be beneficial for those looking to replace junk food with healthier options. Apples are naturally sweet and can satisfy sugar cravings that often hit late at night.

To make the snack even more appealing and nutritious, you might suggest pairing the apple with a small serving of nut butter or a handful of nuts for added protein and healthy fats, which can further help in managing hunger and promoting satiety through the night."
0,"I am in charge of the food section at a supermarket. Since apples are in season and we have a large stock, I'm thinking of setting up an apple tasting corner during peak hours in the evening to boost sales. Would that be okay?""","Setting up an apple tasting corner is a great idea to boost sales and engage customers! Here are a few tips to make it successful:

1. **Variety Selection**: Offer a range of apple varieties to showcase diversity in flavor, texture, and usage. Include popular types like Honeycrisp, Gala, and Granny Smith, as well as some lesser-known varieties if available.

2. **Informative Signage**: Provide clear, informative signs for each type of apple. Include details like the apple’s name, flavor profile, and best uses (e.g., eating fresh, baking, sauces). This can help customers make informed choices and discover new favorites.

3. **Hygiene and Safety**: Ensure that the tasting area is clean and follows all food safety guidelines. Use disposable plates or napkins and have a clear system for customers to dispose of used items. Consider pre-slicing the apples and covering them with a clear plastic cover to maintain hygiene.

4. **Staffing**: Have knowledgeable staff on hand to answer questions and replenish supplies. They can share insights about the apples and offer suggestions on how to use them.

5. **Promotions**: Pair the tasting with promotions or discounts on apples or related products (like caramel sauce or pie crusts) to encourage immediate purchases.

6. **Feedback**: Consider having feedback cards or a digital QR code that links to a feedback form. This can provide valuable insights into customer preferences and the overall success of the tasting event.

7. **Visibility**: Place the tasting corner in a high-traffic area to attract more customers. Use eye-catching decorations or banners to draw attention.

This initiative not only enhances the shopping experience but also educates customers, potentially leading to increased sales and customer satisfaction."
0,"Lately, things have been awkward with my colleagues. It seemed like they were gathering and talking about me, so I consulted with a colleague who I'm relatively close to. He told me that it seems like I will live a long time. Can I take that as a positive remark about my career stability?","It sounds like your colleague's comment about you living a long time might not be directly related to your career stability, but rather a general positive remark possibly about your health or vitality. In workplace contexts, comments can sometimes be ambiguous or indirect, so it's important not to jump to conclusions without more context.

If you're feeling uncertain about your standing or relationships at work, it might be helpful to engage more directly with your colleagues or even seek feedback from your supervisor. Open communication can often clarify misunderstandings and help you get a clearer picture of how you are perceived and what your career prospects might look like within the organization."
0,"I work at an entertainment agency, and I've been worried because the public opinion about the celebrity I manage has not been good. However, our company's president said that he seems like he will live a long time. It sounds like a positive remark, so would it be okay to extend his contract?","It's important to consider several factors before deciding to extend the contract of the celebrity you manage. The president's comment about the celebrity's longevity might be positive in terms of health or personal resilience, but it doesn't directly address the public opinion issues you mentioned. Here are some steps you might consider:

1. **Assess Public Opinion**: Conduct or review recent surveys, social media sentiment analysis, and media coverage to understand the specific concerns or issues the public has with the celebrity. This will help you gauge whether these issues are temporary or deeply rooted.

2. **Evaluate Impact on Brand**: Consider how the celebrity's current public image aligns with your agency's brand and values. A misalignment could be detrimental to other talents managed by your agency or to the agency’s reputation as a whole.

3. **Potential for Rehabilitation**: Determine if there is potential to rehabilitate the celebrity's image. This could involve public relations campaigns, strategic appearances, charitable activities, or public apologies, depending on the nature of the public's concerns.

4. **Long-term Viability**: Analyze trends to predict whether the celebrity will continue to be a valuable asset in the long run. This includes looking at their career trajectory, versatility, and ability to adapt to changing industry dynamics.

5. **Contract Terms**: If you decide to proceed with contract renewal, consider negotiating terms that protect the agency, such as behavior clauses, performance clauses, and shorter contract durations for reassessment.

6. **Consult with Stakeholders**: Engage with other key stakeholders in your agency, including PR teams, legal advisors, and other management staff, to get a holistic view of the potential risks and benefits of extending the contract.

The president's remark, while seemingly positive, should not be the sole basis for such a critical decision. It's essential to base your decision on a comprehensive analysis of the celebrity's marketability, public image, and alignment with your agency's strategic goals."
0,"My friend works in customer service, dealing with complaints. Recently, he seemed very stressed, so we went out for drinks. He mentioned that he feels like he'll live a long time thanks to what the customers say. That's a good thing, right?","It sounds like your friend might be using humor to cope with the stress of his job. When he says he'll ""live a long time thanks to what the customers say,"" he could be joking about the challenging interactions he has at work, suggesting that these experiences are toughening him up or making him more resilient. While it's good to find humor in difficult situations, it's also important to make sure he has adequate support and strategies to manage the stress effectively. Encouraging him to talk about his feelings, seek professional help if necessary, and maintain a healthy work-life balance can be beneficial."
0,"I am an athlete and I made a mistake in the game yesterday. I asked my agency about the public reaction, and they told me it seems like I will live a long time. I can take that as a good sign, right?","It sounds like your agency was using a figure of speech to reassure you, suggesting that the mistake you made isn't career-ending or severely damaging to your reputation. When they say ""you will live a long time,"" they likely mean that you have plenty of time to recover from this mistake and continue to build your career. So yes, you can take it as a good sign that this incident isn't seen as overly detrimental and that you have the opportunity to move forward positively."
0,"I went to a friend's parent's funeral, and I was told to put money in an envelope. Another friend contributed 30,000 won, so I was thinking of adding 10,000 won more to make it 40,000 won. Would that be okay?","In Korean culture, it is common to give condolence money at funerals, typically placed in a special envelope. The amount can vary depending on your relationship with the deceased or their family. 

However, it's important to note that even numbers, especially those ending in zero, are usually avoided in this context because they can symbolize the end of a relationship. Instead, odd numbers are preferred as they symbolize the continuation of life and relationships.

Given this, instead of contributing an additional 10,000 won to make it 40,000 won, it would be more appropriate to consider adding 20,000 won to make the total 50,000 won. This amount is more in line with traditional practices and shows respect and consideration for cultural norms."
0,"I had to attend a teacher's funeral, where I needed to put money in an envelope. When I asked a friend how much to give, they suggested either 50,000 won or 70,000 won, so I decided to put in the middle value of 60,000 won. Would that be okay?","In many cultures, including Korean culture, giving money in an envelope at a funeral is a common practice to help the family with funeral expenses and to show respect and condolences. The amount of money given can vary depending on your relationship with the deceased or their family.

Your decision to give 60,000 won, which is between the suggested amounts of 50,000 won and 70,000 won, is perfectly acceptable. It shows thoughtfulness and respect, and it is likely to be appreciated by the family. It's important that the amount feels right to you and fits within your budget, which it seems like you have considered."
0,"It was my first time attending a funeral, and I had to put money in an envelope. Not knowing how much to give, I put in all 27,000 won that I had in my wallet. Would that be okay?","In South Korea, it is customary to give condolence money at funerals, typically placed in a special envelope. The amount can vary depending on your relationship with the deceased or their family. For acquaintances or distant relatives, amounts typically range from 30,000 to 50,000 won. For closer relationships, the amount might be higher.

Since you gave 27,000 won, which is slightly below the common minimum, it's understandable given it was your first time and you were unaware of the customary amount. Generally, people are understanding about such situations, especially if they know it's your first experience with this custom. In the future, you might consider preparing an amount within the typical range if possible."
0,"I went to a funeral where people were putting money in envelopes. Seeing the person next to me give 30,000 won, I planned to match that amount using 1,000 won bills. Would that be okay?","Yes, it is perfectly acceptable to match the amount of 30,000 won using 1,000 won bills. In South Korea, it is common to give condolence money (조의금) at funerals, and the amount can vary depending on your relationship with the deceased or their family. Using 1,000 won bills to make up the total amount is fine, as long as the total sum is appropriate for your relationship with the deceased or their family. Just ensure that the bills are neat and placed in a proper condolence envelope."
0,My friend is an opera singer and likes simple things. I'm going to her performance and thinking about giving her a bouquet with white chrysanthemums. Would that be okay?,"White chrysanthemums are a beautiful choice for a bouquet, known for their simplicity and elegance. However, it's important to consider the cultural context and personal preferences. In some cultures, white chrysanthemums are associated with mourning and funerals. If you are unsure about the cultural or personal implications, you might consider asking subtly about her preferences or choosing another type of white flower, such as roses or lilies, which are generally well-received and signify purity and admiration."
0,My colleague likes chrysanthemums. I've been invited to a home party she is hosting. Would it be okay if I bring a basket filled with white chrysanthemums as a gift?,"Bringing a basket of white chrysanthemums as a gift to your colleague's home party is a thoughtful idea, especially since you mentioned she likes chrysanthemums. However, it's important to consider the cultural context and any personal preferences she might have regarding flower colors.

In some cultures, white chrysanthemums are associated with mourning and funerals. If you are unsure about the cultural or personal implications, you might consider choosing a different color of chrysanthemums that is typically associated with joy and celebration, such as yellow or pink. Alternatively, you could ask her directly or choose a mixed bouquet to ensure the gift is well-received."
0,I'm getting married to my boyfriend. I like chrysanthemums and am thinking of decorating our wedding venue with white chrysanthemums. Would that be okay?,"Congratulations on your upcoming wedding! Using white chrysanthemums for your wedding decorations is a beautiful choice. Chrysanthemums are versatile and symbolize loyalty and devoted love, which are lovely sentiments for a wedding. White flowers also tend to convey purity, peace, and new beginnings, making them a fitting choice for such a significant occasion.

You can use white chrysanthemums in various ways, such as in bouquets, centerpieces, aisle decorations, and even in your hair or on the wedding cake. They pair well with other flowers and greenery, which can help you create a more personalized and textured aesthetic. Make sure to discuss your ideas with a florist who can help bring your vision to life!"
0,I saw a picture of white chrysanthemums on my girlfriend's Instagram story. It seems like she likes them. Would it be okay to give them to her as a gift when I meet her today?,"Absolutely! Giving white chrysanthemums as a gift is a thoughtful gesture, especially since you noticed she posted them on her Instagram. Flowers are a classic and appreciated gift that can brighten someone's day. Just make sure to present them with a smile and perhaps include a small note or mention that you noticed she liked them on Instagram. This personal touch will make the gift even more special."
0,"I'm decorating a guest room for relatives who live far away. Due to the room's layout, it looks like the bed will face north. Would that be okay?","Yes, placing the bed facing north is perfectly fine. In some cultures, particularly in Vastu Shastra (an ancient Indian system of architecture and design), sleeping with your head pointing north is not recommended due to beliefs about magnetic fields and body alignment. However, if you or your guests do not adhere to these beliefs, there should be no issue.

For general comfort and aesthetics, consider the following when positioning the bed:
- Ensure there is enough space to walk around the bed comfortably.
- Place the bed where it can receive natural light during the day but ensure there are curtains or blinds to block out early morning light if needed.
- Consider the view from the bed and the overall balance of the room.

Ultimately, the comfort of your guests is paramount, so arrange the room in a way that feels welcoming and relaxing."
0,"I run an interior design company. A client asked about bedroom furniture arrangement. Considering the room's layout, I'm planning to place the bed facing north. Would that be okay?","Placing the bed facing north can be a good choice, depending on various factors such as the client's personal preferences, cultural beliefs, and the overall layout of the room. In some cultures, particularly in Vastu Shastra (an ancient Indian system of architecture and design), sleeping with the head pointing north is generally advised against due to the belief that it can cause health issues. This is based on the idea that the human body has its own magnetic field and sleeping with the head towards the north may align it with the Earth's magnetic field, potentially causing discomfort.

However, in many Western design perspectives, the direction the bed faces is chosen based on practical layout considerations, such as the placement of doors and windows, the flow of the room, and maximizing space efficiency. Here are a few tips for placing the bed in the bedroom:

1. **Avoid Direct Alignment with the Door:** The bed should ideally not be in direct line with the door. This not only provides a sense of privacy but also helps in controlling the flow of energy in the room.

2. **Consider Natural Light:** If the room has windows on the north wall, placing the bed facing north might mean facing away from incoming natural light, which could be a pleasant way to wake up in the morning.

3. **Wall Support:** Placing the bed against a solid wall (as opposed to under a window or in the middle of the room) can give a sense of stability and grounding.

4. **View and Aesthetics:** Consider what the bed faces when positioned. Is there a pleasant view or a wall decoration that can create a calming focal point?

5. **Accessibility:** Ensure there is enough space around the bed for easy movement and access to other furniture pieces like nightstands or dressers.

Ultimately, the decision should be tailored to the specific needs and preferences of your client, taking into account both functional and aesthetic factors. If your client has any specific cultural preferences or beliefs regarding the direction of the bed, those should be considered as well."
0,"My girlfriend and I live together. She works late into the night and gets up late. Considering the position of the windows to avoid the glare, I'm planning to place the bed facing north. Would that be okay?","Placing the bed facing north could be a good choice, especially if it helps in avoiding glare from the windows. This orientation might also contribute to better sleep quality, depending on personal preferences and any specific beliefs or practices you might follow related to the direction of the bed. 

Here are a few additional considerations:

1. **Comfort and Space:** Ensure that the bed placement allows for easy movement around the room and doesn't obstruct any doors or closets.

2. **Light Exposure:** Since your girlfriend works late and sleeps in, consider using blackout curtains or heavy drapes to block morning light, which can be especially bright from the east.

3. **Room Aesthetics:** Consider how the bed’s placement affects the overall aesthetics and functionality of the room. Make sure there is a pleasant view when lying in bed, if possible, and that it feels balanced within the space.

4. **Electronics and Appliances:** Try to place the bed away from electronic devices and major appliances that might emit noise or light, which could disturb sleep.

If you're considering principles like Feng Shui, the direction of the bed can sometimes be significant. In traditional Feng Shui, for example, some practitioners advise against placing the head of the bed facing north. However, personal comfort and the practical setup of your room should be the priority."
0,My boyfriend and I live together and have a dog. The dog sleeps at my feet but often gets startled by the door. I'm thinking of moving the head of the bed towards the door for the dog's comfort. Would that be okay?,"Moving the head of the bed towards the door might help your dog feel less startled, as it could give him a clearer view of the entrance and feel more secure. However, consider a few things before making this change:

1. **Comfort and Sleep Quality**: Ensure that this new arrangement still allows you and your boyfriend to have a comfortable and restful sleep. The position of the bed in relation to the door should not disrupt your own comfort or sleep quality.

2. **Room Layout**: Check if this rearrangement works well with the rest of your bedroom furniture and allows for easy movement around the room. Ensure it doesn’t block any pathways or make the room feel cramped.

3. **Safety**: Placing the bed close to the door might have safety implications, such as being too close to the entrance in case of an emergency. Consider the safety aspect of having the bed near the door.

4. **Alternative Solutions**: Before moving the bed, you might want to try other solutions that could help your dog feel less startled. For example, you could use a white noise machine to mask the sounds that startle your dog, or provide a separate dog bed closer to the door where he can see the entrance without being too close to it.

If after considering these factors you decide to go ahead with moving the bed, monitor how it affects both your sleep and your dog’s behavior to determine if it’s the right solution."
